DATE,TMAX,TMIN,PRCP,SNWD,SNOW
2003-02-19,67,67,,,
2003-02-20,117,39,,,
2003-02-21,117,50,,,
2003-02-22,178,78,,,
2003-02-23,89,-11,,,
2003-02-24,161,6,,,
2003-02-25,83,-11,,,
2003-02-26,78,50,,,
2003-02-27,106,56,,,
2003-02-28,178,56,,,
2003-03-01,150,67,,,
2003-03-02,133,11,,,
2003-03-03,128,-22,,,
2003-03-04,150,-28,,,
2003-03-05,206,83,,,
2003-03-06,172,56,,,
2003-03-07,183,22,,,
2003-03-08,189,0,,,
2003-03-09,200,28,,,
2003-03-10,156,0,,,
2003-03-11,183,-11,,,
2003-03-12,222,-6,,,
2003-03-13,228,50,,,
2003-03-14,150,83,,,
2003-03-15,150,78,,,
2003-03-16,189,117,,,
2003-03-17,150,117,,,
2003-03-18,161,133,,,
2003-03-19,150,128,,,
2003-03-20,156,106,,,
2003-03-21,189,100,,,
2003-03-22,167,39,,,
2003-03-23,183,28,,,
2003-03-24,217,6,,,
2003-03-25,228,17,,,
2003-03-26,194,56,,,
2003-03-27,189,78,,,
2003-03-28,189,128,,,
2003-03-29,178,28,,,
2003-03-30,50,-11,,,
2003-03-31,89,-22,,,
2003-04-01,206,-33,,,
2003-04-02,239,33,,,
2003-04-03,256,39,,,
2003-04-04,200,78,,,
2003-04-05,228,72,,,
2003-04-06,206,39,,,
2003-04-07,200,128,,,
2003-04-08,139,100,,,
2003-04-09,167,78,,,
2003-04-10,83,44,,,
2003-04-11,117,33,,,
2003-04-12,217,22,,,
2003-04-13,239,39,,,
2003-04-14,244,33,,,
2003-04-15,250,111,,,
2003-04-16,239,67,,,
2003-04-17,189,100,,,
2003-04-18,189,122,,,
2003-04-19,217,111,,,
2003-04-20,206,133,,,
2003-04-21,222,111,,,
2003-04-22,156,83,,,
2003-04-23,217,17,,,
2003-04-24,189,28,,,
2003-04-25,161,106,,,
2003-04-26,206,122,,,
2003-04-27,256,83,,,
2003-04-28,256,122,,,
2003-04-29,272,117,,,
2003-04-30,272,144,,,
2003-05-01,261,150,,,
2003-05-02,222,150,,,
2003-05-03,239,128,,,
2003-05-04,256,106,,,
2003-05-05,178,150,,,
2003-05-06,206,167,,,
2003-05-07,233,167,,,
2003-05-08,289,156,,,
2003-05-09,294,178,,,
2003-05-10,289,172,,,
2003-05-11,250,144,,,
2003-05-12,211,128,,,
2003-05-13,217,100,,,
2003-05-14,222,89,,,
2003-05-15,217,144,,,
2003-05-16,267,167,,,
2003-05-17,222,172,,,
2003-05-18,211,167,,,
2003-05-19,217,156,,,
2003-05-20,233,133,,,
2003-05-21,178,156,,,
2003-05-22,211,150,,,
2003-05-23,239,144,,,
2003-05-24,239,122,,,
2003-05-25,233,106,,,
2003-05-26,256,139,,,
2003-05-27,222,117,,,
2003-05-28,239,89,,,
2003-05-29,211,122,,,
2003-05-30,228,100,,,
2003-05-31,267,117,,,
2003-06-01,233,89,,,
2003-06-02,222,61,,,
2003-06-03,217,178,,,
2003-06-04,261,144,,,
2003-06-05,250,89,,,
2003-06-06,261,117,,,
2003-06-07,239,200,,,
2003-06-08,289,161,,,
2003-06-09,267,122,,,
2003-06-10,289,106,,,
2003-06-11,300,150,,,
2003-06-12,278,178,,,
2003-06-13,261,189,,,
2003-06-14,267,178,,,
2003-06-15,289,183,,,
2003-06-16,261,178,,,
2003-06-17,256,194,,,
2003-06-18,217,194,,,
2003-06-19,256,183,,,
2003-06-20,256,111,,,
2003-06-21,244,89,,,
2003-06-22,267,94,,,
2003-06-23,294,133,,,
2003-06-24,306,144,,,
2003-06-25,311,161,,,
2003-06-26,294,172,,,
2003-06-27,256,167,,,
2003-06-28,244,183,,,
2003-06-29,294,178,,,
2003-06-30,233,194,,,
2003-07-01,200,183,,,
2003-07-02,239,167,,,
2003-07-03,306,156,,,
2003-07-04,311,178,,,
2003-07-05,294,183,,,
2003-07-06,278,200,,,
2003-07-07,272,200,,,
2003-07-08,311,200,,,
2003-07-09,300,194,,,
2003-07-10,267,189,,,
2003-07-11,283,161,,,
2003-07-12,300,156,,,
2003-07-13,256,172,,,
2003-07-14,267,172,,,
2003-07-15,289,178,,,
2003-07-16,294,194,,,
2003-07-17,306,194,,,
2003-07-18,306,183,,,
2003-07-19,294,194,,,
2003-07-20,306,183,,,
2003-07-21,306,189,,,
2003-07-22,272,172,,,
2003-07-23,250,150,,,
2003-07-24,267,133,,,
2003-07-25,289,161,,,
2003-07-26,289,167,,,
2003-07-27,306,178,,,
2003-07-28,306,183,,,
2003-07-29,289,189,,,
2003-07-30,272,189,,,
2003-07-31,261,200,,,
2003-08-01,283,194,,,
2003-08-02,300,200,,,
2003-08-03,256,189,,,
2003-08-04,294,167,,,
2003-08-05,289,167,,,
2003-08-06,278,178,,,
2003-08-07,272,183,,,
2003-08-08,294,172,,,
2003-08-09,283,178,,,
2003-08-10,278,178,,,
2003-08-11,267,172,,,
2003-08-12,278,172,,,
2003-08-13,283,200,,,
2003-08-14,294,200,,,
2003-08-15,311,211,,,
2003-08-16,289,200,,,
2003-08-17,311,189,,,
2003-08-18,311,178,,,
2003-08-19,306,172,,,
2003-08-20,300,194,,,
2003-08-21,300,194,,,
2003-08-22,300,200,,,
2003-08-23,311,194,,,
2003-08-24,294,183,,,
2003-08-25,311,200,,,
2003-08-26,328,200,,,
2003-08-27,317,200,,,
2003-08-28,289,206,,,
2003-08-29,306,206,,,
2003-08-30,300,200,,,
2003-08-31,283,206,,,
2003-09-01,289,183,,,
2003-09-02,294,189,,,
2003-09-03,294,183,,,
2003-09-04,278,161,,,
2003-09-05,278,161,,,
2003-09-06,261,167,,,
2003-09-07,250,167,,,
2003-09-08,228,139,,,
2003-09-09,256,167,,,
2003-09-10,267,156,,,
2003-09-11,256,161,,,
2003-09-12,267,117,,,
2003-09-13,278,144,,,
2003-09-14,267,144,,,
2003-09-15,250,144,,,
2003-09-16,272,133,,,
2003-09-17,261,133,,,
2003-09-18,256,122,,,
2003-09-19,272,106,,,
2003-09-20,289,128,,,
2003-09-21,261,122,,,
2003-09-22,206,156,,,
2003-09-23,233,106,,,
2003-09-24,250,100,,,
2003-09-25,278,128,,,
2003-09-26,267,139,,,
2003-09-27,261,128,,,
2003-09-28,200,56,,,
2003-09-29,167,39,,,
2003-09-30,206,33,,,
2003-10-01,200,67,,,
2003-10-02,167,39,,,
2003-10-03,150,28,,,
2003-10-04,211,44,,,
2003-10-05,206,83,,,
2003-10-06,172,128,,,
2003-10-07,228,128,,,
2003-10-08,178,139,,,
2003-10-09,200,150,,,
2003-10-10,228,139,,,
2003-10-11,200,117,,,
2003-10-12,239,117,,,
2003-10-13,244,128,,,
2003-10-14,217,111,,,
2003-10-15,172,33,,,
2003-10-16,206,6,,,
2003-10-17,172,17,,,
2003-10-18,206,39,,,
2003-10-19,239,33,,,
2003-10-20,250,39,,,
2003-10-21,256,67,,,
2003-10-22,200,111,,,
2003-10-23,194,17,,,
2003-10-24,211,28,,,
2003-10-25,217,39,,,
2003-10-26,167,122,,,
2003-10-27,156,61,,,
2003-10-28,100,61,,,
2003-10-29,183,39,,,
2003-10-30,244,17,,,
2003-10-31,244,50,,,
2003-11-01,278,39,,,
2003-11-02,278,44,,,
2003-11-03,278,50,,,
2003-11-04,244,83,,,
2003-11-05,228,183,,,
2003-11-06,261,178,,,
2003-11-07,239,117,,,
2003-11-08,194,117,,,
2003-11-09,167,39,,,
2003-11-10,189,6,,,
2003-11-11,228,44,,,
2003-11-12,206,72,,,
2003-11-13,150,28,,,
2003-11-14,150,-33,,,
2003-11-15,156,50,,,
2003-11-16,167,56,,,
2003-11-17,222,133,,,
2003-11-18,189,150,,,
2003-11-19,183,100,,,
2003-11-20,183,17,,,
2003-11-21,217,-6,,,
2003-11-22,222,-6,,,
2003-11-23,206,6,,,
2003-11-24,150,-6,,,
2003-11-25,133,-56,,,
2003-11-26,144,-22,,,
2003-11-27,144,33,,,
2003-11-28,156,-28,,,
2003-11-29,44,-44,,,
2003-11-30,156,-67,,,
2003-12-01,150,-39,,,
2003-12-02,133,-44,,,
2003-12-03,56,-17,,,
2003-12-04,39,0,,,
2003-12-05,72,11,,,
2003-12-06,50,-11,,,
2003-12-07,100,-61,,,
2003-12-08,150,-56,,,
2003-12-09,122,-39,,,
2003-12-10,117,6,,,
2003-12-11,61,-39,,,
2003-12-12,78,-61,,,
2003-12-13,72,-39,,,
2003-12-14,72,11,,,
2003-12-15,139,-33,,,
2003-12-16,117,-33,,,
2003-12-17,89,-28,,,
2003-12-18,61,-44,,,
2003-12-19,22,-50,,,
2003-12-20,11,-83,,,
2003-12-21,89,-106,,,
2003-12-22,122,-72,,,
2003-12-23,117,-44,,,
2003-12-24,89,-28,,,
2003-12-25,67,-50,,,
2003-12-26,122,-83,,,
2003-12-27,172,-78,,,
2003-12-28,150,-61,,,
2003-12-29,117,-22,,,
2003-12-30,106,-39,,,
2003-12-31,133,-67,,,
2004-01-01,144,-61,,,
2004-01-02,194,11,,,
2004-01-03,189,128,,,
2004-01-04,206,139,,,
2004-01-05,172,0,,,
2004-01-06,22,-72,,,
2004-01-07,17,-106,,,
2004-01-08,28,-50,,,
2004-01-09,33,-6,,,
2004-01-10,33,-61,,,
2004-01-11,83,-94,,,
2004-01-12,139,-61,,,
2004-01-13,144,-22,,,
2004-01-14,150,-39,,,
2004-01-15,100,-17,,,
2004-01-16,139,-50,,,
2004-01-17,100,-39,,,
2004-01-18,111,0,,,
2004-01-19,33,-67,,,
2004-01-20,72,-100,,,
2004-01-21,50,-61,,,
2004-01-22,94,-83,,,
2004-01-23,89,-56,,,
2004-01-24,150,-33,,,
2004-01-25,44,11,,,
2004-01-26,83,17,,,
2004-01-27,72,-61,,,
2004-01-28,44,-78,,,
2004-01-29,89,-94,,,
2004-01-30,72,-28,,,
2004-01-31,111,-72,,,
2004-02-01,106,-72,,,
2004-02-02,61,-22,,,
2004-02-03,89,-28,,,
2004-02-04,111,-39,,,
2004-02-05,89,-22,,,
2004-02-06,156,22,,,
2004-02-07,17,-44,,,
2004-02-08,78,-56,,,
2004-02-09,67,-22,,,
2004-02-10,78,-11,,,
2004-02-11,94,-11,,,
2004-02-12,61,22,,,
2004-02-13,122,-17,,,
2004-02-14,83,28,,,
2004-02-15,83,11,,,
2004-02-16,61,6,,,
2004-02-17,50,0,,,
2004-02-18,111,-39,,,
2004-02-19,189,-56,,,
2004-02-20,128,-33,,,
2004-02-21,139,-11,,,
2004-02-22,167,-44,,,
2004-02-23,111,-11,,,
2004-02-24,106,39,,,
2004-02-25,106,50,,,
2004-02-26,44,-11,,,
2004-02-27,106,-11,,,
2004-02-28,167,-39,,,
2004-02-29,172,-44,,,
2004-03-01,167,-11,,,
2004-03-02,150,128,,,
2004-03-03,200,117,,,
2004-03-04,206,133,,,
2004-03-05,200,167,,,
2004-03-06,200,78,,,
2004-03-07,178,44,,,
2004-03-08,94,-17,,,
2004-03-09,61,-28,,,
2004-03-10,106,-22,,,
2004-03-11,167,-44,,,
2004-03-12,150,22,,,
2004-03-13,178,-33,,,
2004-03-14,150,56,,,
2004-03-15,150,100,,,
2004-03-16,178,39,,,
2004-03-17,133,33,,,
2004-03-18,111,44,,,
2004-03-19,206,28,,,
2004-03-20,217,6,,,
2004-03-21,156,-11,,,
2004-03-22,61,-50,,,
2004-03-23,144,-78,,,
2004-03-24,178,-11,,,
2004-03-25,206,11,,,
2004-03-26,222,39,,,
2004-03-27,239,50,,,
2004-03-28,256,67,,,
2004-03-29,211,128,,,
2004-03-30,167,61,,,
2004-03-31,89,44,,,
2004-04-01,94,33,,,
2004-04-02,72,44,,,
2004-04-03,178,72,,,
2004-04-04,111,44,,,
2004-04-05,150,6,,,
2004-04-06,228,-22,,,
2004-04-07,250,11,,,
2004-04-08,206,83,,,
2004-04-09,250,39,,,
2004-04-10,206,17,,,
2004-04-11,189,89,,,
2004-04-12,150,128,,,
2004-04-13,150,11,,,
2004-04-14,106,6,,,
2004-04-15,222,11,,,
2004-04-16,239,28,,,
2004-04-17,261,44,,,
2004-04-18,289,72,,,
2004-04-19,267,83,,,
2004-04-20,250,100,,,
2004-04-21,233,94,,,
2004-04-22,250,139,,,
2004-04-23,278,111,,,
2004-04-24,278,117,,,
2004-04-25,250,133,,,
2004-04-26,178,83,,,
2004-04-27,167,56,,,
2004-04-28,222,6,,,
2004-04-29,217,50,,,
2004-04-30,178,150,,,
2004-05-01,217,156,,,
2004-05-02,206,61,,,
2004-05-03,122,17,,,
2004-05-04,206,11,,,
2004-05-05,250,50,,,
2004-05-06,283,106,,,
2004-05-07,294,94,,,
2004-05-08,294,100,,,
2004-05-09,228,144,,,
2004-05-10,272,128,,,
2004-05-11,267,117,,,
2004-05-12,256,150,,,
2004-05-13,233,172,,,
2004-05-14,233,156,,,
2004-05-15,250,144,,,
2004-05-16,250,139,,,
2004-05-17,261,172,,,
2004-05-18,239,172,,,
2004-05-19,256,172,,,
2004-05-20,289,167,,,
2004-05-21,306,161,,,
2004-05-22,289,172,,,
2004-05-23,272,161,,,
2004-05-24,272,167,,,
2004-05-25,294,167,,,
2004-05-26,272,172,,,
2004-05-27,283,167,,,
2004-05-28,250,172,,,
2004-05-29,267,167,,,
2004-05-30,283,172,,,
2004-05-31,244,133,,,
2004-06-01,250,117,,,
2004-06-02,278,128,,,
2004-06-03,272,117,,,
2004-06-04,250,122,,,
2004-06-05,244,111,,,
2004-06-06,267,128,,,
2004-06-07,261,156,,,
2004-06-08,244,183,,,
2004-06-09,283,183,,,
2004-06-10,289,183,,,
2004-06-11,306,183,,,
2004-06-12,306,183,,,
2004-06-13,250,211,,,
2004-06-14,283,211,,,
2004-06-15,272,200,,,
2004-06-16,294,200,,,
2004-06-17,300,206,,,
2004-06-18,289,200,,,
2004-06-19,300,178,,,
2004-06-20,289,167,,,
2004-06-21,250,194,,,
2004-06-22,283,200,,,
2004-06-23,267,200,,,
2004-06-24,278,200,,,
2004-06-25,244,200,,,
2004-06-26,272,183,,,
2004-06-27,250,178,,,
2004-06-28,233,167,,,
2004-06-29,272,167,,,
2004-06-30,244,189,,,
2004-07-01,256,189,,,
2004-07-02,267,200,,,
2004-07-03,283,200,,,
2004-07-04,283,189,,,
2004-07-05,300,178,,,
2004-07-06,317,211,,,
2004-07-07,300,189,,,
2004-07-08,294,183,,,
2004-07-09,306,178,,,
2004-07-10,294,183,,,
2004-07-11,322,200,,,
2004-07-12,283,189,,,
2004-07-13,306,189,,,
2004-07-14,306,172,,,
2004-07-15,256,139,,,
2004-07-16,278,128,,,
2004-07-17,278,150,,,
2004-07-18,278,156,,,
2004-07-19,278,161,,,
2004-07-20,294,156,,,
2004-07-21,300,178,,,
2004-07-22,289,167,,,
2004-07-23,306,194,,,
2004-07-24,300,189,,,
2004-07-25,294,200,,,
2004-07-26,283,200,,,
2004-07-27,267,200,,,
2004-07-28,300,200,,,
2004-07-29,272,206,,,
2004-07-30,267,200,,,
2004-07-31,294,194,,,
2004-08-01,317,217,,,
2004-08-02,289,194,,,
2004-08-03,306,178,,,
2004-08-04,306,178,,,
2004-08-05,250,156,,,
2004-08-06,256,117,,,
2004-08-07,250,106,,,
2004-08-08,261,133,,,
2004-08-09,256,139,,,
2004-08-10,272,156,,,
2004-08-11,283,178,,,
2004-08-12,228,150,,,
2004-08-13,250,128,,,
2004-08-14,267,122,,,
2004-08-15,267,156,,,
2004-08-16,278,178,,,
2004-08-17,272,172,,,
2004-08-18,289,172,,,
2004-08-19,306,172,,,
2004-08-20,272,189,,,
2004-08-21,272,189,,,
2004-08-22,267,189,,,
2004-08-23,272,183,,,
2004-08-24,272,189,,,
2004-08-25,272,189,,,
2004-08-26,283,178,,,
2004-08-27,306,200,,,
2004-08-28,306,206,,,
2004-08-29,278,200,,,
2004-08-30,272,189,,,
2004-08-31,300,189,,,
2004-09-01,239,200,,,
2004-09-02,228,172,,,
2004-09-03,261,178,,,
2004-09-04,278,172,,,
2004-09-05,283,167,,,
2004-09-06,250,178,,,
2004-09-07,217,200,,,
2004-09-08,233,183,,,
2004-09-09,272,178,,,
2004-09-10,278,178,,,
2004-09-11,267,167,,,
2004-09-12,261,150,,,
2004-09-13,222,133,,,
2004-09-14,250,139,,,
2004-09-15,261,144,,,
2004-09-16,228,200,,,
2004-12-10,44,44,,,
2004-12-11,44,17,,,
2004-12-12,89,-22,,,
2004-12-13,83,-33,,,
2004-12-14,-11,-78,,,
2004-12-15,67,-106,,,
2004-12-16,106,-94,,,
2004-12-17,117,-56,,,
2004-12-18,100,-67,,,
2004-12-19,44,-122,,,
2004-12-20,22,-122,,,
2004-12-21,106,-78,,,
2004-12-22,122,-39,,,
2004-12-23,122,-50,,,
2004-12-24,28,-56,,,
2004-12-25,56,-67,,,
2004-12-26,89,-44,,,
2004-12-27,111,-72,,,
2004-12-28,106,-72,,,
2004-12-29,122,-67,,,
2004-12-30,156,22,,,
2004-12-31,144,22,,,
2005-01-01,194,11,,,
2005-01-02,161,33,,,
2005-01-03,167,33,,,
2005-01-04,189,56,,,
2005-01-05,200,50,,,
2005-01-06,167,28,,,
2005-01-07,133,28,,,
2005-01-08,189,-11,,,
2005-01-09,178,-17,,,
2005-01-10,178,-11,,,
2005-01-11,139,28,,,
2005-01-12,183,83,,,
2005-01-13,161,94,,,
2005-01-14,100,-39,,,
2005-01-15,106,-39,,,
2005-01-16,106,-78,,,
2005-01-17,-6,-94,,,
2005-01-18,39,-122,,,
2005-01-19,33,-72,,,
2005-01-20,117,-56,,,
2005-01-21,156,33,,,
2005-01-22,67,-106,,,
2005-01-23,-22,-128,,,
2005-01-24,61,-44,,,
2005-01-25,167,-50,,,
2005-01-26,156,22,,,
2005-01-27,111,-11,,,
2005-01-28,39,-17,,,
2005-01-29,17,-44,,,
2005-01-30,83,-11,,,
2005-01-31,50,-6,,,
2005-02-01,106,6,,,
2005-02-02,50,6,,,
2005-02-03,78,-11,,,
2005-02-04,128,-44,,,
2005-02-05,172,-56,,,
2005-02-06,167,-33,,,
2005-02-07,167,-22,,,
2005-02-08,128,61,,,
2005-02-09,122,67,,,
2005-02-10,67,-33,,,
2005-02-11,56,-83,,,
2005-02-12,139,-6,,,
2005-02-13,61,-22,,,
2005-02-14,83,39,,,
2005-02-15,156,33,,,
2005-02-16,161,44,,,
2005-02-17,67,6,,,
2005-02-18,78,-33,,,
2005-02-19,111,-61,,,
2005-02-20,56,17,,,
2005-02-21,128,50,,,
2005-02-22,217,28,,,
2005-02-23,206,-11,,,
2005-02-24,133,44,,,
2005-02-25,133,-17,,,
2005-02-26,150,-50,,,
2005-02-27,83,-6,,,
2005-02-28,56,6,,,
2005-03-01,0,-39,,,
2005-03-02,50,-56,,,
2005-03-03,94,-44,,,
2005-03-04,133,-72,,,
2005-03-05,150,33,,,
2005-03-06,178,-39,,,
2005-03-07,167,-33,,,
2005-03-08,117,-11,,,
2005-03-09,78,-33,,,
2005-03-10,106,6,,,
2005-03-11,94,-11,,,
2005-03-12,194,17,,,
2005-03-13,233,67,,,
2005-03-14,144,50,,,
2005-03-15,128,-22,,,
2005-03-16,61,44,,,
2005-03-17,56,6,,,
2005-03-18,128,-33,,,
2005-03-19,139,-33,,,
2005-03-20,167,-11,,,
2005-03-21,172,6,,,
2005-03-22,117,61,,,
2005-03-23,106,100,,,
2005-03-24,211,61,,,
2005-03-25,239,44,,,
2005-03-26,239,61,,,
2005-03-27,150,117,,,
2005-03-28,139,61,,,
2005-03-29,228,61,,,
2005-03-30,250,33,,,
2005-03-31,183,100,,,
2005-04-01,167,106,,,
2005-04-02,122,39,,,
2005-04-03,156,50,,,
2005-04-04,228,6,,,
2005-04-05,244,33,,,
2005-04-06,222,61,,,
2005-04-07,172,106,,,
2005-04-08,206,106,,,
2005-04-09,244,94,,,
2005-04-10,267,67,,,
2005-04-11,256,94,,,
2005-04-12,183,106,,,
2005-04-13,161,78,,,
2005-04-14,194,50,,,
2005-04-15,228,11,,,
2005-04-16,217,17,,,
2005-04-17,239,-6,,,
2005-04-18,261,33,,,
2005-04-19,244,56,,,
2005-04-20,256,67,,,
2005-04-21,233,61,,,
2005-04-22,222,78,,,
2005-04-23,111,22,,,
2005-04-24,100,0,,,
2005-04-25,189,11,,,
2005-04-26,111,33,,,
2005-04-27,139,6,,,
2005-04-28,167,0,,,
2005-04-29,233,78,,,
2005-04-30,172,106,,,
2005-05-01,172,44,,,
2005-05-02,172,11,,,
2005-05-03,189,28,,,
2005-05-04,206,-6,,,
2005-05-05,139,78,,,
2005-05-06,211,72,,,
2005-05-07,239,33,,,
2005-05-08,272,56,,,
2005-05-09,283,83,,,
2005-05-10,217,117,,,
2005-05-11,272,117,,,
2005-05-12,306,100,,,
2005-05-13,278,144,,,
2005-05-14,244,144,,,
2005-05-15,206,94,,,
2005-05-16,233,50,,,
2005-05-17,250,72,,,
2005-05-18,256,94,,,
2005-05-19,267,139,,,
2005-05-20,217,128,,,
2005-05-21,233,117,,,
2005-05-22,250,128,,,
2005-05-23,256,144,,,
2005-05-24,211,100,,,
2005-05-25,217,67,,,
2005-05-26,267,50,,,
2005-05-27,261,83,,,
2005-05-28,228,83,,,
2005-05-29,183,56,,,
2005-05-30,217,122,,,
2005-05-31,250,122,,,
2005-06-01,167,139,,,
2005-06-02,217,139,,,
2005-06-03,222,144,,,
2005-06-04,289,139,,,
2005-06-05,306,161,,,
2005-06-06,306,172,,,
2005-06-07,294,172,,,
2005-06-08,267,178,,,
2005-06-09,283,183,,,
2005-06-10,272,178,,,
2005-06-11,239,194,,,
2005-06-12,261,183,,,
2005-06-13,283,172,,,
2005-06-14,311,167,,,
2005-06-15,294,156,,,
2005-06-16,267,128,,,
2005-06-17,267,133,,,
2005-06-18,244,106,,,
2005-06-19,261,128,,,
2005-06-20,228,133,,,
2005-06-21,256,133,,,
2005-06-22,278,128,,,
2005-06-23,294,144,,,
2005-06-24,300,144,,,
2005-06-25,294,139,,,
2005-06-26,250,172,,,
2005-06-27,300,189,,,
2005-06-28,278,189,,,
2005-06-29,294,194,,,
2005-06-30,306,200,,,
2005-07-01,300,183,,,
2005-07-02,300,178,,,
2005-07-03,283,178,,,
2005-07-04,283,189,,,
2005-07-05,289,200,,,
2005-07-06,256,189,,,
2005-07-07,228,150,,,
2005-07-08,294,139,,,
2005-07-09,300,161,,,
2005-07-10,283,178,,,
2005-07-11,272,200,,,
2005-07-12,267,194,,,
2005-07-13,272,183,,,
2005-07-14,289,194,,,
2005-07-15,278,194,,,
2005-07-16,289,194,,,
2005-07-17,317,194,,,
2005-07-18,317,183,,,
2005-07-19,322,194,,,
2005-07-20,306,200,,,
2005-07-21,311,200,,,
2005-07-22,306,194,,,
2005-07-23,322,178,,,
2005-07-24,317,172,,,
2005-07-25,344,200,,,
2005-07-26,350,206,,,
2005-07-27,328,189,,,
2005-07-28,289,200,,,
2005-07-29,261,194,,,
2005-07-30,261,194,,,
2005-07-31,278,200,,,
2005-08-01,289,183,,,
2005-08-02,294,172,,,
2005-08-03,311,156,,,
2005-08-04,306,172,,,
2005-08-05,317,172,,,
2005-08-06,289,172,,,
2005-08-07,206,183,,,
2005-08-08,250,183,,,
2005-08-09,283,194,,,
2005-08-10,289,183,,,
2005-08-11,311,183,,,
2005-08-12,317,189,,,
2005-08-13,306,183,,,
2005-08-14,317,189,,,
2005-08-15,344,189,,,
2005-08-16,317,189,,,
2005-08-17,306,200,,,
2005-08-18,294,194,,,
2005-08-19,317,194,,,
2005-08-20,322,211,,,
2005-08-21,322,211,,,
2005-08-22,311,200,,,
2005-08-23,289,206,,,
2005-08-24,300,206,,,
2005-08-25,283,183,,,
2005-08-26,278,172,,,
2005-08-27,283,172,,,
2005-08-28,300,189,,,
2005-08-29,278,189,,,
2005-08-30,261,217,,,
2005-08-31,278,150,,,
2005-09-01,278,139,,,
2005-09-02,294,150,,,
2005-09-03,283,133,,,
2005-09-04,289,111,,,
2005-09-05,267,133,,,
2005-09-06,272,117,,,
2005-09-07,289,133,,,
2005-09-08,283,133,,,
2005-09-09,283,139,,,
2005-09-10,289,133,,,
2005-09-11,294,144,,,
2005-09-12,294,133,,,
2005-09-13,294,133,,,
2005-09-14,283,139,,,
2005-09-15,306,144,,,
2005-09-16,256,161,,,
2005-09-17,283,133,,,
2005-09-18,278,128,,,
2005-09-19,311,122,,,
2005-09-20,306,144,,,
2005-09-21,294,156,,,
2005-09-22,289,156,,,
2005-09-23,289,156,,,
2005-09-24,283,139,,,
2005-09-25,261,183,,,
2005-09-26,211,183,,,
2005-09-27,278,156,,,
2005-09-28,239,144,,,
2005-09-29,228,117,,,
2005-09-30,244,106,,,
2005-10-01,278,122,,,
2005-10-02,267,139,,,
2005-10-03,283,133,,,
2005-10-04,283,106,,,
2005-10-05,256,117,,,
2005-10-06,194,172,,,
2005-10-07,228,183,,,
2005-10-08,256,161,,,
2005-10-09,222,156,,,
2005-10-10,272,178,,,
2005-10-11,261,167,,,
2005-10-12,250,156,,,
2005-10-13,261,133,,,
2005-10-14,239,111,,,
2005-10-15,239,78,,,
2005-10-16,228,44,,,
2005-10-17,228,17,,,
2005-10-18,250,33,,,
2005-10-19,267,100,,,
2005-10-20,267,111,,,
2005-10-21,261,106,,,
2005-10-22,172,56,,,
2005-10-23,206,11,,,
2005-10-24,94,44,,,
2005-10-25,78,39,,,
2005-10-26,139,-11,,,
2005-10-27,133,-22,,,
2005-10-28,150,-11,,,
2005-10-29,167,-33,,,
2005-10-30,222,-22,,,
2005-10-31,217,-22,,,
2005-11-01,206,17,,,
2005-11-02,200,6,,,
2005-11-03,222,-22,,,
2005-11-04,233,-6,,,
2005-11-05,217,72,,,
2005-11-06,239,94,,,
2005-11-07,244,56,,,
2005-11-08,250,22,,,
2005-11-09,250,72,,,
2005-11-10,194,0,,,
2005-11-11,183,-39,,,
2005-11-12,189,-33,,,
2005-11-13,183,22,,,
2005-11-14,200,122,,,
2005-11-15,183,156,,,
2005-11-16,172,17,,,
2005-11-17,94,-50,,,
2005-11-18,122,-78,,,
2005-11-19,139,-67,,,
2005-11-20,117,11,,,
2005-11-21,117,33,,,
2005-11-22,44,17,,,
2005-11-23,83,-33,,,
2005-11-24,167,33,,,
2005-11-25,128,-33,,,
2005-11-26,150,-50,,,
2005-11-27,128,17,,,
2005-11-28,156,128,,,
2005-11-29,167,39,,,
2005-11-30,122,-17,,,
2005-12-01,100,-39,,,
2005-12-02,83,-33,,,
2005-12-03,61,-39,,,
2005-12-04,167,56,,,
2005-12-05,89,-6,,,
2005-12-06,72,-61,,,
2005-12-07,89,-89,,,
2005-12-08,56,-22,,,
2005-12-09,72,-50,,,
2005-12-10,106,-78,,,
2005-12-11,61,-44,,,
2005-12-12,89,0,,,
2005-12-13,83,-33,,,
2005-12-14,17,-11,,,
2005-12-15,56,0,,,
2005-12-16,61,-39,,,
2005-12-17,61,-11,,,
2005-12-18,139,-17,,,
2005-12-19,78,-44,,,
2005-12-20,72,-72,,,
2005-12-21,67,-89,,,
2005-12-22,117,-106,,,
2005-12-23,139,-106,,,
2005-12-24,150,-94,,,
2005-12-25,89,39,,,
2005-12-26,67,-28,,,
2005-12-27,156,-56,,,
2005-12-28,133,-22,,,
2005-12-29,67,-17,,,
2005-12-30,133,-17,,,
2005-12-31,111,-17,,,
2006-01-01,189,-50,,,
2006-01-02,144,94,,,
2006-01-03,128,-6,,,
2006-01-04,150,-6,,,
2006-01-05,106,-6,,,
2006-01-06,33,-22,,,
2006-01-07,78,-44,,,
2006-01-08,183,-67,,,
2006-01-09,183,83,,,
2006-01-10,172,39,,,
2006-01-11,178,6,,,
2006-01-12,194,-22,,,
2006-01-13,144,6,,,
2006-01-14,11,-17,,,
2006-01-15,122,-39,,,
2006-01-16,122,0,,,
2006-01-17,117,83,,,
2006-01-18,67,-33,,,
2006-01-19,167,-44,,,
2006-01-20,172,-33,,,
2006-01-21,133,72,,,
2006-01-22,111,83,,,
2006-01-23,133,83,,,
2006-01-24,144,17,,,
2006-01-25,83,0,,,
2006-01-26,122,-56,,,
2006-01-27,133,-56,,,
2006-01-28,156,-28,,,
2006-01-29,172,39,,,
2006-01-30,167,-17,,,
2006-01-31,106,-17,,,
2006-02-01,122,-56,,,
2006-02-02,111,-22,,,
2006-02-03,183,67,,,
2006-02-04,122,-17,,,
2006-02-05,44,-33,,,
2006-02-06,44,-33,,,
2006-02-07,89,-39,,,
2006-02-08,67,-67,,,
2006-02-09,39,-56,,,
2006-02-10,100,-83,,,
2006-02-11,28,-17,,,
2006-02-12,11,-33,,,
2006-02-13,28,-61,,,
2006-02-14,144,-83,,,
2006-02-15,156,-44,,,
2006-02-16,183,11,,,
2006-02-17,200,56,,,
2006-02-18,39,-17,,,
2006-02-19,33,-33,,,
2006-02-20,100,11,,,
2006-02-21,161,33,,,
2006-02-22,139,44,,,
2006-02-23,122,28,,,
2006-02-24,150,-17,,,
2006-02-25,117,-6,,,
2006-02-26,78,-44,,,
2006-02-27,111,-83,,,
2006-02-28,189,28,,,
2006-03-01,228,83,,,
2006-03-02,211,72,,,
2006-03-03,111,6,,,
2006-03-04,139,-61,,,
2006-03-05,189,-50,,,
2006-03-06,156,50,,,
2006-03-07,156,11,,,
2006-03-08,183,-11,,,
2006-03-09,167,22,,,
2006-03-10,233,61,,,
2006-03-11,228,61,,,
2006-03-12,250,94,,,
2006-03-13,222,144,,,
2006-03-14,194,50,,,
2006-03-15,133,6,,,
2006-03-16,172,0,,,
2006-03-17,172,56,,,
2006-03-18,156,-6,,,
2006-03-19,150,0,,,
2006-03-20,61,28,,,
2006-03-21,167,33,,,
2006-03-22,122,-11,,,
2006-03-23,122,-39,,,
2006-03-24,56,11,,,
2006-03-25,50,6,,,
2006-03-26,94,-22,,,
2006-03-27,156,-61,,,
2006-03-28,161,44,,,
2006-03-29,217,0,,,
2006-03-30,206,17,,,
2006-03-31,206,83,,,
2006-04-01,244,89,,,
2006-04-02,233,44,,,
2006-04-03,233,83,,,
2006-04-04,172,50,,,
2006-04-05,194,33,,,
2006-04-06,222,0,,,
2006-04-07,278,100,,,
2006-04-08,194,61,,,
2006-04-09,200,-17,,,
2006-04-10,217,0,,,
2006-04-11,233,11,,,
2006-04-12,239,33,,,
2006-04-13,267,56,,,
2006-04-14,294,78,,,
2006-04-15,294,139,,,
2006-04-16,294,106,,,
2006-04-17,283,156,,,
2006-04-18,244,128,,,
2006-04-19,250,122,,,
2006-04-20,239,111,,,
2006-04-21,222,133,,,
2006-04-22,222,89,,,
2006-04-23,250,67,,,
2006-04-24,278,83,,,
2006-04-25,283,111,,,
2006-04-26,189,117,,,
2006-04-27,206,61,,,
2006-04-28,239,22,,,
2006-04-29,183,83,,,
2006-04-30,167,78,,,
2006-05-01,228,72,,,
2006-05-02,228,50,,,
2006-05-03,256,106,,,
2006-05-04,244,72,,,
2006-05-05,228,122,,,
2006-05-06,239,100,,,
2006-05-07,183,122,,,
2006-05-08,211,117,,,
2006-05-09,206,106,,,
2006-05-10,250,133,,,
2006-05-11,189,89,,,
2006-05-12,183,61,,,
2006-05-13,222,22,,,
2006-05-14,194,94,,,
2006-05-15,161,39,,,
2006-05-16,156,56,,,
2006-05-17,194,39,,,
2006-05-18,228,50,,,
2006-05-19,228,39,,,
2006-05-20,267,122,,,
2006-05-21,244,156,,,
2006-05-22,233,122,,,
2006-05-23,261,94,,,
2006-05-24,294,61,,,
2006-05-25,250,94,,,
2006-05-26,283,161,,,
2006-05-27,300,156,,,
2006-05-28,317,139,,,
2006-05-29,311,150,,,
2006-05-30,328,172,,,
2006-05-31,306,161,,,
2006-06-01,289,167,,,
2007-05-04,178,144,,,
2007-05-05,172,139,,,
2007-05-06,256,133,,,
2007-05-07,122,61,,,
2007-05-08,278,117,,,
2007-05-09,289,94,,,
2007-05-10,289,106,,,
2007-05-11,300,139,,,
2007-05-12,261,150,,,
2007-05-13,283,122,,,
2007-05-14,250,117,,,
2007-05-15,278,78,,,
2007-05-16,217,106,,,
2007-05-17,94,72,,,
2007-05-20,261,83,,,
2007-05-21,294,106,,,
2007-05-22,289,72,,,
2007-05-23,267,89,,,
2007-05-24,267,122,,,
2007-05-25,294,89,,,
2007-05-26,283,106,,,
2007-05-27,300,106,,,
2007-05-28,294,111,,,
2007-05-29,306,100,,,
2007-05-30,300,89,,,
2007-05-31,311,100,,,
2007-06-01,272,122,,,
2007-06-02,244,156,,,
2007-06-03,267,150,,,
2007-06-04,278,144,,,
2007-06-05,278,122,,,
2007-06-06,294,122,,,
2007-06-07,322,117,,,
2007-06-08,317,178,,,
2007-06-09,306,156,,,
2007-06-10,322,128,,,
2007-06-11,256,150,,,
2007-06-12,300,133,,,
2007-06-13,283,122,,,
2007-06-14,272,128,,,
2007-06-15,261,150,,,
2007-06-16,289,150,,,
2007-06-17,311,133,,,
2007-06-18,294,128,,,
2007-06-19,300,172,,,
2007-06-20,272,128,,,
2007-06-21,306,100,,,
2007-06-22,294,111,,,
2007-06-23,306,139,,,
2007-06-24,317,167,,,
2007-06-25,311,167,,,
2007-06-26,278,167,,,
2007-06-27,300,172,,,
2007-06-28,317,178,,,
2007-06-29,300,183,,,
2007-06-30,300,183,,,
2007-07-01,311,167,,,
2007-07-02,228,172,,,
2007-07-03,256,150,,,
2007-07-04,283,144,,,
2007-07-05,300,144,,,
2007-07-06,306,156,,,
2007-07-07,289,172,,,
2007-07-08,306,172,,,
2007-07-09,311,178,,,
2007-07-10,283,189,,,
2007-07-11,261,172,,,
2007-07-12,283,144,,,
2007-07-13,217,144,,,
2007-07-14,272,144,,,
2007-07-15,278,156,,,
2007-07-16,294,183,,,
2007-07-17,278,189,,,
2007-07-18,294,172,,,
2007-07-19,300,172,,,
2007-07-20,267,167,,,
2007-07-21,272,139,,,
2007-07-22,267,156,,,
2007-07-23,267,150,,,
2007-07-24,239,156,,,
2007-07-25,272,167,,,
2007-07-26,289,161,,,
2007-07-27,289,156,,,
2007-07-28,272,189,,,
2007-07-29,289,194,,,
2007-07-30,306,194,,,
2007-07-31,311,183,,,
2007-08-01,311,183,,,
2007-08-02,300,194,,,
2007-08-03,317,183,,,
2007-08-04,322,172,,,
2007-08-05,294,178,,,
2007-08-06,322,200,,,
2007-08-07,328,189,,,
2007-08-08,333,200,,,
2007-08-09,344,189,,,
2007-08-10,333,189,,,
2007-08-11,322,172,,,
2007-08-12,317,194,,,
2007-08-13,328,183,,,
2007-08-14,322,161,,,
2007-08-15,344,150,,,
2007-08-16,350,167,,,
2007-08-17,322,189,,,
2007-08-18,339,161,,,
2007-08-19,322,161,,,
2007-08-20,322,172,,,
2007-08-21,322,172,,,
2007-08-22,339,194,,,
2007-08-23,328,183,,,
2007-08-24,344,183,,,
2007-08-25,328,183,,,
2007-08-26,289,183,,,
2007-08-27,306,178,,,
2007-08-28,311,194,,,
2007-08-29,306,194,,,
2007-08-30,283,189,,,
2007-08-31,294,178,,,
2007-09-01,289,172,,,
2007-09-02,289,167,,,
2007-09-03,306,156,,,
2007-09-04,311,139,,,
2007-09-05,317,117,,,
2007-09-06,294,133,,,
2007-09-07,294,161,,,
2007-09-08,306,144,,,
2007-09-09,317,128,,,
2007-09-10,306,150,,,
2007-09-11,283,150,,,
2007-09-12,306,156,,,
2007-09-13,294,133,,,
2007-09-14,222,161,,,
2007-09-15,261,106,,,
2007-09-16,256,94,,,
2007-09-17,261,122,,,
2007-09-18,272,117,,,
2007-09-19,283,83,,,
2007-09-20,261,106,,,
2007-09-21,244,183,,,
2007-09-22,300,161,,,
2007-09-23,311,156,,,
2007-09-24,311,144,,,
2007-09-25,294,144,,,
2007-09-26,294,144,,,
2007-09-27,278,117,,,
2007-09-28,250,83,,,
2007-09-29,267,44,,,
2007-09-30,256,33,,,
2007-10-01,261,44,,,
2007-10-02,267,61,,,
2007-10-03,233,161,,,
2007-10-04,250,183,,,
2007-10-05,267,161,,,
2007-10-06,278,156,,,
2007-10-07,289,144,,,
2007-10-08,306,133,,,
2007-10-09,272,133,,,
2007-10-10,261,106,,,
2007-10-11,161,44,,,
2007-10-12,194,11,,,
2007-10-13,222,17,,,
2007-10-14,261,44,,,
2007-10-15,256,56,,,
2007-10-16,217,122,,,
2007-10-17,233,106,,,
2007-10-18,228,183,,,
2007-10-19,244,94,,,
2007-10-20,222,50,,,
2007-10-21,250,17,,,
2007-10-22,183,61,,,
2007-10-23,228,156,,,
2007-10-24,167,122,,,
2007-10-25,183,89,,,
2007-10-26,206,89,,,
2007-10-27,206,72,,,
2007-10-28,200,22,,,
2007-10-29,194,0,,,
2007-10-30,222,-11,,,
2007-10-31,50,-33,,,
2007-11-04,172,-28,,,
2007-11-05,211,-17,,,
2007-11-06,139,17,,,
2007-11-07,122,-44,,,
2007-11-08,61,-61,,,
2007-11-09,172,-28,,,
2007-11-10,144,-22,,,
2007-11-11,172,-44,,,
2007-11-12,200,-11,,,
2007-11-13,161,28,,,
2007-11-14,228,106,,,
2007-11-15,139,6,,,
2007-11-16,128,-33,,,
2007-11-17,28,-50,,,
2007-11-21,189,133,,,
2007-11-22,156,33,,,
2007-11-23,72,-39,,,
2007-11-24,100,-72,,,
2007-11-25,111,33,,,
2007-11-26,144,111,,,
2007-11-27,133,-22,,,
2007-11-28,167,-50,,,
2007-11-29,156,-33,,,
2007-11-30,156,-33,,,
2007-12-01,172,-33,,,
2007-12-02,161,6,,,
2007-12-03,139,-6,,,
2007-12-04,89,-44,,,
2007-12-05,150,-33,,,
2007-12-06,72,-56,,,
2007-12-07,128,-22,,,
2007-12-08,161,56,,,
2007-12-09,200,83,,,
2007-12-10,228,83,,,
2007-12-11,244,61,,,
2007-12-12,217,83,,,
2007-12-13,183,61,,,
2007-12-14,167,17,,,
2007-12-15,122,6,,,
2007-12-16,94,-33,,,
2007-12-17,61,-67,,,
2007-12-18,89,-89,,,
2007-12-19,83,-17,,,
2007-12-20,89,-6,,,
2007-12-21,100,61,,,
2007-12-22,122,61,,,
2007-12-23,133,-11,,,
2007-12-24,117,-39,,,
2007-12-25,67,-6,,,
2007-12-26,106,17,,,
2007-12-27,183,22,,,
2007-12-28,150,6,,,
2007-12-29,211,39,,,
2007-12-30,89,0,,,
2007-12-31,128,-39,,,
2008-01-01,56,-56,,,
2008-01-02,-39,-111,,,
2008-01-03,22,-156,,,
2008-01-04,94,-117,,,
2008-01-05,122,-50,,,
2008-01-06,178,6,,,
2008-01-07,194,-6,,,
2008-01-08,189,128,,,
2008-01-09,200,17,,,
2008-01-10,150,28,,,
2008-01-11,139,11,,,
2008-01-12,128,-22,,,
2008-01-13,111,-28,,,
2008-01-14,78,-28,,,
2008-01-15,44,-56,,,
2008-01-16,50,-83,,,
2008-01-17,67,-17,,,
2008-01-18,117,-22,,,
2008-01-19,28,-33,,,
2008-01-20,-11,-111,,,
2008-01-21,44,-133,,,
2008-01-22,56,-11,,,
2008-01-23,111,-17,,,
2008-01-24,28,-61,,,
2008-01-25,67,-117,,,
2008-01-26,106,-39,,,
2008-01-27,100,-67,,,
2008-01-28,161,-78,,,
2008-01-29,167,-6,,,
2008-01-30,117,-50,,,
2008-01-31,100,-72,,,
2008-02-01,72,-33,,,
2008-02-02,189,-56,,,
2008-02-03,178,-33,,,
2008-02-04,111,56,,,
2008-02-05,228,56,,,
2008-02-06,194,67,,,
2008-02-07,156,0,,,
2008-02-08,156,-28,,,
2008-02-09,156,-28,,,
2008-02-10,128,6,,,
2008-02-11,167,-44,,,
2008-02-12,133,6,,,
2008-02-13,106,-50,,,
2008-02-14,161,-89,,,
2008-02-15,172,-44,,,
2008-02-16,194,44,,,
2008-02-17,133,89,,,
2008-02-18,106,33,,,
2008-02-19,78,-22,,,
2008-02-20,133,-22,,,
2008-02-21,89,-11,,,
2008-02-22,128,44,,,
2008-02-23,144,-11,,,
2008-02-24,106,-17,,,
2008-02-25,194,17,,,
2008-02-26,161,0,,,
2008-02-27,0,-56,,,
2008-02-28,56,-67,,,
2008-02-29,83,-28,,,
2008-03-01,144,-11,,,
2008-03-02,194,-44,,,
2008-03-03,194,-22,,,
2008-03-04,178,56,,,
2008-03-05,167,6,,,
2008-03-06,206,-22,,,
2008-03-07,144,33,,,
2008-03-08,133,-33,,,
2008-03-09,128,-33,,,
2008-03-10,178,-44,,,
2008-03-11,128,-11,,,
2008-03-12,189,-44,,,
2008-03-13,228,-11,,,
2008-03-14,150,33,,,
2008-03-15,122,67,,,
2008-03-16,144,28,,,
2008-03-17,139,-11,,,
2008-03-18,144,33,,,
2008-03-19,189,67,,,
2008-03-20,122,0,,,
2008-03-21,194,-33,,,
2008-03-22,211,11,,,
2008-03-23,144,0,,,
2008-03-24,67,-33,,,
2008-03-25,139,-67,,,
2008-03-26,194,-17,,,
2008-03-27,222,28,,,
2008-03-28,200,78,,,
2008-03-29,172,83,,,
2008-03-30,122,67,,,
2008-03-31,178,72,,,
2008-04-01,256,106,,,
2008-04-02,239,89,,,
2008-04-03,144,89,,,
2008-04-04,183,94,,,
2008-04-05,167,111,,,
2008-04-06,217,106,,,
2008-04-07,228,89,,,
2008-04-08,189,111,,,
2008-04-09,261,56,,,
2008-04-10,228,72,,,
2008-04-11,228,156,,,
2008-04-12,217,83,,,
2008-04-13,139,33,,,
2008-04-14,72,28,,,
2008-04-15,150,11,,,
2008-04-16,211,-28,,,
2008-04-17,267,0,,,
2008-04-18,261,22,,,
2008-04-19,200,72,,,
2008-04-20,172,61,,,
2008-04-21,222,17,,,
2008-04-22,256,39,,,
2008-04-23,261,83,,,
2008-04-24,267,89,,,
2008-04-25,239,100,,,
2008-04-26,261,111,,,
2008-04-27,206,122,,,
2008-04-28,172,67,,,
2008-04-29,133,17,,,
2008-04-30,222,-11,,,
2008-05-01,244,33,,,
2008-05-02,256,144,,,
2008-05-03,194,106,,,
2008-05-04,244,83,,,
2008-05-05,250,56,,,
2008-05-06,261,33,,,
2008-05-07,250,94,,,
2008-05-08,250,161,,,
2008-05-09,256,144,,,
2008-05-10,267,144,,,
2008-05-11,217,106,,,
2008-05-12,183,72,,,
2008-05-13,61,61,,,
2008-05-14,178,83,,,
2008-05-15,183,133,,,
2008-05-16,222,100,,,
2008-05-17,222,56,,,
2008-05-18,200,72,,,
2008-05-19,244,56,,,
2008-05-20,272,117,,,
2008-05-21,217,72,,,
2008-05-22,272,56,,,
2008-05-23,283,94,,,
2008-05-24,267,117,,,
2008-05-25,272,94,,,
2008-05-26,267,117,,,
2008-05-27,278,150,,,
2008-05-28,233,172,,,
2008-05-29,283,156,,,
2008-05-30,289,178,,,
2008-05-31,294,183,,,
2008-06-01,239,161,,,
2008-06-02,300,150,,,
2008-06-03,289,139,,,
2008-06-04,317,178,,,
2008-06-05,322,156,,,
2008-06-06,333,156,,,
2008-06-07,333,183,,,
2008-06-08,328,178,,,
2008-06-09,339,167,,,
2008-06-10,317,172,,,
2008-06-11,317,167,,,
2008-06-12,311,167,,,
2008-06-13,294,178,,,
2008-06-14,272,161,,,
2008-06-15,294,178,,,
2008-06-16,306,161,,,
2008-06-17,289,156,,,
2008-06-18,267,83,,,
2008-06-19,278,78,,,
2008-06-20,272,94,,,
2008-06-21,267,144,,,
2008-06-22,289,156,,,
2008-06-23,300,144,,,
2008-06-24,300,117,,,
2008-06-25,317,106,,,
2008-06-26,311,122,,,
2008-06-27,317,172,,,
2008-06-28,306,167,,,
2008-06-29,283,167,,,
2008-06-30,261,156,,,
2008-07-01,256,94,,,
2008-07-02,294,94,,,
2008-07-03,294,100,,,
2008-07-04,311,144,,,
2008-07-05,278,172,,,
2008-07-06,311,167,,,
2008-07-07,294,172,,,
2008-07-08,289,178,,,
2008-07-09,294,189,,,
2008-07-10,272,189,,,
2008-07-11,311,178,,,
2008-07-12,322,156,,,
2008-07-13,261,183,,,
2008-07-14,300,167,,,
2008-07-15,294,150,,,
2008-07-16,306,150,,,
2008-07-17,300,156,,,
2008-07-18,317,133,,,
2008-07-19,311,150,,,
2008-07-20,317,144,,,
2008-07-21,344,172,,,
2008-07-22,322,167,,,
2008-07-23,283,167,,,
2008-07-24,294,128,,,
2008-07-25,272,167,,,
2008-07-26,283,183,,,
2008-07-27,322,183,,,
2008-07-28,322,161,,,
2008-07-29,306,194,,,
2008-07-30,328,200,,,
2008-07-31,300,194,,,
2008-08-01,317,194,,,
2008-08-02,328,183,,,
2008-08-03,322,183,,,
2008-08-04,328,161,,,
2008-08-05,328,167,,,
2008-08-06,322,189,,,
2008-08-07,311,183,,,
2008-08-08,283,144,,,
2008-08-09,289,111,,,
2008-08-10,283,133,,,
2008-08-11,289,111,,,
2008-08-12,272,94,,,
2008-08-13,283,172,,,
2008-08-14,300,161,,,
2008-08-15,300,133,,,
2008-08-16,283,167,,,
2008-08-17,294,156,,,
2008-08-18,311,167,,,
2008-08-19,333,156,,,
2008-08-20,317,150,,,
2008-08-21,306,139,,,
2008-08-22,283,183,,,
2008-08-23,289,183,,,
2008-08-24,300,189,,,
2008-08-25,261,194,,,
2008-08-26,217,189,,,
2008-08-27,272,194,,,
2008-08-28,267,167,,,
2008-08-29,306,156,,,
2008-08-30,317,161,,,
2008-08-31,311,178,,,
2008-09-01,300,183,,,
2008-09-02,300,178,,,
2008-09-03,294,144,,,
2008-09-04,283,111,,,
2008-09-05,306,144,,,
2008-09-06,283,122,,,
2008-09-07,300,150,,,
2008-09-08,317,139,,,
2008-09-09,244,178,,,
2008-09-10,278,183,,,
2008-09-11,267,189,,,
2008-09-12,278,183,,,
2008-09-13,306,178,,,
2008-09-14,306,178,,,
2008-09-15,261,161,,,
2008-09-16,228,156,,,
2008-09-17,228,156,,,
2008-09-18,272,144,,,
2008-09-19,239,111,,,
2008-09-20,250,100,,,
2008-09-21,256,122,,,
2008-09-22,272,111,,,
2008-09-23,261,94,,,
2008-09-24,250,72,,,
2008-09-25,244,28,,,
2008-09-26,211,128,,,
2008-09-27,233,144,,,
2008-09-28,272,133,,,
2008-09-29,261,111,,,
2008-09-30,267,89,,,
2008-10-01,200,56,,,
2008-10-02,194,17,,,
2008-10-03,228,17,,,
2008-10-04,256,56,,,
2008-10-05,256,72,,,
2008-10-06,267,78,,,
2008-10-07,233,67,,,
2008-10-08,167,139,,,
2008-10-09,261,139,,,
2008-10-10,250,144,,,
2008-10-11,250,156,,,
2008-10-12,250,150,,,
2008-10-13,256,117,,,
2008-10-14,278,89,,,
2008-10-15,289,67,,,
2008-10-16,244,78,,,
2008-10-17,200,122,,,
2008-10-18,172,44,,,
2008-10-19,183,-6,,,
2008-10-20,206,0,,,
2008-10-21,206,6,,,
2008-10-22,211,33,,,
2008-10-23,167,11,,,
2008-10-24,133,78,,,
2008-10-25,167,39,,,
2008-10-26,200,11,,,
2008-10-27,100,22,,,
2008-10-28,72,6,,,
2008-10-29,139,-17,,,
2008-10-30,189,-33,,,
2008-10-31,211,-28,,,
2008-11-01,222,-22,,,
2008-11-02,239,-17,,,
2008-11-03,228,0,,,
2008-11-04,217,11,,,
2008-11-05,233,11,,,
2008-11-06,233,22,,,
2008-11-07,222,0,,,
2008-11-08,156,17,,,
2008-11-09,139,-11,,,
2008-11-10,161,-44,,,
2008-11-11,144,-33,,,
2008-11-12,144,33,,,
2008-11-13,156,94,,,
2008-11-14,183,117,,,
2008-11-15,161,33,,,
2008-11-16,50,-33,,,
2008-11-17,106,-39,,,
2008-11-18,22,-56,,,
2008-11-19,106,-94,,,
2008-11-20,161,-61,,,
2008-11-21,22,-83,,,
2008-11-22,56,-122,,,
2008-11-23,122,-39,,,
2008-11-24,72,33,,,
2008-11-25,67,-28,,,
2008-11-26,128,-67,,,
2008-11-27,161,-56,,,
2008-11-28,156,-17,,,
2008-11-29,83,50,,,
2008-11-30,83,17,,,
2008-12-01,44,-11,,,
2008-12-02,39,-61,,,
2008-12-03,122,-83,,,
2008-12-04,61,-39,,,
2008-12-05,67,-50,,,
2008-12-06,61,-72,,,
2008-12-07,61,-56,,,
2008-12-08,94,-72,,,
2008-12-09,133,67,,,
2008-12-10,156,128,,,
2008-12-11,172,56,,,
2008-12-12,56,-11,,,
2008-12-13,83,-67,,,
2008-12-14,111,-39,,,
2008-12-15,150,100,,,
2008-12-16,161,111,,,
2008-12-17,183,139,,,
2008-12-18,172,100,,,
2008-12-19,183,94,,,
2008-12-20,161,106,,,
2008-12-21,144,-67,,,
2008-12-22,6,-117,,,
2008-12-23,61,-67,,,
2008-12-24,128,67,,,
2008-12-25,172,22,,,
2008-12-26,122,33,,,
2008-12-27,183,117,,,
2008-12-28,156,83,,,
2008-12-29,139,-6,,,
2008-12-30,183,-39,,,
2008-12-31,61,-33,,,
2009-01-01,72,-89,,,
2009-01-02,44,-22,,,
2009-01-03,94,6,,,
2009-01-04,189,83,,,
2009-01-05,189,67,,,
2009-01-06,172,117,,,
2009-01-07,133,6,,,
2009-01-08,78,-11,,,
2009-01-09,139,-56,,,
2009-01-10,111,-33,,,
2009-01-11,106,-33,,,
2009-01-12,100,-50,,,
2009-01-13,100,-56,,,
2009-01-14,83,-83,,,
2009-01-15,6,-111,,,
2009-01-16,-28,-144,,,
2009-01-17,17,-144,,,
2009-01-18,67,-11,,,
2009-01-19,33,-39,,,
2009-01-20,-28,-89,,,
2009-01-21,33,-117,,,
2009-01-22,111,-100,,,
2009-01-23,172,-72,,,
2009-01-24,128,-11,,,
2009-01-25,111,-33,,,
2009-01-26,111,0,,,
2009-01-27,150,33,,,
2009-01-28,128,-22,,,
2009-01-29,100,-33,,,
2009-01-30,28,-39,,,
2009-01-31,83,-44,,,
2009-02-01,144,-72,,,
2009-02-02,67,-33,,,
2009-02-03,33,-117,,,
2009-02-04,-50,-122,,,
2009-02-05,44,-144,,,
2009-02-06,156,-94,,,
2009-02-07,183,-50,,,
2009-02-08,172,-11,,,
2009-02-09,194,6,,,
2009-02-10,189,67,,,
2009-02-11,150,100,,,
2009-02-12,150,6,,,
2009-02-13,178,-33,,,
2009-02-14,122,39,,,
2009-02-15,133,0,,,
2009-02-16,78,-39,,,
2009-02-17,122,-83,,,
2009-02-18,161,28,,,
2009-02-19,106,-44,,,
2009-02-20,56,-78,,,
2009-02-21,111,-83,,,
2009-02-22,56,-44,,,
2009-02-23,67,-94,,,
2009-02-24,128,-94,,,
2009-02-25,122,22,,,
2009-02-26,156,50,,,
2009-02-27,128,83,,,
2009-02-28,117,78,,,
2009-03-01,83,-17,,,
2009-03-02,33,-61,,,
2009-03-03,78,-117,,,
2009-03-04,122,-44,,,
2009-03-05,178,-56,,,
2009-03-06,156,-6,,,
2009-03-07,272,28,,,
2009-03-08,228,28,,,
2009-03-09,250,100,,,
2009-03-10,244,83,,,
2009-03-11,233,78,,,
2009-03-12,172,44,,,
2009-03-13,106,50,,,
2009-03-14,83,44,,,
2009-03-15,161,72,,,
2009-03-16,133,56,,,
2009-03-17,211,28,,,
2009-03-18,206,22,,,
2009-03-19,206,11,,,
2009-03-20,150,-6,,,
2009-03-21,144,-39,,,
2009-03-22,200,-22,,,
2009-03-23,200,0,,,
2009-03-24,206,11,,,
2009-03-25,122,94,,,
2009-03-26,133,100,,,
2009-03-27,144,106,,,
2009-03-28,156,117,,,
2009-03-29,144,50,,,
2009-03-30,200,0,,,
2009-03-31,150,28,,,
2009-04-01,222,106,,,
2009-04-02,172,117,,,
2009-04-03,139,50,,,
2009-04-04,233,-6,,,
2009-04-05,244,22,,,
2009-04-06,178,11,,,
2009-04-07,44,-11,,,
2009-04-08,161,-33,,,
2009-04-09,228,17,,,
2009-04-10,167,100,,,
2009-04-11,139,39,,,
2009-04-12,206,-6,,,
2009-04-13,117,89,,,
2009-04-14,178,89,,,
2009-04-15,172,50,,,
2009-04-16,217,17,,,
2009-04-17,233,11,,,
2009-04-18,256,22,,,
2009-04-19,161,89,,,
2009-04-20,167,50,,,
2009-04-21,167,33,,,
2009-04-22,178,6,,,
2009-04-23,272,11,,,
2009-04-24,294,83,,,
2009-04-25,300,94,,,
2009-04-26,283,94,,,
2009-04-27,267,117,,,
2009-04-28,267,94,,,
2009-04-29,272,106,,,
2009-04-30,244,100,,,
2009-05-01,239,144,,,
2009-05-02,194,133,,,
2009-05-03,217,150,,,
2009-05-04,217,144,,,
2009-05-05,244,133,,,
2009-05-06,211,128,,,
2009-05-07,267,133,,,
2009-05-08,256,117,,,
2009-05-09,256,167,,,
2009-05-10,267,133,,,
2009-05-11,183,89,,,
2009-05-12,233,78,,,
2009-05-13,222,94,,,
2009-05-14,256,161,,,
2009-05-15,267,150,,,
2009-05-16,256,150,,,
2009-05-17,172,67,,,
2009-05-18,206,44,,,
2009-05-19,239,28,,,
2009-05-20,261,56,,,
2009-05-21,250,128,,,
2009-05-22,261,150,,,
2009-05-23,250,150,,,
2009-05-24,267,167,,,
2009-05-25,272,172,,,
2009-05-26,256,161,,,
2009-05-27,261,172,,,
2009-05-28,256,167,,,
2009-05-29,244,161,,,
2009-05-30,267,94,,,
2009-05-31,278,117,,,
2009-06-01,311,100,,,
2009-06-02,322,133,,,
2009-06-03,289,139,,,
2009-06-04,250,167,,,
2009-06-05,250,144,,,
2009-06-06,283,128,,,
2009-06-07,294,144,,,
2009-06-08,294,150,,,
2009-06-09,317,144,,,
2009-06-10,283,161,,,
2009-06-11,294,172,,,
2009-06-12,267,167,,,
2009-06-13,283,161,,,
2009-06-14,283,156,,,
2009-06-15,300,150,,,
2009-06-16,300,161,,,
2009-06-17,317,183,,,
2009-06-18,300,172,,,
2009-06-19,322,172,,,
2009-06-20,322,178,,,
2009-06-21,300,194,,,
2009-06-22,283,183,,,
2009-06-23,311,167,,,
2009-06-24,306,150,,,
2009-06-25,311,150,,,
2009-06-26,306,167,,,
2009-06-27,322,178,,,
2009-06-28,311,183,,,
2009-06-29,289,144,,,
2009-06-30,283,111,,,
2009-07-01,294,139,,,
2009-07-02,283,128,,,
2009-07-03,272,122,,,
2009-07-04,278,117,,,
2009-07-05,256,167,,,
2009-07-06,294,183,,,
2009-07-07,300,183,,,
2009-07-08,261,172,,,
2009-07-09,261,167,,,
2009-07-10,278,167,,,
2009-07-11,278,167,,,
2009-07-12,294,161,,,
2009-07-13,278,178,,,
2009-07-14,300,161,,,
2009-07-15,306,156,,,
2009-07-16,294,200,,,
2009-07-17,289,189,,,
2009-07-18,239,117,,,
2009-07-19,244,106,,,
2009-07-20,272,122,,,
2009-07-21,278,117,,,
2009-07-22,256,133,,,
2009-07-23,272,156,,,
2009-07-24,283,133,,,
2009-07-25,306,128,,,
2009-07-26,300,161,,,
2009-07-27,294,156,,,
2009-07-28,306,189,,,
2009-07-29,278,194,,,
2009-07-30,267,189,,,
2009-07-31,267,194,,,
2009-08-01,300,183,,,
2009-08-02,283,167,,,
2009-08-03,289,161,,,
2009-08-04,289,150,,,
2009-08-05,294,167,,,
2009-08-06,289,156,,,
2009-08-07,306,144,,,
2009-08-08,322,172,,,
2009-08-09,317,172,,,
2009-08-10,322,172,,,
2009-08-11,306,178,,,
2009-08-12,283,178,,,
2009-08-13,294,178,,,
2009-08-14,294,183,,,
2009-08-15,306,178,,,
2009-08-16,289,172,,,
2009-08-17,294,189,,,
2009-08-18,289,189,,,
2009-08-19,283,194,,,
2009-08-20,289,206,,,
2009-08-21,289,200,,,
2009-08-22,278,167,,,
2009-08-23,256,139,,,
2009-08-24,278,150,,,
2009-08-25,289,156,,,
2009-08-26,306,150,,,
2009-08-27,294,167,,,
2009-08-28,233,172,,,
2009-08-29,278,167,,,
2009-08-30,250,172,,,
2009-08-31,250,172,,,
2009-09-01,239,156,,,
2009-09-02,267,133,,,
2009-09-03,267,122,,,
2009-09-04,278,150,,,
2009-09-05,283,139,,,
2009-09-06,256,172,,,
2009-09-07,272,161,,,
2009-09-08,261,156,,,
2009-09-09,244,156,,,
2009-09-10,244,150,,,
2009-09-11,261,156,,,
2009-09-12,272,156,,,
2009-09-13,272,150,,,
2009-09-14,278,156,,,
2009-09-15,222,178,,,
2009-09-16,233,178,,,
2009-09-17,233,178,,,
2009-09-18,256,183,,,
2009-09-19,261,183,,,
2009-09-20,206,178,,,
2009-09-21,200,183,,,
2009-09-22,272,178,,,
2009-09-23,294,167,,,
2009-09-24,294,178,,,
2009-09-25,278,194,,,
2009-09-26,200,161,,,
2009-09-27,228,106,,,
2009-09-28,261,106,,,
2009-09-29,183,106,,,
2009-09-30,217,56,,,
2009-10-01,233,50,,,
2009-10-02,183,89,,,
2009-10-03,217,56,,,
2009-10-04,194,50,,,
2009-10-05,167,111,,,
2009-10-06,233,139,,,
2009-10-07,244,67,,,
2009-10-08,250,44,,,
2009-10-09,272,156,,,
2009-10-10,194,128,,,
2009-10-11,233,122,,,
2009-10-12,161,117,,,
2009-10-13,233,111,,,
2009-10-14,156,111,,,
2009-10-15,178,111,,,
2009-10-16,161,78,,,
2009-10-17,78,33,,,
2009-10-18,94,-11,,,
2009-10-19,183,-33,,,
2009-10-20,239,-6,,,
2009-10-21,250,-11,,,
2009-10-22,222,22,,,
2009-10-23,189,150,,,
2009-10-24,183,39,,,
2009-10-25,217,6,,,
2009-10-26,200,22,,,
2009-10-27,144,94,,,
2009-10-28,250,78,,,
2009-10-29,233,78,,,
2009-10-30,183,100,,,
2009-10-31,178,100,,,
2009-11-01,183,61,,,
2009-11-02,206,33,,,
2009-11-03,194,11,,,
2009-11-04,200,0,,,
2009-11-05,167,0,,,
2009-11-06,200,-33,,,
2009-11-07,228,-17,,,
2009-11-08,261,-6,,,
2009-11-09,172,17,,,
2009-11-10,122,89,,,
2009-11-11,161,106,,,
2009-11-12,183,28,,,
2009-11-13,233,17,,,
2009-11-14,244,22,,,
2009-11-15,256,17,,,
2009-11-16,233,0,,,
2009-11-17,172,28,,,
2009-11-18,128,100,,,
2009-11-19,200,28,,,
2009-11-20,178,6,,,
2009-11-21,178,6,,,
2009-11-22,94,28,,,
2009-11-23,139,67,,,
2009-11-24,144,83,,,
2009-11-25,167,11,,,
2009-11-26,133,-17,,,
2009-11-27,117,0,,,
2009-11-28,183,-33,,,
2009-11-29,172,22,,,
2009-11-30,133,89,,,
2009-12-01,122,22,,,
2009-12-02,139,33,,,
2009-12-03,89,6,,,
2009-12-04,89,11,,,
2009-12-05,44,-50,,,
2009-12-06,56,-72,,,
2009-12-07,100,-56,,,
2009-12-08,78,22,,,
2009-12-09,167,56,,,
2009-12-10,39,-44,,,
2009-12-11,17,-61,,,
2009-12-12,39,-67,,,
2009-12-13,133,6,,,
2009-12-14,139,67,,,
2009-12-15,144,89,,,
2009-12-16,106,-33,,,
2009-12-17,111,-56,,,
2009-12-18,17,0,,,
2009-12-19,44,0,,,
2009-12-20,33,-50,,,
2009-12-21,78,-72,,,
2009-12-22,106,-50,,,
2009-12-23,117,-33,,,
2009-12-24,133,-39,,,
2009-12-25,117,-6,,,
2009-12-26,67,-39,,,
2009-12-27,100,-67,,,
2009-12-28,33,-22,,,
2009-12-29,94,-56,,,
2009-12-30,72,-44,,,
2009-12-31,67,17,,,
2010-01-01,56,-44,,,
2010-01-02,-33,-89,,,
2010-01-03,0,-117,,,
2010-01-04,0,-128,,,
2010-01-05,-6,-94,,,
2010-01-06,33,-111,,,
2010-01-07,11,-94,,,
2010-01-08,-22,-117,,,
2010-01-09,-17,-167,,,
2010-01-10,17,-150,,,
2010-01-11,44,-133,,,
2010-01-12,22,-78,,,
2010-01-13,111,-117,,,
2010-01-14,144,-94,,,
2010-01-15,172,-56,,,
2010-01-16,78,-33,,,
2010-01-17,106,61,,,
2010-01-18,161,-11,,,
2010-01-19,161,-28,,,
2010-01-20,172,50,,,
2010-01-21,106,56,,,
2010-01-22,133,11,,,
2010-01-23,111,17,,,
2010-01-24,144,50,,,
2010-01-25,89,6,,,
2010-01-26,17,-39,,,
2010-01-27,89,-61,,,
2010-01-28,139,-39,,,
2010-01-29,61,-17,,,
2010-01-30,22,-17,,,
2010-01-31,61,-56,,,
2010-02-01,106,-61,,,
2010-02-02,67,11,,,
2010-02-03,117,-22,,,
2010-02-04,44,-22,,,
2010-02-05,56,0,,,
2010-02-06,44,-6,,,
2010-02-07,72,-33,,,
2010-02-08,100,-39,,,
2010-02-09,61,-22,,,
2010-02-10,-17,-78,,,
2010-02-11,67,-56,,,
2010-02-12,22,-28,,,
2010-02-13,17,-111,,,
2010-02-14,33,-67,,,
2010-02-15,33,-61,,,
2010-02-16,-28,-78,,,
2010-02-17,11,-56,,,
2010-02-18,83,-33,,,
2010-02-19,128,-39,,,
2010-02-20,150,-67,,,
2010-02-21,172,-56,,,
2010-02-22,139,6,,,
2010-02-23,100,17,,,
2010-02-24,61,-44,,,
2010-02-25,-11,-67,,,
2010-02-26,50,-56,,,
2010-02-27,83,-44,,,
2010-02-28,50,-6,,,
2010-03-01,106,-50,,,
2010-03-02,28,0,,,
2010-03-03,44,-22,,,
2010-03-04,56,-22,,,
2010-03-05,89,-61,,,
2010-03-06,133,-83,,,
2010-03-07,150,-72,,,
2010-03-08,200,-33,,,
2010-03-09,206,-17,,,
2010-03-10,133,78,,,
2010-03-11,128,78,,,
2010-03-12,150,67,,,
2010-03-13,94,33,,,
2010-03-14,89,17,,,
2010-03-15,100,39,,,
2010-03-16,161,50,,,
2010-03-17,100,61,,,
2010-03-18,178,44,,,
2010-03-19,206,-11,,,
2010-03-20,206,-6,,,
2010-03-21,128,39,,,
2010-03-22,56,-17,,,
2010-03-23,167,-17,,,
2010-03-24,239,-11,,,
2010-03-25,178,28,,,
2010-03-26,117,6,,,
2010-03-27,156,-11,,,
2010-03-28,144,78,,,
2010-03-29,111,28,,,
2010-03-30,189,-6,,,
2010-03-31,250,-17,,,
2010-04-01,300,17,,,
2010-04-02,294,39,,,
2010-04-03,261,94,,,
2010-04-04,278,89,,,
2010-04-05,294,67,,,
2010-04-06,317,83,,,
2010-04-07,283,89,,,
2010-04-08,183,78,,,
2010-04-09,167,44,,,
2010-04-10,222,0,,,
2010-04-11,239,0,,,
2010-04-12,261,28,,,
2010-04-13,267,39,,,
2010-04-14,283,56,,,
2010-04-15,278,72,,,
2010-04-16,272,72,,,
2010-04-17,217,83,,,
2010-04-18,211,17,,,
2010-04-19,206,6,,,
2010-04-20,133,83,,,
2010-04-21,183,56,,,
2010-04-22,222,17,,,
2010-04-23,272,83,,,
2010-04-24,206,144,,,
2010-04-25,239,150,,,
2010-04-26,167,106,,,
2010-04-27,144,72,,,
2010-04-28,167,33,,,
2010-04-29,233,6,,,
2010-04-30,272,39,,,
2010-05-01,239,106,,,
2010-05-02,261,206,,,
2010-05-03,256,172,,,
2010-05-04,272,117,,,
2010-05-05,289,83,,,
2010-05-06,289,111,,,
2010-05-07,294,106,,,
2010-05-08,217,106,,,
2010-05-09,206,61,,,
2010-05-10,167,28,,,
2010-05-11,178,100,,,
2010-05-12,256,144,,,
2010-05-13,300,172,,,
2010-05-14,294,167,,,
2010-05-15,283,156,,,
2010-05-16,261,178,,,
2010-05-17,256,150,,,
2010-05-18,256,139,,,
2010-05-19,217,94,,,
2010-05-20,267,72,,,
2010-05-21,233,150,,,
2010-05-22,272,139,,,
2010-05-23,306,122,,,
2010-05-24,267,122,,,
2010-05-25,272,144,,,
2010-05-26,256,144,,,
2010-05-27,289,122,,,
2010-05-28,283,144,,,
2010-05-29,283,172,,,
2010-05-30,261,167,,,
2010-05-31,244,178,,,
2010-06-01,272,172,,,
2010-06-02,267,194,,,
2010-06-03,311,189,,,
2010-06-04,294,178,,,
2010-06-05,294,211,,,
2010-06-06,289,189,,,
2010-06-07,256,133,,,
2010-06-08,289,117,,,
2010-06-09,272,161,,,
2010-06-10,294,194,,,
2010-06-11,306,194,,,
2010-06-12,311,211,,,
2010-06-13,322,206,,,
2010-06-14,322,206,,,
2010-06-15,311,194,,,
2010-06-16,306,183,,,
2010-06-17,300,172,,,
2010-06-18,311,150,,,
2010-06-19,311,200,,,
2010-06-20,322,172,,,
2010-06-21,333,144,,,
2010-06-22,333,161,,,
2010-06-23,322,167,,,
2010-06-24,322,183,,,
2010-06-25,317,189,,,
2010-06-26,311,194,,,
2010-06-27,306,194,,,
2010-06-28,317,217,,,
2010-06-29,283,189,,,
2010-06-30,294,178,,,
2010-07-01,311,172,,,
2010-07-02,261,189,,,
2010-07-03,278,172,,,
2010-07-04,300,156,,,
2010-07-05,306,144,,,
2010-07-06,317,139,,,
2010-07-07,339,156,,,
2010-07-08,350,178,,,
2010-07-09,317,178,,,
2010-07-10,311,189,,,
2010-07-11,328,167,,,
2010-07-12,272,200,,,
2010-07-13,306,200,,,
2010-07-14,311,194,,,
2010-07-15,322,178,,,
2010-07-16,322,189,,,
2010-07-17,289,200,,,
2010-07-18,294,211,,,
2010-07-19,322,217,,,
2010-07-20,311,183,,,
2010-07-21,317,183,,,
2010-07-22,322,200,,,
2010-07-23,344,183,,,
2010-07-24,350,200,,,
2010-07-25,356,217,,,
2010-07-26,339,217,,,
2010-07-27,322,206,,,
2010-07-28,317,206,,,
2010-07-29,322,206,,,
2010-07-30,333,211,,,
2010-07-31,294,239,,,
2010-08-01,322,222,,,
2010-08-02,294,228,,,
2010-08-03,333,239,,,
2010-08-04,344,233,,,
2010-08-05,322,244,,,
2010-08-06,294,194,,,
2010-08-07,317,206,,,
2010-08-08,333,206,,,
2010-08-09,322,200,,,
2010-08-10,322,228,,,
2010-08-11,339,233,,,
2010-08-12,328,244,,,
2010-08-13,361,206,,,
2010-08-14,289,261,,,
2010-08-15,333,217,,,
2010-08-16,317,222,,,
2010-08-17,283,256,,,
2010-08-18,306,239,,,
2010-08-19,300,211,,,
2010-08-20,328,206,,,
2010-08-21,250,222,,,
2010-08-22,317,189,,,
2010-08-23,300,178,,,
2010-08-24,283,156,,,
2010-08-25,300,178,,,
2010-08-26,300,167,,,
2010-08-27,306,178,,,
2010-08-28,300,172,,,
2010-08-29,289,161,,,
2010-08-30,300,156,,,
2010-08-31,150,139,,,
2010-09-11,256,256,,,
2010-09-12,261,122,,,
2010-09-13,117,100,,,
2010-09-27,228,139,,,
2010-09-30,200,194,,,
2010-10-27,244,211,,,
2010-12-20,89,11,,,
2010-12-21,39,17,,,
2010-12-22,117,-6,,,
2010-12-23,72,-50,,,
2010-12-24,117,-78,,,
2010-12-25,17,-11,,,
2010-12-26,-17,-67,,,
2010-12-27,-11,-106,,,
2010-12-28,61,-156,,,
2010-12-29,50,-100,,,
2010-12-30,83,-39,,,
2010-12-31,106,17,,,
2011-01-01,128,100,,,
2011-01-02,122,-22,,,
2011-01-03,94,-89,,,
2011-01-04,100,-61,,,
2011-01-05,50,-56,,,
2011-01-06,50,-11,,,
2011-01-07,39,-6,,,
2011-01-08,-6,-94,,,
2011-01-09,6,-139,,,
2011-01-10,-6,-50,,,
2011-01-11,39,-50,,,
2011-01-12,-33,-83,,,
2011-01-13,28,-156,,,
2011-01-14,61,-156,,,
2011-01-15,83,-94,,,
2011-01-16,139,-67,,,
2011-01-17,72,-39,,,
2011-01-18,67,17,,,
2011-01-19,94,-28,,,
2011-01-20,100,-33,,,
2011-01-21,33,-44,,,
2011-01-22,39,-72,,,
2011-01-23,78,-72,,,
2011-01-24,94,-28,,,
2011-01-25,28,-39,,,
2011-01-26,50,-22,,,
2011-01-27,78,-56,,,
2011-01-28,100,-44,,,
2011-01-29,178,-61,,,
2011-01-30,200,-28,,,
2011-01-31,89,0,,,
2011-02-01,106,33,,,
2011-02-02,100,-28,,,
2011-02-03,78,-39,,,
2011-02-04,39,6,,,
2011-02-05,106,-28,,,
2011-02-06,117,-56,,,
2011-02-07,89,-50,,,
2011-02-08,33,-56,,,
2011-02-09,61,-78,,,
2011-02-10,83,-39,,,
2011-02-11,72,-67,,,
2011-02-12,100,-67,,,
2011-02-13,156,-67,,,
2011-02-14,189,-17,,,
2011-02-15,161,-17,,,
2011-02-16,167,-17,,,
2011-02-17,194,-17,,,
2011-02-18,206,17,,,
2011-02-19,189,22,,,
2011-02-20,144,-6,,,
2011-02-21,189,72,,,
2011-02-22,156,28,,,
2011-02-23,183,-22,,,
2011-02-24,144,72,,,
2011-02-25,161,0,,,
2011-02-26,167,-33,,,
2011-02-27,244,0,,,
2011-02-28,217,100,,,
2011-03-01,183,33,,,
2011-03-02,194,-28,,,
2011-03-03,161,-11,,,
2011-03-04,94,17,,,
2011-03-05,122,83,,,
2011-03-06,122,6,,,
2011-03-07,139,-33,,,
2011-03-08,144,-17,,,
2011-03-09,117,56,,,
2011-03-10,106,17,,,
2011-03-11,83,-22,,,
2011-03-12,200,-44,,,
2011-03-13,211,11,,,
2011-03-14,206,33,,,
2011-03-15,117,56,,,
2011-03-16,150,17,,,
2011-03-17,239,-17,,,
2011-03-18,278,33,,,
2011-03-19,261,78,,,
2011-03-20,172,117,,,
2011-03-21,256,117,,,
2011-03-22,272,94,,,
2011-03-23,206,128,,,
2011-03-24,150,44,,,
2011-03-25,167,-17,,,
2011-03-26,106,72,,,
2011-03-27,194,56,,,
2011-03-28,122,44,,,
2011-03-29,156,61,,,
2011-03-30,128,83,,,
2011-03-31,156,28,,,
2011-04-01,111,6,,,
2011-04-02,156,50,,,
2011-04-03,250,6,,,
2011-04-04,278,100,,,
2011-04-05,133,6,,,
2011-04-06,200,-22,,,
2011-04-07,267,11,,,
2011-04-08,228,83,,,
2011-04-09,283,106,,,
2011-04-10,306,117,,,
2011-04-11,278,111,,,
2011-04-12,150,94,,,
2011-04-13,228,39,,,
2011-04-14,233,11,,,
2011-04-15,172,67,,,
2011-04-16,161,72,,,
2011-04-17,206,39,,,
2011-04-18,261,28,,,
2011-04-19,289,106,,,
2011-04-20,244,133,,,
2011-04-21,244,144,,,
2011-04-22,194,133,,,
2011-04-23,278,133,,,
2011-04-24,294,106,,,
2011-04-25,267,100,,,
2011-04-26,250,172,,,
2011-04-27,244,178,,,
2011-04-28,211,67,,,
2011-04-29,217,44,,,
2011-04-30,256,33,,,
2011-05-01,250,83,,,
2011-05-02,250,133,,,
2011-05-03,244,83,,,
2011-05-04,139,22,,,
2011-05-05,200,-6,,,
2011-05-06,194,22,,,
2011-05-07,233,22,,,
2011-05-08,267,83,,,
2011-05-09,294,100,,,
2011-05-10,306,106,,,
2011-05-11,311,139,,,
2011-05-12,311,128,,,
2011-05-13,283,133,,,
2011-05-14,233,133,,,
2011-05-15,206,111,,,
2011-05-16,156,100,,,
2011-05-17,139,61,,,
2011-05-18,161,56,,,
2011-05-19,244,67,,,
2011-05-20,211,100,,,
2011-05-21,306,100,,,
2011-05-22,322,111,,,
2011-05-23,294,144,,,
2011-05-24,289,144,,,
2011-05-25,306,117,,,
2011-05-26,283,144,,,
2011-05-27,256,133,,,
2011-05-28,294,128,,,
2011-05-29,311,144,,,
2011-05-30,322,156,,,
2011-05-31,322,167,,,
2011-06-01,328,172,,,
2011-06-02,317,178,,,
2011-06-03,306,178,,,
2011-06-04,311,161,,,
2011-06-05,317,144,,,
2011-06-06,306,161,,,
2011-06-07,317,167,,,
2011-06-08,311,172,,,
2011-06-09,300,167,,,
2011-06-10,306,161,,,
2011-06-11,328,161,,,
2011-06-12,289,167,,,
2011-06-13,283,172,,,
2011-06-14,272,128,,,
2011-06-15,283,117,,,
2011-06-16,283,139,,,
2011-06-17,250,122,,,
2011-06-18,283,144,,,
2011-06-19,300,161,,,
2011-06-20,322,167,,,
2011-06-21,317,183,,,
2011-06-22,294,183,,,
2011-06-23,261,178,,,
2011-06-24,289,156,,,
2011-06-25,289,167,,,
2011-06-26,289,167,,,
2011-06-27,306,172,,,
2011-06-28,311,178,,,
2011-06-29,294,167,,,
2011-06-30,311,156,,,
2011-07-01,317,172,,,
2011-07-02,322,167,,,
2011-07-03,317,178,,,
2011-07-04,300,172,,,
2011-07-05,294,183,,,
2011-07-06,294,189,,,
2011-07-07,289,189,,,
2011-07-08,294,183,,,
2011-07-09,322,206,,,
2011-07-10,328,206,,,
2011-07-11,344,200,,,
2011-07-12,317,211,,,
2011-07-13,328,194,,,
2011-07-14,300,206,,,
2011-07-15,233,183,,,
2011-07-16,267,167,,,
2011-07-17,289,156,,,
2011-07-18,317,194,,,
2011-07-19,322,178,,,
2011-07-20,333,206,,,
2011-07-21,344,200,,,
2011-07-22,333,206,,,
2011-07-23,344,189,,,
2011-07-24,317,194,,,
2011-07-25,306,206,,,
2011-07-26,322,206,,,
2011-07-27,339,194,,,
2011-07-28,344,172,,,
2011-07-29,311,172,,,
2011-07-30,333,189,,,
2011-07-31,328,200,,,
2011-08-01,322,194,,,
2011-08-02,339,178,,,
2011-08-03,344,144,,,
2011-08-04,328,206,,,
2011-08-05,322,189,,,
2011-08-06,300,200,,,
2011-08-07,333,194,,,
2011-08-08,339,200,,,
2011-08-09,317,189,,,
2011-08-10,317,161,,,
2011-08-11,306,189,,,
2011-08-12,317,167,,,
2011-08-13,294,167,,,
2011-08-14,300,200,,,
2011-08-15,267,139,,,
2011-08-16,294,117,,,
2011-08-17,294,128,,,
2011-08-18,306,161,,,
2011-08-19,311,178,,,
2011-08-20,311,178,,,
2011-08-21,306,183,,,
2011-08-22,300,156,,,
2011-08-23,300,117,,,
2011-08-24,306,117,,,
2011-08-25,322,150,,,
2011-08-26,339,178,,,
2011-08-27,300,172,,,
2011-08-28,306,128,,,
2011-08-29,294,122,,,
2011-08-30,317,117,,,
2011-08-31,317,161,,,
2011-09-01,322,156,,,
2011-09-02,339,167,,,
2011-09-03,344,178,,,
2011-09-04,306,172,,,
2011-09-05,222,183,,,
2011-09-06,217,144,,,
2011-09-07,200,139,,,
2011-09-08,228,139,,,
2011-09-09,244,117,,,
2011-09-10,256,100,,,
2011-09-11,272,89,,,
2011-09-12,267,133,,,
2011-09-13,294,117,,,
2011-09-14,306,106,,,
2011-09-15,244,133,,,
2011-09-16,194,117,,,
2011-09-17,256,111,,,
2011-09-18,244,144,,,
2011-09-19,233,128,,,
2011-09-20,217,133,,,
2011-09-21,261,167,,,
2011-09-22,250,172,,,
2011-09-23,256,150,,,
2011-09-24,272,117,,,
2011-09-25,289,100,,,
2011-09-26,267,178,,,
2011-09-27,261,122,,,
2011-09-28,239,100,,,
2011-09-29,250,106,,,
2011-09-30,206,106,,,
2011-10-01,133,72,,,
2011-10-02,161,33,,,
2011-10-03,206,0,,,
2011-10-04,244,22,,,
2011-10-05,278,39,,,
2011-10-06,256,67,,,
2011-10-07,256,72,,,
2011-10-08,244,39,,,
2011-10-09,206,83,,,
2011-10-10,217,128,,,
2011-10-11,150,133,,,
2011-10-12,239,122,,,
2011-10-13,200,122,,,
2011-10-14,211,94,,,
2011-10-15,222,44,,,
2011-10-16,267,17,,,
2011-10-17,278,44,,,
2011-10-18,256,61,,,
2011-10-19,156,56,,,
2011-10-20,78,22,,,
2011-10-21,150,11,,,
2011-10-22,183,-22,,,
2011-10-23,200,6,,,
2011-10-24,211,61,,,
2011-10-25,250,22,,,
2011-10-26,239,22,,,
2011-10-27,217,39,,,
2011-10-28,128,78,,,
2011-10-29,106,-11,,,
2011-10-30,150,-33,,,
2011-10-31,144,-28,,,
2011-11-01,194,-33,,,
2011-11-02,194,-22,,,
2011-11-03,156,-22,,,
2011-11-04,172,22,,,
2011-11-05,172,-11,,,
2011-11-06,183,-17,,,
2011-11-07,217,0,,,
2011-11-08,217,11,,,
2011-11-09,167,22,,,
2011-11-10,122,28,,,
2011-11-11,117,-28,,,
2011-11-12,178,-61,,,
2011-11-13,161,-6,,,
2011-11-14,167,139,,,
2011-11-15,178,150,,,
2011-11-16,194,117,,,
2011-11-17,117,-11,,,
2011-11-18,122,-67,,,
2011-11-19,133,-33,,,
2011-11-20,206,106,,,
2011-11-21,200,122,,,
2011-11-22,206,122,,,
2011-11-23,139,17,,,
2011-11-24,194,-22,,,
2011-11-25,200,-39,,,
2011-11-26,178,-17,,,
2011-11-27,172,133,,,
2011-11-28,144,28,,,
2011-11-29,44,17,,,
2011-11-30,83,-33,,,
2011-12-01,161,-56,,,
2011-12-02,172,-61,,,
2011-12-03,156,-44,,,
2011-12-04,128,-22,,,
2011-12-05,167,117,,,
2011-12-06,161,139,,,
2011-12-07,144,6,,,
2011-12-08,106,-39,,,
2011-12-09,117,-39,,,
2011-12-10,100,-39,,,
2011-12-11,106,-67,,,
2011-12-12,122,6,,,
2011-12-13,189,39,,,
2011-12-14,206,11,,,
2011-12-15,189,33,,,
2011-12-16,133,56,,,
2011-12-17,106,-22,,,
2011-12-18,133,-44,,,
2011-12-19,167,-50,,,
2011-12-20,117,6,,,
2011-12-21,156,106,,,
2011-12-22,167,78,,,
2011-12-23,133,6,,,
2011-12-24,117,-11,,,
2011-12-25,72,-22,,,
2011-12-26,122,-50,,,
2011-12-27,78,28,,,
2011-12-28,100,-39,,,
2011-12-29,128,-67,,,
2011-12-30,128,-44,,,
2011-12-31,161,-6,,,
2012-01-01,172,50,,,
2012-01-02,44,-78,,,
2012-01-03,-17,-89,,,
2012-01-04,94,-117,,,
2012-01-05,150,-44,,,
2012-01-06,178,-50,,,
2012-01-07,133,6,,,
2012-01-08,128,67,,,
2012-01-09,150,89,,,
2012-01-10,128,78,,,
2012-01-11,144,72,,,
2012-01-12,117,-39,,,
2012-01-13,0,-56,,,
2012-01-14,72,-78,,,
2012-01-15,100,-39,,,
2012-01-16,83,-50,,,
2012-01-17,122,33,,,
2012-01-18,78,-28,,,
2012-01-19,83,-44,,,
2012-01-20,94,6,,,
2012-01-21,133,44,,,
2012-01-22,117,61,,,
2012-01-23,111,56,,,
2012-01-24,172,0,,,
2012-01-25,183,-28,,,
2012-01-26,156,111,,,
2012-01-27,144,-6,,,
2012-01-28,122,-28,,,
2012-01-29,94,-67,,,
2012-01-30,150,-56,,,
2012-01-31,183,-44,,,
2012-02-01,106,28,,,
2012-02-02,172,11,,,
2012-02-03,156,-22,,,
2012-02-04,89,50,,,
2012-02-05,167,28,,,
2012-02-06,139,17,,,
2012-02-07,144,-28,,,
2012-02-08,106,-6,,,
2012-02-09,106,-28,,,
2012-02-10,106,-39,,,
2012-02-11,44,-83,,,
2012-02-12,44,-94,,,
2012-02-13,111,-100,,,
2012-02-14,50,6,,,
2012-02-15,178,-6,,,
2012-02-16,133,33,,,
2012-02-17,172,-11,,,
2012-02-18,172,6,,,
2012-02-19,100,17,,,
2012-02-20,156,-22,,,
2012-02-21,122,-11,,,
2012-02-22,178,-6,,,
2012-02-23,233,78,,,
2012-02-24,206,28,,,
2012-02-25,94,-22,,,
2012-02-26,133,-61,,,
2012-02-27,172,-11,,,
2012-02-28,211,-17,,,
2012-02-29,211,117,,,
2012-03-01,233,56,,,
2012-03-02,189,44,,,
2012-03-03,139,67,,,
2012-03-04,61,6,,,
2012-03-05,83,-28,,,
2012-03-06,167,-61,,,
2012-03-07,150,17,,,
2012-03-08,194,111,,,
2012-03-09,144,17,,,
2012-03-10,194,-33,,,
2012-03-11,189,-28,,,
2012-03-12,150,106,,,
2012-03-13,250,89,,,
2012-03-14,256,44,,,
2012-03-15,250,61,,,
2012-03-16,250,100,,,
2012-03-17,233,111,,,
2012-03-18,256,122,,,
2012-03-19,283,89,,,
2012-03-20,278,106,,,
2012-03-21,250,111,,,
2012-03-22,244,150,,,
2012-03-23,206,133,,,
2012-03-24,206,100,,,
2012-03-25,178,94,,,
2012-03-26,250,94,,,
2012-03-27,233,56,,,
2012-03-28,233,61,,,
2012-03-29,256,117,,,
2012-03-30,239,83,,,
2012-03-31,244,106,,,
2012-04-01,267,72,,,
2012-04-02,289,106,,,
2012-04-03,272,133,,,
2012-04-04,244,128,,,
2012-04-05,239,111,,,
2012-07-31,256,189,,,
2012-08-01,328,172,,,
2012-08-02,328,161,,,
2012-08-03,306,183,,,
2012-08-04,278,200,,,
2012-08-05,317,200,,,
2012-08-06,306,194,,,
2012-08-07,289,206,,,
2012-08-08,328,183,,,
2012-08-09,300,172,,,
2012-08-10,289,178,,,
2012-08-11,283,144,,,
2012-08-12,300,117,,,
2012-08-13,306,144,,,
2012-08-14,300,133,,,
2012-08-15,289,144,,,
2012-08-16,300,133,,,
2012-08-17,278,150,,,
2012-08-18,294,150,,,
2012-08-19,250,172,,,
2012-08-20,278,128,,,
2012-08-21,272,117,,,
2012-08-22,294,128,,,
2012-08-23,311,161,,,
2012-08-24,311,161,,,
2012-08-25,306,161,,,
2012-08-26,317,161,,,
2012-08-27,322,161,,,
2012-08-28,267,167,,,
2012-08-29,311,194,,,
2012-08-30,267,194,,,
2012-08-31,328,194,,,
2012-09-01,317,183,,,
2012-09-02,300,194,,,
2012-09-03,289,189,,,
2012-09-04,261,200,,,
2012-09-05,294,194,,,
2012-09-06,311,172,,,
2012-09-07,328,156,,,
2012-09-08,289,161,,,
2012-09-09,256,100,,,
2012-09-10,261,78,,,
2012-09-11,267,100,,,
2012-09-12,272,128,,,
2012-09-13,256,122,,,
2012-09-14,267,111,,,
2012-09-15,294,122,,,
2012-09-16,278,156,,,
2012-09-17,256,156,,,
2012-09-18,217,150,,,
2012-09-19,261,89,,,
2012-09-20,250,111,,,
2012-09-21,272,117,,,
2012-09-22,278,111,,,
2012-09-23,239,44,,,
2012-09-24,244,11,,,
2012-09-25,267,50,,,
2012-09-26,283,111,,,
2012-09-27,272,111,,,
2012-09-28,267,128,,,
2012-09-29,244,122,,,
2012-09-30,239,122,,,
2012-10-01,183,156,,,
2012-10-02,244,167,,,
2012-10-03,256,128,,,
2012-10-04,250,100,,,
2012-10-05,267,78,,,
2012-10-06,250,106,,,
2012-10-07,183,83,,,
2012-10-08,122,89,,,
2012-10-09,189,56,,,
2012-10-10,167,61,,,
2012-10-11,228,33,,,
2012-10-12,233,72,,,
2012-10-13,217,78,,,
2012-10-14,206,83,,,
2012-10-15,206,72,,,
2012-10-16,217,39,,,
2012-10-17,222,28,,,
2012-10-18,217,106,,,
2012-10-19,200,22,,,
2012-10-20,189,39,,,
2012-10-21,233,17,,,
2012-10-22,267,28,,,
2012-10-23,267,50,,,
2012-10-24,283,44,,,
2012-10-25,250,39,,,
2012-10-26,267,106,,,
2012-10-27,228,94,,,
2012-10-28,117,50,,,
2012-10-29,72,22,,,
2012-10-30,61,22,,,
2012-10-31,139,39,,,
2012-11-01,133,-17,,,
2012-11-02,206,-11,,,
2012-11-03,239,-6,,,
2012-11-04,183,72,,,
2012-11-05,161,-11,,,
2012-11-06,94,44,,,
2012-11-07,106,39,,,
2012-11-08,156,-22,,,
2012-11-09,200,-39,,,
2012-11-10,239,-22,,,
2012-11-11,183,-17,,,
2012-11-12,161,78,,,
2012-11-13,144,-11,,,
2012-11-14,133,-39,,,
2012-11-15,178,22,,,
2012-11-16,178,0,,,
2012-11-17,189,-33,,,
2012-11-18,172,-39,,,
2012-11-19,178,-17,,,
2012-11-20,183,33,,,
2012-11-21,200,0,,,
2012-11-22,206,-17,,,
2012-11-23,172,-17,,,
2012-11-24,83,-44,,,
2012-11-25,156,-72,,,
2012-11-26,211,-50,,,
2012-11-27,106,50,,,
2012-11-28,133,-28,,,
2012-11-29,167,-56,,,
2012-11-30,156,-50,,,
2012-12-01,178,-22,,,
2012-12-02,211,17,,,
2012-12-03,222,6,,,
2012-12-04,194,22,,,
2012-12-05,167,100,,,
2012-12-06,133,83,,,
2012-12-07,183,78,,,
2012-12-08,178,94,,,
2012-12-09,194,94,,,
2012-12-10,144,94,,,
2012-12-11,83,17,,,
2012-12-12,67,0,,,
2012-12-13,133,-17,,,
2012-12-14,156,-44,,,
2012-12-15,150,0,,,
2012-12-16,111,67,,,
2012-12-17,122,72,,,
2012-12-18,122,-17,,,
2012-12-19,167,-39,,,
2012-12-20,106,6,,,
2012-12-21,33,-11,,,
2012-12-22,117,-44,,,
2012-12-23,122,-72,,,
2012-12-24,83,33,,,
2012-12-25,94,56,,,
2012-12-26,106,0,,,
2012-12-27,78,-22,,,
2012-12-28,94,-33,,,
2012-12-29,67,-11,,,
2012-12-30,100,-39,,,
2012-12-31,111,-56,,,
2013-01-01,67,28,,,
2013-01-02,72,33,,,
2013-01-03,78,-39,,,
2013-01-04,89,-67,,,
2013-01-05,106,-72,,,
2013-01-06,111,28,,,
2013-01-07,144,-44,,,
2013-01-08,144,-56,,,
2013-01-09,117,50,,,
2013-01-10,183,67,,,
2013-01-11,161,128,,,
2013-01-12,217,133,,,
2013-01-13,183,150,,,
2013-01-14,167,100,,,
2013-01-15,150,100,,,
2013-01-16,167,111,,,
2013-01-17,111,22,,,
2013-01-18,122,-28,,,
2013-01-19,139,-50,,,
2013-01-20,150,-39,,,
2013-01-21,106,-44,,,
2013-01-22,44,-50,,,
2013-01-23,100,-28,,,
2013-01-24,67,-39,,,
2013-01-25,6,-50,,,
2013-01-26,122,-28,,,
2013-01-27,100,-56,,,
2013-01-28,161,33,,,
2013-01-29,167,44,,,
2013-01-30,167,50,,,
2013-01-31,56,-11,,,
2013-02-01,39,-67,,,
2013-02-02,11,-83,,,
2013-02-03,72,-6,,,
2013-02-04,106,-44,,,
2013-02-05,144,-6,,,
2013-02-06,167,-33,,,
2013-02-07,67,-6,,,
2013-02-08,106,17,,,
2013-02-09,183,-50,,,
2013-02-10,117,11,,,
2013-02-11,133,33,,,
2013-02-12,122,6,,,
2013-02-13,111,6,,,
2013-02-14,117,-39,,,
2013-02-15,144,-44,,,
2013-02-16,28,-50,,,
2013-02-17,33,-67,,,
2013-02-18,133,-89,,,
2013-02-19,122,0,,,
2013-02-20,94,-33,,,
2013-02-21,183,-56,,,
2013-02-22,72,28,,,
2013-02-23,139,56,,,
2013-02-24,150,-17,,,
2013-02-25,133,-22,,,
2013-02-26,94,44,,,
2013-02-27,122,22,,,
2013-02-28,44,0,,,
2013-03-01,56,-6,,,
2013-03-02,33,-33,,,
2013-03-03,28,-50,,,
2013-03-04,128,-72,,,
2013-03-05,106,6,,,
2013-03-06,22,-33,,,
2013-03-07,133,-56,,,
2013-03-08,172,-56,,,
2013-03-09,200,-39,,,
2013-03-10,200,6,,,
2013-03-11,122,94,,,
2013-03-12,150,17,,,
2013-03-13,78,-22,,,
2013-03-14,100,-39,,,
2013-03-15,211,-28,,,
2013-03-16,239,89,,,
2013-03-17,222,72,,,
2013-03-18,122,67,,,
2013-03-19,144,50,,,
2013-03-20,128,-11,,,
2013-03-21,39,-50,,,
2013-03-22,78,-61,,,
2013-03-23,144,33,,,
2013-03-24,133,33,,,
2013-03-25,28,-17,,,
2013-03-26,33,-22,,,
2013-03-27,94,-17,,,
2013-03-28,122,-50,,,
2013-03-29,100,-50,,,
2013-03-30,183,39,,,
2013-03-31,178,94,,,
2013-04-01,172,44,,,
2013-04-02,150,28,,,
2013-04-03,172,28,,,
2013-04-04,94,33,,,
2013-04-05,172,33,,,
2013-04-06,217,-11,,,
2013-04-07,206,22,,,
2013-04-08,244,72,,,
2013-04-09,283,78,,,
2013-04-10,294,83,,,
2013-04-11,250,150,,,
2013-04-12,217,100,,,
2013-04-13,222,44,,,
2013-04-14,189,22,,,
2013-04-15,250,106,,,
2013-04-16,272,117,,,
2013-04-17,267,144,,,
2013-04-18,244,150,,,
2013-04-19,183,56,,,
2013-04-20,161,22,,,
2013-04-21,194,-6,,,
2013-04-22,211,17,,,
2013-04-23,233,11,,,
2013-04-24,222,72,,,
2013-04-25,200,44,,,
2013-04-26,222,-6,,,
2013-04-27,128,89,,,
2013-04-28,122,100,,,
2013-04-29,250,106,,,
2013-04-30,261,67,,,
2013-05-01,239,106,,,
2013-05-02,194,122,,,
2013-05-03,183,122,,,
2013-05-04,133,106,,,
2013-05-05,139,100,,,
2013-05-06,172,50,,,
2013-05-07,211,50,,,
2013-05-08,206,78,,,
2013-05-09,267,106,,,
2013-05-10,250,89,,,
2013-05-11,239,128,,,
2013-05-12,172,50,,,
2013-05-13,172,22,,,
2013-05-14,256,6,,,
2013-05-15,294,89,,,
2013-05-16,272,94,,,
2013-05-17,272,111,,,
2013-05-18,211,144,,,
2013-05-19,239,139,,,
2013-05-20,294,133,,,
2013-05-21,294,156,,,
2013-05-22,283,150,,,
2013-05-23,267,156,,,
2013-05-24,211,67,,,
2013-05-25,256,33,,,
2013-05-26,244,72,,,
2013-05-27,283,72,,,
2013-05-28,289,128,,,
2013-05-29,294,133,,,
2013-05-30,283,133,,,
2013-05-31,289,156,,,
2013-06-01,278,167,,,
2013-06-02,233,183,,,
2013-06-03,267,144,,,
2013-06-04,294,133,,,
2013-06-05,294,150,,,
2013-06-06,267,167,,,
2013-06-07,283,172,,,
2013-06-08,272,156,,,
2013-06-09,289,144,,,
2013-06-10,261,172,,,
2013-06-11,289,167,,,
2013-06-12,317,156,,,
2013-06-13,311,172,,,
2013-06-14,272,122,,,
2013-06-15,289,111,,,
2013-06-16,289,128,,,
2013-06-17,283,189,,,
2013-06-18,244,178,,,
2013-06-19,283,156,,,
2013-06-20,289,144,,,
2013-06-21,272,172,,,
2013-06-22,294,156,,,
2013-06-23,300,144,,,
2013-06-24,306,183,,,
2013-06-25,283,167,,,
2013-06-26,311,178,,,
2013-06-27,306,189,,,
2013-06-28,317,172,,,
2013-06-29,289,150,,,
2013-06-30,283,133,,,
2013-07-01,294,172,,,
2013-07-02,289,178,,,
2013-07-03,239,167,,,
2013-07-04,233,167,,,
2013-07-05,272,189,,,
2013-07-06,261,189,,,
2013-07-07,272,194,,,
2013-07-08,306,189,,,
2013-07-09,311,200,,,
2013-07-10,311,194,,,
2013-07-11,283,194,,,
2013-07-12,300,178,,,
2013-07-13,261,178,,,
2013-07-14,267,189,,,
2013-07-15,300,172,,,
2013-07-16,322,178,,,
2013-07-17,322,189,,,
2013-07-18,317,178,,,
2013-07-19,311,189,,,
2013-07-20,289,183,,,
2013-07-21,311,200,,,
2013-07-22,294,183,,,
2013-07-23,289,172,,,
2013-07-24,306,178,,,
2013-07-25,306,161,,,
2013-07-26,294,156,,,
2013-07-27,267,183,,,
2013-07-28,294,167,,,
2013-07-29,283,139,,,
2013-07-30,311,117,,,
2013-07-31,261,189,,,
2013-08-01,294,167,,,
2013-08-02,306,156,,,
2013-08-03,283,172,,,
2013-08-04,289,156,,,
2013-08-05,311,144,,,
2013-08-06,300,178,,,
2013-08-07,267,200,,,
2013-08-08,272,194,,,
2013-08-09,306,194,,,
2013-08-10,272,206,,,
2013-08-11,283,200,,,
2013-08-12,294,194,,,
2013-08-13,289,178,,,
2013-08-14,267,172,,,
2013-08-15,244,139,,,
2013-08-16,244,133,,,
2013-08-17,222,144,,,
2013-08-18,250,167,,,
2013-08-19,250,172,,,
2013-08-20,278,178,,,
2013-08-21,250,189,,,
2013-08-22,283,183,,,
2013-08-23,300,178,,,
2013-08-24,294,156,,,
2013-08-25,283,128,,,
2013-08-26,289,139,,,
2013-08-27,294,144,,,
2013-08-28,311,161,,,
2013-08-29,306,172,,,
2013-08-30,311,178,,,
2013-08-31,294,189,,,
2013-09-01,311,183,,,
2013-09-02,283,178,,,
2013-09-03,289,161,,,
2013-09-04,289,161,,,
2013-09-05,300,161,,,
2013-09-06,300,150,,,
2013-09-07,294,156,,,
2013-09-08,289,156,,,
2013-09-09,317,161,,,
2013-09-10,317,167,,,
2013-09-11,300,161,,,
2013-09-12,261,178,,,
2013-09-13,256,106,,,
2013-09-14,256,83,,,
2013-09-15,261,94,,,
2013-09-16,278,128,,,
2013-09-17,222,150,,,
2013-09-18,211,144,,,
2013-09-19,272,139,,,
2013-09-20,289,150,,,
2013-09-21,200,133,,,
2013-09-22,244,111,,,
2013-09-23,256,117,,,
2013-09-24,244,106,,,
2013-09-25,183,150,,,
2013-09-26,250,128,,,
2013-09-27,256,122,,,
2013-09-28,244,106,,,
2013-09-29,239,111,,,
2013-09-30,244,111,,,
2013-10-01,250,106,,,
2013-10-02,261,128,,,
2013-10-03,272,133,,,
2013-10-04,283,128,,,
2013-10-05,294,139,,,
2013-10-06,261,128,,,
2013-10-07,228,89,,,
2013-10-08,250,83,,,
2013-10-09,244,89,,,
2013-10-10,233,94,,,
2013-10-11,244,78,,,
2013-10-12,244,78,,,
2013-10-13,233,100,,,
2013-10-14,217,122,,,
2013-10-15,233,122,,,
2013-10-16,206,111,,,
2013-10-17,194,111,,,
2013-10-18,222,94,,,
2013-10-19,172,94,,,
2013-10-20,206,17,,,
2013-10-21,206,22,,,
2013-10-22,217,67,,,
2013-10-23,117,0,,,
2013-10-24,128,-17,,,
2013-10-25,111,-33,,,
2013-10-26,161,-61,,,
2013-10-27,178,72,,,
2013-10-28,178,83,,,
2013-10-29,194,78,,,
2013-10-30,239,94,,,
2013-10-31,189,106,,,
2013-11-01,244,61,,,
2013-11-02,172,22,,,
2013-11-03,167,0,,,
2013-11-04,161,-17,,,
2013-11-05,211,0,,,
2013-11-06,206,61,,,
2013-11-07,183,44,,,
2013-11-08,144,-17,,,
2013-11-09,128,-44,,,
2013-11-10,189,-6,,,
2013-11-11,194,-33,,,
2013-11-12,111,-56,,,
2013-11-13,111,-100,,,
2013-11-14,167,-89,,,
2013-11-15,61,-39,,,
2013-11-16,178,67,,,
2013-11-17,156,139,,,
2013-11-18,172,72,,,
2013-11-19,150,-6,,,
2013-11-20,139,-28,,,
2013-11-21,122,56,,,
2013-11-22,194,111,,,
2013-11-23,133,6,,,
2013-11-24,78,-44,,,
2013-11-25,67,-50,,,
2013-11-26,72,17,,,
2013-11-27,56,-56,,,
2013-11-28,94,-100,,,
2013-11-29,139,-72,,,
2013-11-30,128,-61,,,
2013-12-01,139,-33,,,
2013-12-02,111,11,,,
2013-12-03,128,67,,,
2013-12-04,194,83,,,
2013-12-05,211,106,,,
2013-12-06,206,128,,,
2013-12-07,122,67,,,
2013-12-08,78,50,,,
2013-12-09,128,78,,,
2013-12-10,94,-44,,,
2013-12-11,100,-72,,,
2013-12-12,72,-50,,,
2013-12-13,94,-83,,,
2013-12-14,89,28,,,
2013-12-15,78,-44,,,
2013-12-16,122,-61,,,
2013-12-17,156,-50,,,
2013-12-18,122,-33,,,
2013-12-19,156,-67,,,
2013-12-20,183,-17,,,
2013-12-21,172,111,,,
2013-12-22,189,117,,,
2013-12-23,122,22,,,
2013-12-24,17,-72,,,
2013-12-25,78,-94,,,
2013-12-26,100,-72,,,
2013-12-27,117,-72,,,
2013-12-28,22,-61,,,
2013-12-29,122,22,,,
2013-12-30,89,22,,,
2013-12-31,61,-39,,,
2014-01-01,83,-56,,,
2014-01-02,61,-72,,,
2014-01-03,17,-106,,,
2014-01-04,67,-106,,,
2014-01-05,117,28,,,
2014-01-06,67,-167,,,
2014-01-07,-33,-183,,,
2014-01-08,94,-139,,,
2014-01-09,122,-78,,,
2014-01-10,117,28,,,
2014-01-11,156,22,,,
2014-01-12,139,-22,,,
2014-01-13,117,-33,,,
2014-01-14,117,-22,,,
2014-01-15,44,-39,,,
2014-01-16,72,-89,,,
2014-01-17,94,-67,,,
2014-01-18,39,-83,,,
2014-01-19,94,-44,,,
2014-01-20,172,-78,,,
2014-01-21,72,-94,,,
2014-01-22,0,-122,,,
2014-01-23,-6,-117,,,
2014-01-24,0,-161,,,
2014-01-25,17,-156,,,
2014-01-26,122,-72,,,
2014-01-27,117,-39,,,
2014-01-28,-33,-72,,,
2014-01-29,6,-133,,,
2014-01-30,67,-178,,,
2014-01-31,150,-117,,,
2014-02-01,172,-72,,,
2014-02-02,133,-39,,,
2014-02-03,156,17,,,
2014-02-04,94,0,,,
2014-02-05,133,-17,,,
2014-02-06,44,-39,,,
2014-02-07,100,-33,,,
2014-02-08,94,-17,,,
2014-02-09,117,-22,,,
2014-02-10,39,-22,,,
2014-02-11,33,0,,,
2014-02-12,0,-28,,,
2014-02-13,56,-39,,,
2014-02-14,139,-72,,,
2014-02-15,56,-11,,,
2014-02-16,139,-33,,,
2014-02-17,128,-39,,,
2014-02-18,194,0,,,
2014-02-19,206,78,,,
2014-02-20,206,72,,,
2014-02-21,167,-11,,,
2014-02-22,194,-11,,,
2014-02-23,211,-17,,,
2014-02-24,150,-6,,,
2014-02-25,144,-22,,,
2014-02-26,72,-50,,,
2014-02-27,94,-89,,,
2014-02-28,111,-100,,,
2014-03-01,156,11,,,
2014-03-02,194,61,,,
2014-03-03,144,17,,,
2014-03-04,89,0,,,
2014-03-05,172,-17,,,
2014-03-06,94,-17,,,
2014-03-07,156,17,,,
2014-03-08,206,0,,,
2014-03-09,183,17,,,
2014-03-10,222,-22,,,
2014-03-11,256,-11,,,
2014-03-12,194,-6,,,
2014-03-13,67,-39,,,
2014-03-14,178,-67,,,
2014-03-15,189,39,,,
2014-03-16,106,50,,,
2014-03-17,100,28,,,
2014-03-18,150,28,,,
2014-03-19,172,61,,,
2014-03-20,161,6,,,
2014-03-21,194,-39,,,
2014-03-22,211,11,,,
2014-03-23,128,33,,,
2014-03-24,150,-44,,,
2014-03-25,61,-28,,,
2014-03-26,89,-50,,,
2014-03-27,156,-56,,,
2014-03-28,133,89,,,
2014-03-29,161,39,,,
2014-03-30,133,22,,,
2014-03-31,250,-28,,,
2014-04-01,267,33,,,
2014-04-02,278,22,,,
2014-04-03,289,106,,,
2014-04-04,217,89,,,
2014-04-05,200,67,,,
2014-04-06,178,33,,,
2014-04-07,128,72,,,
2014-04-08,122,22,,,
2014-04-09,161,22,,,
2014-04-10,228,-11,,,
2014-04-11,250,22,,,
2014-04-12,272,72,,,
2014-04-13,261,72,,,
2014-04-14,178,144,,,
2014-04-15,144,0,,,
2014-04-16,178,-33,,,
2014-04-17,194,-22,,,
2014-04-18,139,44,,,
2014-04-19,161,72,,,
2014-04-20,244,56,,,
2014-04-21,267,22,,,
2014-04-22,183,72,,,
2014-04-23,233,67,,,
2014-04-24,239,11,,,
2014-04-25,228,94,,,
2014-04-26,278,44,,,
2014-04-27,294,56,,,
2014-04-28,272,139,,,
2014-04-29,239,167,,,
2014-04-30,217,150,,,
2014-05-01,211,100,,,
2014-05-02,217,56,,,
2014-05-03,233,33,,,
2014-05-04,278,50,,,
2014-05-05,306,78,,,
2014-05-06,306,89,,,
2014-05-07,300,78,,,
2014-05-08,294,72,,,
2014-05-09,233,122,,,
2014-05-10,222,128,,,
2014-05-11,300,122,,,
2014-05-12,283,122,,,
2014-05-13,289,139,,,
2014-05-14,261,128,,,
2014-05-15,222,78,,,
2014-05-16,156,28,,,
2014-05-17,161,17,,,
2014-05-18,161,78,,,
2014-05-19,239,78,,,
2014-05-20,267,67,,,
2014-05-21,283,89,,,
2014-05-22,294,139,,,
2014-05-23,289,133,,,
2014-05-24,278,122,,,
2014-05-25,244,100,,,
2014-05-26,278,139,,,
2014-05-27,300,150,,,
2014-05-28,306,144,,,
2014-05-29,272,150,,,
2014-05-30,278,172,,,
2014-05-31,294,167,,,
2014-06-01,256,161,,,
2014-06-02,272,122,,,
2014-06-03,289,117,,,
2014-06-04,317,144,,,
2014-06-05,261,183,,,
2014-06-06,294,172,,,
2014-06-07,306,156,,,
2014-06-08,283,156,,,
2014-06-09,283,139,,,
2014-06-10,306,156,,,
2014-06-11,267,161,,,
2014-06-12,256,167,,,
2014-06-13,261,161,,,
2014-06-14,300,161,,,
2014-06-15,306,150,,,
2014-06-16,289,189,,,
2014-06-17,306,183,,,
2014-06-18,294,167,,,
2014-06-19,317,172,,,
2014-06-20,322,167,,,
2014-06-21,306,178,,,
2014-06-22,311,172,,,
2014-06-23,300,161,,,
2014-06-24,272,183,,,
2014-06-25,283,189,,,
2014-06-26,300,172,,,
2014-06-27,289,194,,,
2014-06-28,283,189,,,
2014-06-29,311,183,,,
2014-06-30,283,172,,,
2014-07-01,322,189,,,
2014-07-02,328,189,,,
2014-07-03,300,178,,,
2014-07-04,283,122,,,
2014-07-05,294,111,,,
2014-07-06,294,117,,,
2014-07-07,306,133,,,
2014-07-08,294,139,,,
2014-07-09,272,183,,,
2014-07-10,294,183,,,
2014-07-11,311,178,,,
2014-07-12,306,172,,,
2014-07-13,317,183,,,
2014-07-14,322,178,,,
2014-07-15,289,161,,,
2014-07-16,272,128,,,
2014-07-17,283,122,,,
2014-07-18,206,167,,,
2014-07-19,217,172,,,
2014-07-20,283,178,,,
2014-07-21,294,183,,,
2014-07-22,300,194,,,
2014-07-23,294,183,,,
2014-07-24,289,194,,,
2014-07-25,306,167,,,
2014-07-26,317,156,,,
2014-07-27,328,183,,,
2014-07-28,272,156,,,
2014-07-29,256,122,,,
2014-07-30,261,89,,,
2014-07-31,233,139,,,
2014-08-01,278,172,,,
2014-08-02,244,172,,,
2014-08-03,294,172,,,
2014-08-04,294,172,,,
2014-08-05,300,144,,,
2014-08-06,289,128,,,
2014-08-07,311,172,,,
2014-08-08,256,178,,,
2014-08-09,306,183,,,
2014-08-10,278,194,,,
2014-08-11,306,189,,,
2014-08-12,294,178,,,
2014-08-13,267,133,,,
2014-08-14,294,133,,,
2014-08-15,294,144,,,
2014-08-16,283,122,,,
2014-08-17,294,167,,,
2014-08-18,294,183,,,
2014-08-19,294,178,,,
2014-08-20,317,167,,,
2014-08-21,311,178,,,
2014-08-22,317,183,,,
2014-08-23,317,178,,,
2014-08-24,306,178,,,
2014-08-25,289,172,,,
2014-08-26,300,128,,,
2014-08-27,306,150,,,
2014-08-28,328,144,,,
2014-08-29,322,161,,,
2014-08-30,300,156,,,
2014-08-31,311,189,,,
2014-09-01,322,183,,,
2014-09-02,328,189,,,
2014-09-03,317,189,,,
2014-09-04,289,200,,,
2014-09-05,306,194,,,
2014-09-06,306,194,,,
2014-09-07,306,194,,,
2014-09-08,294,178,,,
2014-09-09,300,178,,,
2014-09-10,272,178,,,
2014-09-11,272,183,,,
2014-09-12,300,194,,,
2014-09-13,289,189,,,
2014-09-14,267,172,,,
2014-09-15,272,167,,,
2014-09-16,272,167,,,
2014-09-17,283,156,,,
2014-09-18,272,139,,,
2014-09-19,278,156,,,
2014-09-20,283,144,,,
2014-09-21,272,133,,,
2014-09-22,244,94,,,
2014-09-23,244,78,,,
2014-09-24,261,100,,,
2014-09-25,283,139,,,
2014-09-26,283,144,,,
2014-09-27,272,139,,,
2014-09-28,244,117,,,
2014-09-29,211,161,,,
2014-09-30,272,128,,,
2014-10-01,261,122,,,
2014-10-02,283,117,,,
2014-10-03,250,144,,,
2014-10-04,139,17,,,
2014-10-05,194,-6,,,
2014-10-06,206,33,,,
2014-10-07,206,117,,,
2014-10-08,272,111,,,
2014-10-09,256,94,,,
2014-10-10,278,144,,,
2014-10-11,256,139,,,
2014-10-12,233,139,,,
2014-10-13,217,161,,,
2014-10-14,194,94,,,
2014-10-15,161,89,,,
2014-10-16,150,56,,,
2014-10-17,244,61,,,
2014-10-18,200,89,,,
2014-10-19,239,33,,,
2014-10-20,211,33,,,
2014-10-21,189,67,,,
2014-10-22,183,11,,,
2014-10-23,222,0,,,
2014-10-24,211,22,,,
2014-10-25,233,-6,,,
2014-10-26,256,61,,,
2014-10-27,289,33,,,
2014-10-28,261,67,,,
2014-10-29,200,39,,,
2014-10-30,183,0,,,
2014-10-31,139,-6,,,
2014-11-01,56,6,,,
2014-11-02,133,-33,,,
2014-11-03,206,-56,,,
2014-11-04,233,-6,,,
2014-11-05,167,44,,,
2014-11-06,194,67,,,
2014-11-07,156,0,,,
2014-11-08,172,-22,,,
2014-11-09,200,-22,,,
2014-11-10,217,-22,,,
2014-11-11,244,-22,,,
2014-11-12,228,44,,,
2014-11-13,78,-6,,,
2014-11-14,56,-61,,,
2014-11-15,94,-89,,,
2014-11-16,122,17,,,
2014-11-17,128,-50,,,
2014-11-18,-11,-106,,,
2014-11-19,72,-128,,,
2014-11-20,133,-39,,,
2014-11-21,144,-56,,,
2014-11-22,150,-61,,,
2014-11-23,133,50,,,
2014-11-24,222,72,,,
2014-11-25,156,50,,,
2014-11-26,133,22,,,
2014-11-27,33,-17,,,
2014-11-28,94,-67,,,
2014-11-29,133,-61,,,
2014-11-30,194,28,,,
2014-12-01,206,11,,,
2014-12-02,200,67,,,
2014-12-03,194,94,,,
2014-12-04,183,67,,,
2014-12-05,144,94,,,
2014-12-06,139,78,,,
2014-12-07,156,-6,,,
2014-12-08,78,-17,,,
2014-12-09,61,-11,,,
2014-12-10,67,-33,,,
2014-12-11,100,-72,,,
2014-12-12,139,-83,,,
2014-12-13,167,-72,,,
2014-12-14,183,-67,,,
2014-12-15,194,-67,,,
2014-12-16,150,61,,,
2014-12-17,128,-22,,,
2014-12-18,122,-22,,,
2014-12-19,122,-22,,,
2014-12-20,78,33,,,
2014-12-21,111,50,,,
2014-12-22,117,56,,,
2014-12-23,122,72,,,
2014-12-24,144,61,,,
2014-12-25,111,-22,,,
2014-12-26,161,-50,,,
2014-12-27,144,-11,,,
2014-12-28,156,72,,,
2014-12-29,150,89,,,
2014-12-30,122,17,,,
2014-12-31,94,-33,,,
2015-01-01,106,-61,,,
2015-01-02,83,44,,,
2015-01-03,128,72,,,
2015-01-04,189,44,,,
2015-01-05,78,-39,,,
2015-01-06,106,-61,,,
2015-01-07,0,-133,,,
2015-01-08,17,-167,,,
2015-01-09,28,-94,,,
2015-01-10,83,-122,,,
2015-01-11,83,-94,,,
2015-01-12,100,56,,,
2015-01-13,83,39,,,
2015-01-14,106,-22,,,
2015-01-15,39,-28,,,
2015-01-16,122,-39,,,
2015-01-17,133,-61,,,
2015-01-18,117,-17,,,
2015-01-19,183,-44,,,
2015-01-20,194,-22,,,
2015-01-21,144,-22,,,
2015-01-22,111,-44,,,
2015-01-23,61,22,,,
2015-01-24,67,-22,,,
2015-01-25,144,-50,,,
2015-01-26,39,-22,,,
2015-01-27,44,-17,,,
2015-01-28,100,-67,,,
2015-01-29,133,-56,,,
2015-01-30,56,-33,,,
2015-01-31,106,-83,,,
2015-02-01,100,0,,,
2015-02-02,100,-56,,,
2015-02-03,89,-94,,,
2015-02-04,122,-72,,,
2015-02-05,67,-67,,,
2015-02-06,122,-111,,,
2015-02-07,183,-72,,,
2015-02-08,172,-44,,,
2015-02-09,139,67,,,
2015-02-10,139,-22,,,
2015-02-11,167,-22,,,
2015-02-12,61,-67,,,
2015-02-13,56,-72,,,
2015-02-14,117,-56,,,
2015-02-15,44,-111,,,
2015-02-16,11,-22,,,
2015-02-17,44,-61,,,
2015-02-18,-17,-117,,,
2015-02-19,-72,-161,,,
2015-02-20,33,-172,,,
2015-02-21,50,-50,,,
2015-02-22,117,33,,,
2015-02-23,111,-6,,,
2015-02-24,22,-22,,,
2015-02-25,39,-61,,,
2015-02-26,67,-28,,,
2015-02-27,72,-72,,,
2015-02-28,117,-56,,,
2015-03-01,144,11,,,
2015-03-02,183,61,,,
2015-03-03,133,78,,,
2015-03-04,217,117,,,
2015-03-05,189,-22,,,
2015-03-06,94,-67,,,
2015-03-07,167,-72,,,
2015-03-08,217,-44,,,
2015-03-09,167,61,,,
2015-03-10,156,83,,,
2015-03-11,172,111,,,
2015-03-12,200,100,,,
2015-03-13,122,72,,,
2015-03-14,183,89,,,
2015-03-15,244,33,,,
2015-03-16,267,-17,,,
2015-03-17,239,22,,,
2015-03-18,206,67,,,
2015-03-19,117,56,,,
2015-03-20,144,61,,,
2015-03-21,239,28,,,
2015-03-22,189,89,,,
2015-03-23,222,78,,,
2015-03-24,233,44,,,
2015-03-25,228,94,,,
2015-03-26,228,106,,,
2015-03-27,100,6,,,
2015-03-28,72,-22,,,
2015-03-29,161,-78,,,
2015-03-30,183,39,,,
2015-03-31,239,-6,,,
2015-04-01,250,50,,,
2015-04-02,178,78,,,
2015-04-03,261,122,,,
2015-04-04,167,6,,,
2015-04-05,183,-33,,,
2015-04-06,133,72,,,
2015-04-07,228,122,,,
2015-04-08,289,122,,,
2015-04-09,278,117,,,
2015-04-10,233,133,,,
2015-04-11,244,78,,,
2015-04-12,228,39,,,
2015-04-13,206,94,,,
2015-04-14,244,150,,,
2015-04-15,178,122,,,
2015-04-16,211,117,,,
2015-04-17,222,122,,,
2015-04-18,244,150,,,
2015-04-19,189,144,,,
2015-04-20,233,106,,,
2015-04-21,194,44,,,
2015-04-22,228,17,,,
2015-04-23,200,67,,,
2015-04-24,233,11,,,
2015-04-25,228,106,,,
2015-04-26,206,106,,,
2015-04-27,200,44,,,
2015-04-28,228,17,,,
2015-04-29,167,72,,,
2015-04-30,194,67,,,
2015-05-01,194,39,,,
2015-05-02,244,17,,,
2015-05-03,261,39,,,
2015-05-04,261,61,,,
2015-05-05,272,83,,,
2015-05-06,294,78,,,
2015-05-07,283,83,,,
2015-05-08,294,133,,,
2015-05-09,294,150,,,
2015-05-10,311,133,,,
2015-05-11,311,156,,,
2015-05-12,278,150,,,
2015-05-13,289,111,,,
2015-05-14,272,72,,,
2015-05-15,272,161,,,
2015-05-16,283,161,,,
2015-05-17,261,156,,,
2015-05-18,283,156,,,
2015-05-19,283,150,,,
2015-05-20,306,117,,,
2015-05-21,239,117,,,
2015-05-22,256,72,,,
2015-05-23,272,67,,,
2015-05-24,272,78,,,
2015-05-25,267,122,,,
2015-05-26,267,161,,,
2015-05-27,278,156,,,
2015-05-28,272,156,,,
2015-05-29,283,156,,,
2015-05-30,289,133,,,
2015-05-31,272,144,,,
2015-06-01,283,161,,,
2015-06-02,261,139,,,
2015-06-03,256,133,,,
2015-06-04,267,133,,,
2015-06-05,283,156,,,
2015-06-06,289,144,,,
2015-06-07,289,150,,,
2015-06-08,306,172,,,
2015-06-09,289,156,,,
2015-06-10,311,0,,,
2015-06-11,306,172,,,
2015-06-12,300,183,,,
2015-06-13,306,172,,,
2015-06-14,322,161,,,
2015-06-15,333,150,,,
2015-06-16,333,161,,,
2015-06-17,350,172,,,
2015-06-18,350,183,,,
2015-06-19,328,189,,,
2015-06-20,306,183,,,
2015-06-21,344,161,,,
2015-06-22,339,156,,,
2015-06-23,333,183,,,
2015-06-24,344,194,,,
2015-06-25,333,183,,,
2015-06-26,350,172,,,
2015-06-27,283,172,,,
2015-06-28,272,122,,,
2015-06-29,289,94,,,
2015-06-30,294,161,,,
2015-07-01,272,156,,,
2015-07-02,250,172,,,
2015-07-03,250,183,,,
2015-07-04,261,178,,,
2015-07-05,239,178,,,
2015-07-06,283,172,,,
2015-07-07,317,172,,,
2015-07-08,322,167,,,
2015-07-09,333,167,,,
2015-07-10,339,150,,,
2015-07-11,311,167,,,
2015-07-12,294,167,,,
2015-07-13,333,189,,,
2015-07-14,306,178,,,
2015-07-15,294,172,,,
2015-07-16,317,161,,,
2015-07-17,328,172,,,
2015-07-18,317,183,,,
2015-07-19,328,194,,,
2015-07-20,322,183,,,
2015-07-21,322,194,,,
2015-07-22,317,178,,,
2015-07-23,278,194,,,
2015-07-24,322,194,,,
2015-07-25,317,200,,,
2015-07-26,333,194,,,
2015-07-27,322,194,,,
2015-07-28,333,194,,,
2015-07-29,339,200,,,
2015-07-30,333,194,,,
2015-07-31,311,172,,,
2015-08-01,311,150,,,
2015-08-02,333,122,,,
2015-08-03,328,144,,,
2015-08-04,344,139,,,
2015-08-05,361,167,,,
2015-08-06,289,183,,,
2015-08-07,278,172,,,
2015-08-08,322,167,,,
2015-08-09,322,178,,,
2015-08-10,322,172,,,
2015-08-11,317,178,,,
2015-08-12,300,156,,,
2015-08-13,311,133,,,
2015-08-14,300,172,,,
2015-08-15,278,167,,,
2015-08-16,300,156,,,
2015-08-17,294,172,,,
2015-08-18,283,189,,,
2015-08-19,300,194,,,
2015-08-20,294,183,,,
2015-08-21,289,183,,,
2015-08-22,311,172,,,
2015-08-23,278,183,,,
2015-08-24,311,156,,,
2015-08-25,289,133,,,
2015-08-26,294,111,,,
2015-08-27,294,144,,,
2015-08-28,300,150,,,
2015-08-29,283,150,,,
2015-08-30,233,167,,,
2015-08-31,311,156,,,
2015-09-01,306,161,,,
2015-09-02,328,172,,,
2015-09-03,322,172,,,
2015-09-04,333,156,,,
2015-09-05,306,156,,,
2015-09-06,300,167,,,
2015-09-07,278,161,,,
2015-09-08,289,167,,,
2015-09-09,256,189,,,
2015-09-10,267,178,,,
2015-09-11,294,167,,,
2015-09-12,239,122,,,
2015-09-13,206,61,,,
2015-09-14,256,39,,,
2015-09-15,272,72,,,
2015-09-16,244,67,,,
2015-09-17,289,94,,,
2015-09-18,306,106,,,
2015-09-19,289,122,,,
2015-09-20,306,111,,,
2015-09-21,239,144,,,
2015-09-22,300,139,,,
2015-09-23,283,150,,,
2015-09-24,261,122,,,
2015-09-25,183,144,,,
2015-09-26,222,156,,,
2015-09-27,239,161,,,
2015-09-28,256,183,,,
2015-09-29,233,178,,,
2015-09-30,278,150,,,
2015-10-01,272,156,,,
2015-10-02,167,150,,,
2015-10-03,167,139,,,
2015-10-04,211,156,,,
2015-10-05,278,139,,,
2015-10-06,278,139,,,
2015-10-07,272,139,,,
2015-10-08,283,133,,,
2015-10-09,244,117,,,
2015-10-10,172,139,,,
2015-10-11,233,128,,,
2015-10-12,244,111,,,
2015-10-13,239,89,,,
2015-10-14,222,50,,,
2015-10-15,239,33,,,
2015-10-16,206,28,,,
2015-10-17,172,-11,,,
2015-10-18,178,-22,,,
2015-10-19,194,-28,,,
2015-10-20,233,-22,,,
2015-10-21,256,-6,,,
2015-10-22,261,11,,,
2015-10-23,278,28,,,
2015-10-24,189,44,,,
2015-10-25,233,106,,,
2015-10-26,150,83,,,
2015-10-27,144,83,,,
2015-10-28,200,111,,,
2015-10-29,172,44,,,
2015-10-30,206,11,,,
2015-10-31,161,33,,,
2015-11-01,167,122,,,
2015-11-02,172,144,,,
2015-11-03,250,128,,,
2015-11-04,256,133,,,
2015-11-05,206,139,,,
2015-11-06,261,167,,,
2015-11-07,183,100,,,
2015-11-08,144,72,,,
2015-11-09,139,78,,,
2015-11-10,200,22,,,
2015-11-11,211,-6,,,
2015-11-12,217,44,,,
2015-11-13,144,50,,,
2015-11-14,161,-22,,,
2015-11-15,128,-44,,,
2015-11-16,189,-39,,,
2015-11-17,183,39,,,
2015-11-18,161,100,,,
2015-11-19,194,33,,,
2015-11-20,189,0,,,
2015-11-21,156,-22,,,
2015-11-22,89,-28,,,
2015-11-23,106,-72,,,
2015-11-24,150,-61,,,
2015-11-25,150,-33,,,
2015-11-26,189,-28,,,
2015-11-27,206,56,,,
2015-11-28,178,72,,,
2015-11-29,133,78,,,
2015-11-30,133,122,,,
2015-12-01,139,122,,,
2015-12-02,139,44,,,
2015-12-03,117,-28,,,
2015-12-04,144,-56,,,
2015-12-05,167,-61,,,
2015-12-06,161,-56,,,
2015-12-07,156,-6,,,
2015-12-08,172,-22,,,
2015-12-09,161,-22,,,
2015-12-10,172,56,,,
2015-12-11,206,44,,,
2015-12-12,228,83,,,
2015-12-13,211,67,,,
2015-12-14,183,83,,,
2015-12-15,217,22,,,
2015-12-16,217,-11,,,
2015-12-17,156,44,,,
2015-12-18,56,-28,,,
2015-12-19,94,-44,,,
2015-12-20,122,-67,,,
2015-12-21,117,11,,,
2015-12-22,194,111,,,
2015-12-23,161,139,,,
2015-12-24,189,150,,,
2015-12-25,200,139,,,
2015-12-26,244,128,,,
2015-12-27,233,139,,,
2015-12-28,194,128,,,
2015-12-29,233,78,,,
2015-12-30,139,78,,,
2015-12-31,183,44,,,
2016-01-01,83,22,,,
2016-01-02,100,-39,,,
2016-01-03,111,-56,,,
2016-01-04,33,-61,,,
2016-01-05,83,-100,,,
2016-01-06,111,-106,,,
2016-01-07,178,-17,,,
2016-01-08,106,56,,,
2016-01-09,111,61,,,
2016-01-10,78,-56,,,
2016-01-11,50,-106,,,
2016-01-12,89,-72,,,
2016-01-13,83,-50,,,
2016-01-14,150,-78,,,
2016-01-15,39,-28,,,
2016-01-16,117,-6,,,
2016-01-17,50,-17,,,
2016-01-18,-11,-94,,,
2016-01-19,28,-122,,,
2016-01-20,0,-44,,,
2016-01-21,33,-22,,,
2016-01-22,22,-6,,,
2016-01-23,-6,-72,,,
2016-01-24,94,-122,,,
2016-01-25,133,-61,,,
2016-01-26,111,-6,,,
2016-01-27,94,-22,,,
2016-01-28,106,-28,,,
2016-01-29,111,-39,,,
2016-01-30,178,-61,,,
2016-01-31,194,-33,,,
2016-02-01,183,100,,,
2016-02-02,206,78,,,
2016-02-03,189,67,,,
2016-02-04,122,0,,,
2016-02-05,83,-44,,,
2016-02-06,78,-67,,,
2016-02-07,111,-72,,,
2016-02-08,67,-39,,,
2016-02-09,-22,-61,,,
2016-02-10,-17,-89,,,
2016-02-11,67,-72,,,
2016-02-12,33,-44,,,
2016-02-13,17,-83,,,
2016-02-14,-6,-89,,,
2016-02-15,72,-22,,,
2016-02-16,111,17,,,
2016-02-17,106,-28,,,
2016-02-18,144,-61,,,
2016-02-19,150,-33,,,
2016-02-20,122,17,,,
2016-02-21,161,67,,,
2016-02-22,183,89,,,
2016-02-23,117,89,,,
2016-02-24,156,17,,,
2016-02-25,39,-6,,,
2016-02-26,61,-33,,,
2016-02-27,122,-61,,,
2016-02-28,200,-50,,,
2016-02-29,194,28,,,
2016-03-01,167,-6,,,
2016-03-02,61,-28,,,
2016-03-03,67,-39,,,
2016-03-04,111,-17,,,
2016-03-05,167,-44,,,
2016-03-06,194,0,,,
2016-03-07,211,-28,,,
2016-03-08,239,-6,,,
2016-03-09,233,67,,,
2016-03-10,233,133,,,
2016-03-11,261,106,,,
2016-03-12,256,89,,,
2016-03-13,217,106,,,
2016-03-14,228,67,,,
2016-03-15,272,56,,,
2016-03-16,256,56,,,
2016-03-17,228,6,,,
2016-03-18,222,17,,,
2016-03-19,206,72,,,
2016-03-20,89,17,,,
2016-03-21,94,-17,,,
2016-03-22,211,-44,,,
2016-03-23,239,-17,,,
2016-03-24,211,67,,,
2016-03-25,222,61,,,
2016-03-26,194,17,,,
2016-03-27,189,117,,,
2016-03-28,194,78,,,
2016-03-29,211,-6,,,
2016-03-30,217,11,,,
2016-03-31,172,139,,,
2016-04-01,250,133,,,
2016-04-02,150,94,,,
2016-04-03,217,39,,,
2016-04-04,233,-6,,,
2016-04-05,200,44,,,
2016-04-06,156,28,,,
2016-04-07,161,50,,,
2016-04-08,117,33,,,
2016-04-09,106,-11,,,
2016-04-10,156,-39,,,
2016-04-11,217,6,,,
2016-04-12,211,61,,,
2016-04-13,206,39,,,
2016-04-14,233,72,,,
2016-04-15,211,28,,,
2016-04-16,239,17,,,
2016-04-17,267,0,,,
2016-04-18,294,17,,,
2016-04-19,289,44,,,
2016-04-20,283,117,,,
2016-04-21,233,144,,,
2016-04-22,189,117,,,
2016-04-23,217,83,,,
2016-04-24,272,39,,,
2016-04-25,272,72,,,
2016-04-26,283,106,,,
2016-04-27,278,111,,,
2016-04-28,283,133,,,
2016-04-29,294,106,,,
2016-04-30,272,117,,,
2016-05-01,272,150,,,
2016-05-02,261,144,,,
2016-05-03,222,106,,,
2016-05-04,200,61,,,
2016-05-05,133,56,,,
2016-05-06,178,67,,,
2016-05-07,256,28,,,
2016-05-08,283,122,,,
2016-05-09,261,117,,,
2016-05-10,267,128,,,
2016-05-11,300,128,,,
2016-05-12,289,117,,,
2016-05-13,239,89,,,
2016-05-14,239,61,,,
2016-05-15,189,44,,,
2016-05-16,233,22,,,
2016-05-17,256,117,,,
2016-05-18,272,122,,,
2016-05-19,250,144,,,
2016-05-20,178,133,,,
2016-05-21,239,133,,,
2016-05-22,228,89,,,
2016-05-23,267,61,,,
2016-05-24,283,67,,,
2016-05-25,300,83,,,
2016-05-26,283,122,,,
2016-05-27,283,144,,,
2016-05-28,300,139,,,
2016-05-29,272,144,,,
2016-05-30,306,133,,,
2016-05-31,317,128,,,
2016-06-01,306,161,,,
2016-06-02,322,150,,,
2016-06-03,317,178,,,
2016-06-04,311,167,,,
2016-06-05,256,183,,,
2016-06-06,261,167,,,
2016-06-07,283,122,,,
2016-06-08,272,89,,,
2016-06-09,300,83,,,
2016-06-10,328,111,,,
2016-06-11,333,139,,,
2016-06-12,317,139,,,
2016-06-13,344,156,,,
2016-06-14,356,167,,,
2016-06-15,322,183,,,
2016-06-16,328,189,,,
2016-06-17,306,194,,,
2016-06-18,294,161,,,
2016-06-19,300,117,,,
2016-06-20,317,100,,,
2016-06-21,317,139,,,
2016-06-22,322,172,,,
2016-06-23,328,183,,,
2016-06-24,306,183,,,
2016-06-25,344,167,,,
2016-06-26,339,161,,,
2016-06-27,306,189,,,
2016-06-28,311,167,,,
2016-06-29,311,150,,,
2016-06-30,328,144,,,
2016-07-01,322,167,,,
2016-07-02,344,156,,,
2016-07-03,344,156,,,
2016-07-04,339,194,,,
2016-07-05,306,194,,,
2016-07-06,328,183,,,
2016-07-07,317,183,,,
2016-07-08,333,178,,,
2016-07-09,311,178,,,
2016-07-10,317,172,,,
2016-07-11,333,156,,,
2016-07-12,322,183,,,
2016-07-13,322,172,,,
2016-07-14,339,183,,,
2016-07-15,317,167,,,
2016-07-16,317,183,,,
2016-07-17,322,183,,,
2016-07-18,328,189,,,
2016-07-19,339,189,,,
2016-07-20,344,189,,,
2016-07-21,317,178,,,
2016-07-22,328,183,,,
2016-07-23,333,194,,,
2016-07-24,339,183,,,
2016-07-25,206,206,,,
2016-07-28,300,211,,,
2016-07-29,300,206,,,
2016-07-30,306,189,,,
2016-07-31,328,194,,,
2016-08-01,311,194,,,
2016-08-02,294,200,,,
2016-08-03,328,194,,,
2016-08-04,328,206,,,
2016-08-05,317,206,,,
2016-08-06,311,189,,,
2016-08-07,328,200,,,
2016-08-08,317,206,,,
2016-08-09,306,217,,,
2016-08-10,294,211,,,
2016-08-11,306,217,,,
2016-08-12,306,206,,,
2016-08-13,317,200,,,
2016-08-14,328,183,,,
2016-08-15,317,183,,,
2016-08-16,328,183,,,
2016-08-17,317,183,,,
2016-08-18,294,200,,,
2016-08-19,294,200,,,
2016-08-20,317,200,,,
2016-08-21,278,200,,,
2016-08-22,294,161,,,
2016-08-23,300,161,,,
2016-08-24,294,178,,,
2016-08-25,317,189,,,
2016-08-26,344,194,,,
2016-08-27,333,189,,,
2016-08-28,306,189,,,
2016-08-29,322,172,,,
2016-08-30,322,161,,,
2016-08-31,333,167,,,
2016-09-01,317,183,,,
2016-09-02,250,167,,,
2016-09-03,289,150,,,
2016-09-04,294,156,,,
2016-09-05,306,156,,,
2016-09-06,317,156,,,
2016-09-07,322,133,,,
2016-09-08,322,139,,,
2016-09-09,322,144,,,
2016-09-10,322,150,,,
2016-09-11,294,156,,,
2016-09-12,322,139,,,
2016-09-13,322,172,,,
2016-09-14,317,167,,,
2016-09-15,322,172,,,
2016-09-16,311,156,,,
2016-09-17,300,161,,,
2016-09-18,222,156,,,
2016-09-19,294,156,,,
2016-09-20,300,139,,,
2016-09-21,311,128,,,
2016-09-22,311,156,,,
2016-09-23,300,161,,,
2016-09-24,328,139,,,
2016-09-25,317,133,,,
2016-09-26,311,156,,,
2016-09-27,272,161,,,
2016-09-28,283,100,,,
2016-09-29,256,78,,,
2016-09-30,228,67,,,
2016-10-01,250,50,,,
2016-10-02,233,83,,,
2016-10-03,250,94,,,
2016-10-04,267,117,,,
2016-10-05,267,89,,,
2016-10-06,278,83,,,
2016-10-07,256,106,,,
2016-10-08,256,128,,,
2016-10-09,233,44,,,
2016-10-10,267,17,,,
2016-10-11,244,33,,,
2016-10-12,261,17,,,
2016-10-13,256,39,,,
2016-10-14,233,89,,,
2016-10-15,267,133,,,
2016-10-16,250,117,,,
2016-10-17,267,106,,,
2016-10-18,278,94,,,
2016-10-19,306,128,,,
2016-10-20,300,111,,,
2016-10-21,183,83,,,
2016-10-22,139,17,,,
2016-10-23,222,-17,,,
2016-10-24,261,17,,,
2016-10-25,256,17,,,
2016-10-26,244,22,,,
2016-10-27,233,83,,,
2016-10-28,278,83,,,
2016-10-29,278,44,,,
2016-10-30,267,56,,,
2016-10-31,278,61,,,
2016-11-01,267,78,,,
2016-11-02,272,72,,,
2016-11-03,256,67,,,
2016-11-04,222,50,,,
2016-11-05,217,6,,,
2016-11-06,206,17,,,
2016-11-07,228,6,,,
2016-11-08,178,-6,,,
2016-11-09,167,33,,,
2016-11-10,206,-17,,,
2016-11-11,194,-33,,,
2016-11-12,172,0,,,
2016-11-13,183,17,,,
2016-11-14,189,-17,,,
2016-11-15,183,-28,,,
2016-11-16,211,-6,,,
2016-11-17,244,-17,,,
2016-11-18,256,-6,,,
2016-11-19,111,22,,,
2016-11-20,106,-17,,,
2016-11-21,133,-56,,,
2016-11-22,139,-44,,,
2016-11-23,167,-6,,,
2016-11-24,200,61,,,
2016-11-25,211,44,,,
2016-11-26,161,-33,,,
2016-11-27,94,-67,,,
2016-11-28,133,0,,,
2016-11-29,217,133,,,
2016-11-30,183,94,,,
2016-12-01,139,-11,,,
2016-12-02,128,-39,,,
2016-12-03,111,-17,,,
2016-12-04,56,50,,,
2016-12-05,133,56,,,
2016-12-06,117,89,,,
2016-12-07,161,11,,,
2016-12-08,56,-17,,,
2016-12-09,44,-67,,,
2016-12-10,78,-100,,,
2016-12-11,78,-78,,,
2016-12-12,144,-6,,,
2016-12-13,100,-17,,,
2016-12-14,100,-22,,,
2016-12-15,17,-61,,,
2016-12-16,50,-78,,,
2016-12-17,144,17,,,
2016-12-18,194,22,,,
2016-12-19,106,11,,,
2016-12-20,106,-33,,,
2016-12-21,161,-61,,,
2016-12-22,161,-6,,,
2016-12-23,156,-6,,,
2016-12-24,111,44,,,
2016-12-25,200,89,,,
2016-12-26,150,122,,,
2016-12-27,172,50,,,
2016-12-28,167,-11,,,
2016-12-29,106,28,,,
2016-12-30,78,-50,,,
2016-12-31,67,-67,,,
2017-01-01,106,39,,,
2017-01-02,156,94,,,
2017-01-03,167,111,,,
2017-01-04,122,-22,,,
2017-01-05,89,-50,,,
2017-01-06,39,-28,,,
2017-01-07,-11,-94,,,
2017-01-08,0,-133,,,
2017-01-09,33,-100,,,
2017-01-10,72,-28,,,
2017-01-11,133,39,,,
2017-01-12,183,89,,,
2017-01-13,200,72,,,
2017-01-14,183,67,,,
2017-01-15,200,83,,,
2017-01-16,161,67,,,
2017-01-17,178,111,,,
2017-01-18,206,50,,,
2017-01-19,161,22,,,
2017-01-20,200,89,,,
2017-01-21,128,67,,,
2017-01-22,183,94,,,
2017-01-23,139,67,,,
2017-01-24,156,0,,,
2017-01-25,222,-22,,,
2017-01-26,128,0,,,
2017-01-27,44,-22,,,
2017-01-28,94,-39,,,
2017-01-29,56,-6,,,
2017-01-30,83,-33,,,
2017-01-31,183,-50,,,
2017-02-01,194,-11,,,
2017-02-02,144,56,,,
2017-02-03,94,-17,,,
2017-02-04,100,-89,,,
2017-02-05,139,-6,,,
2017-02-06,194,-39,,,
2017-02-07,189,56,,,
2017-02-08,194,83,,,
2017-02-09,111,-22,,,
2017-02-10,167,-67,,,
2017-02-11,167,0,,,
2017-02-12,222,111,,,
2017-02-13,178,6,,,
2017-02-14,161,-39,,,
2017-02-15,106,28,,,
2017-02-16,122,-11,,,
2017-02-17,206,-44,,,
2017-02-18,122,11,,,
2017-02-19,200,39,,,
2017-02-20,228,-11,,,
2017-02-21,178,33,,,
2017-02-22,183,111,,,
2017-02-23,233,83,,,
2017-02-24,233,44,,,
2017-02-25,178,17,,,
2017-02-26,139,-33,,,
2017-02-27,128,-11,,,
2017-02-28,194,22,,,
2017-03-01,217,100,,,
2017-03-02,106,6,,,
2017-03-03,89,-44,,,
2017-03-04,172,-67,,,
2017-03-05,194,-39,,,
2017-03-06,144,67,,,
2017-03-07,161,117,,,
2017-03-08,178,11,,,
2017-03-09,228,-28,,,
2017-03-10,150,33,,,
2017-03-11,72,-17,,,
2017-03-12,111,-11,,,
2017-03-13,83,-39,,,
2017-03-14,50,-50,,,
2017-03-15,6,-72,,,
2017-03-16,89,-89,,,
2017-03-17,172,-56,,,
2017-03-18,189,72,,,
2017-03-19,150,-6,,,
2017-03-20,200,-28,,,
2017-03-21,267,67,,,
2017-03-22,183,28,,,
2017-03-23,172,-6,,,
2017-03-24,172,94,,,
2017-03-25,200,89,,,
2017-03-26,211,117,,,
2017-03-27,244,106,,,
2017-03-28,222,100,,,
2017-03-29,272,50,,,
2017-03-30,211,89,,,
2017-03-31,167,128,,,
2017-04-01,228,78,,,
2017-04-02,261,33,,,
2017-04-03,178,106,,,
2017-04-04,261,106,,,
2017-04-05,150,67,,,
2017-04-06,150,56,,,
2017-04-07,128,39,,,
2017-04-08,194,-6,,,
2017-04-09,250,-17,,,
2017-04-10,261,33,,,
2017-04-11,267,56,,,
2017-04-12,272,100,,,
2017-04-13,272,89,,,
2017-04-14,278,83,,,
2017-04-15,267,106,,,
2017-04-16,239,122,,,
2017-04-17,256,94,,,
2017-04-18,217,139,,,
2017-04-19,244,133,,,
2017-04-20,244,128,,,
2017-04-21,283,139,,,
2017-04-22,244,128,,,
2017-04-23,144,111,,,
2017-04-24,178,106,,,
2017-04-25,250,106,,,
2017-04-26,289,94,,,
2017-04-27,228,128,,,
2017-04-28,267,111,,,
2017-04-29,306,156,,,
2017-04-30,261,189,,,
2017-05-01,244,139,,,
2017-05-02,239,89,,,
2017-05-03,278,61,,,
2017-05-04,194,117,,,
2017-05-05,161,67,,,
2017-05-06,144,39,,,
2017-05-07,172,22,,,
2017-05-08,217,22,,,
2017-05-09,278,83,,,
2017-05-10,300,100,,,
2017-05-11,272,111,,,
2017-05-12,267,139,,,
2017-05-13,239,89,,,
2017-05-14,283,61,,,
2017-05-15,300,83,,,
2017-05-16,311,100,,,
2017-05-17,294,128,,,
2017-05-18,278,144,,,
2017-05-19,311,167,,,
2017-05-20,306,172,,,
2017-05-21,239,167,,,
2017-05-22,233,161,,,
2017-05-23,217,161,,,
2017-05-24,211,111,,,
2017-05-25,172,89,,,
2017-05-26,278,72,,,
2017-05-27,294,139,,,
2017-05-28,267,144,,,
2017-05-29,283,139,,,
2017-05-30,278,144,,,
2017-05-31,272,139,,,
2017-06-01,278,117,,,
2017-06-02,300,122,,,
2017-06-03,306,139,,,
2017-06-04,239,156,,,
2017-06-05,256,183,,,
2017-06-06,272,150,,,
2017-06-07,278,128,,,
2017-06-08,261,133,,,
2017-06-09,272,106,,,
2017-06-10,300,106,,,
2017-06-11,306,122,,,
2017-06-12,306,156,,,
2017-06-13,322,178,,,
2017-06-14,311,172,,,
2017-06-15,311,178,,,
2017-06-16,311,178,,,
2017-06-17,300,172,,,
2017-06-18,294,161,,,
2017-06-19,278,178,,,
2017-06-20,289,167,,,
2017-06-21,261,183,,,
2017-06-22,250,189,,,
2017-06-23,317,200,,,
2017-06-24,289,167,,,
2017-06-25,244,122,,,
2017-06-26,261,106,,,
2017-06-27,261,106,,,
2017-06-28,289,89,,,
2017-06-29,306,133,,,
2017-06-30,272,189,,,
2017-07-01,311,189,,,
2017-07-02,306,189,,,
2017-07-03,300,183,,,
2017-07-04,289,189,,,
2017-07-05,311,183,,,
2017-07-06,306,189,,,
2017-07-07,300,183,,,
2017-07-08,311,178,,,
2017-07-09,300,172,,,
2017-07-10,317,156,,,
2017-07-11,328,161,,,
2017-07-12,333,178,,,
2017-07-13,339,200,,,
2017-07-14,339,194,,,
2017-07-15,272,189,,,
2017-07-16,311,183,,,
2017-07-17,328,172,,,
2017-07-18,328,172,,,
2017-07-19,328,172,,,
2017-07-20,328,167,,,
2017-07-21,350,183,,,
2017-07-22,328,200,,,
2017-07-23,328,200,,,
2017-07-24,322,194,,,
2017-07-25,328,189,,,
2017-07-26,339,178,,,
2017-07-27,306,200,,,
2017-07-28,244,200,,,
2017-07-29,283,156,,,
2017-07-30,306,128,,,
2017-07-31,300,128,,,
2017-08-01,300,144,,,
2017-08-02,294,167,,,
2017-08-03,311,156,,,
2017-08-04,294,139,,,
2017-08-05,294,128,,,
2017-08-06,317,111,,,
2017-08-07,267,200,,,
2017-08-08,294,200,,,
2017-08-09,289,183,,,
2017-08-10,244,189,,,
2017-08-11,311,183,,,
2017-08-12,328,194,,,
2017-08-13,311,189,,,
2017-08-14,317,194,,,
2017-08-15,294,194,,,
2017-08-16,306,189,,,
2017-08-17,317,200,,,
2017-08-18,294,172,,,
2017-08-19,317,161,,,
2017-08-20,333,150,,,
2017-08-21,311,167,,,
2017-08-22,328,178,,,
2017-08-23,306,167,,,
2017-08-24,306,144,,,
2017-08-25,289,139,,,
2017-08-26,306,167,,,
2017-08-27,294,172,,,
2017-08-28,250,139,,,
2017-08-29,300,161,,,
2017-08-30,261,167,,,
2017-08-31,211,172,,,
2017-09-01,261,156,,,
2017-09-02,233,117,,,
2017-09-03,272,111,,,
2017-09-04,306,100,,,
2017-09-05,311,128,,,
2017-09-06,228,83,,,
2017-09-07,228,78,,,
2017-09-08,244,78,,,
2017-09-09,250,106,,,
2017-09-10,222,78,,,
2017-09-11,167,100,,,
2017-09-12,172,133,,,
2017-09-13,233,133,,,
2017-09-14,233,144,,,
2017-09-15,278,128,,,
2017-09-16,289,144,,,
2017-09-17,289,139,,,
2017-09-18,294,128,,,
2017-09-19,289,128,,,
2017-09-20,306,144,,,
2017-09-21,306,139,,,
2017-09-22,311,150,,,
2017-09-23,306,156,,,
2017-09-24,306,139,,,
2017-09-25,294,144,,,
2017-09-26,294,133,,,
2017-09-27,306,133,,,
2017-09-28,311,139,,,
2017-09-29,289,144,,,
2017-09-30,272,106,,,
2017-10-01,239,67,,,
2017-10-02,261,33,,,
2017-10-03,267,67,,,
2017-10-04,278,83,,,
2017-10-05,283,67,,,
2017-10-06,289,72,,,
2017-10-07,272,150,,,
2017-10-08,228,189,,,
2017-10-09,272,200,,,
2017-10-10,300,178,,,
2017-10-11,300,161,,,
2017-10-12,300,128,,,
2017-10-13,283,111,,,
2017-10-14,283,144,,,
2017-10-15,272,139,,,
2017-10-16,178,44,,,
2017-10-17,222,17,,,
2017-10-18,239,33,,,
2017-10-19,250,0,,,
2017-10-20,272,22,,,
2017-10-21,250,39,,,
2017-10-22,228,50,,,
2017-10-23,206,106,,,
2017-10-24,178,28,,,
2017-10-25,128,6,,,
2017-10-26,200,-17,,,
2017-10-27,228,0,,,
2017-10-28,133,67,,,
2017-10-29,61,6,,,
2017-10-30,178,-28,,,
2017-10-31,206,-6,,,
2017-11-01,211,28,,,
2017-11-02,244,83,,,
2017-11-03,244,106,,,
2017-11-04,256,106,,,
2017-11-05,244,139,,,
2017-11-06,228,128,,,
2017-11-07,172,122,,,
2017-11-08,172,89,,,
2017-11-09,150,39,,,
2017-11-10,172,-6,,,
2017-11-11,156,-17,,,
2017-11-12,100,44,,,
2017-11-13,189,44,,,
2017-11-14,167,6,,,
2017-11-15,167,44,,,
2017-11-16,183,11,,,
2017-11-17,200,-28,,,
2017-11-18,144,17,,,
2017-11-19,94,-22,,,
2017-11-20,156,-61,,,
2017-11-21,183,-22,,,
2017-11-22,161,-11,,,
2017-11-23,161,-39,,,
2017-11-24,183,-39,,,
2017-11-25,161,-17,,,
2017-11-26,156,-11,,,
2017-11-27,189,-56,,,
2017-11-28,189,-56,,,
2017-11-29,206,-33,,,
2017-11-30,194,6,,,
2017-12-01,178,72,,,
2017-12-02,178,50,,,
2017-12-03,189,28,,,
2017-12-04,167,-11,,,
2017-12-05,133,72,,,
2017-12-06,94,22,,,
2017-12-07,89,0,,,
2017-12-08,22,0,,,
2017-12-09,50,-28,,,
2017-12-10,67,-67,,,
2017-12-11,150,-72,,,
2017-12-12,67,-33,,,
2017-12-13,100,-67,,,
2017-12-14,133,-33,,,
2017-12-15,56,-33,,,
2017-12-16,106,-72,,,
2017-12-17,78,-50,,,
2017-12-18,183,11,,,
2017-12-19,200,-22,,,
2017-12-20,156,89,,,
2017-12-21,133,78,,,
2017-12-22,133,17,,,
2017-12-23,194,78,,,
2017-12-24,144,11,,,
2017-12-25,11,-44,,,
2017-12-26,106,-33,,,
2017-12-27,89,-50,,,
2017-12-28,83,-72,,,
2017-12-29,106,-50,,,
2017-12-30,67,-50,,,
2017-12-31,0,-67,,,
2018-01-01,-17,-133,,,
2018-01-02,28,-161,,,
2018-01-03,33,-94,,,
2018-01-04,-33,-106,,,
2018-01-05,0,-111,,,
2018-01-06,17,-144,,,
2018-01-07,39,-150,,,
2018-01-08,67,-39,,,
2018-01-09,122,11,,,
2018-01-10,122,22,,,
2018-01-11,144,89,,,
2018-01-12,150,-17,,,
2018-01-13,28,-78,,,
2018-01-14,33,-117,,,
2018-01-15,72,-83,,,
2018-01-16,100,-78,,,
2018-01-17,-22,-111,,,
2018-01-18,78,-133,,,
2018-01-19,133,-94,,,
2018-01-20,156,-78,,,
2018-01-21,178,-28,,,
2018-01-22,144,-6,,,
2018-01-23,144,22,,,
2018-01-24,111,-28,,,
2018-01-25,122,-50,,,
2018-01-26,133,-61,,,
2018-01-27,122,28,,,
2018-01-28,111,67,,,
2018-01-29,111,6,,,
2018-01-30,50,-61,,,
2018-01-31,128,-83,,,
2018-02-01,128,-44,,,
2018-02-02,33,-72,,,
2018-02-03,94,-78,,,
2018-02-04,61,-11,,,
2018-02-05,133,-22,,,
2018-02-06,100,-33,,,
2018-02-07,150,44,,,
2018-02-08,133,-22,,,
2018-02-09,161,-50,,,
2018-02-10,144,61,,,
2018-02-11,167,133,,,
2018-02-12,178,111,,,
2018-02-13,133,67,,,
2018-02-14,178,61,,,
2018-02-15,222,122,,,
2018-02-16,200,83,,,
2018-02-17,178,72,,,
2018-02-18,206,33,,,
2018-02-19,194,100,,,
2018-02-20,217,139,,,
2018-02-21,244,167,,,
2018-02-22,278,128,,,
2018-02-23,256,89,,,
2018-02-24,244,128,,,
2018-02-25,189,111,,,
2018-02-26,167,17,,,
2018-02-27,183,-22,,,
2018-02-28,100,56,,,
2018-03-01,144,83,,,
2018-03-02,117,44,,,
2018-03-03,172,-28,,,
2018-03-04,200,-44,,,
2018-03-05,172,-22,,,
2018-03-06,128,22,,,
2018-03-07,56,-11,,,
2018-03-08,50,-22,,,
2018-03-09,139,-22,,,
2018-03-10,122,-6,,,
2018-03-11,133,67,,,
2018-03-12,67,17,,,
2018-03-13,89,-6,,,
2018-03-14,67,-28,,,
2018-03-15,178,-61,,,
2018-03-16,211,39,,,
2018-03-17,239,50,,,
2018-03-18,239,56,,,
2018-03-19,194,106,,,
2018-03-20,200,28,,,
2018-03-21,17,-11,,,
2018-03-22,89,-11,,,
2018-03-23,111,-22,,,
2018-03-24,128,50,,,
2018-03-25,133,44,,,
2018-03-26,117,39,,,
2018-03-27,106,50,,,
2018-03-28,233,89,,,
2018-03-29,222,133,,,
2018-03-30,167,61,,,
2018-03-31,206,-11,,,
2018-04-01,239,0,,,
2018-04-02,267,89,,,
2018-04-03,272,56,,,
2018-04-04,183,39,,,
2018-04-05,200,-28,,,
2018-04-06,156,6,,,
2018-04-07,161,33,,,
2018-04-08,139,0,,,
2018-04-09,133,33,,,
2018-04-10,183,33,,,
2018-04-11,189,-11,,,
2018-04-12,256,6,,,
2018-04-13,256,44,,,
2018-04-14,267,133,,,
2018-04-15,194,50,,,
2018-04-16,67,6,,,
2018-04-17,217,0,,,
2018-04-18,300,78,,,
2018-04-19,183,22,,,
2018-04-20,222,-28,,,
2018-04-21,233,0,,,
2018-04-22,144,56,,,
2018-04-23,139,100,,,
2018-04-24,189,111,,,
2018-04-25,189,83,,,
2018-04-26,161,83,,,
2018-04-27,228,67,,,
2018-04-28,244,28,,,
2018-04-29,211,39,,,
2018-04-30,261,-11,,,
2018-05-01,283,22,,,
2018-05-02,294,61,,,
2018-05-03,306,83,,,
2018-05-04,306,89,,,
2018-05-05,267,139,,,
2018-05-06,239,106,,,
2018-05-07,244,94,,,
2018-05-08,261,94,,,
2018-05-09,278,128,,,
2018-05-10,289,111,,,
2018-05-11,300,133,,,
2018-05-12,311,117,,,
2018-05-13,317,117,,,
2018-05-14,333,122,,,
2018-05-15,256,156,,,
2018-05-16,239,167,,,
2018-05-17,250,167,,,
2018-05-18,267,172,,,
2018-05-19,283,167,,,
2018-05-20,278,167,,,
2018-05-21,300,150,,,
2018-05-22,278,172,,,
2018-05-23,300,178,,,
2018-05-24,306,172,,,
2018-05-25,283,183,,,
2018-05-26,278,189,,,
2018-05-27,289,183,,,
2018-05-28,233,183,,,
2018-05-29,244,178,,,
2018-05-30,261,194,,,
2018-05-31,278,172,,,
2018-06-01,294,167,,,
2018-06-02,289,150,,,
2018-06-03,322,161,,,
2018-06-04,289,128,,,
2018-06-05,294,106,,,
2018-06-06,300,106,,,
2018-06-07,328,128,,,
2018-06-08,328,150,,,
2018-06-09,300,178,,,
2018-06-10,300,161,,,
2018-06-11,283,167,,,
2018-06-12,283,161,,,
2018-06-13,294,167,,,
2018-06-14,322,167,,,
2018-06-15,333,156,,,
2018-06-16,322,172,,,
2018-06-17,344,167,,,
2018-06-18,344,178,,,
2018-06-19,333,172,,,
2018-06-20,317,178,,,
2018-06-21,283,189,,,
2018-06-22,306,172,,,
2018-06-23,294,178,,,
2018-06-24,311,178,,,
2018-06-25,328,167,,,
2018-06-26,306,178,,,
2018-06-27,300,178,,,
2018-06-28,250,183,,,
2018-06-29,333,189,,,
2018-06-30,333,194,,,
2018-07-01,317,194,,,
2018-07-02,322,194,,,
2018-07-03,344,194,,,
2018-07-04,322,183,,,
2018-07-05,333,200,,,
2018-07-06,322,194,,,
2018-07-07,267,189,,,
2018-07-08,317,172,,,
2018-07-09,306,150,,,
2018-07-10,322,144,,,
2018-07-11,328,178,,,
2018-07-12,311,183,,,
2018-07-13,328,200,,,
2018-07-14,300,194,,,
2018-07-15,322,194,,,
2018-07-16,294,200,,,
2018-07-17,322,194,,,
2018-07-18,322,189,,,
2018-07-19,311,167,,,
2018-07-20,306,172,,,
2018-07-21,311,172,,,
2018-07-22,250,167,,,
2018-07-23,261,172,,,
2018-07-24,289,178,,,
2018-07-25,289,161,,,
2018-07-26,311,150,,,
2018-07-27,311,144,,,
2018-07-28,306,161,,,
2018-07-29,322,144,,,
2018-07-30,322,178,,,
2018-07-31,278,183,,,
2018-08-01,228,183,,,
2018-08-02,233,183,,,
2018-08-03,300,183,,,
2018-08-04,311,183,,,
2018-08-05,322,178,,,
2018-08-06,328,189,,,
2018-08-07,300,189,,,
2018-08-08,311,183,,,
2018-08-09,300,183,,,
2018-08-10,311,178,,,
2018-08-11,300,178,,,
2018-08-12,306,172,,,
2018-08-13,300,156,,,
2018-08-14,306,144,,,
2018-08-15,311,144,,,
2018-08-16,328,156,,,
2018-08-17,322,172,,,
2018-08-18,272,189,,,
2018-08-19,289,189,,,
2018-08-20,311,194,,,
2018-08-21,294,178,,,
2018-08-22,278,150,,,
2018-08-23,294,133,,,
2018-08-24,289,106,,,
2018-08-25,294,111,,,
2018-08-26,317,150,,,
2018-08-27,333,172,,,
2018-08-28,328,161,,,
2018-08-29,306,167,,,
2018-08-30,333,178,,,
2018-08-31,311,172,,,
2018-09-01,328,172,,,
2018-09-02,328,167,,,
2018-09-03,328,172,,,
2018-09-04,333,172,,,
2018-09-05,317,194,,,
2018-09-06,328,172,,,
2018-09-07,322,161,,,
2018-09-08,294,178,,,
2018-09-09,311,189,,,
2018-09-10,278,189,,,
2018-09-11,294,194,,,
2018-09-12,322,194,,,
2018-09-13,317,200,,,
2018-09-14,317,194,,,
2018-09-15,294,172,,,
2018-09-16,233,189,,,
2018-09-17,283,183,,,
2018-09-18,300,156,,,
2018-09-19,311,150,,,
2018-09-20,328,167,,,
2018-09-21,311,161,,,
2018-09-22,328,156,,,
2018-09-23,306,161,,,
2018-09-24,239,161,,,
2018-09-25,267,183,,,
2018-09-26,256,183,,,
2018-09-27,239,183,,,
2018-09-28,283,161,,,
2018-09-29,283,161,,,
2018-09-30,294,172,,,
2018-10-01,289,161,,,
2018-10-02,289,156,,,
2018-10-03,283,161,,,
2018-10-04,300,167,,,
2018-10-05,306,167,,,
2018-10-06,322,172,,,
2018-10-07,306,167,,,
2018-10-08,283,172,,,
2018-10-09,239,172,,,
2018-10-10,267,178,,,
2018-10-11,239,111,,,
2018-10-12,228,67,,,
2018-10-13,228,89,,,
2018-10-14,239,94,,,
2018-10-15,283,117,,,
2018-10-16,233,150,,,
2018-10-17,217,72,,,
2018-10-18,228,44,,,
2018-10-19,228,56,,,
2018-10-20,200,106,,,
2018-10-21,172,6,,,
2018-10-22,178,-17,,,
2018-10-23,189,11,,,
2018-10-24,222,0,,,
2018-10-25,150,39,,,
2018-10-26,128,50,,,
2018-10-27,122,72,,,
2018-10-28,222,11,,,
2018-10-29,183,11,,,
2018-10-30,233,-11,,,
2018-10-31,244,39,,,
2018-11-01,183,122,,,
2018-11-02,178,39,,,
2018-11-03,172,-6,,,
2018-11-04,178,-11,,,
2018-11-05,228,100,,,
2018-11-06,211,50,,,
2018-11-07,211,22,,,
2018-11-08,156,94,,,
2018-11-09,128,44,,,
2018-11-10,106,-33,,,
2018-11-11,150,-56,,,
2018-11-12,67,33,,,
2018-11-13,122,67,,,
2018-11-14,89,56,,,
2018-11-15,117,-11,,,
2018-11-16,144,-39,,,
2018-11-17,189,-39,,,
2018-11-18,172,-33,,,
2018-11-19,189,-6,,,
2018-11-20,117,-22,,,
2018-11-21,144,-50,,,
2018-11-22,189,-44,,,
2018-11-23,100,-33,,,
2018-11-24,144,11,,,
2018-11-25,161,11,,,
2018-11-26,106,0,,,
2018-11-27,33,-56,,,
2018-11-28,56,-67,,,
2018-11-29,50,-67,,,
2018-11-30,122,33,,,
2018-12-01,128,78,,,
2018-12-02,222,44,,,
2018-12-03,178,17,,,
2018-12-04,78,6,,,
2018-12-05,22,-50,,,
2018-12-06,67,-89,,,
2018-12-07,83,-17,,,
2018-12-08,50,0,,,
2018-12-09,50,6,,,
2018-12-10,67,6,,,
2018-12-11,111,-50,,,
2018-12-12,83,-56,,,
2018-12-13,144,-11,,,
2018-12-14,100,50,,,
2018-12-15,128,50,,,
2018-12-16,122,17,,,
2018-12-17,156,-11,,,
2018-12-18,161,-33,,,
2018-12-19,133,-33,,,
2018-12-20,100,39,,,
2018-12-21,83,28,,,
2018-12-22,94,-39,,,
2018-12-23,56,-56,,,
2018-12-24,106,-39,,,
2018-12-25,117,-44,,,
2018-12-26,150,-44,,,
2018-12-27,111,22,,,
2018-12-28,150,67,,,
2018-12-29,161,39,,,
2018-12-30,117,61,,,
2018-12-31,172,83,,,
2019-01-01,150,39,,,
2019-01-02,89,33,,,
2019-01-03,128,72,,,
2019-01-04,156,50,,,
2019-01-05,144,0,,,
2019-01-06,194,-22,,,
2019-01-07,183,11,,,
2019-01-08,156,61,,,
2019-01-09,83,-11,,,
2019-01-10,94,-44,,,
2019-01-11,133,-78,,,
2019-01-12,50,11,,,
2019-01-13,78,28,,,
2019-01-14,78,6,,,
2019-01-15,89,-39,,,
2019-01-16,122,-44,,,
2019-01-17,44,-33,,,
2019-01-18,100,33,,,
2019-01-19,117,44,,,
2019-01-20,83,-67,,,
2019-01-21,56,-106,,,
2019-01-22,72,-72,,,
2019-01-23,111,17,,,
2019-01-24,111,-28,,,
2019-01-25,67,-61,,,
2019-01-26,78,-83,,,
2019-01-27,89,-72,,,
2019-01-28,128,-67,,,
2019-01-29,39,-72,,,
2019-01-30,33,-94,,,
2019-01-31,83,-94,,,
2019-02-01,133,-56,,,
2019-02-02,200,-33,,,
2019-02-03,161,0,,,
2019-02-04,178,-11,,,
2019-02-05,228,67,,,
2019-02-06,172,61,,,
2019-02-07,239,156,,,
2019-02-08,172,39,,,
2019-02-09,161,0,,,
2019-02-10,50,6,,,
2019-02-11,161,44,,,
2019-02-12,128,39,,,
2019-02-13,111,-22,,,
2019-02-14,178,-50,,,
2019-02-15,139,78,,,
2019-02-16,183,89,,,
2019-02-17,89,67,,,
2019-02-18,122,39,,,
2019-02-19,50,6,,,
2019-02-20,111,50,,,
2019-02-21,161,100,,,
2019-02-22,139,94,,,
2019-02-23,106,83,,,
2019-02-24,172,50,,,
2019-02-25,150,0,,,
2019-02-26,194,-11,,,
2019-02-27,189,72,,,
2019-02-28,139,56,,,
2019-03-01,139,72,,,
2019-03-02,206,44,,,
2019-03-03,128,44,,,
2019-03-04,56,-28,,,
2019-03-05,67,-56,,,
2019-03-06,61,-72,,,
2019-03-07,139,-67,,,
2019-03-08,78,50,,,
2019-03-09,150,56,,,
2019-03-10,239,78,,,
2019-03-11,128,33,,,
2019-03-12,211,0,,,
2019-03-13,194,28,,,
2019-03-14,161,117,,,
2019-03-15,217,50,,,
2019-03-16,133,0,,,
2019-03-17,156,-33,,,
2019-03-18,111,-33,,,
2019-03-19,139,-50,,,
2019-03-20,183,-50,,,
2019-03-21,128,22,,,
2019-03-22,172,22,,,
2019-03-23,206,-6,,,
2019-03-24,228,-11,,,
2019-03-25,161,44,,,
2019-03-26,200,56,,,
2019-03-27,189,28,,,
2019-03-28,222,-17,,,
2019-03-29,228,6,,,
2019-03-30,233,78,,,
2019-03-31,139,28,,,
2019-04-01,167,-44,,,
2019-04-02,133,0,,,
2019-04-03,211,-28,,,
2019-04-04,228,22,,,
2019-04-05,222,94,,,
2019-04-06,267,94,,,
2019-04-07,261,117,,,
2019-04-08,211,117,,,
2019-04-09,239,111,,,
2019-04-10,289,83,,,
2019-04-11,261,83,,,
2019-04-12,250,144,,,
2019-04-13,272,128,,,
2019-04-14,244,122,,,
2019-04-15,161,28,,,
2019-04-16,267,0,,,
2019-04-17,294,39,,,
2019-04-18,244,128,,,
2019-04-19,211,83,,,
2019-04-20,111,39,,,
2019-04-21,189,50,,,
2019-04-22,283,22,,,
2019-04-23,300,67,,,
2019-04-24,306,100,,,
2019-04-25,222,106,,,
2019-04-26,189,117,,,
2019-04-27,278,33,,,
2019-04-28,283,100,,,
2019-04-29,283,67,,,
2019-04-30,306,111,,,
2019-05-01,278,133,,,
2019-05-02,294,128,,,
2019-05-03,267,106,,,
2019-05-04,239,150,,,
2019-05-05,244,111,,,
2019-05-06,267,100,,,
2019-05-07,283,111,,,
2019-05-08,283,133,,,
2019-05-09,239,161,,,
2019-05-10,283,150,,,
2019-05-11,228,167,,,
2019-05-12,233,150,,,
2019-05-13,194,78,,,
2019-05-14,217,39,,,
2019-05-15,217,39,,,
2019-05-16,272,72,,,
2019-05-17,294,100,,,
2019-05-18,317,133,,,
2019-05-19,300,133,,,
2019-05-20,283,133,,,
2019-05-21,322,94,,,
2019-05-22,311,122,,,
2019-05-23,306,178,,,
2019-05-24,311,150,,,
2019-05-25,328,150,,,
2019-05-26,328,144,,,
2019-05-27,311,133,,,
2019-05-28,333,133,,,
2019-05-29,328,144,,,
2019-05-30,333,150,,,
2019-05-31,283,133,,,
2019-06-01,283,106,,,
2019-06-02,294,111,,,
2019-06-03,294,122,,,
2019-06-04,294,117,,,
2019-06-05,278,161,,,
2019-06-06,250,183,,,
2019-06-07,289,183,,,
2019-06-08,211,183,,,
2019-06-09,250,183,,,
2019-06-10,261,178,,,
2019-06-11,294,144,,,
2019-06-12,250,150,,,
2019-06-13,250,94,,,
2019-06-14,294,61,,,
2019-06-15,278,78,,,
2019-06-16,328,144,,,
2019-06-17,322,167,,,
2019-06-18,267,183,,,
2019-06-19,300,183,,,
2019-06-20,267,172,,,
2019-06-21,306,172,,,
2019-06-22,283,167,,,
2019-06-23,289,183,,,
2019-06-24,317,167,,,
2019-06-25,283,156,,,
2019-06-26,322,139,,,
2019-06-27,328,161,,,
2019-06-28,328,161,,,
2019-06-29,317,156,,,
2019-06-30,322,156,,,
2019-07-01,333,172,,,
2019-07-02,333,161,,,
2019-07-03,344,172,,,
2019-07-04,328,172,,,
2019-07-05,322,189,,,
2019-07-06,328,200,,,
2019-07-07,339,189,,,
2019-07-08,333,200,,,
2019-07-09,317,189,,,
2019-07-10,350,200,,,
2019-07-11,317,200,,,
2019-07-12,300,206,,,
2019-07-13,306,206,,,
2019-07-14,300,194,,,
2019-07-15,322,189,,,
2019-07-16,339,183,,,
2019-07-17,294,172,,,
2019-07-18,306,200,,,
2019-07-19,339,200,,,
2019-07-20,317,200,,,
2019-07-21,333,200,,,
2019-07-22,322,189,,,
2019-07-23,267,139,,,
2019-07-24,278,128,,,
2019-07-25,300,106,,,
2019-07-26,300,122,,,
2019-07-27,300,144,,,
2019-07-28,317,156,,,
2019-07-29,333,150,,,
2019-07-30,294,161,,,
2019-07-31,333,172,,,
2019-08-01,322,167,,,
2019-08-02,300,183,,,
2019-08-03,317,178,,,
2019-08-04,278,178,,,
2019-08-05,311,178,,,
2019-08-06,300,172,,,
2019-08-07,322,167,,,
2019-08-08,311,167,,,
2019-08-09,339,161,,,
2019-08-10,311,189,,,
2019-08-11,339,194,,,
2019-08-12,344,194,,,
2019-08-13,339,194,,,
2019-08-14,322,183,,,
2019-08-15,328,167,,,
2019-08-16,339,139,,,
2019-08-17,344,150,,,
2019-08-18,350,161,,,
2019-08-19,344,178,,,
2019-08-20,311,178,,,
2019-08-21,328,200,,,
2019-08-22,322,194,,,
2019-08-23,322,200,,,
2019-08-24,322,189,,,
2019-08-25,272,178,,,
2019-08-26,250,167,,,
2019-08-27,278,183,,,
2019-08-28,300,150,,,
2019-08-29,289,139,,,
2019-08-30,322,122,,,
2019-08-31,317,139,,,
2019-09-01,328,133,,,
2019-09-02,317,144,,,
2019-09-03,328,161,,,
2019-09-04,333,167,,,
2019-09-05,317,161,,,
2019-09-06,306,128,,,
2019-09-07,311,128,,,
2019-09-08,322,106,,,
2019-09-09,339,139,,,
2019-09-10,350,161,,,
2019-09-11,339,172,,,
2019-09-12,344,161,,,
2019-09-13,328,172,,,
2019-09-14,311,178,,,
2019-09-15,328,156,,,
2019-09-16,333,139,,,
2019-09-17,328,150,,,
2019-09-18,278,167,,,
2019-09-19,222,161,,,
2019-09-20,289,111,,,
2019-09-21,311,122,,,
2019-09-22,311,111,,,
2019-09-23,306,100,,,
2019-09-24,294,133,,,
2019-09-25,317,106,,,
2019-09-26,306,122,,,
2019-09-27,339,167,,,
2019-09-28,300,183,,,
2019-09-29,328,178,,,
2019-09-30,317,183,,,
2019-10-01,339,189,,,
2019-10-02,333,172,,,
2019-10-03,339,156,,,
2019-10-04,322,128,,,
2019-10-05,211,150,,,
2019-10-06,228,150,,,
2019-10-07,250,167,,,
2019-10-08,244,156,,,
2019-10-09,278,122,,,
2019-10-10,250,111,,,
2019-10-11,272,106,,,
2019-10-12,261,128,,,
2019-10-13,217,94,,,
2019-10-14,250,39,,,
2019-10-15,244,50,,,
2019-10-16,194,61,,,
2019-10-17,183,11,,,
2019-10-18,217,-11,,,
2019-10-19,133,44,,,
2019-10-20,244,117,,,
2019-10-21,222,128,,,
2019-10-22,217,44,,,
2019-10-23,194,11,,,
2019-10-24,228,-6,,,
2019-10-25,156,56,,,
2019-10-26,200,133,,,
2019-10-27,250,89,,,
2019-10-28,267,83,,,
2019-10-29,256,83,,,
2019-10-30,172,156,,,
2019-10-31,200,6,,,
2019-11-01,156,-28,,,
2019-11-02,150,-6,,,
2019-11-03,167,-33,,,
2019-11-04,144,-33,,,
2019-11-05,211,44,,,
2019-11-06,239,-6,,,
2019-11-07,172,28,,,
2019-11-08,139,-22,,,
2019-11-09,139,-50,,,
2019-11-10,217,-33,,,
2019-11-11,206,-11,,,
2019-11-12,106,-72,,,
2019-11-13,117,-100,,,
2019-11-14,94,-67,,,
2019-11-15,172,33,,,
2019-11-16,211,-11,,,
2019-11-17,211,-17,,,
2019-11-18,172,17,,,
2019-11-19,122,11,,,
2019-11-20,167,22,,,
2019-11-21,206,0,,,
2019-11-22,183,33,,,
2019-11-23,144,67,,,
2019-11-24,117,-11,,,
2019-11-25,172,-22,,,
2019-11-26,189,-28,,,
2019-11-27,211,50,,,
2019-11-28,200,-17,,,
2019-11-29,183,72,,,
2019-11-30,172,89,,,
2019-12-01,167,50,,,
2019-12-02,50,0,,,
2019-12-03,83,-22,,,
2019-12-04,139,-39,,,
2019-12-05,161,-22,,,
2019-12-06,139,-6,,,
2019-12-07,178,-17,,,
2019-12-08,139,39,,,
2019-12-09,133,61,,,
2019-12-10,133,39,,,
2019-12-11,89,-44,,,
2019-12-12,122,-67,,,
2019-12-13,78,17,,,
2019-12-14,106,33,,,
2019-12-15,167,-17,,,
2019-12-16,167,33,,,
2019-12-17,156,0,,,
2019-12-18,67,-33,,,
2019-12-19,122,-67,,,
2019-12-20,139,-67,,,
2019-12-21,111,-6,,,
2019-12-22,67,28,,,
2019-12-23,133,72,,,
2019-12-24,206,44,,,
2019-12-25,183,-6,,,
2019-12-26,200,-17,,,
2019-12-27,161,-17,,,
2019-12-28,194,22,,,
2019-12-29,200,122,,,
2019-12-30,178,39,,,
2019-12-31,117,17,,,
2020-01-01,117,-11,,,
2020-01-02,89,-6,,,
2020-01-03,172,72,,,
2020-01-04,117,6,,,
2020-01-05,106,-28,,,
2020-01-06,156,-28,,,
2020-01-07,100,22,,,
2020-01-08,139,-50,,,
2020-01-09,156,-50,,,
2020-01-10,167,83,,,
2020-01-11,178,128,,,
2020-01-12,217,33,,,
2020-01-13,144,67,,,
2020-01-14,150,106,,,
2020-01-15,178,106,,,
2020-01-16,150,0,,,
2020-01-17,89,-28,,,
2020-01-18,72,6,,,
2020-01-19,83,-39,,,
2020-01-20,22,-78,,,
2020-01-21,39,-78,,,
2020-01-22,111,-106,,,
2020-01-23,128,-39,,,
2020-01-24,106,22,,,
2020-01-25,56,-28,,,
2020-01-26,94,-50,,,
2020-01-27,72,17,,,
2020-01-28,128,-33,,,
2020-01-29,94,-33,,,
2020-01-30,128,0,,,
2020-01-31,44,11,,,
2020-02-01,78,17,,,
2020-02-02,183,-22,,,
2020-02-03,239,-11,,,
2020-02-04,161,106,,,
2020-02-05,161,128,,,
2020-02-06,150,100,,,
2020-02-07,89,-33,,,
2020-02-08,28,-67,,,
2020-02-09,106,-39,,,
2020-02-10,122,-17,,,
2020-02-11,228,117,,,
2020-02-12,156,89,,,
2020-02-13,178,17,,,
2020-02-14,100,-44,,,
2020-02-15,111,-72,,,
2020-02-16,100,-28,,,
2020-02-17,189,-22,,,
2020-02-18,139,89,,,
2020-02-19,122,67,,,
2020-02-20,56,-6,,,
2020-02-21,89,-44,,,
2020-02-22,167,-72,,,
2020-02-23,144,-39,,,
2020-02-24,83,39,,,
2020-02-25,183,56,,,
2020-02-26,156,6,,,
2020-02-27,72,-33,,,
2020-02-28,61,-44,,,
2020-02-29,72,-44,,,
2020-03-01,172,-78,,,
2020-03-02,100,11,,,
2020-03-03,194,72,,,
2020-03-04,150,50,,,
2020-03-05,106,44,,,
2020-03-06,72,11,,,
2020-03-07,150,-17,,,
2020-03-08,183,-44,,,
2020-03-09,194,-28,,,
2020-03-10,150,106,,,
2020-03-11,217,94,,,
2020-03-12,178,50,,,
2020-03-13,206,117,,,
2020-03-14,200,100,,,
2020-03-15,211,117,,,
2020-03-16,178,78,,,
2020-03-17,211,78,,,
2020-03-18,206,72,,,
2020-03-19,267,122,,,
2020-03-20,250,133,,,
2020-03-21,228,67,,,
2020-03-22,194,50,,,
2020-03-23,122,78,,,
2020-03-24,128,100,,,
2020-03-25,217,61,,,
2020-03-26,228,28,,,
2020-03-27,317,67,,,
2020-03-28,306,100,,,
2020-03-29,256,161,,,
2020-03-30,222,106,,,
2020-03-31,156,50,,,
2020-04-01,89,17,,,
2020-04-02,200,-22,,,
2020-04-03,256,-11,,,
2020-04-04,244,89,,,
2020-04-05,256,83,,,
2020-04-06,256,56,,,
2020-04-07,250,89,,,
2020-04-08,272,100,,,
2020-04-09,222,117,,,
2020-04-10,128,0,,,
2020-04-11,222,-33,,,
2020-04-12,178,44,,,
2020-04-13,222,78,,,
2020-04-14,256,33,,,
2020-04-15,150,0,,,
2020-04-16,178,-33,,,
2020-04-17,228,-17,,,
2020-04-18,194,33,,,
2020-04-19,217,0,,,
2020-04-20,206,50,,,
2020-04-21,211,33,,,
2020-04-22,222,72,,,
2020-04-23,139,89,,,
2020-04-24,206,78,,,
2020-04-25,233,72,,,
2020-04-26,178,67,,,
2020-04-27,211,44,,,
2020-04-28,261,11,,,
2020-04-29,211,94,,,
2020-04-30,128,78,,,
2020-05-01,217,50,,,
2020-05-02,294,33,,,
2020-05-03,311,61,,,
2020-05-04,289,161,,,
2020-05-05,239,133,,,
2020-05-06,172,22,,,
2020-05-07,178,-6,,,
2020-05-08,122,28,,,
2020-05-09,156,6,,,
2020-05-10,233,-22,,,
2020-05-11,167,39,,,
2020-05-12,183,6,,,
2020-05-13,211,89,,,
2020-05-14,267,78,,,
2020-05-15,278,122,,,
2020-05-16,306,89,,,
2020-05-17,300,106,,,
2020-05-18,250,161,,,
2020-05-19,261,128,,,
2020-05-20,183,117,,,
2020-05-21,233,122,,,
2020-05-22,200,133,,,
2020-05-23,283,150,,,
2020-05-24,311,161,,,
2020-05-25,294,156,,,
2020-05-26,256,172,,,
2020-05-27,222,161,,,
2020-05-28,289,167,,,
2020-05-29,300,161,,,
2020-05-30,283,133,,,
2020-05-31,283,111,,,
2020-06-01,283,94,,,
2020-06-02,306,106,,,
2020-06-03,300,139,,,
2020-06-04,317,156,,,
2020-06-05,300,167,,,
2020-06-06,322,156,,,
2020-06-07,333,167,,,
2020-06-08,306,172,,,
2020-06-09,317,189,,,
2020-06-10,261,194,,,
2020-06-11,294,161,,,
2020-06-12,289,128,,,
2020-06-13,294,117,,,
2020-06-14,272,128,,,
2020-06-15,256,128,,,
2020-06-16,206,122,,,
2020-06-17,228,133,,,
2020-06-18,261,144,,,
2020-06-19,272,133,,,
2020-06-20,306,144,,,
2020-06-21,328,144,,,
2020-06-22,311,167,,,
2020-06-23,283,167,,,
2020-06-24,267,156,,,
2020-06-25,300,167,,,
2020-06-26,289,150,,,
2020-06-27,289,172,,,
2020-06-28,317,161,,,
2020-06-29,322,189,,,
2020-06-30,289,189,,,
2020-07-01,278,178,,,
2020-07-02,322,183,,,
2020-07-03,333,167,,,
2020-07-04,328,194,,,
2020-07-05,344,189,,,
2020-07-06,300,183,,,
2020-07-07,278,194,,,
2020-07-08,322,194,,,
2020-07-09,333,183,,,
2020-07-10,306,200,,,
2020-07-11,300,161,,,
2020-07-12,300,144,,,
2020-07-13,322,144,,,
2020-07-14,172,156,,,
