DATE,TMAX,TMIN,PRCP,SNWD,SNOW
1876-01-01,206.0,100.0,165.0,,0.0
1876-01-02,156.0,33.0,0.0,,0.0
1876-01-03,172.0,44.0,0.0,,0.0
1876-01-04,200.0,28.0,0.0,,0.0
1876-01-05,222.0,122.0,0.0,,0.0
1876-01-06,156.0,67.0,0.0,,0.0
1876-01-07,189.0,17.0,0.0,,0.0
1876-01-08,222.0,100.0,0.0,,0.0
1876-01-09,217.0,,91.0,,0.0
1876-01-10,,0.0,0.0,,0.0
1876-01-11,44.0,0.0,0.0,,0.0
1876-01-12,111.0,0.0,0.0,,0.0
1876-01-13,67.0,-11.0,0.0,,0.0
1876-01-14,100.0,-22.0,0.0,,0.0
1876-01-15,122.0,56.0,0.0,,0.0
1876-01-16,156.0,122.0,279.0,,0.0
1876-02-01,128.0,-56.0,38.0,,0.0
1876-02-02,39.0,-78.0,0.0,,0.0
1876-02-03,33.0,0.0,178.0,,0.0
1876-02-04,56.0,-17.0,0.0,,0.0
1876-02-05,144.0,-33.0,0.0,,0.0
1876-02-06,178.0,56.0,0.0,,0.0
1876-02-07,189.0,133.0,0.0,,0.0
1876-02-08,211.0,144.0,0.0,,0.0
1876-02-09,222.0,167.0,3.0,,0.0
1876-02-10,278.0,183.0,0.0,,0.0
1876-02-11,244.0,178.0,0.0,,0.0
1876-02-12,256.0,111.0,0.0,,0.0
1876-02-13,267.0,,0.0,,0.0
1876-02-14,111.0,44.0,0.0,,0.0
1876-02-15,156.0,6.0,0.0,,0.0
1876-02-16,150.0,44.0,0.0,,0.0
1876-02-17,89.0,33.0,0.0,,0.0
1876-02-18,178.0,-6.0,0.0,,0.0
1876-02-19,189.0,22.0,0.0,,0.0
1876-02-20,122.0,89.0,0.0,,0.0
1876-02-21,122.0,78.0,241.0,,0.0
1876-02-22,111.0,17.0,0.0,,0.0
1876-02-23,133.0,50.0,0.0,,0.0
1876-02-24,200.0,44.0,0.0,,0.0
1876-02-25,217.0,100.0,0.0,,0.0
1876-02-26,200.0,150.0,0.0,,0.0
1876-02-27,250.0,,0.0,,0.0
1876-02-28,161.0,56.0,0.0,,0.0
1876-02-29,167.0,78.0,0.0,,0.0
1876-03-01,233.0,144.0,0.0,,0.0
1876-03-02,206.0,33.0,0.0,,0.0
1876-03-03,156.0,11.0,0.0,,0.0
1876-03-04,,,0.0,,0.0
1876-03-05,206.0,,140.0,,0.0
1876-03-06,189.0,122.0,381.0,,0.0
1876-03-07,144.0,33.0,0.0,,0.0
1876-03-08,222.0,72.0,0.0,,0.0
1876-03-09,256.0,150.0,0.0,,0.0
1876-03-10,256.0,206.0,0.0,,0.0
1876-03-11,256.0,,686.0,,0.0
1876-03-12,,33.0,0.0,,0.0
1876-03-13,133.0,6.0,0.0,,0.0
1876-03-14,100.0,78.0,0.0,,0.0
1876-03-15,167.0,133.0,439.0,,0.0
1876-03-16,167.0,78.0,0.0,,0.0
1876-03-17,167.0,,0.0,,0.0
1876-03-18,56.0,0.0,0.0,,0.0
1876-03-19,22.0,,191.0,,0.0
1876-03-20,-6.0,-33.0,152.0,,102.0
1876-03-21,17.0,-78.0,0.0,,0.0
1876-03-22,94.0,-11.0,0.0,,0.0
1876-03-23,89.0,44.0,0.0,,0.0
1876-03-24,189.0,122.0,546.0,,0.0
1876-03-25,161.0,67.0,0.0,,0.0
1876-03-26,178.0,67.0,0.0,,0.0
1876-03-27,133.0,,51.0,,0.0
1876-03-28,,50.0,0.0,,0.0
1876-03-29,150.0,22.0,0.0,,0.0
1876-03-30,233.0,89.0,0.0,,0.0
1876-03-31,189.0,,0.0,,0.0
1876-04-01,189.0,,559.0,,0.0
1876-04-02,189.0,144.0,0.0,,0.0
1876-04-03,222.0,122.0,0.0,,0.0
1876-04-04,283.0,117.0,0.0,,0.0
1876-04-05,144.0,100.0,0.0,,0.0
1876-04-06,133.0,100.0,64.0,,0.0
1876-04-07,178.0,111.0,152.0,,0.0
1876-04-08,222.0,139.0,0.0,,0.0
1876-04-09,222.0,122.0,0.0,,0.0
1876-04-10,228.0,156.0,0.0,,0.0
1876-04-11,211.0,200.0,25.0,,0.0
1876-04-12,233.0,200.0,102.0,,0.0
1876-04-13,233.0,,64.0,,0.0
1876-04-14,167.0,122.0,0.0,,0.0
1876-04-15,239.0,94.0,0.0,,0.0
1876-04-16,289.0,156.0,0.0,,0.0
1876-04-17,211.0,128.0,0.0,,0.0
1876-04-18,222.0,117.0,0.0,,0.0
1876-04-19,283.0,122.0,0.0,,0.0
1876-04-20,289.0,,0.0,,0.0
1876-04-21,289.0,,0.0,,0.0
1876-04-22,283.0,,0.0,,0.0
1876-04-23,278.0,,0.0,,0.0
1876-04-24,300.0,211.0,0.0,,0.0
1876-04-25,239.0,156.0,0.0,,0.0
1876-04-26,244.0,,13.0,,0.0
1876-04-27,222.0,167.0,33.0,,0.0
1876-04-28,,178.0,0.0,,0.0
1876-04-29,267.0,,0.0,,0.0
1876-04-30,289.0,211.0,0.0,,0.0
1876-05-01,267.0,,381.0,,0.0
1876-05-02,122.0,100.0,0.0,,0.0
1876-05-03,200.0,89.0,0.0,,0.0
1876-05-04,211.0,167.0,94.0,,0.0
1876-05-05,267.0,,0.0,,0.0
1876-05-06,278.0,200.0,0.0,,0.0
1876-05-07,200.0,167.0,660.0,,0.0
1876-05-08,178.0,128.0,13.0,,0.0
1876-05-09,222.0,150.0,0.0,,0.0
1876-05-10,278.0,144.0,0.0,,0.0
1876-05-11,289.0,200.0,0.0,,0.0
1876-05-12,289.0,189.0,0.0,,0.0
1876-05-13,289.0,222.0,0.0,,0.0
1876-05-14,300.0,228.0,0.0,,0.0
1876-05-15,250.0,200.0,0.0,,0.0
1876-05-16,278.0,200.0,0.0,,0.0
1876-05-17,300.0,239.0,0.0,,0.0
1876-05-18,289.0,233.0,0.0,,0.0
1876-05-19,289.0,233.0,0.0,,0.0
1876-05-20,289.0,233.0,0.0,,0.0
1876-05-21,289.0,211.0,38.0,,0.0
1876-05-22,311.0,211.0,0.0,,0.0
1876-05-23,233.0,211.0,127.0,,0.0
1876-05-24,267.0,211.0,13.0,,0.0
1876-05-25,239.0,189.0,18.0,,0.0
1876-05-26,267.0,211.0,0.0,,0.0
1876-05-27,222.0,211.0,0.0,,0.0
1876-05-28,278.0,233.0,0.0,,0.0
1876-05-29,289.0,222.0,0.0,,0.0
1876-05-30,267.0,222.0,185.0,,0.0
1876-05-31,228.0,222.0,381.0,,0.0
1876-06-01,,,0.0,,
1876-06-02,311.0,233.0,381.0,,
1876-06-03,300.0,228.0,0.0,,
1876-06-04,244.0,178.0,25.0,,
1876-06-05,256.0,194.0,0.0,,
1876-06-06,278.0,189.0,0.0,,
1876-06-07,300.0,211.0,0.0,,
1876-06-08,,222.0,0.0,,
1876-06-09,306.0,239.0,25.0,,
1876-06-10,311.0,,0.0,,
1876-06-11,311.0,244.0,0.0,,
1876-06-12,322.0,,41.0,,
1876-06-13,267.0,200.0,28.0,,
1876-06-14,289.0,211.0,0.0,,
1876-06-15,289.0,217.0,23.0,,
1876-06-16,256.0,194.0,15.0,,
1876-06-17,,167.0,0.0,,
1876-06-18,244.0,178.0,0.0,,
1876-06-19,278.0,189.0,0.0,,
1876-06-20,272.0,,0.0,,
1876-06-21,311.0,228.0,0.0,,
1876-06-22,333.0,,0.0,,
1876-06-23,333.0,,0.0,,
1876-06-24,344.0,,0.0,,
1876-06-25,278.0,261.0,102.0,,
1876-06-26,311.0,256.0,18.0,,
1876-06-27,322.0,244.0,0.0,,
1876-06-28,339.0,,0.0,,
1876-06-29,356.0,,0.0,,
1876-06-30,289.0,250.0,15.0,,
1876-07-01,344.0,256.0,0.0,,
1876-07-02,311.0,267.0,0.0,,
1876-07-03,356.0,,0.0,,
1876-07-04,356.0,,0.0,,
1876-07-05,317.0,256.0,147.0,,
1876-07-06,344.0,,0.0,,
1876-07-07,344.0,256.0,38.0,,
1876-07-08,311.0,239.0,102.0,,
1876-07-09,289.0,,64.0,,
1876-07-10,294.0,,0.0,,
1876-07-11,289.0,256.0,0.0,,
1876-07-12,367.0,278.0,0.0,,
1876-07-13,306.0,256.0,30.0,,
1876-07-14,344.0,,0.0,,
1876-07-15,344.0,233.0,119.0,,
1876-07-16,356.0,,0.0,,
1876-07-17,356.0,,0.0,,
1876-07-18,367.0,278.0,0.0,,
1876-07-19,339.0,278.0,0.0,,
1876-07-20,333.0,244.0,76.0,,
1876-07-21,356.0,244.0,381.0,,
1876-07-22,356.0,261.0,0.0,,
1876-07-23,356.0,,0.0,,
1876-07-24,261.0,206.0,0.0,,
1876-07-25,278.0,206.0,0.0,,
1876-07-26,317.0,,0.0,,
1876-07-27,267.0,250.0,0.0,,
1876-07-28,339.0,278.0,0.0,,
1876-07-29,356.0,,0.0,,
1876-07-30,322.0,256.0,0.0,,
1876-07-31,317.0,233.0,0.0,,
1876-08-01,,211.0,0.0,,0.0
1876-08-02,294.0,233.0,0.0,,0.0
1876-08-03,311.0,206.0,269.0,,0.0
1876-08-04,317.0,233.0,0.0,,0.0
1876-08-05,322.0,244.0,0.0,,0.0
1876-08-06,333.0,244.0,0.0,,0.0
1876-08-07,333.0,250.0,0.0,,0.0
1876-08-08,289.0,250.0,0.0,,0.0
1876-08-09,250.0,222.0,97.0,,0.0
1876-08-10,256.0,222.0,424.0,,0.0
1876-08-11,322.0,244.0,66.0,,0.0
1876-08-12,311.0,239.0,102.0,,0.0
1876-08-13,306.0,244.0,13.0,,0.0
1876-08-14,333.0,250.0,0.0,,0.0
1876-08-15,333.0,244.0,0.0,,0.0
1876-08-16,333.0,261.0,0.0,,0.0
1876-08-17,333.0,256.0,0.0,,0.0
1876-08-18,356.0,,0.0,,0.0
1876-08-19,356.0,272.0,0.0,,0.0
1876-08-20,367.0,267.0,0.0,,0.0
1876-08-21,333.0,,0.0,,0.0
1876-08-22,,,0.0,,0.0
1876-08-23,278.0,228.0,198.0,,0.0
1876-08-24,344.0,256.0,0.0,,0.0
1876-08-25,339.0,244.0,66.0,,0.0
1876-08-26,311.0,211.0,0.0,,0.0
1876-08-27,322.0,228.0,0.0,,0.0
1876-08-28,333.0,,0.0,,0.0
1876-08-29,339.0,256.0,0.0,,0.0
1876-08-30,361.0,,0.0,,0.0
1876-08-31,367.0,272.0,0.0,,0.0
1876-10-01,,94.0,0.0,,0.0
1876-10-02,211.0,72.0,0.0,,0.0
1876-10-03,256.0,106.0,0.0,,0.0
1876-10-04,256.0,106.0,246.0,,0.0
1876-10-05,,133.0,0.0,,0.0
1876-10-06,,183.0,0.0,,0.0
1876-10-07,,106.0,0.0,,0.0
1876-10-08,200.0,89.0,0.0,,0.0
1876-10-09,183.0,100.0,0.0,,0.0
1876-10-10,256.0,128.0,0.0,,0.0
1876-10-11,178.0,61.0,0.0,,0.0
1876-10-12,200.0,61.0,0.0,,0.0
1876-10-13,256.0,89.0,0.0,,0.0
1876-10-14,200.0,167.0,0.0,,0.0
1876-10-15,,44.0,0.0,,0.0
1876-10-16,183.0,22.0,0.0,,0.0
1876-10-17,200.0,,0.0,,0.0
1876-10-18,211.0,144.0,145.0,,0.0
1876-10-19,261.0,178.0,0.0,,0.0
1876-10-20,267.0,178.0,0.0,,0.0
1876-10-21,222.0,178.0,0.0,,0.0
1876-10-22,,122.0,0.0,,0.0
1876-10-23,211.0,83.0,381.0,,0.0
1876-10-24,233.0,111.0,0.0,,0.0
1876-10-25,222.0,111.0,0.0,,0.0
1876-10-26,256.0,133.0,0.0,,0.0
1876-10-27,261.0,167.0,0.0,,0.0
1876-10-28,267.0,178.0,0.0,,0.0
1876-10-29,267.0,189.0,0.0,,0.0
1876-10-30,267.0,178.0,0.0,,0.0
1876-10-31,267.0,183.0,0.0,,0.0
1876-11-01,239.0,,229.0,,0.0
1876-11-02,144.0,67.0,0.0,,0.0
1876-11-03,144.0,44.0,0.0,,0.0
1876-11-04,167.0,78.0,0.0,,0.0
1876-11-05,239.0,94.0,0.0,,0.0
1876-11-06,189.0,89.0,58.0,,0.0
1876-11-07,133.0,28.0,0.0,,0.0
1876-11-08,122.0,28.0,0.0,,0.0
1876-11-09,122.0,28.0,0.0,,0.0
1876-11-10,183.0,56.0,0.0,,0.0
1876-11-11,211.0,111.0,0.0,,0.0
1876-11-12,222.0,167.0,0.0,,0.0
1876-11-13,233.0,,0.0,,0.0
1876-11-14,,44.0,0.0,,0.0
1876-11-15,44.0,33.0,0.0,,0.0
1876-11-16,94.0,44.0,0.0,,0.0
1876-11-17,100.0,72.0,0.0,,0.0
1876-11-18,128.0,44.0,0.0,,0.0
1876-11-19,67.0,0.0,0.0,,0.0
1876-11-20,139.0,0.0,0.0,,0.0
1876-11-21,178.0,106.0,0.0,,0.0
1876-11-22,122.0,33.0,0.0,,0.0
1876-11-23,106.0,33.0,185.0,,0.0
1876-11-24,89.0,33.0,0.0,,0.0
1876-11-25,,11.0,0.0,,0.0
1876-11-26,189.0,,0.0,,0.0
1876-11-27,167.0,89.0,0.0,,0.0
1876-11-28,122.0,67.0,0.0,,0.0
1876-11-29,122.0,,0.0,,0.0
1876-11-30,28.0,-67.0,0.0,,0.0
1876-12-01,-6.0,-56.0,0.0,,0.0
1876-12-02,22.0,-89.0,0.0,,0.0
1876-12-03,50.0,-56.0,0.0,,0.0
1876-12-04,39.0,-67.0,0.0,,0.0
1876-12-05,67.0,-56.0,0.0,,0.0
1876-12-06,67.0,0.0,0.0,,0.0
1876-12-07,122.0,72.0,0.0,,0.0
1876-12-08,150.0,33.0,0.0,,0.0
1876-12-09,22.0,-67.0,0.0,,0.0
1876-12-10,111.0,-11.0,0.0,,0.0
1876-12-11,150.0,-11.0,0.0,,0.0
1876-12-12,189.0,33.0,0.0,,0.0
1876-12-13,172.0,72.0,0.0,,0.0
1876-12-14,111.0,78.0,0.0,,0.0
1876-12-15,78.0,-11.0,0.0,,0.0
1876-12-16,94.0,6.0,0.0,,0.0
1876-12-17,200.0,,229.0,,0.0
1876-12-18,,-67.0,0.0,,0.0
1876-12-19,22.0,-94.0,0.0,,0.0
1876-12-20,111.0,17.0,0.0,,0.0
1876-12-21,133.0,67.0,0.0,,0.0
1876-12-22,128.0,,0.0,,0.0
1876-12-23,22.0,0.0,0.0,,0.0
1876-12-24,0.0,-11.0,127.0,,0.0
1876-12-25,,-33.0,0.0,,0.0
1876-12-26,-33.0,-44.0,0.0,,0.0
1876-12-27,6.0,-33.0,0.0,,0.0
1876-12-28,-11.0,-22.0,157.0,,3.0
1876-12-29,-22.0,-106.0,0.0,,0.0
1876-12-30,-33.0,-183.0,0.0,,0.0
1876-12-31,-44.0,-78.0,475.0,,5.0
1877-01-01,11.0,-61.0,0.0,,0.0
1877-01-02,67.0,-56.0,0.0,,0.0
1877-01-03,33.0,-94.0,0.0,,0.0
1877-01-04,89.0,-72.0,0.0,,0.0
1877-01-05,50.0,33.0,76.0,,0.0
1877-01-06,56.0,11.0,0.0,,0.0
1877-01-07,78.0,-11.0,51.0,,25.0
1877-01-08,,-106.0,0.0,,0.0
1877-01-09,17.0,-122.0,0.0,,0.0
1877-01-10,122.0,11.0,0.0,,0.0
1877-01-11,178.0,89.0,0.0,,0.0
1877-01-12,217.0,167.0,20.0,,0.0
1877-01-13,,,5.0,,0.0
1877-01-14,89.0,33.0,0.0,,0.0
1877-01-15,178.0,33.0,660.0,,0.0
1877-01-16,,-33.0,0.0,,0.0
1877-01-17,50.0,0.0,381.0,,0.0
1877-01-18,78.0,,0.0,,0.0
1877-01-19,122.0,78.0,0.0,,0.0
1877-01-20,128.0,44.0,330.0,,0.0
1877-01-21,,0.0,0.0,,0.0
1877-01-22,78.0,11.0,0.0,,0.0
1877-01-23,50.0,-11.0,0.0,,0.0
1877-01-24,83.0,-22.0,0.0,,0.0
1877-01-25,56.0,-22.0,0.0,,0.0
1877-01-26,111.0,22.0,0.0,,0.0
1877-01-27,133.0,17.0,0.0,,0.0
1877-01-28,189.0,22.0,0.0,,0.0
1877-01-29,183.0,11.0,0.0,,0.0
1877-01-30,206.0,67.0,0.0,,0.0
1877-01-31,211.0,122.0,0.0,,0.0
1877-02-01,217.0,117.0,0.0,,0.0
1877-02-02,161.0,144.0,660.0,,0.0
1877-02-03,156.0,89.0,0.0,,0.0
1877-02-04,156.0,44.0,0.0,,0.0
1877-02-05,156.0,39.0,0.0,,0.0
1877-02-06,178.0,61.0,0.0,,0.0
1877-02-07,183.0,33.0,0.0,,0.0
1877-02-08,156.0,67.0,0.0,,0.0
1877-02-09,167.0,33.0,0.0,,0.0
1877-02-10,167.0,67.0,0.0,,0.0
1877-02-11,167.0,67.0,0.0,,0.0
1877-02-12,144.0,67.0,0.0,,0.0
1877-02-13,83.0,44.0,71.0,,0.0
1877-02-14,56.0,28.0,0.0,,0.0
1877-02-15,67.0,44.0,0.0,,0.0
1877-02-16,111.0,67.0,0.0,,0.0
1877-02-17,144.0,11.0,0.0,,0.0
1877-02-18,178.0,33.0,0.0,,0.0
1877-02-19,217.0,83.0,0.0,,0.0
1877-02-20,100.0,11.0,0.0,,0.0
1877-02-21,144.0,11.0,0.0,,0.0
1877-02-22,128.0,67.0,25.0,,0.0
1877-02-23,100.0,44.0,0.0,,0.0
1877-02-24,100.0,11.0,0.0,,0.0
1877-02-25,117.0,-22.0,0.0,,0.0
1877-02-26,67.0,0.0,0.0,,0.0
1877-02-27,122.0,-11.0,0.0,,0.0
1877-02-28,178.0,56.0,0.0,,0.0
1877-03-01,122.0,67.0,320.0,,0.0
1877-03-02,111.0,67.0,0.0,,0.0
1877-03-03,244.0,89.0,0.0,,0.0
1877-03-04,89.0,-11.0,41.0,,0.0
1877-03-05,78.0,-11.0,0.0,,0.0
1877-03-06,89.0,6.0,0.0,,0.0
1877-03-07,161.0,,0.0,,0.0
1877-03-08,167.0,6.0,381.0,,0.0
1877-03-09,33.0,-11.0,0.0,,0.0
1877-03-10,100.0,-22.0,0.0,,0.0
1877-03-11,156.0,78.0,0.0,,0.0
1877-03-12,206.0,133.0,191.0,,0.0
1877-03-13,,100.0,0.0,,0.0
1877-03-14,222.0,100.0,0.0,,0.0
1877-03-15,178.0,50.0,0.0,,0.0
1877-03-16,256.0,144.0,127.0,,0.0
1877-03-17,89.0,22.0,0.0,,0.0
1877-03-18,200.0,67.0,0.0,,0.0
1877-03-19,233.0,100.0,0.0,,0.0
1877-03-20,194.0,144.0,15.0,,0.0
1877-03-21,172.0,94.0,0.0,,0.0
1877-03-22,244.0,117.0,0.0,,0.0
1877-03-23,256.0,133.0,0.0,,0.0
1877-03-24,144.0,6.0,178.0,,0.0
1877-03-25,122.0,78.0,0.0,,0.0
1877-03-26,233.0,56.0,0.0,,0.0
1877-03-27,283.0,144.0,0.0,,0.0
1877-03-28,211.0,122.0,0.0,,0.0
1877-03-29,178.0,122.0,0.0,,0.0
1877-03-30,256.0,122.0,0.0,,0.0
1877-03-31,256.0,189.0,0.0,,0.0
1877-04-01,211.0,,173.0,,0.0
1877-04-02,156.0,78.0,0.0,,0.0
1877-04-03,128.0,89.0,86.0,,0.0
1877-04-04,161.0,89.0,0.0,,0.0
1877-04-05,244.0,117.0,0.0,,0.0
1877-04-06,233.0,200.0,0.0,,0.0
1877-04-07,211.0,156.0,470.0,,0.0
1877-04-08,156.0,144.0,114.0,,0.0
1877-04-09,167.0,117.0,0.0,,0.0
1877-04-10,189.0,111.0,0.0,,0.0
1877-04-11,211.0,111.0,0.0,,0.0
1877-04-12,144.0,94.0,635.0,,0.0
1877-04-13,206.0,144.0,0.0,,0.0
1877-04-14,244.0,139.0,0.0,,0.0
1877-04-15,267.0,156.0,0.0,,0.0
1877-04-16,261.0,167.0,0.0,,0.0
1877-04-17,189.0,183.0,0.0,,0.0
1877-04-18,244.0,178.0,777.0,,0.0
1877-04-19,200.0,144.0,0.0,,0.0
1877-04-20,189.0,133.0,0.0,,0.0
1877-04-21,239.0,156.0,0.0,,0.0
1877-04-22,267.0,189.0,0.0,,0.0
1877-04-23,200.0,172.0,13.0,,0.0
1877-04-24,233.0,178.0,18.0,,0.0
1877-04-25,189.0,,58.0,,0.0
1877-04-26,211.0,189.0,343.0,,0.0
1877-04-27,200.0,,76.0,,0.0
1877-04-28,167.0,100.0,20.0,,0.0
1877-04-29,178.0,100.0,0.0,,0.0
1877-04-30,178.0,78.0,0.0,,0.0
1883-04-01,,,0.0,,0.0
1883-04-02,167.0,44.0,0.0,,0.0
1883-04-03,161.0,44.0,0.0,,0.0
1883-04-04,167.0,111.0,5.0,,0.0
1883-04-05,261.0,161.0,5.0,,0.0
1883-04-06,272.0,156.0,3.0,,0.0
1883-04-07,217.0,100.0,0.0,,0.0
1883-04-08,261.0,89.0,0.0,,0.0
1883-04-09,217.0,106.0,0.0,,0.0
1883-04-10,217.0,111.0,0.0,,0.0
1883-04-11,289.0,161.0,0.0,,0.0
1883-04-12,289.0,128.0,140.0,,0.0
1883-04-13,267.0,206.0,0.0,,0.0
1883-04-14,300.0,222.0,208.0,,0.0
1883-04-15,289.0,122.0,163.0,,0.0
1883-04-16,250.0,72.0,0.0,,0.0
1883-04-17,278.0,,0.0,,0.0
1883-04-18,261.0,,0.0,,0.0
1883-04-19,278.0,,0.0,,0.0
1883-04-20,239.0,,229.0,,0.0
1883-04-21,261.0,,140.0,,0.0
1883-04-22,283.0,,0.0,,0.0
1883-04-23,278.0,,0.0,,0.0
1883-04-24,211.0,,0.0,,0.0
1883-04-25,233.0,,0.0,,0.0
1883-04-26,267.0,,0.0,,0.0
1883-04-27,211.0,,112.0,,0.0
1883-04-28,256.0,,56.0,,0.0
1883-04-29,222.0,,0.0,,0.0
1883-04-30,,,0.0,,0.0
1883-05-01,261.0,,0.0,,0.0
1883-05-02,294.0,,0.0,,0.0
1883-05-03,289.0,,0.0,,0.0
1883-05-04,272.0,,0.0,,0.0
1883-05-05,,,0.0,,0.0
1883-05-06,256.0,,0.0,,0.0
1883-05-07,289.0,83.0,0.0,,0.0
1883-05-08,294.0,217.0,0.0,,0.0
1883-05-09,,,0.0,,0.0
1883-05-10,,161.0,20.0,,0.0
1883-05-11,,189.0,257.0,,0.0
1883-05-12,267.0,78.0,0.0,,0.0
1883-05-13,306.0,122.0,0.0,,0.0
1883-05-14,300.0,183.0,0.0,,0.0
1883-05-15,300.0,178.0,0.0,,0.0
1883-05-16,272.0,122.0,0.0,,0.0
1883-05-17,300.0,139.0,0.0,,0.0
1883-05-18,311.0,217.0,0.0,,0.0
1883-05-19,306.0,217.0,0.0,,0.0
1883-05-20,294.0,156.0,0.0,,0.0
1883-05-21,183.0,94.0,0.0,,0.0
1883-05-22,206.0,39.0,0.0,,0.0
1883-05-23,,56.0,0.0,,0.0
1883-05-24,267.0,156.0,0.0,,0.0
1883-05-25,283.0,156.0,0.0,,0.0
1883-05-26,306.0,161.0,0.0,,0.0
1883-05-27,283.0,128.0,0.0,,0.0
1883-05-28,294.0,156.0,0.0,,0.0
1883-05-29,306.0,189.0,0.0,,0.0
1883-05-30,317.0,183.0,775.0,,0.0
1883-05-31,244.0,122.0,0.0,,0.0
1883-06-01,,,0.0,,0.0
1883-06-02,,,0.0,,0.0
1883-06-03,300.0,111.0,102.0,,0.0
1883-06-04,283.0,211.0,147.0,,0.0
1883-06-05,306.0,167.0,0.0,,0.0
1883-06-06,300.0,139.0,64.0,,0.0
1883-06-07,311.0,194.0,0.0,,0.0
1883-06-08,317.0,194.0,0.0,,0.0
1883-06-09,322.0,217.0,36.0,,0.0
1883-06-10,322.0,211.0,0.0,,0.0
1883-06-11,322.0,156.0,0.0,,0.0
1883-06-12,339.0,233.0,0.0,,0.0
1883-06-13,328.0,211.0,254.0,,0.0
1883-06-14,339.0,183.0,0.0,,0.0
1883-06-15,333.0,194.0,0.0,,0.0
1883-06-16,344.0,239.0,0.0,,0.0
1883-06-17,,,0.0,,0.0
1883-06-18,350.0,222.0,0.0,,0.0
1883-06-19,344.0,206.0,470.0,,0.0
1883-06-20,339.0,189.0,0.0,,0.0
1883-06-21,350.0,183.0,0.0,,0.0
1883-06-22,350.0,211.0,0.0,,0.0
1883-06-23,344.0,211.0,310.0,,0.0
1883-06-24,,,0.0,,0.0
1883-06-25,300.0,211.0,76.0,,0.0
1883-06-26,294.0,172.0,0.0,,0.0
1883-06-27,294.0,156.0,0.0,,0.0
1883-06-28,289.0,189.0,0.0,,0.0
1883-06-29,311.0,172.0,0.0,,0.0
1883-06-30,333.0,183.0,0.0,,0.0
1883-07-01,344.0,222.0,0.0,,0.0
1883-07-02,344.0,217.0,5.0,,0.0
1883-07-03,339.0,217.0,0.0,,0.0
1883-07-04,333.0,206.0,0.0,,0.0
1883-07-05,333.0,206.0,168.0,,0.0
1883-07-06,,,0.0,,0.0
1883-07-07,328.0,211.0,0.0,,0.0
1883-07-08,,,0.0,,0.0
1883-07-09,322.0,211.0,25.0,,0.0
1883-07-10,294.0,161.0,0.0,,0.0
1883-07-11,322.0,150.0,0.0,,0.0
1883-07-12,333.0,200.0,0.0,,0.0
1883-07-13,344.0,222.0,0.0,,0.0
1883-07-14,344.0,228.0,0.0,,0.0
1883-07-15,,,0.0,,0.0
1883-07-16,339.0,222.0,0.0,,0.0
1883-07-17,,,0.0,,0.0
1883-07-18,,,0.0,,0.0
1883-07-19,,,0.0,,0.0
1883-07-20,344.0,183.0,0.0,,0.0
1883-07-21,350.0,183.0,0.0,,0.0
1883-07-22,,,0.0,,0.0
1883-07-23,344.0,200.0,0.0,,0.0
1883-07-24,361.0,233.0,0.0,,0.0
1883-07-25,356.0,189.0,168.0,,0.0
1883-07-26,,,0.0,,0.0
1883-07-27,356.0,217.0,0.0,,0.0
1883-07-28,328.0,194.0,475.0,,0.0
1883-07-29,306.0,217.0,0.0,,0.0
1883-07-30,339.0,167.0,0.0,,0.0
1883-07-31,356.0,239.0,0.0,,0.0
1883-08-01,,,0.0,,0.0
1883-08-02,361.0,233.0,0.0,,0.0
1883-08-03,317.0,183.0,0.0,,0.0
1883-08-04,267.0,189.0,142.0,,0.0
1883-08-05,217.0,172.0,170.0,,0.0
1883-08-06,272.0,161.0,0.0,,0.0
1883-08-07,278.0,183.0,0.0,,0.0
1883-08-08,289.0,,0.0,,0.0
1883-08-09,317.0,,0.0,,0.0
1883-08-10,328.0,,0.0,,0.0
1883-08-11,317.0,,0.0,,0.0
1883-08-12,,,0.0,,0.0
1883-08-13,333.0,,69.0,,0.0
1883-08-14,333.0,,3.0,,0.0
1883-08-15,,,0.0,,0.0
1883-08-16,350.0,,0.0,,0.0
1883-08-17,322.0,,0.0,,0.0
1883-08-18,339.0,,0.0,,0.0
1883-08-19,344.0,,0.0,,0.0
1883-08-20,350.0,,0.0,,0.0
1883-08-21,356.0,,0.0,,0.0
1883-08-22,350.0,,0.0,,0.0
1883-08-23,350.0,,0.0,,0.0
1883-08-24,306.0,,0.0,,0.0
1883-08-25,311.0,,0.0,,0.0
1883-08-26,,,0.0,,0.0
1883-08-27,328.0,,0.0,,0.0
1883-08-28,,,0.0,,0.0
1883-08-29,,,0.0,,0.0
1883-08-30,344.0,,0.0,,0.0
1883-08-31,328.0,,0.0,,0.0
1883-09-01,350.0,222.0,0.0,,0.0
1883-09-02,356.0,222.0,0.0,,0.0
1883-09-03,372.0,167.0,0.0,,0.0
1883-09-04,361.0,183.0,0.0,,0.0
1883-09-05,339.0,167.0,0.0,,0.0
1883-09-06,306.0,111.0,0.0,,0.0
1883-09-07,322.0,89.0,0.0,,0.0
1883-09-08,339.0,83.0,0.0,,0.0
1883-09-09,278.0,211.0,0.0,,0.0
1883-09-10,278.0,83.0,0.0,,0.0
1883-09-11,294.0,161.0,0.0,,0.0
1883-09-12,300.0,67.0,0.0,,0.0
1883-09-13,333.0,44.0,0.0,,0.0
1883-09-14,339.0,167.0,0.0,,0.0
1883-09-15,,,0.0,,0.0
1883-09-16,322.0,178.0,30.0,,0.0
1883-09-17,283.0,167.0,0.0,,0.0
1883-09-18,278.0,117.0,0.0,,0.0
1883-09-19,261.0,133.0,0.0,,0.0
1883-09-20,278.0,100.0,0.0,,0.0
1883-09-21,244.0,139.0,0.0,,0.0
1883-09-22,228.0,61.0,0.0,,0.0
1883-09-23,228.0,61.0,0.0,,0.0
1883-09-24,250.0,44.0,0.0,,0.0
1883-09-25,278.0,61.0,0.0,,0.0
1883-09-26,294.0,61.0,0.0,,0.0
1883-09-27,300.0,94.0,0.0,,0.0
1883-09-28,278.0,111.0,0.0,,0.0
1883-09-29,322.0,156.0,0.0,,0.0
1883-09-30,339.0,178.0,0.0,,0.0
1883-10-01,328.0,167.0,0.0,,0.0
1883-10-02,333.0,167.0,0.0,,0.0
1883-10-03,333.0,156.0,0.0,,0.0
1883-10-04,333.0,194.0,0.0,,0.0
1883-10-05,339.0,178.0,0.0,,0.0
1883-10-06,344.0,172.0,0.0,,0.0
1883-10-07,,,0.0,,0.0
1883-10-08,344.0,144.0,0.0,,0.0
1883-10-09,339.0,117.0,0.0,,0.0
1883-10-10,322.0,189.0,0.0,,0.0
1883-10-11,322.0,172.0,0.0,,0.0
1883-10-12,,,0.0,,0.0
1883-10-13,317.0,67.0,0.0,,0.0
1883-10-14,239.0,128.0,8.0,,0.0
1883-10-15,200.0,83.0,0.0,,0.0
1883-10-16,244.0,50.0,0.0,,0.0
1883-10-17,261.0,111.0,0.0,,0.0
1883-10-18,239.0,150.0,38.0,,0.0
1883-10-19,211.0,156.0,33.0,,0.0
1883-10-20,194.0,67.0,3.0,,0.0
1883-10-21,200.0,44.0,5.0,,0.0
1883-10-22,167.0,44.0,0.0,,0.0
1883-10-23,183.0,83.0,8.0,,0.0
1883-10-24,172.0,-6.0,178.0,,0.0
1883-10-25,106.0,28.0,5.0,,0.0
1883-10-26,106.0,28.0,0.0,,0.0
1883-10-27,,,0.0,,0.0
1883-10-28,267.0,117.0,0.0,,0.0
1883-10-29,272.0,111.0,305.0,,0.0
1883-10-30,222.0,33.0,0.0,,0.0
1883-10-31,,,0.0,,0.0
1884-04-01,,,0.0,,0.0
1884-04-02,,,0.0,,0.0
1884-04-03,161.0,22.0,0.0,,0.0
1884-04-04,222.0,28.0,0.0,,0.0
1884-04-05,211.0,50.0,0.0,,0.0
1884-04-06,233.0,61.0,0.0,,0.0
1884-04-07,222.0,89.0,48.0,,0.0
1884-04-08,189.0,11.0,0.0,,0.0
1884-04-09,,,0.0,,0.0
1884-04-10,189.0,-22.0,0.0,,0.0
1884-04-11,150.0,22.0,76.0,,0.0
1884-04-12,200.0,67.0,0.0,,0.0
1884-04-13,272.0,100.0,0.0,,0.0
1884-04-14,261.0,133.0,508.0,,0.0
1884-04-15,272.0,78.0,0.0,,0.0
1884-04-16,267.0,78.0,0.0,,0.0
1884-04-17,267.0,61.0,0.0,,0.0
1884-04-18,261.0,128.0,241.0,,0.0
1884-04-19,194.0,122.0,330.0,,0.0
1884-04-20,211.0,122.0,3.0,,0.0
1884-04-21,172.0,61.0,0.0,,0.0
1884-04-22,133.0,33.0,69.0,,0.0
1884-04-23,122.0,39.0,0.0,,0.0
1884-04-24,189.0,17.0,0.0,,0.0
1884-04-25,244.0,78.0,0.0,,0.0
1884-04-26,244.0,106.0,0.0,,0.0
1884-04-27,294.0,150.0,0.0,,0.0
1884-04-28,261.0,206.0,191.0,,0.0
1884-04-29,267.0,156.0,0.0,,0.0
1884-04-30,272.0,144.0,0.0,,0.0
1884-05-01,306.0,167.0,5.0,,0.0
1884-05-02,,,0.0,,0.0
1884-05-03,239.0,144.0,406.0,,0.0
1884-05-04,250.0,161.0,140.0,,0.0
1884-05-05,272.0,144.0,0.0,,0.0
1884-05-06,261.0,111.0,8.0,,0.0
1884-05-07,256.0,122.0,0.0,,0.0
1884-05-08,239.0,106.0,0.0,,0.0
1884-05-09,272.0,128.0,0.0,,0.0
1884-05-10,300.0,133.0,0.0,,0.0
1884-05-11,339.0,150.0,0.0,,0.0
1884-05-12,294.0,156.0,0.0,,0.0
1884-05-13,283.0,167.0,0.0,,0.0
1884-05-14,267.0,128.0,13.0,,0.0
1884-05-15,206.0,100.0,3.0,,0.0
1884-05-16,239.0,128.0,3.0,,0.0
1884-05-17,,,0.0,,0.0
1884-05-18,256.0,156.0,0.0,,0.0
1884-05-19,256.0,122.0,5.0,,0.0
1884-05-20,278.0,128.0,0.0,,0.0
1884-05-21,267.0,172.0,20.0,,0.0
1884-05-22,250.0,161.0,513.0,,0.0
1884-05-23,289.0,167.0,0.0,,0.0
1884-05-24,283.0,167.0,13.0,,0.0
1884-05-25,289.0,161.0,15.0,,0.0
1884-05-26,267.0,161.0,0.0,,0.0
1884-05-27,272.0,117.0,0.0,,0.0
1884-05-28,317.0,89.0,0.0,,0.0
1884-05-29,261.0,144.0,0.0,,0.0
1884-05-30,250.0,111.0,0.0,,0.0
1884-05-31,289.0,106.0,0.0,,0.0
1884-06-01,,194.0,5.0,,0.0
1884-06-02,267.0,156.0,18.0,,0.0
1884-06-03,256.0,150.0,79.0,,0.0
1884-06-04,272.0,161.0,0.0,,0.0
1884-06-05,267.0,178.0,53.0,,0.0
1884-06-06,294.0,156.0,0.0,,0.0
1884-06-07,317.0,172.0,0.0,,0.0
1884-06-08,322.0,217.0,0.0,,0.0
1884-06-09,311.0,211.0,8.0,,0.0
1884-06-10,,,0.0,,0.0
1884-06-11,306.0,133.0,0.0,,0.0
1884-06-12,283.0,150.0,0.0,,0.0
1884-06-13,306.0,161.0,0.0,,0.0
1884-06-14,300.0,183.0,0.0,,0.0
1884-06-15,278.0,167.0,5.0,,0.0
1884-06-16,294.0,167.0,0.0,,0.0
1884-06-17,289.0,189.0,64.0,,0.0
1884-06-18,272.0,183.0,135.0,,0.0
1884-06-19,311.0,172.0,0.0,,0.0
1884-06-20,333.0,178.0,0.0,,0.0
1884-06-21,333.0,183.0,0.0,,0.0
1884-06-22,339.0,194.0,97.0,,0.0
1884-06-23,333.0,189.0,8.0,,0.0
1884-06-24,344.0,,0.0,,0.0
1884-06-25,322.0,,23.0,,0.0
1884-06-26,306.0,,13.0,,0.0
1884-06-27,306.0,,0.0,,0.0
1884-06-28,317.0,,0.0,,0.0
1884-06-29,328.0,,13.0,,0.0
1884-06-30,306.0,,0.0,,0.0
1884-07-01,328.0,,0.0,,0.0
1884-07-02,339.0,,0.0,,0.0
1884-07-03,333.0,,206.0,,0.0
1884-07-04,,,0.0,,0.0
1884-07-05,361.0,,0.0,,0.0
1884-07-06,356.0,,0.0,,0.0
1884-07-07,339.0,,0.0,,0.0
1884-07-08,361.0,,0.0,,0.0
1884-07-09,378.0,,0.0,,0.0
1884-07-10,372.0,,0.0,,0.0
1884-07-11,317.0,,0.0,,0.0
1884-07-12,339.0,,0.0,,0.0
1884-07-13,356.0,,0.0,,0.0
1884-07-14,344.0,233.0,0.0,,0.0
1884-07-15,344.0,100.0,102.0,,0.0
1884-07-16,311.0,217.0,51.0,,0.0
1884-07-17,317.0,233.0,0.0,,0.0
1884-07-18,333.0,228.0,0.0,,0.0
1884-07-19,333.0,211.0,0.0,,0.0
1884-07-20,328.0,228.0,0.0,,0.0
1884-07-21,333.0,233.0,0.0,,0.0
1884-07-22,344.0,200.0,0.0,,0.0
1884-07-23,344.0,222.0,0.0,,0.0
1884-07-24,344.0,228.0,0.0,,0.0
1884-07-25,344.0,228.0,0.0,,0.0
1884-07-26,350.0,244.0,0.0,,0.0
1884-07-27,356.0,233.0,0.0,,0.0
1884-07-28,344.0,,0.0,,0.0
1884-07-29,356.0,,0.0,,0.0
1884-07-30,350.0,244.0,0.0,,0.0
1884-07-31,322.0,206.0,305.0,,0.0
1884-08-01,311.0,217.0,0.0,,0.0
1884-08-02,328.0,194.0,0.0,,0.0
1884-08-03,333.0,233.0,0.0,,0.0
1884-08-04,333.0,161.0,13.0,,0.0
1884-08-05,333.0,161.0,0.0,,0.0
1884-08-06,278.0,117.0,0.0,,0.0
1884-08-07,300.0,144.0,0.0,,0.0
1884-08-08,300.0,144.0,0.0,,0.0
1884-08-09,289.0,183.0,0.0,,0.0
1884-08-10,300.0,117.0,0.0,,0.0
1884-08-11,283.0,106.0,0.0,,0.0
1884-08-12,306.0,133.0,0.0,,0.0
1884-08-13,333.0,156.0,0.0,,0.0
1884-08-14,339.0,144.0,0.0,,0.0
1884-08-15,328.0,183.0,0.0,,0.0
1884-08-16,322.0,167.0,0.0,,0.0
1884-08-17,339.0,178.0,0.0,,0.0
1884-08-18,333.0,,183.0,,0.0
1884-08-19,317.0,189.0,25.0,,0.0
1884-08-20,328.0,217.0,0.0,,0.0
1884-08-21,333.0,206.0,0.0,,0.0
1884-08-22,,,0.0,,0.0
1884-08-23,344.0,211.0,0.0,,0.0
1884-08-24,333.0,200.0,0.0,,0.0
1884-08-25,356.0,222.0,0.0,,0.0
1884-08-26,372.0,211.0,396.0,,0.0
1884-08-27,,,0.0,,0.0
1884-08-28,367.0,239.0,0.0,,0.0
1884-08-29,378.0,239.0,0.0,,0.0
1884-08-30,372.0,217.0,0.0,,0.0
1884-08-31,,,0.0,,0.0
1884-09-01,,,0.0,,0.0
1884-09-02,333.0,117.0,0.0,,0.0
1884-09-03,339.0,211.0,0.0,,0.0
1884-09-04,317.0,206.0,51.0,,0.0
1884-09-05,328.0,211.0,0.0,,0.0
1884-09-06,344.0,200.0,0.0,,0.0
1884-09-07,,,0.0,,0.0
1884-09-08,344.0,189.0,0.0,,0.0
1884-09-09,339.0,217.0,0.0,,0.0
1884-09-10,339.0,222.0,0.0,,0.0
1884-09-11,350.0,200.0,0.0,,0.0
1884-09-12,333.0,206.0,0.0,,0.0
1884-09-13,339.0,183.0,0.0,,0.0
1884-09-14,,,0.0,,0.0
1884-09-15,344.0,172.0,0.0,,0.0
1884-09-16,322.0,183.0,0.0,,0.0
1884-09-17,311.0,200.0,0.0,,0.0
1884-09-18,300.0,133.0,0.0,,0.0
1884-09-19,294.0,189.0,51.0,,0.0
1884-09-20,328.0,111.0,0.0,,0.0
1884-09-21,317.0,183.0,0.0,,0.0
1884-09-22,344.0,133.0,0.0,,0.0
1884-09-23,333.0,206.0,0.0,,0.0
1884-09-24,,,0.0,,0.0
1884-09-25,311.0,178.0,610.0,,0.0
1884-09-26,300.0,206.0,51.0,,0.0
1884-09-27,294.0,228.0,25.0,,0.0
1884-09-28,,,0.0,,0.0
1884-09-29,306.0,178.0,102.0,,0.0
1884-09-30,322.0,217.0,0.0,,0.0
1884-10-01,322.0,206.0,0.0,,0.0
1884-10-02,306.0,206.0,0.0,,0.0
1884-10-03,311.0,189.0,0.0,,0.0
1884-10-04,322.0,206.0,0.0,,0.0
1884-10-05,,,0.0,,0.0
1884-10-06,322.0,194.0,0.0,,0.0
1884-10-07,333.0,194.0,0.0,,0.0
1884-10-08,322.0,189.0,0.0,,0.0
1884-10-09,278.0,122.0,0.0,,0.0
1884-10-10,161.0,144.0,0.0,,0.0
1884-10-11,239.0,106.0,0.0,,0.0
1884-10-12,294.0,89.0,0.0,,0.0
1884-10-13,289.0,150.0,0.0,,0.0
1884-10-14,,,0.0,,0.0
1884-10-15,267.0,106.0,0.0,,0.0
1884-10-16,283.0,100.0,0.0,,0.0
1884-10-17,,,0.0,,0.0
1884-10-18,283.0,94.0,0.0,,0.0
1884-10-19,,,0.0,,0.0
1884-10-20,289.0,94.0,0.0,,0.0
1884-10-21,,,0.0,,0.0
1884-10-22,278.0,139.0,0.0,,0.0
1884-10-23,172.0,50.0,0.0,,0.0
1884-10-24,183.0,0.0,0.0,,0.0
1884-10-25,167.0,56.0,0.0,,0.0
1884-10-26,206.0,106.0,127.0,,0.0
1884-10-27,206.0,106.0,203.0,,0.0
1884-10-28,167.0,122.0,0.0,,0.0
1884-10-29,156.0,100.0,76.0,,0.0
1884-10-30,206.0,144.0,0.0,,0.0
1885-05-01,267.0,67.0,0.0,,0.0
1885-05-02,267.0,72.0,0.0,,0.0
1885-05-03,233.0,72.0,0.0,,0.0
1885-05-04,267.0,100.0,0.0,,0.0
1885-05-05,267.0,128.0,0.0,,0.0
1885-05-06,283.0,178.0,0.0,,0.0
1885-05-07,250.0,139.0,0.0,,0.0
1885-05-08,194.0,83.0,0.0,,0.0
1885-05-09,222.0,106.0,0.0,,0.0
1885-05-10,222.0,67.0,0.0,,0.0
1885-05-11,239.0,100.0,0.0,,0.0
1885-05-12,261.0,128.0,0.0,,0.0
1885-05-13,256.0,111.0,0.0,,0.0
1885-05-14,222.0,189.0,0.0,,0.0
1885-05-15,283.0,117.0,0.0,,0.0
1885-05-16,333.0,156.0,0.0,,0.0
1885-05-17,283.0,172.0,0.0,,0.0
1885-05-18,228.0,156.0,25.0,,0.0
1885-05-19,239.0,144.0,0.0,,0.0
1885-05-20,239.0,128.0,102.0,,0.0
1885-05-21,239.0,161.0,165.0,,0.0
1885-05-22,278.0,117.0,0.0,,0.0
1885-05-23,306.0,167.0,0.0,,0.0
1885-05-24,,,0.0,,0.0
1885-05-25,317.0,200.0,0.0,,0.0
1885-05-26,294.0,206.0,787.0,,0.0
1885-05-27,289.0,206.0,178.0,,0.0
1885-05-28,294.0,200.0,25.0,,0.0
1885-05-29,311.0,211.0,0.0,,0.0
1885-05-30,300.0,189.0,0.0,,0.0
1885-05-31,289.0,161.0,0.0,,0.0
1885-06-01,317.0,183.0,0.0,,0.0
1885-06-02,322.0,183.0,0.0,,0.0
1885-06-03,328.0,194.0,0.0,,0.0
1885-06-04,339.0,100.0,0.0,,0.0
1885-06-05,356.0,211.0,0.0,,0.0
1885-06-06,344.0,194.0,0.0,,0.0
1885-06-07,,,0.0,,0.0
1885-06-08,350.0,228.0,0.0,,0.0
1885-06-09,289.0,200.0,25.0,,0.0
1885-06-10,317.0,183.0,0.0,,0.0
1885-06-11,311.0,128.0,0.0,,0.0
1885-06-12,333.0,106.0,178.0,,0.0
1885-06-13,333.0,239.0,0.0,,0.0
1885-06-14,339.0,244.0,0.0,,0.0
1885-06-15,350.0,111.0,0.0,,0.0
1885-06-16,367.0,183.0,330.0,,0.0
1885-06-17,383.0,200.0,0.0,,0.0
1885-06-18,300.0,200.0,0.0,,0.0
1885-06-19,394.0,194.0,0.0,,0.0
1885-06-20,356.0,217.0,0.0,,0.0
1885-06-21,333.0,239.0,0.0,,0.0
1885-06-22,317.0,128.0,25.0,,0.0
1885-06-23,311.0,206.0,0.0,,0.0
1885-06-24,317.0,222.0,102.0,,0.0
1885-06-25,300.0,217.0,102.0,,0.0
1885-06-26,367.0,211.0,0.0,,0.0
1885-06-27,322.0,217.0,102.0,,0.0
1885-06-28,389.0,228.0,38.0,,0.0
1885-06-29,300.0,222.0,0.0,,0.0
1885-06-30,300.0,206.0,0.0,,0.0
1885-07-01,289.0,150.0,0.0,,0.0
1885-07-02,339.0,161.0,0.0,,0.0
1885-07-03,339.0,206.0,0.0,,0.0
1885-07-04,317.0,228.0,71.0,,0.0
1885-07-05,322.0,217.0,0.0,,0.0
1885-07-06,278.0,211.0,330.0,,0.0
1885-07-07,317.0,200.0,0.0,,0.0
1885-07-08,328.0,250.0,0.0,,0.0
1885-07-09,344.0,244.0,0.0,,0.0
1885-07-10,356.0,250.0,0.0,,0.0
1885-07-11,350.0,250.0,0.0,,0.0
1885-07-12,,,0.0,,0.0
1885-07-13,356.0,222.0,0.0,,0.0
1885-07-14,339.0,228.0,0.0,,0.0
1885-07-15,344.0,211.0,0.0,,0.0
1885-07-16,344.0,200.0,0.0,,0.0
1885-07-17,389.0,228.0,0.0,,0.0
1885-07-18,350.0,233.0,0.0,,0.0
1885-07-19,356.0,244.0,0.0,,0.0
1885-07-20,350.0,217.0,0.0,,0.0
1885-07-21,344.0,206.0,51.0,,0.0
1885-07-22,311.0,228.0,84.0,,0.0
1885-07-23,333.0,233.0,0.0,,0.0
1885-07-24,372.0,244.0,0.0,,0.0
1885-07-25,361.0,250.0,0.0,,0.0
1885-07-26,361.0,250.0,0.0,,0.0
1885-07-27,372.0,194.0,0.0,,0.0
1885-07-28,378.0,261.0,279.0,,0.0
1885-07-29,356.0,250.0,69.0,,0.0
1885-07-30,350.0,239.0,0.0,,0.0
1885-07-31,361.0,239.0,0.0,,0.0
1885-08-01,356.0,250.0,102.0,,0.0
1885-08-02,,,0.0,,0.0
1885-08-03,317.0,228.0,0.0,,0.0
1885-08-04,361.0,183.0,0.0,,0.0
1885-08-05,322.0,233.0,114.0,,0.0
1885-08-06,339.0,189.0,0.0,,0.0
1885-08-07,378.0,244.0,0.0,,0.0
1885-08-08,378.0,244.0,0.0,,0.0
1885-08-09,372.0,239.0,0.0,,0.0
1885-08-10,372.0,239.0,0.0,,0.0
1885-08-11,372.0,250.0,0.0,,0.0
1885-08-12,333.0,233.0,0.0,,0.0
1885-08-13,339.0,217.0,0.0,,0.0
1885-08-14,372.0,233.0,0.0,,0.0
1885-08-15,322.0,156.0,0.0,,0.0
1885-08-16,,,0.0,,0.0
1885-08-17,317.0,183.0,0.0,,0.0
1885-08-18,306.0,178.0,58.0,,0.0
1885-08-19,333.0,211.0,0.0,,0.0
1885-08-20,350.0,228.0,0.0,,0.0
1885-08-21,350.0,239.0,0.0,,0.0
1885-08-22,356.0,206.0,0.0,,0.0
1885-08-23,333.0,211.0,305.0,,0.0
1885-08-24,339.0,222.0,0.0,,0.0
1885-08-25,333.0,239.0,0.0,,0.0
1885-08-26,356.0,189.0,0.0,,0.0
1885-08-27,311.0,156.0,0.0,,0.0
1885-08-28,306.0,167.0,0.0,,0.0
1885-08-29,322.0,178.0,0.0,,0.0
1885-08-30,339.0,211.0,0.0,,0.0
1885-08-31,350.0,189.0,0.0,,0.0
1885-09-01,306.0,139.0,0.0,,0.0
1885-09-02,328.0,167.0,0.0,,0.0
1885-09-03,339.0,167.0,0.0,,0.0
1885-09-04,328.0,167.0,0.0,,0.0
1885-09-05,311.0,161.0,0.0,,0.0
1885-09-06,,,0.0,,0.0
1885-09-07,372.0,178.0,0.0,,0.0
1885-09-08,322.0,222.0,51.0,,0.0
1885-09-09,306.0,206.0,25.0,,0.0
1885-09-10,294.0,189.0,0.0,,0.0
1885-09-11,311.0,161.0,99.0,,0.0
1885-09-12,306.0,239.0,43.0,,0.0
1885-09-13,322.0,217.0,0.0,,0.0
1885-09-14,322.0,222.0,0.0,,0.0
1885-09-15,317.0,200.0,305.0,,0.0
1885-09-16,294.0,194.0,0.0,,0.0
1885-09-17,294.0,194.0,0.0,,0.0
1885-09-18,272.0,200.0,127.0,,0.0
1885-09-19,244.0,206.0,33.0,,0.0
1885-09-20,,,0.0,,0.0
1885-09-21,278.0,183.0,0.0,,0.0
1885-09-22,317.0,167.0,0.0,,0.0
1885-09-23,306.0,189.0,0.0,,0.0
1885-09-24,272.0,83.0,0.0,,0.0
1885-09-25,283.0,106.0,0.0,,0.0
1885-09-26,306.0,183.0,61.0,,0.0
1885-09-27,,,0.0,,0.0
1885-09-28,222.0,161.0,0.0,,0.0
1885-09-29,267.0,156.0,0.0,,0.0
1885-09-30,261.0,156.0,0.0,,0.0
1885-10-01,278.0,167.0,0.0,,0.0
1885-10-02,294.0,161.0,76.0,,0.0
1885-10-03,289.0,156.0,0.0,,0.0
1885-10-04,267.0,,0.0,,0.0
1885-10-05,239.0,,0.0,,0.0
1885-10-06,,,0.0,,0.0
1885-10-07,189.0,128.0,0.0,,0.0
1885-10-08,222.0,117.0,0.0,,0.0
1885-10-09,222.0,72.0,0.0,,0.0
1885-10-10,239.0,61.0,0.0,,0.0
1885-10-11,250.0,78.0,0.0,,0.0
1885-10-12,256.0,117.0,0.0,,0.0
1885-10-13,172.0,83.0,0.0,,0.0
1885-10-14,211.0,50.0,0.0,,0.0
1885-10-15,267.0,44.0,0.0,,0.0
1885-10-16,289.0,128.0,0.0,,0.0
1885-10-17,294.0,128.0,0.0,,0.0
1885-10-18,272.0,6.0,0.0,,0.0
1885-10-19,156.0,44.0,203.0,,0.0
1885-10-20,156.0,44.0,0.0,,0.0
1885-10-21,144.0,39.0,0.0,,0.0
1885-10-22,189.0,22.0,0.0,,0.0
1885-10-23,239.0,78.0,0.0,,0.0
1885-10-24,233.0,44.0,0.0,,0.0
1885-10-25,,,0.0,,0.0
1885-10-26,228.0,78.0,0.0,,0.0
1885-10-27,206.0,133.0,0.0,,0.0
1885-10-28,156.0,100.0,0.0,,0.0
1885-10-29,167.0,78.0,0.0,,0.0
1885-10-30,172.0,17.0,0.0,,0.0
1885-10-31,239.0,44.0,0.0,,0.0
1886-05-01,222.0,83.0,0.0,0.0,0.0
1886-05-02,,,0.0,0.0,0.0
1886-05-03,272.0,94.0,0.0,0.0,0.0
1886-05-04,283.0,111.0,0.0,0.0,0.0
1886-05-05,322.0,161.0,0.0,0.0,0.0
1886-05-06,294.0,206.0,0.0,0.0,0.0
1886-05-07,278.0,178.0,0.0,0.0,0.0
1886-05-08,306.0,144.0,0.0,0.0,0.0
1886-05-09,306.0,189.0,0.0,0.0,0.0
1886-05-10,317.0,200.0,0.0,0.0,0.0
1886-05-11,322.0,206.0,0.0,0.0,0.0
1886-05-12,328.0,206.0,0.0,0.0,0.0
1886-05-13,328.0,211.0,0.0,0.0,0.0
1886-05-14,322.0,200.0,0.0,0.0,0.0
1886-05-15,300.0,150.0,0.0,0.0,0.0
1886-05-16,250.0,100.0,0.0,0.0,0.0
1886-05-17,233.0,111.0,0.0,0.0,0.0
1886-05-18,244.0,133.0,0.0,0.0,0.0
1886-05-19,233.0,156.0,0.0,0.0,0.0
1886-05-20,250.0,150.0,0.0,0.0,0.0
1886-05-21,283.0,172.0,109.0,0.0,0.0
1886-05-22,306.0,161.0,0.0,0.0,0.0
1886-05-23,,,0.0,0.0,0.0
1886-05-24,322.0,167.0,0.0,0.0,0.0
1886-05-25,322.0,161.0,0.0,0.0,0.0
1886-05-26,328.0,133.0,0.0,0.0,0.0
1886-05-27,333.0,139.0,0.0,0.0,0.0
1886-05-28,339.0,217.0,0.0,0.0,0.0
1886-05-29,356.0,211.0,0.0,0.0,0.0
1886-05-30,372.0,228.0,0.0,0.0,0.0
1886-05-31,367.0,222.0,0.0,0.0,0.0
1886-06-01,367.0,206.0,0.0,0.0,0.0
1886-06-02,361.0,183.0,0.0,0.0,0.0
1886-06-03,361.0,172.0,66.0,0.0,0.0
1886-06-04,250.0,150.0,0.0,0.0,0.0
1886-06-05,289.0,139.0,0.0,0.0,0.0
1886-06-06,294.0,133.0,0.0,0.0,0.0
1886-06-07,283.0,178.0,58.0,0.0,0.0
1886-06-08,289.0,183.0,104.0,0.0,0.0
1886-06-09,283.0,200.0,28.0,0.0,0.0
1886-06-10,311.0,189.0,76.0,0.0,0.0
1886-06-11,322.0,178.0,0.0,0.0,0.0
1886-06-12,339.0,200.0,0.0,0.0,0.0
1886-06-13,372.0,211.0,58.0,0.0,0.0
1886-06-14,311.0,211.0,76.0,0.0,0.0
1886-06-15,300.0,222.0,28.0,0.0,0.0
1886-06-16,278.0,222.0,203.0,0.0,0.0
1886-06-17,317.0,217.0,0.0,0.0,0.0
1886-06-18,306.0,167.0,0.0,0.0,0.0
1886-06-19,300.0,167.0,0.0,0.0,0.0
1886-06-20,,,0.0,0.0,0.0
1886-06-21,267.0,156.0,381.0,0.0,0.0
1886-06-22,294.0,172.0,0.0,0.0,0.0
1886-06-23,294.0,156.0,51.0,0.0,0.0
1886-06-24,306.0,161.0,0.0,0.0,0.0
1886-06-25,328.0,161.0,0.0,0.0,0.0
1886-06-26,344.0,200.0,0.0,0.0,0.0
1886-06-27,339.0,256.0,0.0,0.0,0.0
1886-06-28,322.0,200.0,51.0,0.0,0.0
1886-06-29,300.0,178.0,0.0,0.0,0.0
1886-06-30,289.0,189.0,0.0,0.0,0.0
1886-07-01,300.0,183.0,0.0,0.0,0.0
1886-07-02,311.0,161.0,0.0,0.0,0.0
1886-07-03,322.0,178.0,0.0,0.0,0.0
1886-07-04,328.0,183.0,0.0,0.0,0.0
1886-07-05,339.0,172.0,0.0,0.0,0.0
1886-07-06,339.0,183.0,0.0,0.0,0.0
1886-07-07,317.0,194.0,0.0,0.0,0.0
1886-07-08,333.0,172.0,0.0,0.0,0.0
1886-07-09,344.0,183.0,0.0,0.0,0.0
1886-07-10,350.0,211.0,0.0,0.0,0.0
1886-07-11,328.0,183.0,0.0,0.0,0.0
1886-07-12,339.0,200.0,0.0,0.0,0.0
1886-07-13,356.0,194.0,0.0,0.0,0.0
1886-07-14,344.0,211.0,0.0,0.0,0.0
1886-07-15,317.0,189.0,0.0,0.0,0.0
1886-07-16,289.0,156.0,0.0,0.0,0.0
1886-07-17,317.0,156.0,0.0,0.0,0.0
1886-07-18,333.0,172.0,0.0,0.0,0.0
1886-07-19,339.0,194.0,0.0,0.0,0.0
1886-07-20,322.0,228.0,33.0,0.0,0.0
1886-07-21,306.0,233.0,0.0,0.0,0.0
1886-07-22,322.0,194.0,0.0,0.0,0.0
1886-07-23,333.0,161.0,0.0,0.0,0.0
1886-07-24,333.0,178.0,0.0,0.0,0.0
1886-07-25,,,0.0,0.0,0.0
1886-07-26,317.0,228.0,76.0,0.0,0.0
1886-07-27,328.0,228.0,0.0,0.0,0.0
1886-07-28,333.0,222.0,0.0,0.0,0.0
1886-07-29,356.0,211.0,0.0,0.0,0.0
1886-07-30,350.0,217.0,0.0,0.0,0.0
1886-07-31,367.0,233.0,0.0,0.0,0.0
1886-08-01,344.0,233.0,3.0,0.0,0.0
1886-08-02,317.0,222.0,10.0,0.0,0.0
1886-08-03,322.0,200.0,0.0,0.0,0.0
1886-08-04,322.0,206.0,5.0,0.0,0.0
1886-08-05,283.0,200.0,0.0,0.0,0.0
1886-08-06,322.0,183.0,0.0,0.0,0.0
1886-08-07,322.0,189.0,0.0,0.0,0.0
1886-08-08,322.0,156.0,0.0,0.0,0.0
1886-08-09,333.0,172.0,0.0,0.0,0.0
1886-08-10,350.0,217.0,0.0,0.0,0.0
1886-08-11,361.0,211.0,0.0,0.0,0.0
1886-08-12,356.0,211.0,0.0,0.0,0.0
1886-08-13,367.0,222.0,0.0,0.0,0.0
1886-08-14,372.0,222.0,0.0,0.0,0.0
1886-08-15,383.0,228.0,0.0,0.0,0.0
1886-08-16,378.0,228.0,0.0,0.0,0.0
1886-08-17,389.0,233.0,0.0,0.0,0.0
1886-08-18,378.0,228.0,0.0,0.0,0.0
1886-08-19,356.0,222.0,0.0,0.0,0.0
1886-08-20,350.0,206.0,0.0,0.0,0.0
1886-08-21,350.0,228.0,0.0,0.0,0.0
1886-08-22,361.0,206.0,0.0,0.0,0.0
1886-08-23,372.0,222.0,0.0,0.0,0.0
1886-08-24,356.0,200.0,0.0,0.0,0.0
1886-08-25,311.0,194.0,0.0,0.0,0.0
1886-08-26,339.0,183.0,0.0,0.0,0.0
1886-08-27,328.0,189.0,0.0,0.0,0.0
1886-08-28,333.0,194.0,0.0,0.0,0.0
1886-08-29,333.0,189.0,0.0,0.0,0.0
1886-08-30,322.0,178.0,254.0,0.0,0.0
1886-08-31,278.0,150.0,0.0,0.0,0.0
1886-09-01,294.0,233.0,0.0,0.0,0.0
1886-09-02,322.0,178.0,0.0,0.0,0.0
1886-09-03,356.0,150.0,0.0,0.0,0.0
1886-09-04,317.0,161.0,0.0,0.0,0.0
1886-09-05,322.0,156.0,0.0,0.0,0.0
1886-09-06,322.0,183.0,0.0,0.0,0.0
1886-09-07,317.0,,0.0,0.0,0.0
1886-09-08,339.0,,0.0,0.0,0.0
1886-09-09,344.0,,0.0,0.0,0.0
1886-09-10,356.0,,0.0,0.0,0.0
1886-09-11,367.0,,0.0,0.0,0.0
1886-09-12,322.0,211.0,114.0,0.0,0.0
1886-09-13,244.0,189.0,343.0,0.0,0.0
1886-09-14,228.0,183.0,445.0,0.0,0.0
1886-09-15,294.0,189.0,38.0,0.0,0.0
1886-09-16,306.0,228.0,0.0,0.0,0.0
1886-09-17,328.0,211.0,0.0,0.0,0.0
1886-09-18,328.0,217.0,0.0,0.0,0.0
1886-09-19,344.0,211.0,0.0,0.0,0.0
1886-09-20,317.0,206.0,0.0,0.0,0.0
1886-09-21,317.0,183.0,0.0,0.0,0.0
1886-09-22,322.0,172.0,0.0,0.0,0.0
1886-09-23,317.0,211.0,0.0,0.0,0.0
1886-09-24,289.0,211.0,0.0,0.0,0.0
1886-09-25,311.0,228.0,0.0,0.0,0.0
1886-09-26,311.0,233.0,0.0,0.0,0.0
1886-09-27,367.0,239.0,0.0,0.0,0.0
1886-09-28,300.0,178.0,89.0,0.0,0.0
1886-09-29,211.0,94.0,0.0,0.0,0.0
1886-09-30,217.0,117.0,0.0,0.0,0.0
1886-10-01,189.0,94.0,0.0,0.0,0.0
1886-10-02,189.0,50.0,0.0,0.0,0.0
1886-10-03,222.0,61.0,0.0,0.0,0.0
1886-10-04,244.0,94.0,0.0,0.0,0.0
1886-10-05,256.0,89.0,0.0,0.0,0.0
1886-10-06,283.0,106.0,0.0,0.0,0.0
1886-10-07,278.0,111.0,0.0,0.0,0.0
1886-10-08,283.0,161.0,0.0,0.0,0.0
1886-10-09,278.0,111.0,0.0,0.0,0.0
1886-10-10,283.0,133.0,0.0,0.0,0.0
1886-10-11,283.0,128.0,0.0,0.0,0.0
1886-10-12,283.0,178.0,0.0,0.0,0.0
1886-10-13,261.0,217.0,305.0,0.0,0.0
1886-10-14,250.0,189.0,0.0,0.0,0.0
1886-10-15,228.0,128.0,0.0,0.0,0.0
1886-10-16,222.0,83.0,0.0,0.0,0.0
1886-10-17,228.0,61.0,0.0,0.0,0.0
1886-10-18,272.0,94.0,0.0,0.0,0.0
1886-10-19,278.0,189.0,0.0,0.0,0.0
1886-10-20,283.0,161.0,0.0,0.0,0.0
1886-10-21,272.0,139.0,0.0,0.0,0.0
1886-10-22,272.0,161.0,0.0,0.0,0.0
1886-10-23,283.0,139.0,0.0,0.0,0.0
1886-10-24,267.0,172.0,0.0,0.0,0.0
1886-10-25,228.0,144.0,196.0,0.0,0.0
1886-10-26,167.0,100.0,0.0,0.0,0.0
1886-10-27,156.0,17.0,0.0,0.0,0.0
1886-10-28,150.0,0.0,0.0,0.0,0.0
1886-10-29,194.0,33.0,0.0,0.0,0.0
1886-10-30,200.0,100.0,0.0,0.0,0.0
1886-10-31,217.0,61.0,0.0,0.0,0.0
1887-05-09,322.0,122.0,0.0,0.0,0.0
1887-05-10,328.0,106.0,0.0,0.0,0.0
1887-05-11,306.0,100.0,0.0,0.0,0.0
1887-05-12,306.0,111.0,0.0,0.0,0.0
1887-05-13,322.0,106.0,0.0,0.0,0.0
1887-05-14,322.0,106.0,0.0,0.0,0.0
1887-05-15,283.0,100.0,0.0,0.0,0.0
1887-05-16,300.0,106.0,0.0,0.0,0.0
1887-05-17,300.0,106.0,0.0,0.0,0.0
1887-05-18,289.0,100.0,0.0,0.0,0.0
1887-05-19,294.0,94.0,0.0,0.0,0.0
1887-05-20,306.0,78.0,0.0,0.0,0.0
1887-05-21,300.0,83.0,0.0,0.0,0.0
1887-05-22,322.0,100.0,0.0,0.0,0.0
1887-05-23,322.0,100.0,0.0,0.0,0.0
1887-05-24,317.0,128.0,0.0,0.0,0.0
1887-05-25,306.0,106.0,127.0,0.0,0.0
1887-05-26,333.0,139.0,0.0,0.0,0.0
1887-05-27,322.0,117.0,76.0,0.0,0.0
1887-05-28,317.0,106.0,0.0,0.0,0.0
1887-05-29,283.0,111.0,533.0,0.0,0.0
1887-05-30,311.0,100.0,0.0,0.0,0.0
1887-05-31,317.0,78.0,0.0,0.0,0.0
1887-06-01,311.0,61.0,0.0,0.0,0.0
1887-06-02,300.0,128.0,0.0,0.0,0.0
1887-06-03,339.0,117.0,51.0,0.0,0.0
1887-06-04,261.0,117.0,137.0,0.0,0.0
1887-06-05,322.0,117.0,0.0,0.0,0.0
1887-06-06,333.0,172.0,0.0,0.0,0.0
1887-06-07,333.0,133.0,38.0,0.0,0.0
1887-06-08,328.0,144.0,0.0,0.0,0.0
1887-06-09,339.0,150.0,0.0,0.0,0.0
1887-06-10,350.0,133.0,0.0,0.0,0.0
1887-06-11,322.0,139.0,0.0,0.0,0.0
1887-06-12,328.0,133.0,0.0,0.0,0.0
1887-06-13,289.0,122.0,0.0,0.0,0.0
1887-06-14,322.0,67.0,0.0,0.0,0.0
1887-06-15,356.0,78.0,0.0,0.0,0.0
1887-06-16,350.0,94.0,0.0,0.0,0.0
1887-06-17,356.0,117.0,0.0,0.0,0.0
1887-06-18,350.0,133.0,0.0,0.0,0.0
1887-06-19,361.0,144.0,0.0,0.0,0.0
1887-06-20,361.0,167.0,0.0,0.0,0.0
1887-06-21,344.0,144.0,0.0,0.0,0.0
1887-06-22,300.0,122.0,0.0,0.0,0.0
1887-06-23,300.0,117.0,0.0,0.0,0.0
1887-06-24,317.0,61.0,0.0,0.0,0.0
1887-06-25,339.0,100.0,0.0,0.0,0.0
1887-06-26,333.0,139.0,0.0,0.0,0.0
1887-06-27,311.0,122.0,0.0,0.0,0.0
1887-06-28,278.0,122.0,122.0,0.0,0.0
1887-06-29,289.0,128.0,0.0,0.0,0.0
1887-06-30,289.0,139.0,178.0,0.0,0.0
1887-07-02,306.0,111.0,114.0,0.0,0.0
1887-07-03,306.0,156.0,0.0,0.0,0.0
1887-07-04,333.0,161.0,0.0,0.0,0.0
1887-07-05,322.0,144.0,127.0,0.0,0.0
1887-07-06,311.0,150.0,0.0,0.0,0.0
1887-07-07,311.0,117.0,173.0,0.0,0.0
1887-07-08,272.0,139.0,0.0,0.0,0.0
1887-07-09,344.0,167.0,0.0,0.0,0.0
1887-07-10,361.0,161.0,0.0,0.0,0.0
1887-07-11,333.0,172.0,0.0,0.0,0.0
1887-07-12,328.0,161.0,0.0,0.0,0.0
1887-07-13,328.0,144.0,0.0,0.0,0.0
1887-07-14,306.0,139.0,0.0,0.0,0.0
1887-07-15,350.0,150.0,0.0,0.0,0.0
1887-07-16,356.0,167.0,0.0,0.0,0.0
1887-07-17,361.0,167.0,0.0,0.0,0.0
1887-07-18,361.0,156.0,0.0,0.0,0.0
1887-07-19,378.0,178.0,0.0,0.0,0.0
1887-07-20,378.0,167.0,297.0,0.0,0.0
1887-07-21,339.0,156.0,25.0,0.0,0.0
1887-07-22,328.0,111.0,56.0,0.0,0.0
1887-07-23,322.0,194.0,368.0,0.0,0.0
1887-07-24,322.0,139.0,0.0,0.0,0.0
1887-07-25,322.0,117.0,0.0,0.0,0.0
1887-07-26,339.0,156.0,0.0,0.0,0.0
1887-07-27,333.0,161.0,0.0,0.0,0.0
1887-07-28,344.0,156.0,0.0,0.0,0.0
1887-07-29,361.0,172.0,0.0,0.0,0.0
1887-07-30,372.0,183.0,0.0,0.0,0.0
1887-07-31,361.0,183.0,0.0,0.0,0.0
1887-08-01,383.0,183.0,0.0,0.0,0.0
1887-08-02,367.0,161.0,0.0,0.0,0.0
1887-08-03,367.0,183.0,51.0,0.0,0.0
1887-08-04,367.0,183.0,0.0,0.0,0.0
1887-08-05,372.0,189.0,0.0,0.0,0.0
1887-08-06,328.0,156.0,0.0,0.0,0.0
1887-08-07,328.0,161.0,0.0,0.0,0.0
1887-08-08,311.0,178.0,203.0,0.0,0.0
1887-08-09,339.0,189.0,0.0,0.0,0.0
1887-08-10,339.0,183.0,0.0,0.0,0.0
1887-08-11,344.0,156.0,0.0,0.0,0.0
1887-08-12,350.0,156.0,0.0,0.0,0.0
1887-08-13,361.0,172.0,0.0,0.0,0.0
1887-08-14,367.0,178.0,0.0,0.0,0.0
1887-08-15,361.0,183.0,0.0,0.0,0.0
1887-08-16,350.0,150.0,0.0,0.0,0.0
1887-08-17,344.0,178.0,0.0,0.0,0.0
1887-08-18,350.0,183.0,0.0,0.0,0.0
1887-08-19,356.0,194.0,0.0,0.0,0.0
1887-08-20,350.0,133.0,0.0,0.0,0.0
1887-08-21,372.0,128.0,0.0,0.0,0.0
1887-08-22,350.0,133.0,127.0,0.0,0.0
1887-08-23,344.0,150.0,0.0,0.0,0.0
1887-08-24,344.0,94.0,0.0,0.0,0.0
1887-08-25,344.0,78.0,0.0,0.0,0.0
1887-08-26,350.0,83.0,102.0,0.0,0.0
1887-08-27,311.0,122.0,0.0,0.0,0.0
1887-08-28,306.0,128.0,0.0,0.0,0.0
1887-08-29,300.0,83.0,0.0,0.0,0.0
1887-08-30,283.0,133.0,0.0,0.0,0.0
1887-08-31,300.0,133.0,0.0,0.0,0.0
1887-09-01,306.0,56.0,0.0,,
1887-09-02,317.0,72.0,0.0,,
1887-09-03,333.0,117.0,0.0,,
1887-09-04,339.0,111.0,0.0,,
1887-09-05,339.0,94.0,0.0,,
1887-09-06,350.0,128.0,0.0,,
1887-09-07,356.0,144.0,0.0,,
1887-09-08,361.0,156.0,0.0,,
1887-09-09,367.0,178.0,0.0,,
1887-09-10,378.0,161.0,0.0,,
1887-09-11,378.0,167.0,0.0,,
1887-09-12,372.0,172.0,0.0,,
1887-09-13,350.0,167.0,0.0,,
1887-09-14,356.0,167.0,0.0,,
1887-09-15,339.0,167.0,0.0,,
1887-09-16,317.0,139.0,0.0,,
1887-09-17,317.0,128.0,0.0,,
1887-09-18,339.0,156.0,0.0,,
1887-09-19,322.0,117.0,0.0,,
1887-09-20,317.0,117.0,0.0,,
1887-09-21,339.0,139.0,0.0,,
1887-09-22,339.0,139.0,0.0,,
1887-09-23,322.0,122.0,533.0,,
1887-09-24,239.0,6.0,0.0,,
1887-09-25,256.0,28.0,0.0,,
1887-09-26,244.0,67.0,64.0,,
1887-09-27,206.0,100.0,102.0,,
1887-09-28,206.0,72.0,25.0,,
1887-09-29,189.0,56.0,0.0,,
1887-09-30,256.0,44.0,0.0,,
1887-10-01,294.0,89.0,0.0,,
1887-10-02,294.0,100.0,0.0,,
1887-10-03,283.0,117.0,0.0,,
1887-10-04,267.0,100.0,0.0,,
1887-10-05,278.0,56.0,0.0,,
1887-10-06,306.0,139.0,0.0,,
1887-10-07,289.0,133.0,0.0,,
1887-10-08,283.0,128.0,0.0,,
1887-10-09,300.0,117.0,0.0,,
1887-10-10,300.0,139.0,0.0,,
1887-10-11,283.0,50.0,0.0,,
1887-10-12,178.0,-33.0,0.0,,
1887-10-13,228.0,-39.0,0.0,,
1887-10-14,250.0,-44.0,0.0,,
1887-10-15,244.0,-50.0,0.0,,
1887-10-16,256.0,-17.0,0.0,,
1887-10-17,244.0,94.0,0.0,,
1887-10-18,183.0,61.0,0.0,,
1887-10-19,239.0,11.0,0.0,,
1887-10-20,250.0,22.0,0.0,,
1887-10-21,,,0.0,,
1887-10-22,228.0,-44.0,0.0,,
1887-10-23,,,0.0,,
1887-10-24,,,0.0,,
1887-10-25,,,0.0,,
1887-10-26,,,0.0,,
1887-10-27,,,0.0,,
1887-10-28,239.0,-50.0,0.0,,
1887-10-29,211.0,-11.0,0.0,,
1887-10-30,211.0,-67.0,0.0,,
1887-10-31,,,0.0,,
1888-10-02,283.0,172.0,0.0,,
1888-10-03,283.0,150.0,0.0,,
1888-10-04,289.0,44.0,0.0,,
1888-10-05,283.0,156.0,0.0,,
1888-10-06,289.0,150.0,0.0,,
1888-10-07,211.0,100.0,0.0,,
1888-10-08,228.0,89.0,0.0,,
1888-10-09,233.0,144.0,0.0,,
1888-10-10,233.0,122.0,0.0,,
1888-10-11,183.0,117.0,0.0,,
1888-10-12,206.0,128.0,0.0,,
1888-10-13,211.0,72.0,0.0,,
1888-10-14,217.0,67.0,0.0,,
1888-10-15,272.0,156.0,25.0,,
1888-10-16,211.0,78.0,0.0,,
1888-10-17,244.0,122.0,36.0,,
1889-10-01,300.0,178.0,0.0,,
1889-10-02,289.0,111.0,0.0,,
1889-10-03,300.0,111.0,0.0,,
1889-10-04,289.0,133.0,0.0,,
1889-10-05,278.0,100.0,0.0,,
1889-10-06,289.0,133.0,0.0,,
1889-10-07,256.0,44.0,0.0,,
1889-10-08,200.0,22.0,0.0,,
1889-10-09,256.0,78.0,0.0,,
1889-10-10,289.0,133.0,0.0,,
1889-10-11,278.0,133.0,0.0,,
1889-10-12,300.0,167.0,0.0,,
1889-10-13,300.0,156.0,0.0,,
1889-10-14,267.0,122.0,0.0,,
1889-10-15,211.0,44.0,0.0,,
1889-10-16,222.0,44.0,0.0,,
1889-10-17,244.0,78.0,0.0,,
1889-10-18,244.0,133.0,0.0,,
1889-10-19,244.0,89.0,0.0,,
1889-10-20,256.0,111.0,0.0,,
1889-10-21,267.0,89.0,0.0,,
1889-10-22,289.0,156.0,0.0,,
1889-10-23,267.0,133.0,0.0,,
1889-10-24,244.0,100.0,0.0,,
1889-10-25,244.0,156.0,0.0,,
1889-10-26,178.0,78.0,0.0,,
1889-10-27,167.0,22.0,0.0,,
1889-10-28,200.0,11.0,0.0,,
1889-10-29,267.0,100.0,0.0,,
1889-10-30,267.0,167.0,132.0,,
1889-10-31,267.0,89.0,0.0,,
1891-05-01,222.0,100.0,0.0,,
1891-05-02,289.0,144.0,0.0,,
1891-05-03,289.0,178.0,0.0,,
1891-05-04,256.0,200.0,51.0,,
1891-05-05,233.0,56.0,0.0,,
1891-05-06,,,0.0,,
1891-05-07,233.0,67.0,0.0,,
1891-05-08,244.0,67.0,0.0,,
1891-05-09,278.0,67.0,0.0,,
1891-05-10,278.0,133.0,0.0,,
1891-05-11,278.0,144.0,0.0,,
1891-05-12,200.0,139.0,0.0,,
1891-05-13,233.0,122.0,0.0,,
1891-05-14,256.0,117.0,0.0,,
1891-05-15,278.0,100.0,0.0,,
1891-05-16,311.0,128.0,0.0,,
1891-05-17,289.0,156.0,0.0,,
1891-05-18,267.0,167.0,0.0,,
1891-05-19,278.0,178.0,483.0,,
1891-05-20,278.0,178.0,0.0,,
1891-05-21,289.0,178.0,0.0,,
1891-05-22,311.0,156.0,0.0,,
1891-05-23,278.0,167.0,0.0,,
1891-05-24,278.0,189.0,0.0,,
1891-05-25,311.0,189.0,0.0,,
1891-05-26,300.0,178.0,254.0,,
1891-05-27,267.0,156.0,152.0,,
1891-05-28,244.0,133.0,0.0,,
1891-05-29,278.0,133.0,0.0,,
1891-05-30,311.0,156.0,0.0,,
1891-05-31,322.0,211.0,0.0,,
1891-06-01,322.0,200.0,0.0,,
1891-06-02,333.0,222.0,0.0,,
1891-06-03,333.0,233.0,0.0,,
1891-06-04,356.0,200.0,0.0,,
1891-06-05,344.0,211.0,0.0,,
1891-06-06,344.0,233.0,0.0,,
1891-06-07,311.0,189.0,0.0,,
1891-06-08,289.0,178.0,145.0,,
1891-06-09,289.0,167.0,5.0,,
1891-06-10,322.0,211.0,0.0,,
1891-06-11,322.0,189.0,53.0,,
1891-06-12,311.0,211.0,0.0,,
1891-06-13,328.0,211.0,109.0,,
1891-06-14,333.0,217.0,241.0,,
1891-06-15,333.0,222.0,8.0,,
1891-06-16,328.0,244.0,0.0,,
1891-06-17,328.0,206.0,356.0,,
1891-06-18,317.0,211.0,0.0,,
1891-06-19,317.0,217.0,0.0,,
1891-06-20,328.0,250.0,0.0,,
1891-06-21,361.0,256.0,0.0,,
1891-06-22,317.0,228.0,0.0,,
1891-06-23,328.0,222.0,0.0,,
1891-06-24,333.0,200.0,0.0,,
1891-06-25,344.0,206.0,0.0,,
1891-06-26,356.0,222.0,0.0,,
1891-06-27,350.0,222.0,0.0,,
1891-06-28,367.0,228.0,0.0,,
1891-06-29,367.0,233.0,0.0,,
1891-06-30,333.0,200.0,0.0,,
1891-07-01,328.0,194.0,0.0,,
1891-07-02,328.0,167.0,0.0,,
1891-07-03,344.0,178.0,0.0,,
1891-07-04,344.0,183.0,0.0,,
1891-07-05,344.0,206.0,0.0,,
1891-07-06,267.0,206.0,0.0,,
1891-07-07,300.0,222.0,356.0,,
1891-07-08,328.0,239.0,0.0,,
1891-07-09,317.0,161.0,0.0,,
1891-07-10,306.0,156.0,0.0,,
1891-07-11,311.0,178.0,0.0,,
1891-07-12,350.0,178.0,0.0,,
1891-07-13,339.0,256.0,0.0,,
1891-07-14,356.0,211.0,0.0,,
1891-07-15,361.0,233.0,0.0,,
1891-07-16,339.0,211.0,0.0,,
1891-07-17,333.0,200.0,231.0,,
1891-07-18,322.0,200.0,0.0,,
1891-07-19,322.0,189.0,0.0,,
1891-07-20,333.0,183.0,0.0,,
1891-07-21,344.0,189.0,0.0,,
1891-07-22,350.0,211.0,0.0,,
1891-07-23,356.0,211.0,0.0,,
1891-07-24,339.0,206.0,0.0,,
1891-07-25,333.0,217.0,0.0,,
1891-07-26,361.0,233.0,0.0,,
1891-07-27,350.0,189.0,518.0,,
1891-07-28,333.0,200.0,406.0,,
1891-07-29,317.0,228.0,170.0,,
1891-07-30,322.0,228.0,279.0,,
1891-07-31,339.0,222.0,239.0,,
1891-08-01,333.0,217.0,0.0,,
1891-08-02,356.0,217.0,89.0,,
1891-08-03,339.0,206.0,0.0,,
1891-08-04,317.0,189.0,0.0,,
1891-08-05,317.0,200.0,399.0,,
1891-08-06,328.0,211.0,0.0,,
1891-08-07,344.0,222.0,231.0,,
1891-08-08,317.0,256.0,0.0,,
1891-08-09,361.0,217.0,251.0,,
1891-08-10,350.0,217.0,157.0,,
1891-08-11,339.0,211.0,0.0,,
1891-08-12,322.0,211.0,0.0,,
1891-08-13,317.0,211.0,0.0,,
1891-08-14,328.0,222.0,0.0,,
1891-08-15,344.0,228.0,0.0,,
1891-08-16,344.0,233.0,0.0,,
1891-08-17,356.0,244.0,0.0,,
1891-08-18,350.0,244.0,0.0,,
1891-08-19,356.0,250.0,0.0,,
1891-08-20,350.0,250.0,0.0,,
1891-08-21,,,0.0,,
1891-08-22,,,0.0,,
1891-08-23,,,0.0,,
1891-08-24,,,0.0,,
1891-08-25,328.0,106.0,0.0,,
1891-08-26,311.0,144.0,0.0,,
1891-08-27,294.0,156.0,0.0,,
1891-08-28,322.0,178.0,0.0,,
1891-08-29,317.0,128.0,0.0,,
1891-08-30,306.0,161.0,0.0,,
1891-08-31,344.0,200.0,0.0,,
1891-09-01,322.0,194.0,0.0,,
1891-09-02,306.0,156.0,0.0,,
1891-09-03,294.0,156.0,254.0,,
1891-09-04,228.0,106.0,0.0,,
1891-09-05,244.0,78.0,0.0,,
1891-09-06,272.0,128.0,0.0,,
1891-09-07,278.0,128.0,0.0,,
1891-09-08,278.0,150.0,0.0,,
1891-09-09,289.0,189.0,0.0,,
1891-09-10,289.0,172.0,0.0,,
1891-09-11,289.0,172.0,0.0,,
1891-09-12,294.0,156.0,0.0,,
1891-09-13,294.0,167.0,0.0,,
1891-09-14,294.0,150.0,0.0,,
1891-09-15,322.0,150.0,0.0,,
1891-09-16,344.0,183.0,0.0,,
1891-09-17,333.0,194.0,0.0,,
1891-09-18,333.0,206.0,0.0,,
1891-09-19,328.0,172.0,0.0,,
1891-09-20,322.0,183.0,0.0,,
1891-09-21,333.0,178.0,0.0,,
1891-09-22,333.0,189.0,0.0,,
1891-09-23,344.0,206.0,0.0,,
1891-09-24,339.0,189.0,0.0,,
1891-09-25,328.0,178.0,0.0,,
1891-09-26,328.0,172.0,0.0,,
1891-09-27,317.0,172.0,0.0,,
1891-09-28,333.0,211.0,0.0,,
1891-09-29,311.0,178.0,0.0,,
1891-09-30,322.0,167.0,0.0,,
1891-10-01,333.0,217.0,0.0,,
1891-10-02,322.0,183.0,0.0,,
1891-10-03,311.0,200.0,102.0,,
1891-10-04,294.0,167.0,0.0,,
1891-10-05,250.0,111.0,0.0,,
1891-10-06,233.0,117.0,0.0,,
1891-10-07,222.0,61.0,0.0,,
1891-10-08,233.0,50.0,0.0,,
1891-10-09,,,0.0,,
1891-10-10,239.0,72.0,0.0,,
1891-10-11,250.0,67.0,0.0,,
1891-10-12,283.0,72.0,0.0,,
1891-10-13,261.0,67.0,0.0,,
1891-10-14,267.0,117.0,0.0,,
1891-10-15,239.0,67.0,0.0,,
1891-10-16,,,0.0,,
1891-10-17,256.0,44.0,0.0,,
1891-10-18,294.0,128.0,0.0,,
1891-10-19,217.0,50.0,0.0,,
1891-10-20,222.0,44.0,0.0,,
1891-10-21,272.0,106.0,0.0,,
1891-10-22,272.0,100.0,0.0,,
1891-10-23,222.0,17.0,0.0,,
1891-10-24,,,0.0,,
1891-10-25,,,0.0,,
1891-10-26,289.0,122.0,0.0,,
1891-10-27,306.0,156.0,0.0,,
1891-10-28,244.0,33.0,0.0,,
1891-10-29,,,0.0,,
1891-10-30,,,0.0,,
1891-10-31,278.0,122.0,0.0,,
1891-11-01,233.0,111.0,0.0,,
1891-11-02,194.0,72.0,0.0,,
1891-11-03,256.0,44.0,0.0,,
1891-11-04,267.0,67.0,0.0,,
1891-11-05,283.0,150.0,0.0,,
1891-11-06,306.0,83.0,0.0,,
1891-11-07,283.0,139.0,0.0,,
1891-11-08,294.0,156.0,742.0,,
1891-11-09,222.0,150.0,0.0,,
1891-11-10,200.0,72.0,0.0,,
1891-11-11,,,0.0,,
1891-11-12,250.0,67.0,0.0,,
1891-11-13,183.0,11.0,0.0,,
1891-11-14,250.0,44.0,0.0,,
1891-11-15,250.0,67.0,0.0,,
1891-11-16,267.0,183.0,0.0,,
1891-11-17,144.0,-17.0,0.0,,
1891-11-18,128.0,-56.0,0.0,,
1891-11-19,106.0,-39.0,0.0,,
1891-11-20,211.0,72.0,251.0,,
1891-11-21,278.0,117.0,330.0,,
1891-11-22,,,0.0,,
1891-11-23,133.0,-17.0,0.0,,
1891-11-24,194.0,0.0,0.0,,
1891-11-25,189.0,56.0,0.0,,
1891-11-26,178.0,56.0,0.0,,
1891-11-27,228.0,44.0,0.0,,
1891-11-28,183.0,56.0,0.0,,
1891-11-29,50.0,-50.0,0.0,,
1891-11-30,100.0,-67.0,0.0,,
1894-08-01,,,0.0,,
1894-08-02,,,0.0,,
1894-08-03,,,0.0,,
1894-08-04,,,0.0,,
1894-08-05,,,0.0,,
1894-08-06,,,0.0,,
1894-08-07,,,0.0,,
1894-08-08,,,0.0,,
1894-08-09,,,0.0,,
1894-08-10,,,0.0,,
1894-08-11,,,0.0,,
1894-08-12,,,254.0,,
1894-08-13,,,0.0,,
1894-08-14,,,0.0,,
1894-08-15,,,0.0,,
1894-08-16,,,297.0,,
1894-08-17,,,0.0,,
1894-08-18,,,0.0,,
1894-08-19,,,0.0,,
1894-08-20,,,109.0,,
1894-08-21,,,0.0,,
1894-08-22,,,0.0,,
1894-08-23,,,38.0,,
1894-08-24,,,0.0,,
1894-08-25,,,0.0,,
1894-08-26,,,117.0,,
1894-08-27,,,0.0,,
1894-08-28,,,0.0,,
1894-08-29,,,0.0,,
1894-08-30,,,381.0,,
1894-08-31,,,140.0,,
1894-09-01,289.0,228.0,25.0,,
1894-09-02,311.0,222.0,0.0,,
1894-09-03,328.0,228.0,0.0,,
1894-09-04,333.0,239.0,0.0,,
1894-09-05,322.0,228.0,0.0,,
1894-09-06,317.0,228.0,0.0,,
1894-09-07,333.0,233.0,381.0,,
1894-09-08,344.0,250.0,0.0,,
1894-09-09,294.0,239.0,0.0,,
1894-09-10,289.0,228.0,241.0,,
1894-09-11,206.0,178.0,0.0,,
1894-09-12,228.0,189.0,0.0,,
1894-09-13,294.0,244.0,0.0,,
1894-09-14,306.0,239.0,0.0,,
1894-09-15,311.0,233.0,0.0,,
1894-09-16,294.0,200.0,0.0,,
1894-09-17,317.0,239.0,0.0,,
1894-09-18,294.0,183.0,0.0,,
1894-09-19,244.0,167.0,0.0,,
1894-09-20,272.0,172.0,0.0,,
1894-09-21,294.0,183.0,0.0,,
1894-09-22,317.0,222.0,0.0,,
1894-09-23,322.0,183.0,0.0,,
1894-09-24,217.0,161.0,0.0,,
1894-09-25,294.0,117.0,0.0,,
1894-09-26,250.0,189.0,0.0,,
1894-09-27,278.0,111.0,0.0,,
1894-09-28,294.0,122.0,0.0,,
1894-09-29,300.0,117.0,0.0,,
1894-09-30,300.0,111.0,0.0,,
1894-10-01,300.0,117.0,0.0,,
1894-10-02,311.0,117.0,229.0,,
1894-10-03,317.0,183.0,0.0,,
1894-10-04,300.0,133.0,0.0,,
1894-10-05,311.0,94.0,0.0,,
1894-10-06,300.0,100.0,0.0,,
1894-10-07,283.0,117.0,0.0,,
1894-10-08,217.0,106.0,0.0,,
1894-10-09,194.0,33.0,0.0,,
1894-10-10,244.0,61.0,0.0,,
1894-10-11,239.0,89.0,0.0,,
1894-10-12,278.0,150.0,0.0,,
1894-10-13,272.0,133.0,0.0,,
1894-10-14,272.0,83.0,0.0,,
1894-10-15,228.0,44.0,0.0,,
1894-10-16,217.0,56.0,0.0,,
1894-10-17,228.0,100.0,0.0,,
1894-10-18,256.0,89.0,0.0,,
1894-10-19,272.0,72.0,0.0,,
1894-10-20,289.0,106.0,0.0,,
1894-10-21,283.0,150.0,0.0,,
1894-10-22,311.0,172.0,0.0,,
1894-10-23,300.0,178.0,0.0,,
1894-10-24,283.0,133.0,0.0,,
1894-10-25,289.0,111.0,0.0,,
1894-10-26,300.0,72.0,0.0,,
1894-10-27,294.0,78.0,0.0,,
1894-10-28,261.0,94.0,5.0,,
1894-10-29,256.0,94.0,0.0,,
1894-10-30,200.0,39.0,0.0,,
1894-10-31,228.0,33.0,0.0,,
1897-10-01,,,0.0,,
1897-10-02,,,0.0,,
1897-10-03,,,0.0,,
1897-10-04,,,0.0,,
1897-10-05,,,0.0,,
1897-10-06,,,0.0,,
1897-10-07,,,0.0,,
1897-10-08,,,76.0,,
1897-10-09,,,0.0,,
1897-10-10,,,0.0,,
1897-10-11,,,0.0,,
1897-10-12,,,0.0,,
1897-10-13,,,0.0,,
1897-10-14,,,0.0,,
1897-10-15,,,0.0,,
1897-10-16,,,0.0,,
1897-10-17,,,0.0,,
1897-10-18,,,0.0,,
1897-10-19,,,0.0,,
1897-10-20,,,0.0,,
1897-10-21,,,0.0,,
1897-10-22,,,0.0,,
1897-10-23,,,0.0,,
1897-10-24,,,0.0,,
1897-10-25,,,0.0,,
1897-10-26,,,0.0,,
1897-10-27,,,0.0,,
1897-10-28,,,0.0,,
1897-10-29,,,152.0,,
1897-10-30,,,0.0,,
1897-10-31,,,508.0,,
1897-11-01,,,0.0,,
1897-11-02,,,0.0,,
1897-11-03,,,0.0,,
1897-11-04,,,0.0,,
1897-11-05,,,0.0,,
1897-11-06,,,0.0,,
1897-11-07,,,0.0,,
1897-11-08,261.0,194.0,0.0,,
1897-11-09,233.0,144.0,0.0,,
1897-11-10,206.0,78.0,0.0,,
1897-11-11,194.0,56.0,0.0,,
1897-11-12,200.0,6.0,0.0,,
1897-11-13,244.0,61.0,0.0,,
1897-11-14,244.0,111.0,0.0,,
1897-11-15,267.0,150.0,0.0,,
1897-11-16,244.0,50.0,406.0,,
1897-11-17,106.0,22.0,0.0,,
1897-11-18,156.0,44.0,0.0,,
1897-11-19,183.0,28.0,0.0,,
1897-11-20,217.0,56.0,0.0,,
1897-11-21,233.0,144.0,0.0,,
1897-11-22,233.0,161.0,0.0,,
1897-11-23,206.0,44.0,0.0,,
1897-11-24,144.0,-6.0,0.0,,
1897-11-25,211.0,78.0,330.0,,
1897-11-26,233.0,83.0,0.0,,
1897-11-27,94.0,22.0,0.0,,
1897-11-28,111.0,-17.0,28.0,,
1897-11-29,100.0,22.0,0.0,,
1897-11-30,100.0,-50.0,0.0,,
1897-12-01,150.0,6.0,0.0,,0.0
1897-12-02,139.0,33.0,178.0,,0.0
1897-12-03,56.0,33.0,381.0,,0.0
1897-12-04,39.0,-39.0,0.0,,0.0
1897-12-05,106.0,-61.0,0.0,,0.0
1897-12-06,200.0,-22.0,0.0,,0.0
1897-12-07,183.0,17.0,0.0,,0.0
1897-12-08,239.0,128.0,0.0,,0.0
1897-12-09,250.0,128.0,0.0,,0.0
1897-12-10,222.0,128.0,114.0,,0.0
1897-12-11,133.0,6.0,0.0,,0.0
1897-12-12,139.0,22.0,0.0,,0.0
1897-12-13,128.0,50.0,0.0,,0.0
1897-12-14,78.0,22.0,0.0,,0.0
1897-12-15,133.0,-17.0,0.0,,0.0
1897-12-16,200.0,78.0,0.0,,0.0
1897-12-17,106.0,39.0,76.0,,0.0
1897-12-18,50.0,-22.0,0.0,,0.0
1897-12-19,11.0,-17.0,419.0,,0.0
1897-12-20,39.0,0.0,0.0,,0.0
1897-12-21,50.0,11.0,0.0,,0.0
1897-12-22,39.0,17.0,0.0,,0.0
1897-12-23,72.0,-17.0,516.0,,0.0
1897-12-24,89.0,17.0,,,0.0
1897-12-25,56.0,11.0,0.0,,0.0
1897-12-26,94.0,33.0,0.0,,0.0
1897-12-27,100.0,22.0,0.0,,0.0
1897-12-28,106.0,-22.0,0.0,,0.0
1897-12-29,167.0,-17.0,0.0,,0.0
1897-12-30,189.0,67.0,0.0,,0.0
1897-12-31,167.0,33.0,0.0,,0.0
1898-01-01,39.0,-72.0,,,
1898-01-02,44.0,-67.0,,,
1898-01-03,139.0,-17.0,,,
1898-01-04,178.0,67.0,,,
1898-01-05,183.0,94.0,373.0,,
1898-01-06,156.0,72.0,,,
1898-01-07,167.0,17.0,,,
1898-01-08,217.0,17.0,,,
1898-01-09,239.0,156.0,,,
1898-01-10,250.0,161.0,,,
1898-01-11,244.0,133.0,183.0,,
1898-01-12,233.0,122.0,0.0,,
1898-01-13,133.0,22.0,330.0,,
1898-01-14,161.0,61.0,310.0,,
1898-01-15,144.0,61.0,,,
1898-01-16,89.0,-11.0,,,
1898-01-17,122.0,17.0,,,
1898-01-18,111.0,44.0,508.0,,
1898-01-19,133.0,56.0,,,
1898-01-20,106.0,22.0,,,
1898-01-21,117.0,17.0,,,
1898-01-22,144.0,17.0,516.0,,
1898-01-23,111.0,94.0,,,
1898-01-24,128.0,17.0,0.0,,
1898-01-25,183.0,94.0,91.0,,
1898-01-26,100.0,6.0,,,
1898-01-27,106.0,-11.0,,,
1898-01-28,150.0,44.0,,,
1898-01-29,128.0,39.0,64.0,,
1898-01-30,150.0,56.0,,,
1898-01-31,133.0,28.0,,,
1898-02-01,83.0,-33.0,0.0,,
1898-02-02,89.0,-17.0,0.0,,
1898-02-03,44.0,-78.0,0.0,,
1898-02-04,128.0,-17.0,43.0,,
1898-02-05,122.0,39.0,0.0,,
1898-02-06,106.0,-33.0,0.0,,
1898-02-07,167.0,17.0,0.0,,
1898-02-08,200.0,94.0,43.0,,
1898-02-09,206.0,122.0,0.0,,
1898-02-10,206.0,122.0,89.0,,
1898-02-11,56.0,11.0,203.0,,
1898-02-12,167.0,28.0,0.0,,
1898-02-13,172.0,56.0,0.0,,
1898-02-14,167.0,28.0,0.0,,
1898-02-15,167.0,72.0,0.0,,
1898-02-16,183.0,17.0,0.0,,
1898-02-17,150.0,33.0,64.0,,
1898-02-18,139.0,83.0,0.0,,
1898-02-19,189.0,94.0,127.0,,
1898-02-20,128.0,-6.0,0.0,,
1898-02-21,67.0,-28.0,0.0,,
1898-02-22,117.0,-44.0,0.0,,
1898-02-23,206.0,17.0,0.0,,
1898-02-24,178.0,-17.0,0.0,,
1898-02-25,183.0,44.0,0.0,,
1898-02-26,183.0,94.0,102.0,,
1898-02-27,183.0,56.0,0.0,,
1898-02-28,172.0,-17.0,0.0,,
1898-03-01,206.0,28.0,0.0,,
1898-03-02,150.0,6.0,0.0,,
1898-03-03,89.0,-17.0,0.0,,
1898-03-04,100.0,-17.0,0.0,,
1898-03-05,133.0,-22.0,0.0,,
1898-03-06,178.0,-11.0,0.0,,
1898-03-07,206.0,50.0,0.0,,
1898-03-08,217.0,50.0,0.0,,
1898-03-09,233.0,100.0,0.0,,
1898-03-10,244.0,144.0,0.0,,
1898-03-11,267.0,161.0,0.0,,
1898-03-12,239.0,167.0,254.0,,
1898-03-13,183.0,72.0,0.0,,
1898-03-14,211.0,67.0,76.0,,
1898-03-15,272.0,167.0,0.0,,
1898-03-16,272.0,167.0,0.0,,
1898-03-17,278.0,178.0,0.0,,
1898-03-18,283.0,178.0,0.0,,
1898-03-19,294.0,183.0,0.0,,
1898-03-20,289.0,189.0,0.0,,
1898-03-21,289.0,189.0,0.0,,
1898-03-22,294.0,206.0,0.0,,
1898-03-23,267.0,22.0,74.0,,
1898-03-24,133.0,6.0,0.0,,
1898-03-25,183.0,6.0,0.0,,
1898-03-26,283.0,128.0,0.0,,
1898-03-27,222.0,206.0,152.0,,
1898-03-28,217.0,22.0,0.0,,
1898-03-29,89.0,33.0,178.0,,
1898-03-30,100.0,33.0,81.0,,
1898-03-31,144.0,17.0,0.0,,
1898-04-01,183.0,44.0,0.0,,
1898-04-02,178.0,61.0,0.0,,
1898-04-03,267.0,72.0,0.0,,
1898-04-04,200.0,156.0,51.0,,
1898-04-05,111.0,56.0,0.0,,
1898-04-06,144.0,-11.0,0.0,,
1898-04-07,206.0,17.0,0.0,,
1898-04-08,250.0,22.0,0.0,,
1898-04-09,267.0,94.0,0.0,,
1898-04-10,217.0,172.0,0.0,,
1898-04-11,206.0,83.0,0.0,,
1898-04-12,189.0,106.0,0.0,,
1898-04-13,217.0,72.0,0.0,,
1898-04-14,261.0,144.0,0.0,,
1898-04-15,283.0,56.0,0.0,,
1898-04-16,283.0,67.0,0.0,,
1898-04-17,272.0,111.0,0.0,,
1898-04-18,261.0,161.0,38.0,,
1898-04-19,261.0,144.0,0.0,,
1898-04-20,272.0,100.0,0.0,,
1898-04-21,261.0,117.0,0.0,,
1898-04-22,217.0,133.0,457.0,,
1898-04-23,250.0,133.0,30.0,,
1898-04-24,228.0,111.0,0.0,,
1898-04-25,161.0,61.0,0.0,,
1898-04-26,233.0,89.0,0.0,,
1898-04-27,206.0,44.0,0.0,,
1898-04-28,272.0,128.0,25.0,,
1898-04-29,289.0,89.0,0.0,,
1898-04-30,300.0,150.0,0.0,,
1898-07-01,383.0,211.0,,,
1898-07-02,350.0,194.0,,,
1898-07-03,322.0,178.0,305.0,,
1898-07-04,361.0,200.0,53.0,,
1898-07-05,378.0,,,,
1898-07-06,356.0,272.0,,,
1898-07-07,361.0,239.0,170.0,,
1898-07-08,350.0,233.0,,,
1898-07-09,306.0,239.0,,,
1898-07-10,311.0,206.0,,,
1898-07-11,272.0,161.0,,,
1898-07-12,328.0,161.0,,,
1898-07-13,322.0,167.0,,,
1898-07-14,328.0,189.0,,,
1898-07-15,344.0,189.0,,,
1898-07-16,350.0,206.0,137.0,,
1898-07-17,344.0,217.0,,,
1898-07-18,361.0,206.0,48.0,,
1898-07-19,378.0,217.0,25.0,,
1898-07-20,400.0,294.0,,,
1898-07-21,383.0,294.0,,,
1898-07-22,344.0,,,,
1898-07-23,378.0,239.0,56.0,,
1898-07-24,339.0,222.0,,,
1898-07-25,333.0,267.0,165.0,,
1898-07-26,350.0,211.0,81.0,,
1898-07-27,333.0,233.0,,,
1898-07-28,367.0,228.0,,,
1898-07-29,356.0,233.0,,,
1898-07-30,344.0,194.0,13.0,,
1898-07-31,350.0,200.0,,,
1898-08-01,339.0,206.0,0.0,,
1898-08-02,361.0,217.0,0.0,,
1898-08-03,333.0,167.0,0.0,,
1898-08-04,339.0,206.0,500.0,,
1898-08-05,356.0,211.0,0.0,,
1898-08-06,328.0,228.0,0.0,,
1898-08-07,333.0,217.0,0.0,,
1898-08-08,356.0,211.0,33.0,,
1898-08-09,356.0,228.0,208.0,,
1898-08-10,,,0.0,,
1898-08-11,333.0,178.0,0.0,,
1898-08-12,322.0,244.0,0.0,,
1898-08-13,311.0,261.0,0.0,,
1898-08-14,333.0,194.0,0.0,,
1898-08-15,356.0,183.0,0.0,,
1898-08-16,361.0,217.0,0.0,,
1898-08-17,378.0,267.0,0.0,,
1898-08-18,356.0,294.0,178.0,,
1898-08-19,,,0.0,,
1898-08-20,350.0,222.0,51.0,,
1898-08-21,356.0,278.0,0.0,,
1898-08-22,367.0,294.0,0.0,,
1898-08-23,367.0,294.0,0.0,,
1898-08-24,372.0,217.0,127.0,,
1898-08-25,300.0,206.0,198.0,,
1898-08-26,328.0,206.0,56.0,,
1898-08-27,322.0,222.0,0.0,,
1898-08-28,328.0,167.0,0.0,,
1898-08-29,328.0,194.0,0.0,,
1898-08-30,317.0,189.0,0.0,,
1898-08-31,339.0,222.0,0.0,,
1898-09-01,356.0,211.0,0.0,,
1898-09-02,361.0,272.0,0.0,,
1898-09-03,361.0,233.0,0.0,,
1898-09-04,333.0,278.0,0.0,,
1898-09-05,350.0,222.0,0.0,,
1898-09-06,361.0,167.0,343.0,,
1898-09-07,289.0,200.0,0.0,,
1898-09-08,289.0,133.0,0.0,,
1898-09-09,294.0,94.0,114.0,,
1898-09-10,289.0,200.0,0.0,,
1898-09-11,272.0,200.0,0.0,,
1898-09-12,289.0,183.0,0.0,,
1898-09-13,289.0,178.0,0.0,,
1898-09-14,317.0,200.0,0.0,,
1898-09-15,267.0,178.0,0.0,,
1898-09-16,317.0,161.0,170.0,,
1898-09-17,322.0,172.0,0.0,,
1898-09-18,328.0,183.0,0.0,,
1898-09-19,272.0,211.0,0.0,,
1898-09-20,278.0,189.0,508.0,,
1898-09-21,256.0,161.0,0.0,,
1898-09-22,322.0,172.0,0.0,,
1898-09-23,322.0,167.0,0.0,,
1898-09-24,328.0,183.0,0.0,,
1898-09-25,322.0,178.0,0.0,,
1898-09-26,317.0,172.0,0.0,,
1898-09-27,328.0,178.0,0.0,,
1898-09-28,328.0,167.0,0.0,,
1898-09-29,267.0,189.0,206.0,,
1898-09-30,228.0,189.0,267.0,,
1898-10-01,261.0,211.0,244.0,,
1898-10-02,272.0,222.0,0.0,,
1898-10-03,278.0,233.0,0.0,,
1898-10-04,278.0,228.0,0.0,,
1898-10-05,283.0,233.0,0.0,,
1898-10-06,278.0,244.0,0.0,,
1898-10-07,300.0,194.0,8.0,,
1898-10-08,289.0,200.0,84.0,,
1898-10-09,289.0,178.0,0.0,,
1898-10-10,311.0,178.0,0.0,,
1898-10-11,256.0,139.0,99.0,,
1898-10-12,261.0,94.0,191.0,,
1898-10-13,211.0,83.0,0.0,,
1898-10-14,189.0,78.0,0.0,,
1898-10-15,206.0,72.0,0.0,,
1898-10-16,228.0,72.0,0.0,,
1898-10-17,217.0,61.0,185.0,,
1898-10-18,183.0,22.0,0.0,,
1898-10-19,211.0,61.0,0.0,,
1898-10-20,250.0,50.0,559.0,,
1898-10-21,122.0,17.0,0.0,,
1898-10-22,139.0,-11.0,0.0,,
1898-10-23,194.0,44.0,0.0,,
1898-10-24,200.0,50.0,0.0,,
1898-10-25,222.0,72.0,0.0,,
1898-10-26,122.0,0.0,0.0,,
1898-10-27,150.0,-11.0,0.0,,
1898-10-28,172.0,0.0,0.0,,
1898-10-29,211.0,22.0,0.0,,
1898-10-30,211.0,44.0,0.0,,
1898-10-31,217.0,44.0,0.0,,
1898-12-01,,,0.0,,
1898-12-02,,,0.0,,
1898-12-03,117.0,-11.0,10.0,,
1898-12-04,150.0,6.0,10.0,,0.0
1898-12-05,,,0.0,,
1898-12-06,,,0.0,,
1898-12-07,,,0.0,,
1898-12-08,,,8.0,,0.0
1898-12-09,,,0.0,,
1898-12-10,,,0.0,,
1898-12-11,122.0,-56.0,0.0,,
1898-12-12,67.0,0.0,0.0,,
1898-12-13,39.0,-39.0,0.0,,
1898-12-14,28.0,-50.0,0.0,,
1898-12-15,100.0,-39.0,0.0,,
1898-12-16,161.0,28.0,0.0,,
1898-12-17,172.0,17.0,20.0,,
1898-12-18,183.0,83.0,94.0,,
1898-12-19,178.0,106.0,0.0,,
1898-12-20,239.0,44.0,0.0,,
1898-12-21,228.0,39.0,0.0,,
1898-12-22,178.0,17.0,0.0,,
1898-12-23,156.0,0.0,0.0,,
1898-12-24,94.0,-11.0,0.0,,
1898-12-25,61.0,-6.0,0.0,,
1898-12-26,94.0,6.0,0.0,,
1898-12-27,161.0,11.0,0.0,,
1898-12-28,178.0,0.0,0.0,,
1898-12-29,211.0,78.0,20.0,,
1898-12-30,222.0,50.0,0.0,,
1898-12-31,67.0,-28.0,0.0,,
1899-01-01,0.0,-106.0,0.0,,
1899-01-02,-11.0,-117.0,0.0,,
1899-01-03,139.0,61.0,0.0,,
1899-01-04,222.0,106.0,244.0,,
1899-01-05,139.0,22.0,0.0,,
1899-01-06,67.0,-78.0,48.0,,
1899-01-07,61.0,-61.0,0.0,,
1899-01-08,100.0,22.0,0.0,,
1899-01-09,161.0,44.0,0.0,,
1899-01-10,161.0,72.0,254.0,,
1899-01-11,83.0,39.0,0.0,,
1899-01-12,172.0,50.0,58.0,,
1899-01-13,233.0,156.0,0.0,,
1899-01-14,250.0,39.0,140.0,,
1899-01-15,178.0,28.0,0.0,,
1899-01-16,161.0,72.0,48.0,,
1899-01-17,156.0,56.0,0.0,,
1899-01-18,122.0,-17.0,0.0,,
1899-01-19,50.0,-61.0,0.0,,
1899-01-20,89.0,-39.0,0.0,,
1899-01-21,133.0,-22.0,0.0,,
1899-01-22,167.0,6.0,0.0,,
1899-01-23,,,0.0,,0.0
1899-01-24,194.0,-11.0,91.0,,
1899-01-25,183.0,-22.0,0.0,,
1899-01-26,156.0,-33.0,0.0,,
1899-01-27,6.0,-22.0,0.0,,
1899-01-28,67.0,-67.0,0.0,,
1899-01-29,44.0,11.0,0.0,,0.0
1899-01-30,44.0,-67.0,56.0,,
1899-01-31,17.0,-117.0,0.0,,0.0
1936-06-01,,,0.0,,
1936-06-02,,,0.0,,
1936-06-03,,,307.0,,
1936-06-04,,,0.0,,
1936-06-05,,,0.0,,
1936-06-06,,,0.0,,
1936-06-07,,,0.0,,
1936-06-08,,,0.0,,
1936-06-09,,,0.0,,
1936-06-10,,,0.0,,
1936-06-11,,,0.0,,
1936-06-12,,,0.0,,
1936-06-13,,,0.0,,
1936-06-14,,,0.0,,
1936-06-15,,,0.0,,
1936-06-16,,,0.0,,
1936-06-17,,,0.0,,
1936-06-18,,,0.0,,
1936-06-19,,,0.0,,
1936-06-20,,,0.0,,
1936-06-21,,,0.0,,
1936-06-22,,,0.0,,
1936-06-23,,,406.0,,
1936-06-24,,,0.0,,
1936-06-25,,,0.0,,
1936-06-26,,,0.0,,
1936-06-27,,,0.0,,
1936-06-28,,,0.0,,
1936-06-29,,,0.0,,
1936-06-30,,,0.0,,
1936-07-15,,,0.0,,
1936-07-20,,,234.0,,
1936-08-01,,,0.0,,0.0
1936-08-02,,,0.0,,0.0
1936-08-03,,,0.0,,0.0
1936-08-04,,,0.0,,0.0
1936-08-05,,,0.0,,0.0
1936-08-06,,,0.0,,0.0
1936-08-07,,,0.0,,0.0
1936-08-08,,,0.0,,0.0
1936-08-09,,,0.0,,0.0
1936-08-10,,,0.0,,0.0
1936-08-11,,,0.0,,0.0
1936-08-12,,,0.0,,0.0
1936-08-13,,,0.0,,0.0
1936-08-14,,,0.0,,0.0
1936-08-15,,,0.0,,0.0
1936-08-16,,,0.0,,0.0
1936-08-17,,,0.0,,0.0
1936-08-18,,,0.0,,0.0
1936-08-19,,,0.0,,0.0
1936-08-20,,,0.0,,0.0
1936-08-21,,,0.0,,0.0
1936-08-22,,,0.0,,0.0
1936-08-23,,,0.0,,0.0
1936-08-24,,,0.0,,0.0
1936-08-25,,,0.0,,0.0
1936-08-26,,,0.0,,0.0
1936-08-27,,,0.0,,0.0
1936-08-28,,,0.0,,0.0
1936-08-29,,,0.0,,0.0
1936-08-30,,,0.0,,0.0
1936-08-31,,,0.0,,0.0
1936-09-01,,,0.0,,0.0
1936-09-02,,,0.0,,0.0
1936-09-03,,,0.0,,0.0
1936-09-04,,,0.0,,0.0
1936-09-05,,,0.0,,0.0
1936-09-06,,,0.0,,0.0
1936-09-07,,,0.0,,0.0
1936-09-08,,,0.0,,0.0
1936-09-09,,,0.0,,0.0
1936-09-10,,,0.0,,0.0
1936-09-11,,,0.0,,0.0
1936-09-12,,,0.0,,0.0
1936-09-13,,,0.0,,0.0
1936-09-14,,,0.0,,0.0
1936-09-15,,,0.0,,0.0
1936-09-16,,,0.0,,0.0
1936-09-17,,,0.0,,0.0
1936-09-18,,,0.0,,0.0
1936-09-19,,,0.0,,0.0
1936-09-20,,,0.0,,0.0
1936-09-21,,,178.0,,0.0
1936-09-22,,,0.0,,0.0
1936-09-23,,,0.0,,0.0
1936-09-24,,,0.0,,0.0
1936-09-25,,,0.0,,0.0
1936-09-26,,,0.0,,0.0
1936-09-27,,,0.0,,0.0
1936-09-28,,,0.0,,0.0
1936-09-29,,,0.0,,0.0
1936-09-30,,,0.0,,0.0
1936-10-01,,,0.0,,0.0
1936-10-02,,,0.0,,0.0
1936-10-03,,,0.0,,0.0
1936-10-04,,,0.0,,0.0
1936-10-05,,,0.0,,0.0
1936-10-06,,,0.0,,0.0
1936-10-07,,,559.0,,0.0
1936-10-08,,,394.0,,0.0
1936-10-09,,,0.0,,0.0
1936-10-10,,,0.0,,0.0
1936-10-11,,,0.0,,0.0
1936-10-12,,,0.0,,0.0
1936-10-13,,,0.0,,0.0
1936-10-14,,,0.0,,0.0
1936-10-15,,,0.0,,0.0
1936-10-16,,,0.0,,0.0
1936-10-17,,,0.0,,0.0
1936-10-18,,,0.0,,0.0
1936-10-19,,,0.0,,0.0
1936-10-20,,,0.0,,0.0
1936-10-21,,,0.0,,0.0
1936-10-22,,,0.0,,0.0
1936-10-23,,,76.0,,0.0
1936-10-24,,,0.0,,0.0
1936-10-25,,,127.0,,0.0
1936-10-26,,,76.0,,0.0
1936-10-27,,,0.0,,0.0
1936-10-28,,,0.0,,0.0
1936-10-29,,,0.0,,0.0
1936-10-30,,,0.0,,0.0
1936-10-31,,,0.0,,0.0
1936-12-01,,,0.0,,0.0
1936-12-02,,,97.0,,0.0
1936-12-03,,,0.0,,0.0
1936-12-04,,,0.0,,0.0
1936-12-05,,,30.0,,0.0
1936-12-06,,,940.0,,0.0
1936-12-07,,,25.0,,0.0
1936-12-08,,,0.0,,0.0
1936-12-09,,,0.0,,0.0
1936-12-10,,,0.0,,0.0
1936-12-11,,,0.0,,0.0
1936-12-12,,,0.0,,0.0
1936-12-13,,,0.0,,0.0
1936-12-14,,,0.0,,0.0
1936-12-15,,,0.0,,0.0
1936-12-16,,,0.0,,0.0
1936-12-17,,,0.0,,0.0
1936-12-18,,,0.0,,0.0
1936-12-19,,,0.0,,0.0
1936-12-20,,,0.0,,0.0
1936-12-21,,,0.0,,0.0
1936-12-22,,,0.0,,0.0
1936-12-23,,,0.0,,0.0
1936-12-24,,,0.0,,0.0
1936-12-25,,,0.0,,0.0
1936-12-26,,,0.0,,0.0
1936-12-27,,,279.0,,0.0
1936-12-28,,,18.0,,0.0
1936-12-29,,,0.0,,0.0
1936-12-30,,,406.0,,0.0
1936-12-31,,,0.0,,0.0
1937-03-01,144.0,-39.0,0.0,,
1937-03-02,200.0,28.0,0.0,,
1937-03-03,189.0,72.0,0.0,,
1937-03-04,156.0,94.0,155.0,,
1937-03-05,172.0,83.0,0.0,,
1937-03-06,228.0,56.0,0.0,,
1937-03-07,200.0,100.0,86.0,,
1937-03-08,167.0,67.0,0.0,,
1937-03-09,156.0,33.0,0.0,,
1937-03-10,211.0,56.0,0.0,,
1937-03-11,244.0,89.0,0.0,,
1937-03-12,256.0,111.0,0.0,,
1937-03-13,222.0,133.0,51.0,,
1937-03-14,161.0,0.0,79.0,,
1937-03-15,44.0,-17.0,20.0,,
1937-03-16,100.0,-22.0,0.0,,
1937-03-17,122.0,22.0,3.0,,
1937-03-18,211.0,22.0,66.0,,
1937-03-19,217.0,111.0,10.0,,
1937-03-20,178.0,128.0,0.0,,
1937-03-21,178.0,39.0,0.0,,
1937-03-22,211.0,72.0,0.0,,
1937-03-23,256.0,78.0,0.0,,
1937-03-24,233.0,133.0,457.0,,
1937-03-25,206.0,111.0,0.0,,
1937-03-26,122.0,22.0,20.0,,
1937-03-27,56.0,-6.0,13.0,,
1937-03-28,78.0,-22.0,0.0,,
1937-03-29,94.0,50.0,0.0,,
1937-03-30,117.0,39.0,13.0,,
1937-03-31,167.0,-6.0,0.0,,
1937-04-01,211.0,56.0,0.0,,0.0
1937-04-02,244.0,72.0,0.0,,0.0
1937-04-03,267.0,117.0,0.0,,0.0
1937-04-04,267.0,133.0,99.0,,0.0
1937-04-05,222.0,72.0,89.0,,0.0
1937-04-06,167.0,0.0,0.0,,0.0
1937-04-07,228.0,44.0,0.0,,0.0
1937-04-08,189.0,111.0,20.0,,0.0
1937-04-09,167.0,72.0,0.0,,0.0
1937-04-10,200.0,28.0,0.0,,0.0
1937-04-11,217.0,78.0,0.0,,0.0
1937-04-12,261.0,83.0,0.0,,0.0
1937-04-13,228.0,144.0,23.0,,0.0
1937-04-14,267.0,122.0,5.0,,0.0
1937-04-15,289.0,167.0,0.0,,0.0
1937-04-16,267.0,133.0,0.0,,0.0
1937-04-17,311.0,178.0,0.0,,0.0
1937-04-18,289.0,156.0,0.0,,0.0
1937-04-19,289.0,161.0,0.0,,0.0
1937-04-20,278.0,172.0,0.0,,0.0
1937-04-21,267.0,150.0,74.0,,0.0
1937-04-22,289.0,139.0,0.0,,0.0
1937-04-23,294.0,189.0,0.0,,0.0
1937-04-24,261.0,156.0,64.0,,0.0
1937-04-25,217.0,50.0,0.0,,0.0
1937-04-26,228.0,83.0,0.0,,0.0
1937-04-27,200.0,78.0,0.0,,0.0
1937-04-28,233.0,122.0,8.0,,0.0
1937-04-29,311.0,200.0,0.0,,0.0
1937-04-30,289.0,217.0,86.0,,0.0
1937-05-01,233.0,156.0,193.0,,0.0
1937-05-02,256.0,117.0,0.0,,0.0
1937-05-03,261.0,122.0,0.0,,0.0
1937-05-04,244.0,144.0,10.0,,0.0
1937-05-05,244.0,122.0,0.0,,0.0
1937-05-06,267.0,122.0,0.0,,0.0
1937-05-07,289.0,172.0,0.0,,0.0
1937-05-08,283.0,167.0,345.0,,0.0
1937-05-09,267.0,139.0,76.0,,0.0
1937-05-10,300.0,156.0,0.0,,0.0
1937-05-11,306.0,156.0,0.0,,0.0
1937-05-12,300.0,183.0,0.0,,0.0
1937-05-13,267.0,167.0,175.0,,0.0
1937-05-14,222.0,128.0,0.0,,0.0
1937-05-15,256.0,111.0,0.0,,0.0
1937-05-16,300.0,161.0,0.0,,0.0
1937-05-17,300.0,178.0,0.0,,0.0
1937-05-18,317.0,172.0,0.0,,0.0
1937-05-19,322.0,183.0,0.0,,0.0
1937-05-20,328.0,189.0,0.0,,0.0
1937-05-21,322.0,189.0,0.0,,0.0
1937-05-22,289.0,183.0,0.0,,0.0
1937-05-23,272.0,178.0,10.0,,0.0
1937-05-24,328.0,172.0,0.0,,0.0
1937-05-25,333.0,200.0,0.0,,0.0
1937-05-26,322.0,211.0,0.0,,0.0
1937-05-27,333.0,211.0,0.0,,0.0
1937-05-28,339.0,222.0,0.0,,0.0
1937-05-29,339.0,222.0,0.0,,0.0
1937-05-30,333.0,189.0,0.0,,0.0
1937-05-31,350.0,211.0,0.0,,0.0
1937-06-01,356.0,222.0,0.0,,0.0
1937-06-02,339.0,211.0,254.0,,0.0
1937-06-03,322.0,178.0,41.0,,0.0
1937-06-04,311.0,206.0,64.0,,0.0
1937-06-05,278.0,200.0,5.0,,0.0
1937-06-06,294.0,178.0,295.0,,0.0
1937-06-07,294.0,189.0,257.0,,0.0
1937-06-08,311.0,189.0,0.0,,0.0
1937-06-09,322.0,217.0,0.0,,0.0
1937-06-10,322.0,228.0,0.0,,0.0
1937-06-11,289.0,194.0,744.0,,0.0
1937-06-12,322.0,183.0,0.0,,0.0
1937-06-13,333.0,183.0,0.0,,0.0
1937-06-14,328.0,222.0,0.0,,0.0
1937-06-15,339.0,222.0,0.0,,0.0
1937-06-16,322.0,200.0,142.0,,0.0
1937-06-17,328.0,200.0,10.0,,0.0
1937-06-18,344.0,222.0,0.0,,0.0
1937-06-19,333.0,222.0,0.0,,0.0
1937-06-20,344.0,222.0,0.0,,0.0
1937-06-21,350.0,222.0,0.0,,0.0
1937-06-22,344.0,233.0,0.0,,0.0
1937-06-23,333.0,200.0,0.0,,0.0
1937-06-24,344.0,178.0,0.0,,0.0
1937-06-25,356.0,200.0,0.0,,0.0
1937-06-26,367.0,228.0,76.0,,0.0
1937-06-27,367.0,233.0,0.0,,0.0
1937-06-28,333.0,228.0,74.0,,0.0
1937-06-29,317.0,211.0,0.0,,0.0
1937-06-30,300.0,211.0,10.0,,0.0
1937-07-01,294.0,144.0,0.0,,0.0
1937-07-02,339.0,189.0,0.0,,0.0
1937-07-03,356.0,211.0,0.0,,0.0
1937-07-04,356.0,228.0,0.0,,0.0
1937-07-05,361.0,244.0,3.0,,0.0
1937-07-06,350.0,211.0,0.0,,0.0
1937-07-07,311.0,217.0,3.0,,0.0
1937-07-08,328.0,200.0,0.0,,0.0
1937-07-09,344.0,222.0,0.0,,0.0
1937-07-10,317.0,211.0,351.0,,0.0
1937-07-11,322.0,211.0,25.0,,0.0
1937-07-12,333.0,217.0,0.0,,0.0
1937-07-13,339.0,222.0,0.0,,0.0
1937-07-14,344.0,233.0,0.0,,0.0
1937-07-15,344.0,233.0,0.0,,0.0
1937-07-16,344.0,228.0,0.0,,0.0
1937-07-17,356.0,222.0,0.0,,0.0
1937-07-18,356.0,239.0,0.0,,0.0
1937-07-19,344.0,233.0,0.0,,0.0
1937-07-20,300.0,211.0,437.0,,0.0
1937-07-21,294.0,217.0,33.0,,0.0
1937-07-22,322.0,200.0,0.0,,0.0
1937-07-23,322.0,211.0,0.0,,0.0
1937-07-24,339.0,206.0,0.0,,0.0
1937-07-25,300.0,228.0,10.0,,0.0
1937-07-26,317.0,217.0,5.0,,0.0
1937-07-27,311.0,189.0,183.0,,0.0
1937-07-28,311.0,200.0,0.0,,0.0
1937-07-29,278.0,200.0,0.0,,0.0
1937-07-30,306.0,206.0,20.0,,0.0
1937-07-31,344.0,206.0,0.0,,0.0
1937-08-01,356.0,211.0,0.0,,0.0
1937-08-02,367.0,211.0,0.0,,0.0
1937-08-03,367.0,233.0,0.0,,0.0
1937-08-04,344.0,233.0,0.0,,0.0
1937-08-05,306.0,233.0,452.0,,0.0
1937-08-06,333.0,200.0,0.0,,0.0
1937-08-07,339.0,222.0,0.0,,0.0
1937-08-08,344.0,239.0,0.0,,0.0
1937-08-09,350.0,233.0,0.0,,0.0
1937-08-10,378.0,239.0,0.0,,0.0
1937-08-11,317.0,200.0,208.0,,0.0
1937-08-12,350.0,233.0,0.0,,0.0
1937-08-13,339.0,200.0,193.0,,0.0
1937-08-14,350.0,222.0,0.0,,0.0
1937-08-15,344.0,222.0,0.0,,0.0
1937-08-16,350.0,233.0,0.0,,0.0
1937-08-17,356.0,239.0,0.0,,0.0
1937-08-18,339.0,206.0,0.0,,0.0
1937-08-19,339.0,200.0,0.0,,0.0
1937-08-20,333.0,222.0,0.0,,0.0
1937-08-21,322.0,222.0,66.0,,0.0
1937-08-22,311.0,222.0,0.0,,0.0
1937-08-23,267.0,222.0,15.0,,0.0
1937-08-24,261.0,222.0,356.0,,0.0
1937-08-25,322.0,222.0,0.0,,0.0
1937-08-26,328.0,200.0,0.0,,0.0
1937-08-27,344.0,211.0,0.0,,0.0
1937-08-28,339.0,211.0,0.0,,0.0
1937-08-29,311.0,211.0,3.0,,0.0
1937-08-30,311.0,200.0,13.0,,0.0
1937-08-31,344.0,222.0,0.0,,0.0
1937-09-01,322.0,222.0,0.0,,
1937-09-02,306.0,222.0,36.0,,
1937-09-03,328.0,222.0,0.0,,
1937-09-04,333.0,211.0,0.0,,
1937-09-05,356.0,217.0,0.0,,
1937-09-06,300.0,211.0,0.0,,
1937-09-07,328.0,200.0,0.0,,
1937-09-08,344.0,222.0,0.0,,
1937-09-09,328.0,233.0,8.0,,
1937-09-10,344.0,222.0,3.0,,
1937-09-11,311.0,200.0,0.0,,
1937-09-12,322.0,144.0,0.0,,
1937-09-13,294.0,167.0,0.0,,
1937-09-14,289.0,133.0,0.0,,
1937-09-15,311.0,144.0,0.0,,
1937-09-16,300.0,167.0,0.0,,
1937-09-17,267.0,117.0,0.0,,
1937-09-18,306.0,122.0,0.0,,
1937-09-19,333.0,144.0,0.0,,
1937-09-20,350.0,189.0,0.0,,
1937-09-21,356.0,189.0,0.0,,
1937-09-22,356.0,206.0,0.0,,
1937-09-23,333.0,200.0,0.0,,
1937-09-24,333.0,200.0,0.0,,
1937-09-25,267.0,161.0,386.0,,
1937-09-26,222.0,100.0,0.0,,
1937-09-27,228.0,89.0,0.0,,
1937-09-28,261.0,67.0,0.0,,
1937-09-29,289.0,89.0,0.0,,
1937-09-30,294.0,122.0,0.0,,
1937-10-01,300.0,117.0,0.0,,0.0
1937-10-02,244.0,144.0,208.0,,0.0
1937-10-03,267.0,178.0,71.0,,0.0
1937-10-04,261.0,211.0,53.0,,0.0
1937-10-05,311.0,200.0,0.0,,0.0
1937-10-06,322.0,200.0,0.0,,0.0
1937-10-07,256.0,189.0,0.0,,0.0
1937-10-08,239.0,122.0,0.0,,0.0
1937-10-09,167.0,111.0,8.0,,0.0
1937-10-10,217.0,83.0,0.0,,0.0
1937-10-11,250.0,100.0,0.0,,0.0
1937-10-12,206.0,117.0,0.0,,0.0
1937-10-13,167.0,117.0,76.0,,0.0
1937-10-14,161.0,67.0,0.0,,0.0
1937-10-15,178.0,11.0,0.0,,0.0
1937-10-16,233.0,61.0,0.0,,0.0
1937-10-17,183.0,133.0,549.0,,0.0
1937-10-18,250.0,167.0,8.0,,0.0
1937-10-19,211.0,122.0,300.0,,0.0
1937-10-20,233.0,67.0,0.0,,0.0
1937-10-21,217.0,100.0,0.0,,0.0
1937-10-22,144.0,56.0,3.0,,0.0
1937-10-23,122.0,-22.0,0.0,,0.0
1937-10-24,200.0,11.0,0.0,,0.0
1937-10-25,267.0,89.0,0.0,,0.0
1937-10-26,256.0,144.0,0.0,,0.0
1937-10-27,211.0,72.0,0.0,,0.0
1937-10-28,233.0,56.0,0.0,,0.0
1937-10-29,289.0,56.0,0.0,,0.0
1937-10-30,322.0,122.0,0.0,,0.0
1937-10-31,322.0,156.0,0.0,,0.0
1937-11-01,294.0,167.0,0.0,,0.0
1937-11-02,256.0,167.0,0.0,,0.0
1937-11-03,167.0,94.0,0.0,,0.0
1937-11-04,194.0,28.0,0.0,,0.0
1937-11-05,222.0,100.0,0.0,,0.0
1937-11-06,233.0,28.0,0.0,,0.0
1937-11-07,244.0,33.0,0.0,,0.0
1937-11-08,211.0,156.0,378.0,,0.0
1937-11-09,178.0,144.0,251.0,,0.0
1937-11-10,183.0,167.0,333.0,,0.0
1937-11-11,183.0,156.0,0.0,,0.0
1937-11-12,167.0,122.0,0.0,,0.0
1937-11-13,244.0,94.0,0.0,,0.0
1937-11-14,222.0,56.0,0.0,,0.0
1937-11-15,183.0,61.0,102.0,,0.0
1937-11-16,100.0,17.0,498.0,,0.0
1937-11-17,22.0,0.0,0.0,,0.0
1937-11-18,61.0,0.0,10.0,,0.0
1937-11-19,61.0,-17.0,66.0,,0.0
1937-11-20,33.0,-67.0,0.0,,0.0
1937-11-21,33.0,-56.0,0.0,,0.0
1937-11-22,56.0,-33.0,0.0,,0.0
1937-11-23,100.0,11.0,0.0,,0.0
1937-11-24,150.0,22.0,0.0,,0.0
1937-11-25,144.0,17.0,0.0,,0.0
1937-11-26,167.0,33.0,0.0,,0.0
1937-11-27,222.0,128.0,10.0,,0.0
1937-11-28,156.0,11.0,25.0,,0.0
1937-11-29,178.0,22.0,0.0,,0.0
1937-11-30,122.0,6.0,0.0,,0.0
1937-12-01,156.0,0.0,0.0,,0.0
1937-12-02,111.0,0.0,0.0,,0.0
1937-12-03,100.0,11.0,3.0,,0.0
1937-12-04,100.0,61.0,41.0,,0.0
1937-12-05,89.0,6.0,0.0,,0.0
1937-12-06,11.0,-83.0,0.0,,0.0
1937-12-07,56.0,-56.0,0.0,,0.0
1937-12-08,50.0,-22.0,0.0,,0.0
1937-12-09,6.0,-94.0,0.0,,0.0
1937-12-10,11.0,-78.0,0.0,,0.0
1937-12-11,56.0,-78.0,0.0,,0.0
1937-12-12,78.0,0.0,5.0,,0.0
1937-12-13,211.0,78.0,20.0,,0.0
1937-12-14,222.0,111.0,0.0,,0.0
1937-12-15,183.0,144.0,20.0,,0.0
1937-12-16,172.0,161.0,221.0,,0.0
1937-12-17,167.0,89.0,58.0,,0.0
1937-12-18,122.0,39.0,3.0,,0.0
1937-12-19,167.0,17.0,0.0,,0.0
1937-12-20,111.0,33.0,0.0,,0.0
1937-12-21,144.0,0.0,0.0,,0.0
1937-12-22,89.0,61.0,302.0,,0.0
1937-12-23,89.0,56.0,254.0,,0.0
1937-12-24,167.0,56.0,0.0,,0.0
1937-12-25,133.0,78.0,0.0,,0.0
1937-12-26,100.0,89.0,165.0,,0.0
1937-12-27,172.0,89.0,500.0,,0.0
1937-12-28,183.0,144.0,58.0,,0.0
1937-12-29,144.0,111.0,0.0,,0.0
1937-12-30,156.0,111.0,0.0,,0.0
1937-12-31,167.0,111.0,5.0,,0.0
1938-01-01,144.0,83.0,218.0,,0.0
1938-01-02,144.0,61.0,0.0,,0.0
1938-01-03,100.0,11.0,0.0,,0.0
1938-01-04,122.0,11.0,0.0,,0.0
1938-01-05,144.0,11.0,0.0,,0.0
1938-01-06,78.0,22.0,76.0,,0.0
1938-01-07,50.0,6.0,0.0,,0.0
1938-01-08,44.0,-39.0,0.0,,0.0
1938-01-09,61.0,0.0,0.0,,0.0
1938-01-10,56.0,17.0,46.0,,0.0
1938-01-11,83.0,39.0,0.0,,0.0
1938-01-12,117.0,6.0,0.0,,0.0
1938-01-13,89.0,-33.0,3.0,,0.0
1938-01-14,144.0,6.0,5.0,,0.0
1938-01-15,122.0,-22.0,0.0,,0.0
1938-01-16,217.0,67.0,0.0,,0.0
1938-01-17,200.0,111.0,0.0,,0.0
1938-01-18,211.0,78.0,0.0,,0.0
1938-01-19,172.0,22.0,0.0,,0.0
1938-01-20,222.0,44.0,0.0,,0.0
1938-01-21,222.0,144.0,5.0,,0.0
1938-01-22,189.0,133.0,483.0,,0.0
1938-01-23,217.0,128.0,102.0,,0.0
1938-01-24,200.0,44.0,132.0,,0.0
1938-01-25,50.0,-6.0,0.0,,0.0
1938-01-26,17.0,-44.0,0.0,,0.0
1938-01-27,0.0,-67.0,0.0,,0.0
1938-01-28,100.0,-44.0,0.0,,0.0
1938-01-29,178.0,67.0,0.0,,0.0
1938-01-30,183.0,133.0,241.0,,0.0
1938-01-31,94.0,-50.0,0.0,,0.0
1938-02-01,78.0,-61.0,0.0,,
1938-02-02,133.0,33.0,0.0,,
1938-02-03,200.0,78.0,0.0,,
1938-02-04,222.0,133.0,0.0,,
1938-02-05,172.0,122.0,0.0,,
1938-02-06,189.0,144.0,0.0,,
1938-02-07,178.0,61.0,0.0,,
1938-02-08,228.0,72.0,0.0,,
1938-02-09,211.0,133.0,0.0,,
1938-02-10,233.0,139.0,0.0,,
1938-02-11,244.0,139.0,0.0,,
1938-02-12,222.0,144.0,0.0,,
1938-02-13,217.0,150.0,0.0,,
1938-02-14,200.0,122.0,157.0,,
1938-02-15,133.0,106.0,0.0,,
1938-02-16,161.0,106.0,10.0,,
1938-02-17,228.0,156.0,5.0,,
1938-02-18,222.0,94.0,462.0,,
1938-02-19,94.0,-17.0,0.0,,
1938-02-20,39.0,0.0,0.0,,
1938-02-21,56.0,28.0,97.0,,
1938-02-22,56.0,33.0,71.0,,
1938-02-23,106.0,6.0,0.0,,
1938-02-24,78.0,11.0,0.0,,
1938-02-25,100.0,-11.0,0.0,,
1938-02-26,189.0,44.0,0.0,,
1938-02-27,233.0,67.0,0.0,,
1938-02-28,178.0,67.0,0.0,,
1938-03-01,150.0,-22.0,0.0,,0.0
1938-03-02,194.0,89.0,0.0,,0.0
1938-03-03,233.0,128.0,0.0,,0.0
1938-03-04,267.0,144.0,0.0,,0.0
1938-03-05,244.0,189.0,152.0,,0.0
1938-03-06,189.0,33.0,0.0,,0.0
1938-03-07,156.0,0.0,0.0,,0.0
1938-03-08,161.0,89.0,0.0,,0.0
1938-03-09,156.0,94.0,201.0,,0.0
1938-03-10,144.0,100.0,3.0,,0.0
1938-03-11,200.0,78.0,0.0,,0.0
1938-03-12,244.0,128.0,0.0,,0.0
1938-03-13,244.0,156.0,0.0,,0.0
1938-03-14,239.0,167.0,0.0,,0.0
1938-03-15,256.0,189.0,0.0,,0.0
1938-03-16,233.0,150.0,0.0,,0.0
1938-03-17,206.0,72.0,0.0,,0.0
1938-03-18,256.0,111.0,0.0,,0.0
1938-03-19,200.0,144.0,411.0,,0.0
1938-03-20,244.0,94.0,0.0,,0.0
1938-03-21,256.0,133.0,0.0,,0.0
1938-03-22,239.0,167.0,15.0,,0.0
1938-03-23,211.0,156.0,142.0,,0.0
1938-03-24,244.0,100.0,0.0,,0.0
1938-03-25,283.0,144.0,0.0,,0.0
1938-03-26,267.0,161.0,0.0,,0.0
1938-03-27,161.0,111.0,18.0,,0.0
1938-03-28,228.0,111.0,0.0,,0.0
1938-03-29,267.0,144.0,345.0,,0.0
1938-03-30,244.0,200.0,0.0,,0.0
1938-03-31,244.0,167.0,0.0,,0.0
1938-04-01,200.0,117.0,0.0,,0.0
1938-04-02,156.0,50.0,0.0,,0.0
1938-04-03,161.0,6.0,0.0,,0.0
1938-04-04,211.0,78.0,0.0,,0.0
1938-04-05,250.0,150.0,0.0,,0.0
1938-04-06,211.0,156.0,251.0,,0.0
1938-04-07,161.0,144.0,472.0,,0.0
1938-04-08,161.0,44.0,64.0,,0.0
1938-04-09,117.0,33.0,0.0,,0.0
1938-04-10,178.0,33.0,0.0,,0.0
1938-04-11,200.0,122.0,0.0,,0.0
1938-04-12,256.0,150.0,0.0,,0.0
1938-04-13,250.0,172.0,0.0,,0.0
1938-04-14,244.0,150.0,0.0,,0.0
1938-04-15,244.0,183.0,0.0,,0.0
1938-04-16,244.0,150.0,198.0,,0.0
1938-04-17,244.0,167.0,117.0,,0.0
1938-04-18,233.0,150.0,0.0,,0.0
1938-04-19,256.0,189.0,0.0,,0.0
1938-04-20,267.0,161.0,112.0,,0.0
1938-04-21,256.0,172.0,51.0,,0.0
1938-04-22,200.0,161.0,10.0,,0.0
1938-04-23,228.0,117.0,0.0,,0.0
1938-04-24,261.0,167.0,0.0,,0.0
1938-04-25,261.0,167.0,0.0,,0.0
1938-04-26,267.0,183.0,0.0,,0.0
1938-04-27,267.0,167.0,0.0,,0.0
1938-04-28,294.0,189.0,0.0,,0.0
1938-04-29,311.0,200.0,0.0,,0.0
1938-04-30,300.0,200.0,0.0,,0.0
1938-05-01,311.0,167.0,0.0,,0.0
1938-05-02,300.0,178.0,0.0,,0.0
1938-05-03,278.0,167.0,0.0,,0.0
1938-05-04,267.0,150.0,0.0,,0.0
1938-05-05,244.0,167.0,0.0,,0.0
1938-05-06,300.0,178.0,0.0,,0.0
1938-05-07,261.0,206.0,51.0,,0.0
1938-05-08,222.0,167.0,0.0,,0.0
1938-05-09,200.0,111.0,0.0,,0.0
1938-05-10,194.0,133.0,0.0,,0.0
1938-05-11,267.0,133.0,0.0,,0.0
1938-05-12,239.0,167.0,0.0,,0.0
1938-05-13,222.0,178.0,140.0,,0.0
1938-05-14,256.0,178.0,0.0,,0.0
1938-05-15,256.0,144.0,0.0,,0.0
1938-05-16,256.0,178.0,0.0,,0.0
1938-05-17,250.0,183.0,305.0,,0.0
1938-05-18,294.0,183.0,0.0,,0.0
1938-05-19,311.0,233.0,0.0,,0.0
1938-05-20,300.0,233.0,0.0,,0.0
1938-05-21,294.0,233.0,0.0,,0.0
1938-05-22,306.0,233.0,0.0,,0.0
1938-05-23,267.0,211.0,41.0,,0.0
1938-05-24,233.0,167.0,0.0,,0.0
1938-05-25,267.0,172.0,0.0,,0.0
1938-05-26,267.0,167.0,0.0,,0.0
1938-05-27,283.0,206.0,0.0,,0.0
1938-05-28,322.0,211.0,0.0,,0.0
1938-05-29,311.0,211.0,0.0,,0.0
1938-05-30,333.0,211.0,0.0,,0.0
1938-05-31,333.0,222.0,0.0,,0.0
1938-06-01,333.0,222.0,0.0,,
1938-06-02,278.0,211.0,0.0,,
1938-06-03,289.0,189.0,0.0,,
1938-06-04,300.0,206.0,0.0,,
1938-06-05,333.0,233.0,0.0,,
1938-06-06,344.0,233.0,0.0,,
1938-06-07,283.0,211.0,64.0,,
1938-06-08,233.0,172.0,36.0,,
1938-06-09,217.0,178.0,351.0,,
1938-06-10,306.0,200.0,0.0,,
1938-06-11,289.0,211.0,0.0,,
1938-06-12,283.0,211.0,0.0,,
1938-06-13,300.0,222.0,0.0,,
1938-06-14,322.0,222.0,0.0,,
1938-06-15,350.0,189.0,0.0,,
1938-06-16,344.0,194.0,122.0,,
1938-06-17,311.0,189.0,107.0,,
1938-06-18,233.0,189.0,363.0,,
1938-06-19,311.0,206.0,0.0,,
1938-06-20,311.0,206.0,10.0,,
1938-06-21,300.0,211.0,0.0,,
1938-06-22,311.0,206.0,0.0,,
1938-06-23,333.0,206.0,0.0,,
1938-06-24,333.0,228.0,0.0,,
1938-06-25,339.0,233.0,0.0,,
1938-06-26,328.0,217.0,76.0,,
1938-06-27,300.0,206.0,0.0,,
1938-06-28,278.0,206.0,0.0,,
1938-06-29,278.0,189.0,0.0,,
1938-06-30,311.0,206.0,0.0,,
1938-07-01,339.0,239.0,0.0,,
1938-07-02,344.0,233.0,0.0,,
1938-07-03,356.0,222.0,0.0,,
1938-07-04,367.0,228.0,0.0,,
1938-07-05,378.0,244.0,0.0,,
1938-07-06,367.0,256.0,0.0,,
1938-07-07,350.0,244.0,0.0,,
1938-07-08,361.0,244.0,0.0,,
1938-07-09,367.0,239.0,0.0,,
1938-07-10,356.0,233.0,0.0,,
1938-07-11,361.0,256.0,0.0,,
1938-07-12,356.0,244.0,117.0,,
1938-07-13,350.0,200.0,0.0,,
1938-07-14,372.0,222.0,0.0,,
1938-07-15,361.0,233.0,0.0,,
1938-07-16,350.0,217.0,0.0,,
1938-07-17,356.0,239.0,0.0,,
1938-07-18,306.0,222.0,20.0,,
1938-07-19,267.0,194.0,665.0,,
1938-07-20,294.0,211.0,345.0,,
1938-07-21,278.0,222.0,30.0,,
1938-07-22,311.0,222.0,0.0,,
1938-07-23,311.0,222.0,102.0,,
1938-07-24,317.0,233.0,0.0,,
1938-07-25,322.0,233.0,0.0,,
1938-07-26,339.0,244.0,0.0,,
1938-07-27,339.0,239.0,0.0,,
1938-07-28,350.0,256.0,0.0,,
1938-07-29,322.0,244.0,0.0,,
1938-07-30,294.0,244.0,208.0,,
1938-07-31,306.0,233.0,36.0,,
1938-08-01,322.0,222.0,109.0,,
1938-08-02,289.0,233.0,36.0,,
1938-08-03,322.0,244.0,0.0,,
1938-08-04,294.0,228.0,0.0,,
1938-08-05,333.0,244.0,0.0,,
1938-08-06,328.0,244.0,0.0,,
1938-08-07,333.0,244.0,0.0,,
1938-08-08,322.0,250.0,0.0,,
1938-08-09,339.0,233.0,0.0,,
1938-08-10,317.0,233.0,0.0,,
1938-08-11,333.0,250.0,0.0,,
1938-08-12,356.0,256.0,0.0,,
1938-08-13,289.0,228.0,0.0,,
1938-08-14,311.0,228.0,0.0,,
1938-08-15,267.0,222.0,610.0,,
1938-08-16,328.0,222.0,0.0,,
1938-08-17,333.0,233.0,0.0,,
1938-08-18,322.0,239.0,0.0,,
1938-08-19,311.0,244.0,0.0,,
1938-08-20,289.0,239.0,0.0,,
1938-08-21,350.0,244.0,0.0,,
1938-08-22,356.0,250.0,0.0,,
1938-08-23,361.0,244.0,0.0,,
1938-08-24,367.0,244.0,0.0,,
1938-08-25,383.0,244.0,0.0,,
1938-08-26,389.0,222.0,0.0,,
1938-08-27,389.0,250.0,0.0,,
1938-08-28,350.0,228.0,0.0,,
1938-08-29,367.0,239.0,0.0,,
1938-08-30,372.0,200.0,43.0,,
1938-08-31,367.0,233.0,0.0,,
1938-09-01,367.0,233.0,30.0,,
1938-09-02,356.0,222.0,0.0,,
1938-09-03,344.0,217.0,86.0,,
1938-09-04,356.0,228.0,0.0,,
1938-09-05,367.0,244.0,0.0,,
1938-09-06,350.0,222.0,0.0,,
1938-09-07,350.0,222.0,0.0,,
1938-09-08,356.0,222.0,0.0,,
1938-09-09,367.0,244.0,0.0,,
1938-09-10,367.0,233.0,0.0,,
1938-09-11,311.0,244.0,0.0,,
1938-09-12,311.0,222.0,0.0,,
1938-09-13,339.0,222.0,0.0,,
1938-09-14,300.0,233.0,0.0,,
1938-09-15,294.0,183.0,0.0,,
1938-09-16,289.0,172.0,0.0,,
1938-09-17,294.0,172.0,0.0,,
1938-09-18,328.0,178.0,0.0,,
1938-09-19,289.0,133.0,0.0,,
1938-09-20,244.0,111.0,0.0,,
1938-09-21,244.0,122.0,0.0,,
1938-09-22,289.0,133.0,0.0,,
1938-09-23,267.0,144.0,0.0,,
1938-09-24,322.0,172.0,0.0,,
1938-09-25,322.0,200.0,0.0,,
1938-09-26,328.0,189.0,107.0,,
1938-09-27,350.0,200.0,0.0,,
1938-09-28,339.0,183.0,0.0,,
1938-09-29,322.0,183.0,0.0,,
1938-09-30,306.0,150.0,0.0,,
1938-10-01,350.0,150.0,0.0,,
1938-10-02,322.0,194.0,0.0,,
1938-10-03,322.0,150.0,0.0,,
1938-10-04,328.0,206.0,0.0,,
1938-10-05,322.0,178.0,0.0,,
1938-10-06,344.0,222.0,0.0,,
1938-10-07,300.0,178.0,102.0,,
1938-10-08,289.0,111.0,0.0,,
1938-10-09,294.0,106.0,0.0,,
1938-10-10,317.0,133.0,0.0,,
1938-10-11,300.0,133.0,0.0,,
1938-10-12,311.0,156.0,0.0,,
1938-10-13,311.0,167.0,0.0,,
1938-10-14,311.0,167.0,0.0,,
1938-10-15,328.0,156.0,0.0,,
1938-10-16,322.0,144.0,0.0,,
1938-10-17,289.0,167.0,0.0,,
1938-10-18,289.0,211.0,53.0,,
1938-10-19,233.0,200.0,36.0,,
1938-10-20,200.0,100.0,0.0,,
1938-10-21,233.0,78.0,0.0,,
1938-10-22,278.0,111.0,0.0,,
1938-10-23,200.0,83.0,51.0,,
1938-10-24,167.0,22.0,0.0,,
1938-10-25,256.0,67.0,0.0,,
1938-10-26,256.0,89.0,0.0,,
1938-10-27,278.0,122.0,0.0,,
1938-10-28,256.0,67.0,0.0,,
1938-10-29,228.0,67.0,0.0,,
1938-10-30,261.0,89.0,0.0,,
1938-10-31,289.0,111.0,0.0,,
1938-11-01,289.0,122.0,0.0,,
1938-11-02,278.0,122.0,0.0,,
1938-11-03,278.0,178.0,0.0,,
1938-11-04,239.0,111.0,584.0,,
1938-11-05,267.0,100.0,0.0,,
1938-11-06,278.0,144.0,0.0,,
1938-11-07,211.0,44.0,84.0,,
1938-11-08,183.0,-11.0,0.0,,
1938-11-09,133.0,-6.0,0.0,,
1938-11-10,178.0,11.0,0.0,,
1938-11-11,239.0,44.0,0.0,,
1938-11-12,222.0,100.0,0.0,,
1938-11-13,189.0,156.0,0.0,,
1938-11-14,200.0,50.0,0.0,,
1938-11-15,200.0,33.0,0.0,,
1938-11-16,233.0,100.0,10.0,,
1938-11-17,267.0,178.0,0.0,,
1938-11-18,244.0,78.0,231.0,,
1938-11-19,133.0,33.0,0.0,,
1938-11-20,200.0,39.0,0.0,,
1938-11-21,211.0,61.0,0.0,,
1938-11-22,200.0,100.0,0.0,,
1938-11-23,100.0,33.0,0.0,,
1938-11-24,67.0,-6.0,10.0,,
1938-11-25,78.0,-22.0,0.0,,
1938-11-26,78.0,-33.0,0.0,,
1938-11-27,50.0,-78.0,0.0,,
1938-11-28,111.0,-67.0,0.0,,
1938-11-29,128.0,0.0,0.0,,
1938-11-30,211.0,39.0,0.0,,
1938-12-01,211.0,78.0,0.0,,0.0
1938-12-02,200.0,100.0,0.0,,0.0
1938-12-03,200.0,122.0,117.0,,0.0
1938-12-04,211.0,78.0,0.0,,0.0
1938-12-05,156.0,50.0,0.0,,0.0
1938-12-06,117.0,0.0,0.0,,0.0
1938-12-07,144.0,44.0,0.0,,0.0
1938-12-08,94.0,22.0,0.0,,0.0
1938-12-09,111.0,-28.0,0.0,,0.0
1938-12-10,144.0,22.0,0.0,,0.0
1938-12-11,239.0,100.0,0.0,,0.0
1938-12-12,183.0,72.0,0.0,,0.0
1938-12-13,100.0,33.0,0.0,,0.0
1938-12-14,111.0,17.0,0.0,,0.0
1938-12-15,133.0,-11.0,0.0,,0.0
1938-12-16,122.0,44.0,0.0,,0.0
1938-12-17,122.0,44.0,3.0,,0.0
1938-12-18,122.0,33.0,5.0,,0.0
1938-12-19,133.0,-17.0,0.0,,0.0
1938-12-20,133.0,6.0,117.0,,0.0
1938-12-21,133.0,50.0,51.0,,0.0
1938-12-22,78.0,11.0,10.0,,0.0
1938-12-23,133.0,44.0,305.0,,0.0
1938-12-24,122.0,33.0,0.0,,0.0
1938-12-25,100.0,33.0,0.0,,0.0
1938-12-26,61.0,33.0,142.0,,0.0
1938-12-27,33.0,-50.0,0.0,,0.0
1938-12-28,67.0,-72.0,0.0,,0.0
1938-12-29,33.0,0.0,36.0,,0.0
1938-12-30,89.0,11.0,0.0,,0.0
1938-12-31,111.0,-11.0,0.0,,0.0
1939-01-01,139.0,-11.0,0.0,,0.0
1939-01-02,172.0,39.0,0.0,,0.0
1939-01-03,200.0,67.0,10.0,,0.0
1939-01-04,194.0,133.0,1191.0,,0.0
1939-01-05,178.0,89.0,0.0,,0.0
1939-01-06,189.0,11.0,0.0,,0.0
1939-01-07,222.0,17.0,0.0,,0.0
1939-01-08,244.0,78.0,0.0,,0.0
1939-01-09,233.0,156.0,25.0,,0.0
1939-01-10,189.0,89.0,71.0,,0.0
1939-01-11,122.0,78.0,15.0,,0.0
1939-01-12,94.0,56.0,470.0,,0.0
1939-01-13,100.0,33.0,51.0,,0.0
1939-01-14,133.0,22.0,0.0,,0.0
1939-01-15,122.0,44.0,0.0,,0.0
1939-01-16,94.0,-50.0,0.0,,0.0
1939-01-17,144.0,-6.0,150.0,,0.0
1939-01-18,128.0,0.0,3.0,,0.0
1939-01-19,161.0,0.0,0.0,,0.0
1939-01-20,194.0,33.0,0.0,,0.0
1939-01-21,200.0,67.0,0.0,,0.0
1939-01-22,172.0,44.0,25.0,,0.0
1939-01-23,44.0,6.0,193.0,,0.0
1939-01-24,111.0,17.0,5.0,,0.0
1939-01-25,117.0,-22.0,0.0,,0.0
1939-01-26,133.0,33.0,0.0,,0.0
1939-01-27,122.0,-22.0,0.0,,0.0
1939-01-28,117.0,6.0,53.0,,0.0
1939-01-29,150.0,94.0,457.0,,0.0
1939-01-30,122.0,50.0,0.0,,0.0
1939-01-31,139.0,17.0,0.0,,0.0
1939-02-01,167.0,111.0,8.0,,
1939-02-02,167.0,56.0,485.0,,
1939-02-03,56.0,6.0,394.0,,
1939-02-04,61.0,0.0,0.0,,
1939-02-05,128.0,11.0,0.0,,
1939-02-06,161.0,67.0,157.0,,
1939-02-07,178.0,44.0,0.0,,
1939-02-08,167.0,100.0,0.0,,
1939-02-09,239.0,67.0,8.0,,
1939-02-10,233.0,56.0,66.0,,
1939-02-11,89.0,-22.0,0.0,,
1939-02-12,139.0,-28.0,0.0,,
1939-02-13,100.0,56.0,0.0,,
1939-02-14,244.0,83.0,472.0,,
1939-02-15,122.0,28.0,0.0,,
1939-02-16,167.0,28.0,0.0,,
1939-02-17,178.0,44.0,0.0,,
1939-02-18,178.0,100.0,8.0,,
1939-02-19,211.0,117.0,239.0,,
1939-02-20,206.0,61.0,0.0,,
1939-02-21,89.0,0.0,0.0,,
1939-02-22,56.0,-56.0,0.0,,
1939-02-23,122.0,-44.0,0.0,,
1939-02-24,111.0,22.0,3.0,,
1939-02-25,83.0,50.0,432.0,,
1939-02-26,78.0,44.0,0.0,,
1939-02-27,83.0,56.0,25.0,,
1939-02-28,111.0,44.0,20.0,,
1939-03-01,94.0,22.0,0.0,,0.0
1939-03-02,111.0,6.0,0.0,,0.0
1939-03-03,139.0,17.0,0.0,,0.0
1939-03-04,239.0,89.0,41.0,,0.0
1939-03-05,233.0,156.0,0.0,,0.0
1939-03-06,194.0,89.0,0.0,,0.0
1939-03-07,156.0,22.0,0.0,,0.0
1939-03-08,233.0,50.0,0.0,,0.0
1939-03-09,200.0,100.0,0.0,,0.0
1939-03-10,239.0,100.0,0.0,,0.0
1939-03-11,278.0,156.0,0.0,,0.0
1939-03-12,244.0,100.0,0.0,,0.0
1939-03-13,189.0,39.0,0.0,,0.0
1939-03-14,222.0,44.0,0.0,,0.0
1939-03-15,156.0,100.0,0.0,,0.0
1939-03-16,117.0,39.0,0.0,,0.0
1939-03-17,89.0,6.0,0.0,,0.0
1939-03-18,167.0,33.0,0.0,,0.0
1939-03-19,200.0,61.0,0.0,,0.0
1939-03-20,222.0,83.0,0.0,,0.0
1939-03-21,239.0,100.0,10.0,,0.0
1939-03-22,267.0,122.0,0.0,,0.0
1939-03-23,294.0,117.0,0.0,,0.0
1939-03-24,261.0,144.0,0.0,,0.0
1939-03-25,222.0,144.0,99.0,,0.0
1939-03-26,206.0,78.0,470.0,,0.0
1939-03-27,244.0,122.0,0.0,,0.0
1939-03-28,239.0,117.0,71.0,,0.0
1939-03-29,200.0,122.0,1026.0,,0.0
1939-03-30,156.0,89.0,41.0,,0.0
1939-03-31,211.0,78.0,0.0,,0.0
1939-04-01,244.0,100.0,0.0,,
1939-04-02,289.0,122.0,0.0,,
1939-04-03,239.0,122.0,0.0,,
1939-04-04,183.0,122.0,51.0,,
1939-04-05,222.0,111.0,5.0,,
1939-04-06,211.0,56.0,302.0,,
1939-04-07,122.0,11.0,0.0,,
1939-04-08,189.0,44.0,0.0,,
1939-04-09,244.0,100.0,0.0,,
1939-04-10,244.0,167.0,0.0,,
1939-04-11,222.0,89.0,150.0,,
1939-04-12,156.0,44.0,0.0,,
1939-04-13,167.0,44.0,0.0,,
1939-04-14,239.0,100.0,0.0,,
1939-04-15,278.0,133.0,0.0,,
1939-04-16,239.0,178.0,432.0,,
1939-04-17,178.0,122.0,0.0,,
1939-04-18,144.0,67.0,0.0,,
1939-04-19,122.0,67.0,3.0,,
1939-04-20,228.0,61.0,0.0,,
1939-04-21,211.0,89.0,142.0,,
1939-04-22,233.0,94.0,0.0,,
1939-04-23,267.0,133.0,0.0,,
1939-04-24,272.0,150.0,0.0,,
1939-04-25,256.0,167.0,0.0,,
1939-04-26,300.0,167.0,0.0,,
1939-04-27,250.0,156.0,201.0,,
1939-04-28,256.0,150.0,20.0,,
1939-04-29,211.0,122.0,0.0,,
1939-04-30,250.0,122.0,0.0,,
1939-05-01,289.0,133.0,0.0,,
1939-05-02,244.0,156.0,0.0,,
1939-05-03,228.0,89.0,0.0,,
1939-05-04,256.0,100.0,0.0,,
1939-05-05,272.0,122.0,0.0,,
1939-05-06,289.0,183.0,0.0,,
1939-05-07,267.0,178.0,0.0,,
1939-05-08,244.0,178.0,71.0,,
1939-05-09,267.0,133.0,30.0,,
1939-05-10,306.0,156.0,0.0,,
1939-05-11,294.0,161.0,0.0,,
1939-05-12,278.0,167.0,0.0,,
1939-05-13,211.0,161.0,0.0,,
1939-05-14,233.0,122.0,0.0,,
1939-05-15,283.0,122.0,0.0,,
1939-05-16,300.0,144.0,0.0,,
1939-05-17,256.0,189.0,81.0,,
1939-05-18,267.0,178.0,0.0,,
1939-05-19,261.0,189.0,20.0,,
1939-05-20,278.0,183.0,0.0,,
1939-05-21,311.0,200.0,0.0,,
1939-05-22,322.0,183.0,76.0,,
1939-05-23,267.0,178.0,25.0,,
1939-05-24,311.0,189.0,284.0,,
1939-05-25,289.0,178.0,51.0,,
1939-05-26,244.0,200.0,86.0,,
1939-05-27,294.0,200.0,0.0,,
1939-05-28,311.0,222.0,0.0,,
1939-05-29,317.0,200.0,0.0,,
1939-05-30,311.0,222.0,0.0,,
1939-05-31,289.0,211.0,0.0,,
1939-06-01,311.0,206.0,8.0,,
1939-06-02,306.0,211.0,5.0,,
1939-06-03,283.0,211.0,74.0,,
1939-06-04,283.0,211.0,445.0,,
1939-06-05,289.0,206.0,152.0,,
1939-06-06,300.0,211.0,0.0,,
1939-06-07,333.0,239.0,0.0,,
1939-06-08,333.0,244.0,0.0,,
1939-06-09,322.0,244.0,0.0,,
1939-06-10,283.0,233.0,0.0,,
1939-06-11,283.0,233.0,0.0,,
1939-06-12,278.0,233.0,0.0,,
1939-06-13,300.0,228.0,0.0,,
1939-06-14,300.0,222.0,0.0,,
1939-06-15,333.0,222.0,0.0,,
1939-06-16,333.0,222.0,0.0,,
1939-06-17,322.0,222.0,0.0,,
1939-06-18,322.0,244.0,0.0,,
1939-06-19,333.0,222.0,0.0,,
1939-06-20,322.0,233.0,53.0,,
1939-06-21,333.0,233.0,0.0,,
1939-06-22,333.0,233.0,0.0,,
1939-06-23,333.0,222.0,452.0,,
1939-06-24,322.0,211.0,20.0,,
1939-06-25,322.0,222.0,295.0,,
1939-06-26,344.0,222.0,0.0,,
1939-06-27,350.0,211.0,808.0,,
1939-06-28,333.0,217.0,300.0,,
1939-06-29,317.0,211.0,36.0,,
1939-06-30,328.0,211.0,43.0,,
1939-07-01,333.0,200.0,0.0,,
1939-07-02,294.0,211.0,137.0,,
1939-07-03,328.0,222.0,0.0,,
1939-07-04,333.0,228.0,0.0,,
1939-07-05,344.0,228.0,0.0,,
1939-07-06,344.0,217.0,0.0,,
1939-07-07,367.0,206.0,0.0,,
1939-07-08,361.0,233.0,0.0,,
1939-07-09,333.0,222.0,20.0,,
1939-07-10,322.0,222.0,0.0,,
1939-07-11,333.0,217.0,0.0,,
1939-07-12,350.0,228.0,0.0,,
1939-07-13,344.0,217.0,0.0,,
1939-07-14,378.0,233.0,0.0,,
1939-07-15,400.0,239.0,0.0,,
1939-07-16,356.0,228.0,0.0,,
1939-07-17,372.0,217.0,0.0,,
1939-07-18,361.0,233.0,0.0,,
1939-07-19,344.0,222.0,0.0,,
1939-07-20,383.0,222.0,0.0,,
1939-07-21,350.0,222.0,30.0,,
1939-07-22,361.0,222.0,0.0,,
1939-07-23,356.0,206.0,168.0,,
1939-07-24,272.0,206.0,132.0,,
1939-07-25,333.0,222.0,0.0,,
1939-07-26,344.0,228.0,0.0,,
1939-07-27,344.0,211.0,163.0,,
1939-07-28,328.0,189.0,13.0,,
1939-07-29,322.0,206.0,30.0,,
1939-07-30,322.0,217.0,0.0,,
1939-07-31,333.0,206.0,0.0,,
1939-08-01,333.0,211.0,0.0,,
1939-08-02,339.0,228.0,0.0,,
1939-08-03,328.0,228.0,20.0,,
1939-08-04,333.0,211.0,0.0,,
1939-08-05,344.0,200.0,0.0,,
1939-08-06,356.0,222.0,0.0,,
1939-08-07,350.0,217.0,0.0,,
1939-08-08,350.0,228.0,0.0,,
1939-08-09,333.0,222.0,3.0,,
1939-08-10,350.0,211.0,0.0,,
1939-08-11,372.0,228.0,0.0,,
1939-08-12,356.0,233.0,0.0,,
1939-08-13,372.0,233.0,0.0,,
1939-08-14,344.0,206.0,0.0,,
1939-08-15,356.0,217.0,0.0,,
1939-08-16,350.0,222.0,0.0,,
1939-08-17,356.0,222.0,0.0,,
1939-08-18,333.0,206.0,81.0,,
1939-08-19,317.0,194.0,130.0,,
1939-08-20,333.0,189.0,0.0,,
1939-08-21,333.0,206.0,0.0,,
1939-08-22,350.0,211.0,0.0,,
1939-08-23,322.0,222.0,0.0,,
1939-08-24,344.0,200.0,0.0,,
1939-08-25,367.0,217.0,130.0,,
1939-08-26,344.0,217.0,0.0,,
1939-08-27,350.0,206.0,0.0,,
1939-08-28,322.0,200.0,0.0,,
1939-08-29,333.0,172.0,0.0,,
1939-08-30,367.0,189.0,0.0,,
1939-08-31,333.0,211.0,51.0,,
1939-09-01,339.0,228.0,0.0,,
1939-09-02,328.0,239.0,0.0,,
1939-09-03,367.0,239.0,0.0,,
1939-09-04,389.0,244.0,0.0,,
1939-09-05,356.0,233.0,0.0,,
1939-09-06,378.0,200.0,0.0,,
1939-09-07,378.0,228.0,0.0,,
1939-09-08,372.0,217.0,0.0,,
1939-09-09,372.0,211.0,0.0,,
1939-09-10,356.0,233.0,0.0,,
1939-09-11,372.0,222.0,0.0,,
1939-09-12,378.0,228.0,0.0,,
1939-09-13,378.0,233.0,0.0,,
1939-09-14,378.0,222.0,0.0,,
1939-09-15,367.0,228.0,0.0,,
1939-09-16,344.0,200.0,0.0,,
1939-09-17,328.0,211.0,86.0,,
1939-09-18,322.0,206.0,13.0,,
1939-09-19,317.0,211.0,33.0,,
1939-09-20,311.0,194.0,0.0,,
1939-09-21,328.0,167.0,0.0,,
1939-09-22,322.0,183.0,0.0,,
1939-09-23,333.0,167.0,0.0,,
1939-09-24,333.0,150.0,0.0,,
1939-09-25,333.0,167.0,0.0,,
1939-09-26,333.0,172.0,0.0,,
1939-09-27,367.0,183.0,0.0,,
1939-09-28,311.0,183.0,0.0,,
1939-09-29,344.0,211.0,0.0,,
1939-09-30,289.0,117.0,292.0,,
1939-10-01,211.0,61.0,0.0,,
1939-10-02,250.0,72.0,0.0,,
1939-10-03,289.0,94.0,0.0,,
1939-10-04,278.0,139.0,0.0,,
1939-10-05,300.0,161.0,0.0,,
1939-10-06,328.0,189.0,0.0,,
1939-10-07,333.0,206.0,0.0,,
1939-10-08,317.0,189.0,0.0,,
1939-10-09,317.0,217.0,0.0,,
1939-10-10,294.0,217.0,0.0,,
1939-10-11,228.0,111.0,0.0,,
1939-10-12,261.0,122.0,0.0,,
1939-10-13,278.0,111.0,0.0,,
1939-10-14,211.0,111.0,0.0,,
1939-10-15,222.0,44.0,0.0,,
1939-10-16,256.0,72.0,0.0,,
1939-10-17,278.0,67.0,0.0,,
1939-10-18,283.0,106.0,0.0,,
1939-10-19,294.0,100.0,0.0,,
1939-10-20,267.0,100.0,0.0,,
1939-10-21,322.0,144.0,0.0,,
1939-10-22,339.0,144.0,0.0,,
1939-10-23,350.0,156.0,0.0,,
1939-10-24,294.0,156.0,0.0,,
1939-10-25,267.0,206.0,8.0,,
1939-10-26,311.0,217.0,0.0,,
1939-10-27,322.0,222.0,38.0,,
1939-10-28,228.0,89.0,0.0,,
1939-10-29,206.0,39.0,0.0,,
1939-10-30,167.0,72.0,0.0,,
1939-10-31,156.0,-22.0,0.0,,
1939-11-01,256.0,22.0,0.0,,
1939-11-02,183.0,67.0,0.0,,
1939-11-03,128.0,22.0,0.0,,
1939-11-04,117.0,-22.0,0.0,,
1939-11-05,161.0,-22.0,0.0,,
1939-11-06,200.0,0.0,0.0,,
1939-11-07,244.0,100.0,0.0,,
1939-11-08,272.0,89.0,0.0,,
1939-11-09,267.0,111.0,0.0,,
1939-11-10,211.0,111.0,272.0,,
1939-11-11,117.0,67.0,130.0,,
1939-11-12,72.0,44.0,493.0,,
1939-11-13,172.0,33.0,0.0,,
1939-11-14,211.0,50.0,0.0,,
1939-11-15,222.0,61.0,0.0,,
1939-11-16,233.0,128.0,0.0,,
1939-11-17,211.0,133.0,0.0,,
1939-11-18,211.0,144.0,41.0,,
1939-11-19,211.0,128.0,8.0,,
1939-11-20,150.0,83.0,0.0,,
1939-11-21,161.0,83.0,0.0,,
1939-11-22,194.0,39.0,0.0,,
1939-11-23,161.0,11.0,0.0,,
1939-11-24,172.0,17.0,0.0,,
1939-11-25,122.0,22.0,0.0,,
1939-11-26,83.0,39.0,0.0,,
1939-11-27,94.0,-6.0,0.0,,
1939-11-28,144.0,-33.0,0.0,,
1939-11-29,128.0,28.0,0.0,,
1939-11-30,128.0,61.0,5.0,,
1939-12-01,161.0,89.0,132.0,,0.0
1939-12-02,156.0,67.0,0.0,,0.0
1939-12-03,150.0,-17.0,0.0,,0.0
1939-12-04,161.0,22.0,0.0,,0.0
1939-12-05,217.0,22.0,0.0,,0.0
1939-12-06,233.0,33.0,0.0,,0.0
1939-12-07,272.0,67.0,0.0,,0.0
1939-12-08,206.0,83.0,0.0,,0.0
1939-12-09,239.0,44.0,0.0,,0.0
1939-12-10,217.0,133.0,0.0,,0.0
1939-12-11,217.0,94.0,0.0,,0.0
1939-12-12,200.0,111.0,0.0,,0.0
1939-12-13,183.0,61.0,0.0,,0.0
1939-12-14,161.0,-11.0,0.0,,0.0
1939-12-15,111.0,50.0,28.0,,0.0
1939-12-16,144.0,78.0,0.0,,0.0
1939-12-17,161.0,83.0,0.0,,0.0
1939-12-18,183.0,117.0,0.0,,0.0
1939-12-19,167.0,78.0,64.0,,0.0
1939-12-20,161.0,-28.0,0.0,,0.0
1939-12-21,161.0,22.0,0.0,,0.0
1939-12-22,106.0,39.0,30.0,,0.0
1939-12-23,156.0,50.0,287.0,,0.0
1939-12-24,117.0,33.0,0.0,,0.0
1939-12-25,44.0,0.0,58.0,,0.0
1939-12-26,56.0,17.0,231.0,,0.0
1939-12-27,39.0,11.0,5.0,,0.0
1939-12-28,39.0,11.0,0.0,,0.0
1939-12-29,50.0,-50.0,0.0,,0.0
1939-12-30,100.0,-67.0,0.0,,0.0
1939-12-31,89.0,-17.0,0.0,,0.0
1940-01-01,78.0,-17.0,0.0,,0.0
1940-01-02,17.0,-72.0,0.0,,0.0
1940-01-03,44.0,-67.0,0.0,,0.0
1940-01-04,33.0,-17.0,58.0,,0.0
1940-01-05,22.0,-39.0,0.0,,0.0
1940-01-06,28.0,-83.0,48.0,,0.0
1940-01-07,11.0,-17.0,104.0,,0.0
1940-01-08,22.0,-78.0,0.0,,0.0
1940-01-09,11.0,-72.0,0.0,,0.0
1940-01-10,94.0,22.0,8.0,,0.0
1940-01-11,183.0,78.0,5.0,,0.0
1940-01-12,167.0,0.0,0.0,,0.0
1940-01-13,133.0,22.0,3.0,,0.0
1940-01-14,128.0,-22.0,135.0,,0.0
1940-01-15,83.0,-50.0,0.0,,0.0
1940-01-16,128.0,-44.0,0.0,,0.0
1940-01-17,156.0,-11.0,0.0,,0.0
1940-01-18,106.0,-100.0,0.0,0.0,0.0
1940-01-19,-50.0,-172.0,0.0,0.0,0.0
1940-01-20,22.0,-122.0,0.0,0.0,0.0
1940-01-21,11.0,-100.0,0.0,0.0,0.0
1940-01-22,-17.0,-61.0,25.0,51.0,51.0
1940-01-23,6.0,-67.0,64.0,76.0,102.0
1940-01-24,0.0,-128.0,0.0,76.0,0.0
1940-01-25,-33.0,-111.0,0.0,51.0,0.0
1940-01-26,-22.0,-150.0,0.0,51.0,0.0
1940-01-27,22.0,-161.0,0.0,51.0,0.0
1940-01-28,67.0,-67.0,0.0,51.0,0.0
1940-01-29,128.0,-17.0,0.0,0.0,0.0
1940-01-30,89.0,-22.0,0.0,0.0,0.0
1940-01-31,72.0,-78.0,0.0,0.0,0.0
1940-02-01,111.0,-33.0,0.0,0.0,0.0
1940-02-02,100.0,-6.0,0.0,0.0,0.0
1940-02-03,56.0,-22.0,0.0,,0.0
1940-02-04,83.0,6.0,76.0,,0.0
1940-02-05,78.0,56.0,18.0,,0.0
1940-02-06,67.0,22.0,86.0,,0.0
1940-02-07,111.0,17.0,0.0,,0.0
1940-02-08,189.0,44.0,0.0,,0.0
1940-02-09,161.0,33.0,401.0,,0.0
1940-02-10,50.0,-6.0,46.0,,0.0
1940-02-11,194.0,-17.0,0.0,,0.0
1940-02-12,200.0,83.0,0.0,,0.0
1940-02-13,161.0,17.0,20.0,,0.0
1940-02-14,117.0,-56.0,0.0,,0.0
1940-02-15,100.0,22.0,5.0,,0.0
1940-02-16,156.0,44.0,5.0,,0.0
1940-02-17,111.0,56.0,160.0,,0.0
1940-02-18,67.0,33.0,119.0,,0.0
1940-02-19,56.0,0.0,3.0,,0.0
1940-02-20,56.0,17.0,0.0,,0.0
1940-02-21,89.0,11.0,0.0,,0.0
1940-02-22,111.0,-28.0,0.0,,0.0
1940-02-23,122.0,22.0,0.0,,0.0
1940-02-24,100.0,72.0,104.0,,0.0
1940-02-25,83.0,-17.0,0.0,,0.0
1940-02-26,156.0,-17.0,0.0,,0.0
1940-02-27,250.0,117.0,8.0,,0.0
1940-02-28,272.0,67.0,0.0,,0.0
1940-02-29,239.0,61.0,0.0,,0.0
1940-03-01,244.0,139.0,0.0,,0.0
1940-03-02,267.0,178.0,0.0,,0.0
1940-03-03,183.0,44.0,0.0,,0.0
1940-03-04,156.0,39.0,0.0,,0.0
1940-03-05,172.0,22.0,0.0,,0.0
1940-03-06,,39.0,0.0,,0.0
1940-03-07,189.0,56.0,0.0,,0.0
1940-03-08,122.0,28.0,0.0,,0.0
1940-03-09,183.0,-6.0,0.0,,0.0
1940-03-10,222.0,78.0,0.0,,0.0
1940-03-11,228.0,144.0,0.0,,0.0
1940-03-12,261.0,122.0,818.0,,0.0
1940-03-13,167.0,22.0,170.0,,0.0
1940-03-14,100.0,-22.0,0.0,,0.0
1940-03-15,206.0,-11.0,0.0,,0.0
1940-03-16,233.0,67.0,0.0,,0.0
1940-03-17,222.0,72.0,0.0,,0.0
1940-03-18,250.0,133.0,0.0,,0.0
1940-03-19,189.0,33.0,0.0,,0.0
1940-03-20,233.0,56.0,0.0,,0.0
1940-03-21,256.0,67.0,0.0,,0.0
1940-03-22,217.0,89.0,0.0,,0.0
1940-03-23,189.0,78.0,0.0,,0.0
1940-03-24,144.0,-6.0,28.0,,0.0
1940-03-25,100.0,-33.0,0.0,,0.0
1940-03-26,200.0,-11.0,0.0,,0.0
1940-03-27,222.0,100.0,97.0,,0.0
1940-03-28,250.0,139.0,5.0,,0.0
1940-03-29,222.0,150.0,170.0,,0.0
1940-03-30,250.0,117.0,0.0,,0.0
1940-03-31,283.0,100.0,0.0,,0.0
1940-04-01,306.0,133.0,0.0,,
1940-04-02,289.0,156.0,0.0,,
1940-04-03,306.0,206.0,0.0,,
1940-04-04,300.0,194.0,0.0,,
1940-04-05,139.0,100.0,0.0,,
1940-04-06,200.0,94.0,0.0,,
1940-04-07,178.0,78.0,391.0,,
1940-04-08,194.0,67.0,13.0,,
1940-04-09,206.0,67.0,0.0,,
1940-04-10,261.0,89.0,0.0,,
1940-04-11,200.0,44.0,447.0,,
1940-04-12,100.0,0.0,0.0,,
1940-04-13,172.0,-22.0,0.0,,
1940-04-14,278.0,50.0,0.0,,
1940-04-15,256.0,117.0,0.0,,
1940-04-16,272.0,183.0,0.0,,
1940-04-17,244.0,156.0,124.0,,
1940-04-18,167.0,56.0,437.0,,
1940-04-19,89.0,56.0,13.0,,
1940-04-20,206.0,44.0,0.0,,
1940-04-21,222.0,50.0,0.0,,
1940-04-22,228.0,94.0,28.0,,
1940-04-23,239.0,106.0,33.0,,
1940-04-24,200.0,67.0,0.0,,
1940-04-25,239.0,106.0,0.0,,
1940-04-26,256.0,106.0,0.0,,
1940-04-27,261.0,144.0,0.0,,
1940-04-28,228.0,172.0,122.0,,
1940-04-29,278.0,161.0,142.0,,
1940-04-30,267.0,150.0,201.0,,
1940-05-01,211.0,111.0,0.0,,
1940-05-02,239.0,78.0,0.0,,
1940-05-03,278.0,78.0,0.0,,
1940-05-04,233.0,117.0,0.0,,
1940-05-05,306.0,150.0,0.0,,
1940-05-06,306.0,167.0,0.0,,
1940-05-07,294.0,167.0,0.0,,
1940-05-08,306.0,172.0,0.0,,
1940-05-09,217.0,156.0,0.0,,
1940-05-10,256.0,133.0,0.0,,
1940-05-11,278.0,117.0,0.0,,
1940-05-12,289.0,128.0,0.0,,
1940-05-13,300.0,144.0,0.0,,
1940-05-14,289.0,161.0,13.0,,
1940-05-15,267.0,117.0,0.0,,
1940-05-16,228.0,100.0,30.0,,
1940-05-17,317.0,156.0,0.0,,
1940-05-18,300.0,194.0,18.0,,
1940-05-19,267.0,133.0,0.0,,
1940-05-20,300.0,106.0,0.0,,
1940-05-21,317.0,189.0,10.0,,
1940-05-22,289.0,194.0,533.0,,
1940-05-23,211.0,128.0,97.0,,
1940-05-24,261.0,111.0,10.0,,
1940-05-25,261.0,128.0,20.0,,
1940-05-26,244.0,139.0,0.0,,
1940-05-27,183.0,150.0,117.0,,
1940-05-28,206.0,156.0,66.0,,
1940-05-29,283.0,172.0,0.0,,
1940-05-30,272.0,156.0,0.0,,
1940-05-31,294.0,139.0,0.0,,
1940-06-01,306.0,150.0,0.0,,
1940-06-02,317.0,161.0,0.0,,
1940-06-03,328.0,178.0,0.0,,
1940-06-04,333.0,183.0,0.0,,
1940-06-05,322.0,206.0,0.0,,
1940-06-06,306.0,211.0,0.0,,
1940-06-07,328.0,211.0,23.0,,
1940-06-08,328.0,211.0,0.0,,
1940-06-09,322.0,206.0,74.0,,
1940-06-10,283.0,194.0,18.0,,
1940-06-11,244.0,200.0,79.0,,
1940-06-12,250.0,150.0,0.0,,
1940-06-13,261.0,161.0,0.0,,
1940-06-14,283.0,194.0,104.0,,
1940-06-15,278.0,200.0,23.0,,
1940-06-16,289.0,200.0,0.0,,
1940-06-17,244.0,217.0,86.0,,
1940-06-18,322.0,222.0,18.0,,
1940-06-19,322.0,217.0,56.0,,
1940-06-20,328.0,222.0,122.0,,
1940-06-21,300.0,194.0,0.0,,
1940-06-22,333.0,206.0,0.0,,
1940-06-23,328.0,222.0,0.0,,
1940-06-24,267.0,206.0,41.0,,
1940-06-25,306.0,100.0,0.0,,
1940-06-26,328.0,172.0,0.0,,
1940-06-27,344.0,206.0,0.0,,
1940-06-28,322.0,194.0,518.0,,
1940-06-29,278.0,178.0,0.0,,
1940-06-30,300.0,144.0,0.0,,
1940-07-01,244.0,206.0,513.0,,
1940-07-02,250.0,200.0,1069.0,,
1940-07-03,267.0,206.0,8.0,,
1940-07-04,267.0,183.0,0.0,,
1940-07-05,272.0,178.0,0.0,,
1940-07-06,244.0,200.0,23.0,,
1940-07-07,217.0,200.0,305.0,,
1940-07-08,239.0,194.0,3.0,,
1940-07-09,306.0,189.0,0.0,,
1940-07-10,328.0,194.0,0.0,,
1940-07-11,333.0,206.0,0.0,,
1940-07-12,333.0,206.0,145.0,,
1940-07-13,244.0,194.0,10.0,,
1940-07-14,283.0,211.0,109.0,,
1940-07-15,322.0,206.0,0.0,,
1940-07-16,333.0,206.0,0.0,,
1940-07-17,339.0,217.0,3.0,,
1940-07-18,322.0,211.0,117.0,,
1940-07-19,322.0,211.0,38.0,,
1940-07-20,317.0,206.0,155.0,,
1940-07-21,328.0,206.0,5.0,,
1940-07-22,339.0,222.0,0.0,,
1940-07-23,350.0,222.0,0.0,,
1940-07-24,344.0,239.0,0.0,,
1940-07-25,344.0,233.0,0.0,,
1940-07-26,339.0,233.0,0.0,,
1940-07-27,344.0,239.0,0.0,,
1940-07-28,361.0,239.0,0.0,,
1940-07-29,356.0,217.0,114.0,,
1940-07-30,350.0,217.0,0.0,,
1940-07-31,344.0,239.0,0.0,,
1940-08-01,333.0,222.0,56.0,,
1940-08-02,333.0,217.0,0.0,,
1940-08-03,311.0,228.0,25.0,,
1940-08-04,317.0,211.0,0.0,,
1940-08-05,328.0,217.0,0.0,,
1940-08-06,311.0,228.0,30.0,,
1940-08-07,306.0,206.0,0.0,,
1940-08-08,294.0,217.0,25.0,,
1940-08-09,228.0,200.0,284.0,,
1940-08-10,267.0,206.0,18.0,,
1940-08-11,306.0,200.0,99.0,,
1940-08-12,333.0,211.0,0.0,,
1940-08-13,339.0,217.0,0.0,,
1940-08-14,350.0,222.0,0.0,,
1940-08-15,350.0,228.0,0.0,,
1940-08-16,344.0,233.0,0.0,,
1940-08-17,344.0,239.0,0.0,,
1940-08-18,311.0,222.0,114.0,,
1940-08-19,272.0,183.0,0.0,,
1940-08-20,261.0,144.0,0.0,,
1940-08-21,272.0,144.0,0.0,,
1940-08-22,294.0,167.0,0.0,,
1940-08-23,311.0,167.0,0.0,,
1940-08-24,333.0,200.0,0.0,,
1940-08-25,339.0,217.0,0.0,,
1940-08-26,339.0,222.0,0.0,,
1940-08-27,339.0,206.0,99.0,,
1940-08-28,311.0,200.0,3.0,,
1940-08-29,300.0,211.0,0.0,,
1940-08-30,328.0,194.0,0.0,,
1940-08-31,339.0,211.0,10.0,,
1940-09-01,333.0,211.0,0.0,,
1940-09-02,356.0,211.0,8.0,,
1940-09-03,322.0,200.0,38.0,,
1940-09-04,328.0,211.0,0.0,,
1940-09-05,333.0,200.0,0.0,,
1940-09-06,344.0,222.0,0.0,,
1940-09-07,344.0,217.0,0.0,,
1940-09-08,333.0,183.0,0.0,,
1940-09-09,356.0,211.0,0.0,,
1940-09-10,294.0,200.0,0.0,,
1940-09-11,228.0,100.0,0.0,,
1940-09-12,239.0,67.0,0.0,,
1940-09-13,267.0,78.0,0.0,,
1940-09-14,294.0,111.0,0.0,,
1940-09-15,306.0,150.0,0.0,,
1940-09-16,322.0,178.0,0.0,,
1940-09-17,333.0,167.0,0.0,,
1940-09-18,350.0,206.0,0.0,,
1940-09-19,339.0,194.0,0.0,,
1940-09-20,311.0,200.0,0.0,,
1940-09-21,306.0,200.0,0.0,,
1940-09-22,328.0,217.0,0.0,,
1940-09-23,328.0,217.0,0.0,,
1940-09-24,283.0,200.0,546.0,,
1940-09-25,250.0,122.0,66.0,,
1940-09-26,167.0,78.0,0.0,,
1940-09-27,228.0,83.0,0.0,,
1940-09-28,250.0,89.0,0.0,,
1940-09-29,267.0,111.0,0.0,,
1940-09-30,272.0,133.0,0.0,,
1940-10-01,278.0,128.0,0.0,,
1940-10-02,278.0,139.0,0.0,,
1940-10-03,294.0,133.0,0.0,,
1940-10-04,294.0,156.0,0.0,,
1940-10-05,294.0,161.0,0.0,,
1940-10-06,294.0,167.0,0.0,,
1940-10-07,233.0,133.0,13.0,,
1940-10-08,250.0,72.0,0.0,,
1940-10-09,261.0,78.0,0.0,,
1940-10-10,267.0,111.0,0.0,,
1940-10-11,272.0,106.0,0.0,,
1940-10-12,300.0,122.0,0.0,,
1940-10-13,306.0,139.0,0.0,,
1940-10-14,294.0,156.0,0.0,,
1940-10-15,233.0,111.0,18.0,,
1940-10-16,206.0,39.0,0.0,,
1940-10-17,256.0,28.0,0.0,,
1940-10-18,267.0,89.0,0.0,,
1940-10-19,311.0,122.0,0.0,,
1940-10-20,278.0,122.0,0.0,,
1940-10-21,261.0,100.0,0.0,,
1940-10-22,289.0,128.0,0.0,,
1940-10-23,300.0,150.0,0.0,,
1940-10-24,289.0,139.0,0.0,,
1940-10-25,294.0,144.0,0.0,,
1940-10-26,294.0,133.0,0.0,,
1940-10-27,289.0,156.0,0.0,,
1940-10-28,283.0,156.0,152.0,,
1940-10-29,239.0,167.0,124.0,,
1940-10-30,233.0,133.0,0.0,,
1940-10-31,194.0,156.0,361.0,,
1940-11-01,228.0,94.0,,,
1940-11-02,256.0,67.0,,,
1940-11-03,233.0,94.0,,,
1940-11-04,239.0,106.0,3.0,,
1940-11-05,222.0,100.0,64.0,,
1940-11-06,172.0,61.0,,,
1940-11-07,161.0,50.0,,,
1940-11-08,172.0,50.0,,,
1940-11-09,117.0,78.0,399.0,,
1940-11-10,211.0,111.0,112.0,,
1940-11-11,211.0,33.0,94.0,,
1940-11-12,139.0,0.0,,,
1940-11-13,67.0,-28.0,,,
1940-11-14,44.0,-56.0,,,
1940-11-15,39.0,-72.0,,,
1940-11-16,144.0,-50.0,,,
1940-11-17,217.0,0.0,,,
1940-11-18,233.0,61.0,,,
1940-11-19,228.0,89.0,,,
1940-11-20,222.0,133.0,0.0,,
1940-11-21,217.0,156.0,64.0,,
1940-11-22,217.0,167.0,33.0,,
1940-11-23,189.0,144.0,744.0,,
1940-11-24,178.0,78.0,46.0,,
1940-11-25,111.0,72.0,122.0,,
1940-11-26,117.0,56.0,3.0,,
1940-11-27,117.0,11.0,,,
1940-11-28,133.0,0.0,,,
1940-11-29,183.0,17.0,,,
1940-11-30,172.0,122.0,107.0,,
1940-12-01,172.0,22.0,23.0,,
1940-12-02,133.0,-17.0,0.0,,
1940-12-03,78.0,-6.0,0.0,,
1940-12-04,200.0,-11.0,0.0,,
1940-12-05,178.0,56.0,0.0,,
1940-12-06,200.0,50.0,168.0,,
1940-12-07,167.0,33.0,239.0,,
1940-12-08,183.0,22.0,0.0,,
1940-12-09,211.0,50.0,0.0,,
1940-12-10,217.0,67.0,0.0,,
1940-12-11,194.0,111.0,175.0,,
1940-12-12,206.0,156.0,460.0,,
1940-12-13,156.0,56.0,0.0,,
1940-12-14,67.0,50.0,10.0,,
1940-12-15,94.0,50.0,140.0,,
1940-12-16,94.0,-17.0,0.0,,
1940-12-17,106.0,-17.0,0.0,,
1940-12-18,111.0,28.0,36.0,,
1940-12-19,189.0,56.0,0.0,,
1940-12-20,167.0,67.0,0.0,,
1940-12-21,172.0,11.0,0.0,,
1940-12-22,161.0,39.0,0.0,,
1940-12-23,172.0,50.0,0.0,,
1940-12-24,139.0,94.0,3.0,,
1940-12-25,139.0,94.0,0.0,,
1940-12-26,156.0,106.0,234.0,,
1940-12-27,128.0,67.0,33.0,,
1940-12-28,106.0,50.0,0.0,,
1940-12-29,156.0,6.0,0.0,,
1940-12-30,144.0,33.0,0.0,,
1940-12-31,200.0,72.0,0.0,,
1941-01-01,189.0,133.0,107.0,,0.0
1941-01-02,161.0,72.0,249.0,,0.0
1941-01-03,172.0,0.0,0.0,,0.0
1941-01-04,144.0,-11.0,0.0,,0.0
1941-01-05,56.0,-22.0,0.0,,0.0
1941-01-06,78.0,-33.0,0.0,,0.0
1941-01-07,144.0,11.0,0.0,,0.0
1941-01-08,167.0,33.0,0.0,,0.0
1941-01-09,144.0,44.0,0.0,,0.0
1941-01-10,144.0,-44.0,0.0,,0.0
1941-01-11,183.0,17.0,0.0,,0.0
1941-01-12,194.0,,0.0,,0.0
1941-01-13,189.0,67.0,0.0,,0.0
1941-01-14,144.0,72.0,58.0,,0.0
1941-01-15,172.0,106.0,0.0,,0.0
1941-01-16,178.0,72.0,71.0,,0.0
1941-01-17,89.0,6.0,0.0,,0.0
1941-01-18,17.0,-39.0,0.0,,0.0
1941-01-19,89.0,-67.0,0.0,,0.0
1941-01-20,167.0,-11.0,0.0,,0.0
1941-01-21,172.0,28.0,0.0,,0.0
1941-01-22,211.0,61.0,10.0,,0.0
1941-01-23,211.0,50.0,114.0,,0.0
1941-01-24,156.0,61.0,18.0,,0.0
1941-01-25,117.0,44.0,107.0,,0.0
1941-01-26,144.0,50.0,33.0,,0.0
1941-01-27,67.0,0.0,0.0,,0.0
1941-01-28,33.0,-17.0,0.0,,0.0
1941-01-29,128.0,-39.0,0.0,,0.0
1941-01-30,172.0,17.0,0.0,,0.0
1941-01-31,189.0,89.0,0.0,,0.0
1941-02-01,150.0,83.0,99.0,,
1941-02-02,100.0,28.0,206.0,,
1941-02-03,61.0,6.0,5.0,,
1941-02-04,122.0,-44.0,0.0,,
1941-02-05,167.0,-6.0,0.0,,
1941-02-06,150.0,56.0,0.0,,
1941-02-07,72.0,-28.0,0.0,,
1941-02-08,44.0,-39.0,0.0,,
1941-02-09,133.0,-50.0,0.0,,
1941-02-10,167.0,0.0,0.0,,
1941-02-11,200.0,33.0,0.0,,
1941-02-12,189.0,50.0,0.0,,
1941-02-13,217.0,44.0,0.0,,
1941-02-14,122.0,-6.0,0.0,,
1941-02-15,161.0,-6.0,0.0,,
1941-02-16,200.0,33.0,0.0,,
1941-02-17,172.0,39.0,0.0,,
1941-02-18,167.0,72.0,0.0,,
1941-02-19,78.0,11.0,168.0,,
1941-02-20,22.0,-6.0,254.0,,
1941-02-21,94.0,0.0,0.0,,
1941-02-22,39.0,6.0,15.0,,
1941-02-23,78.0,-6.0,15.0,,
1941-02-24,56.0,22.0,46.0,,
1941-02-25,83.0,17.0,8.0,,
1941-02-26,78.0,28.0,46.0,,
1941-02-27,100.0,22.0,3.0,,
1941-02-28,67.0,-33.0,0.0,,
1941-03-01,122.0,-22.0,0.0,,
1941-03-02,206.0,61.0,0.0,,
1941-03-03,239.0,139.0,0.0,,
1941-03-04,150.0,33.0,0.0,,
1941-03-05,117.0,-6.0,0.0,,
1941-03-06,78.0,39.0,752.0,,
1941-03-07,56.0,22.0,114.0,,
1941-03-08,117.0,6.0,20.0,,
1941-03-09,194.0,-6.0,0.0,,
1941-03-10,122.0,28.0,0.0,,
1941-03-11,156.0,-11.0,0.0,,
1941-03-12,178.0,72.0,0.0,,
1941-03-13,100.0,22.0,0.0,,
1941-03-14,133.0,-6.0,0.0,,
1941-03-15,94.0,50.0,185.0,,
1941-03-16,194.0,50.0,13.0,,
1941-03-17,161.0,-17.0,0.0,,
1941-03-18,100.0,-17.0,0.0,,
1941-03-19,178.0,0.0,0.0,,
1941-03-20,117.0,78.0,84.0,,
1941-03-21,222.0,78.0,3.0,,
1941-03-22,167.0,128.0,3.0,,
1941-03-23,194.0,128.0,178.0,,
1941-03-24,178.0,94.0,0.0,,
1941-03-25,139.0,50.0,0.0,,
1941-03-26,178.0,39.0,3.0,,
1941-03-27,167.0,72.0,13.0,,
1941-03-28,172.0,39.0,0.0,,
1941-03-29,161.0,0.0,0.0,,
1941-03-30,206.0,39.0,51.0,,
1941-03-31,217.0,117.0,66.0,,
1941-04-01,272.0,111.0,0.0,,
1941-04-02,267.0,139.0,99.0,,
1941-04-03,250.0,122.0,201.0,,
1941-04-04,206.0,117.0,0.0,,
1941-04-05,206.0,94.0,0.0,,
1941-04-06,256.0,83.0,0.0,,
1941-04-07,217.0,117.0,76.0,,
1941-04-08,250.0,100.0,0.0,,
1941-04-09,267.0,106.0,0.0,,
1941-04-10,289.0,133.0,0.0,,
1941-04-11,283.0,150.0,0.0,,
1941-04-12,300.0,150.0,0.0,,
1941-04-13,289.0,150.0,0.0,,
1941-04-14,278.0,133.0,0.0,,
1941-04-15,228.0,172.0,0.0,,
1941-04-16,256.0,172.0,0.0,,
1941-04-17,256.0,172.0,104.0,,
1941-04-18,272.0,178.0,0.0,,
1941-04-19,283.0,156.0,366.0,,
1941-04-20,222.0,89.0,0.0,,
1941-04-21,222.0,100.0,0.0,,
1941-04-22,156.0,111.0,64.0,,
1941-04-23,139.0,106.0,213.0,,
1941-04-24,211.0,106.0,0.0,,
1941-04-25,250.0,111.0,0.0,,
1941-04-26,233.0,117.0,0.0,,
1941-04-27,244.0,139.0,0.0,,
1941-04-28,250.0,133.0,0.0,,
1941-04-29,261.0,139.0,0.0,,
1941-04-30,233.0,161.0,3.0,,
1941-05-01,272.0,161.0,0.0,,
1941-05-02,289.0,161.0,0.0,,
1941-05-03,267.0,150.0,0.0,,
1941-05-04,278.0,156.0,10.0,,
1941-05-05,200.0,161.0,312.0,,
1941-05-06,228.0,161.0,15.0,,
1941-05-07,272.0,150.0,0.0,,
1941-05-08,317.0,161.0,23.0,,
1941-05-09,256.0,183.0,5.0,,
1941-05-10,239.0,144.0,0.0,,
1941-05-11,261.0,111.0,0.0,,
1941-05-12,250.0,139.0,0.0,,
1941-05-13,278.0,139.0,0.0,,
1941-05-14,289.0,156.0,0.0,,
1941-05-15,300.0,161.0,0.0,,
1941-05-16,294.0,172.0,0.0,,
1941-05-17,306.0,189.0,0.0,,
1941-05-18,294.0,156.0,0.0,,
1941-05-19,322.0,178.0,0.0,,
1941-05-20,311.0,183.0,0.0,,
1941-05-21,333.0,167.0,0.0,,
1941-05-22,339.0,178.0,0.0,,
1941-05-23,344.0,167.0,0.0,,
1941-05-24,306.0,194.0,0.0,,
1941-05-25,322.0,161.0,0.0,,
1941-05-26,322.0,194.0,0.0,,
1941-05-27,317.0,200.0,3.0,,
1941-05-28,294.0,200.0,3.0,,
1941-05-29,306.0,211.0,0.0,,
1941-05-30,261.0,211.0,0.0,,
1941-05-31,250.0,189.0,0.0,,
1941-06-01,333.0,183.0,0.0,,
1941-06-02,322.0,228.0,94.0,,
1941-06-03,328.0,222.0,0.0,,
1941-06-04,306.0,189.0,0.0,,
1941-06-05,311.0,161.0,0.0,,
1941-06-06,339.0,183.0,25.0,,
1941-06-07,256.0,189.0,94.0,,
1941-06-08,328.0,206.0,0.0,,
1941-06-09,328.0,222.0,0.0,,
1941-06-10,311.0,211.0,193.0,,
1941-06-11,300.0,211.0,0.0,,
1941-06-12,306.0,189.0,0.0,,
1941-06-13,317.0,167.0,0.0,,
1941-06-14,311.0,178.0,56.0,,
1941-06-15,256.0,194.0,18.0,,
1941-06-16,250.0,178.0,5.0,,
1941-06-17,294.0,150.0,0.0,,
1941-06-18,317.0,178.0,0.0,,
1941-06-19,317.0,189.0,0.0,,
1941-06-20,317.0,206.0,0.0,,
1941-06-21,322.0,189.0,0.0,,
1941-06-22,344.0,189.0,0.0,,
1941-06-23,333.0,189.0,0.0,,
1941-06-24,350.0,194.0,3.0,,
1941-06-25,350.0,200.0,0.0,,
1941-06-26,356.0,217.0,5.0,,
1941-06-27,344.0,222.0,20.0,,
1941-06-28,333.0,217.0,0.0,,
1941-06-29,356.0,233.0,0.0,,
1941-06-30,361.0,233.0,0.0,,
1941-07-01,378.0,233.0,0.0,,
1941-07-02,367.0,217.0,71.0,,
1941-07-03,322.0,217.0,3.0,,
1941-07-04,283.0,211.0,0.0,,
1941-07-05,289.0,183.0,0.0,,
1941-07-06,333.0,189.0,0.0,,
1941-07-07,356.0,194.0,0.0,,
1941-07-08,367.0,228.0,0.0,,
1941-07-09,378.0,222.0,0.0,,
1941-07-10,367.0,233.0,0.0,,
1941-07-11,328.0,222.0,69.0,,
1941-07-12,267.0,217.0,53.0,,
1941-07-13,300.0,217.0,503.0,,
1941-07-14,322.0,217.0,3.0,,
1941-07-15,333.0,222.0,325.0,,
1941-07-16,328.0,206.0,25.0,,
1941-07-17,350.0,217.0,0.0,,
1941-07-18,350.0,228.0,86.0,,
1941-07-19,317.0,200.0,211.0,,
1941-07-20,344.0,222.0,0.0,,
1941-07-21,344.0,217.0,0.0,,
1941-07-22,344.0,211.0,224.0,,
1941-07-23,344.0,206.0,0.0,,
1941-07-24,339.0,211.0,0.0,,
1941-07-25,344.0,222.0,0.0,,
1941-07-26,344.0,222.0,0.0,,
1941-07-27,344.0,217.0,18.0,,
1941-07-28,328.0,217.0,0.0,,
1941-07-29,350.0,228.0,0.0,,
1941-07-30,356.0,239.0,0.0,,
1941-07-31,361.0,239.0,0.0,,
1941-08-01,361.0,233.0,0.0,,
1941-08-02,267.0,228.0,99.0,,
1941-08-03,339.0,211.0,0.0,,
1941-08-04,350.0,222.0,0.0,,
1941-08-05,339.0,211.0,0.0,,
1941-08-06,344.0,222.0,0.0,,
1941-08-07,350.0,211.0,0.0,,
1941-08-08,344.0,,0.0,,
1941-08-09,361.0,217.0,0.0,,
1941-08-10,372.0,222.0,0.0,,
1941-08-11,372.0,228.0,0.0,,
1941-08-12,361.0,217.0,0.0,,
1941-08-13,367.0,228.0,0.0,,
1941-08-14,350.0,228.0,5.0,,
1941-08-15,367.0,233.0,0.0,,
1941-08-16,350.0,228.0,0.0,,
1941-08-17,356.0,217.0,0.0,,
1941-08-18,378.0,228.0,0.0,,
1941-08-19,311.0,228.0,79.0,,
1941-08-20,306.0,189.0,0.0,,
1941-08-21,328.0,172.0,0.0,,
1941-08-22,328.0,194.0,0.0,,
1941-08-23,328.0,211.0,0.0,,
1941-08-24,333.0,217.0,58.0,,
1941-08-25,356.0,222.0,0.0,,
1941-08-26,361.0,222.0,0.0,,
1941-08-27,356.0,233.0,0.0,,
1941-08-28,367.0,222.0,163.0,,
1941-08-29,344.0,,48.0,,
1941-08-30,339.0,222.0,0.0,,
1941-08-31,339.0,217.0,0.0,,
1941-09-01,322.0,228.0,3.0,,
1941-09-02,289.0,228.0,76.0,,
1941-09-03,306.0,217.0,229.0,,
1941-09-04,322.0,217.0,0.0,,
1941-09-05,328.0,200.0,0.0,,
1941-09-06,350.0,233.0,0.0,,
1941-09-07,333.0,222.0,0.0,,
1941-09-08,339.0,217.0,0.0,,
1941-09-09,333.0,222.0,36.0,,
1941-09-10,250.0,211.0,3.0,,
1941-09-11,294.0,183.0,0.0,,
1941-09-12,311.0,183.0,0.0,,
1941-09-13,306.0,200.0,0.0,,
1941-09-14,306.0,200.0,0.0,,
1941-09-15,294.0,211.0,0.0,,
1941-09-16,311.0,206.0,0.0,,
1941-09-17,317.0,206.0,0.0,,
1941-09-18,344.0,211.0,0.0,,
1941-09-19,350.0,217.0,0.0,,
1941-09-20,322.0,206.0,0.0,,
1941-09-21,311.0,178.0,0.0,,
1941-09-22,317.0,183.0,0.0,,
1941-09-23,317.0,178.0,0.0,,
1941-09-24,261.0,200.0,191.0,,
1941-09-25,278.0,178.0,0.0,,
1941-09-26,256.0,122.0,0.0,,
1941-09-27,311.0,128.0,0.0,,
1941-09-28,344.0,200.0,0.0,,
1941-09-29,322.0,189.0,0.0,,
1941-09-30,344.0,206.0,0.0,,
1941-10-01,339.0,211.0,0.0,,
1941-10-02,278.0,200.0,51.0,,
1941-10-03,322.0,228.0,66.0,,
1941-10-04,317.0,217.0,0.0,,
1941-10-05,317.0,239.0,15.0,,
1941-10-06,328.0,222.0,0.0,,
1941-10-07,322.0,211.0,8.0,,
1941-10-08,317.0,228.0,130.0,,
1941-10-09,300.0,222.0,33.0,,
1941-10-10,244.0,172.0,30.0,,
1941-10-11,256.0,117.0,0.0,,
1941-10-12,278.0,106.0,0.0,,
1941-10-13,278.0,150.0,0.0,,
1941-10-14,300.0,183.0,0.0,,
1941-10-15,306.0,194.0,0.0,,
1941-10-16,200.0,178.0,28.0,,
1941-10-17,228.0,183.0,18.0,,
1941-10-18,272.0,150.0,0.0,,
1941-10-19,289.0,167.0,0.0,,
1941-10-20,322.0,183.0,0.0,,
1941-10-21,328.0,178.0,0.0,,
1941-10-22,322.0,189.0,0.0,,
1941-10-23,317.0,178.0,0.0,,
1941-10-24,294.0,183.0,0.0,,
1941-10-25,267.0,133.0,0.0,,
1941-10-26,256.0,156.0,648.0,,
1941-10-27,183.0,122.0,28.0,,
1941-10-28,122.0,72.0,0.0,,
1941-10-29,117.0,61.0,0.0,,
1941-10-30,200.0,83.0,231.0,,
1941-10-31,211.0,78.0,320.0,,
1941-11-01,189.0,33.0,0.0,,
1941-11-02,228.0,56.0,0.0,,
1941-11-03,228.0,89.0,0.0,,
1941-11-04,178.0,122.0,13.0,,
1941-11-05,167.0,89.0,56.0,,
1941-11-06,133.0,44.0,0.0,,
1941-11-07,156.0,22.0,0.0,,
1941-11-08,67.0,6.0,0.0,,
1941-11-09,133.0,39.0,0.0,,
1941-11-10,139.0,0.0,5.0,,
1941-11-11,133.0,28.0,0.0,,
1941-11-12,156.0,6.0,0.0,,
1941-11-13,189.0,0.0,0.0,,
1941-11-14,206.0,6.0,0.0,,
1941-11-15,233.0,44.0,0.0,,
1941-11-16,278.0,83.0,0.0,,
1941-11-17,244.0,111.0,0.0,,
1941-11-18,256.0,117.0,0.0,,
1941-11-19,250.0,172.0,8.0,,
1941-11-20,178.0,117.0,0.0,,
1941-11-21,128.0,61.0,10.0,,
1941-11-22,78.0,50.0,419.0,,
1941-11-23,67.0,56.0,0.0,,
1941-11-24,100.0,0.0,0.0,,
1941-11-25,133.0,-39.0,0.0,,
1941-11-26,200.0,0.0,0.0,,
1941-11-27,206.0,17.0,0.0,,
1941-11-28,222.0,39.0,0.0,,
1941-11-29,222.0,67.0,0.0,,
1941-11-30,244.0,56.0,0.0,,
1941-12-01,211.0,128.0,0.0,,
1941-12-02,183.0,128.0,0.0,,
1941-12-03,133.0,111.0,0.0,,
1941-12-04,183.0,100.0,0.0,,
1941-12-05,183.0,67.0,0.0,,
1941-12-06,100.0,33.0,0.0,,
1941-12-07,111.0,-33.0,0.0,,
1941-12-08,161.0,0.0,0.0,,
1941-12-09,117.0,11.0,0.0,,
1941-12-10,150.0,-11.0,0.0,,
1941-12-11,33.0,6.0,51.0,,
1941-12-12,72.0,22.0,91.0,,
1941-12-13,83.0,33.0,0.0,,
1941-12-14,100.0,0.0,0.0,,
1941-12-15,128.0,-6.0,0.0,,
1941-12-16,150.0,39.0,0.0,,
1941-12-17,183.0,28.0,0.0,,
1941-12-18,206.0,100.0,0.0,,
1941-12-19,206.0,117.0,0.0,,
1941-12-20,211.0,61.0,0.0,,
1941-12-21,172.0,89.0,0.0,,
1941-12-22,172.0,133.0,99.0,,
1941-12-23,172.0,61.0,5.0,,
1941-12-24,139.0,0.0,0.0,,
1941-12-25,111.0,50.0,229.0,,
1941-12-26,144.0,22.0,0.0,,
1941-12-27,106.0,-6.0,0.0,,
1941-12-28,83.0,-17.0,0.0,,
1941-12-29,78.0,-28.0,0.0,,
1941-12-30,100.0,-6.0,0.0,,
1941-12-31,161.0,67.0,328.0,,
1942-01-01,178.0,-39.0,0.0,,0.0
1942-01-02,17.0,-72.0,0.0,,0.0
1942-01-03,-6.0,-28.0,36.0,25.0,23.0
1942-01-04,-6.0,-44.0,0.0,0.0,0.0
1942-01-05,-17.0,-83.0,0.0,0.0,0.0
1942-01-06,0.0,-89.0,0.0,0.0,0.0
1942-01-07,-6.0,-100.0,0.0,0.0,0.0
1942-01-08,-33.0,-133.0,0.0,0.0,0.0
1942-01-09,-11.0,-78.0,0.0,0.0,0.0
1942-01-10,-17.0,-117.0,0.0,0.0,0.0
1942-01-11,117.0,-72.0,0.0,0.0,0.0
1942-01-12,183.0,11.0,0.0,0.0,0.0
1942-01-13,189.0,0.0,0.0,0.0,0.0
1942-01-14,183.0,28.0,0.0,,0.0
1942-01-15,156.0,11.0,0.0,,0.0
1942-01-16,161.0,-6.0,0.0,,0.0
1942-01-17,194.0,39.0,0.0,,0.0
1942-01-18,161.0,67.0,66.0,,0.0
1942-01-19,144.0,6.0,0.0,,0.0
1942-01-20,167.0,6.0,0.0,,0.0
1942-01-21,167.0,-6.0,0.0,,0.0
1942-01-22,206.0,0.0,0.0,,0.0
1942-01-23,250.0,6.0,0.0,,0.0
1942-01-24,233.0,72.0,0.0,,0.0
1942-01-25,228.0,33.0,0.0,,0.0
1942-01-26,206.0,78.0,0.0,,0.0
1942-01-27,172.0,78.0,0.0,,0.0
1942-01-28,111.0,11.0,0.0,,0.0
1942-01-29,156.0,-6.0,0.0,,0.0
1942-01-30,172.0,44.0,191.0,,0.0
1942-01-31,106.0,17.0,0.0,,0.0
1942-02-01,83.0,-33.0,0.0,,0.0
1942-02-02,94.0,-33.0,0.0,,0.0
1942-02-03,172.0,39.0,13.0,,0.0
1942-02-04,150.0,67.0,10.0,,0.0
1942-02-05,200.0,133.0,3.0,,0.0
1942-02-06,194.0,72.0,0.0,,0.0
1942-02-07,128.0,6.0,0.0,,0.0
1942-02-08,100.0,0.0,0.0,,0.0
1942-02-09,78.0,22.0,117.0,,0.0
1942-02-10,56.0,17.0,0.0,,0.0
1942-02-11,67.0,-22.0,0.0,,0.0
1942-02-12,128.0,-39.0,0.0,,0.0
1942-02-13,144.0,22.0,0.0,,0.0
1942-02-14,167.0,39.0,0.0,,0.0
1942-02-15,194.0,111.0,8.0,,0.0
1942-02-16,167.0,56.0,236.0,,0.0
1942-02-17,128.0,28.0,0.0,,0.0
1942-02-18,33.0,-56.0,5.0,,0.0
1942-02-19,67.0,-67.0,0.0,,0.0
1942-02-20,139.0,-33.0,0.0,,0.0
1942-02-21,172.0,-17.0,0.0,,0.0
1942-02-22,178.0,22.0,79.0,,0.0
1942-02-23,161.0,83.0,259.0,,0.0
1942-02-24,83.0,-6.0,0.0,,0.0
1942-02-25,56.0,-11.0,0.0,,0.0
1942-02-26,22.0,-6.0,25.0,0.0,0.0
1942-02-27,78.0,-6.0,0.0,,0.0
1942-02-28,89.0,-33.0,0.0,,0.0
1942-03-01,50.0,0.0,152.0,25.0,13.0
1942-03-02,94.0,0.0,51.0,,0.0
1942-03-03,156.0,-17.0,0.0,,0.0
1942-03-04,133.0,39.0,0.0,,0.0
1942-03-05,133.0,39.0,117.0,,0.0
1942-03-06,200.0,17.0,0.0,,0.0
1942-03-07,194.0,-6.0,254.0,,0.0
1942-03-08,122.0,17.0,251.0,,0.0
1942-03-09,189.0,6.0,0.0,,0.0
1942-03-10,222.0,78.0,0.0,,0.0
1942-03-11,228.0,122.0,0.0,,0.0
1942-03-12,239.0,122.0,0.0,,0.0
1942-03-13,278.0,167.0,0.0,,0.0
1942-03-14,283.0,156.0,0.0,,0.0
1942-03-15,278.0,183.0,0.0,,0.0
1942-03-16,267.0,128.0,23.0,,0.0
1942-03-17,211.0,56.0,0.0,,0.0
1942-03-18,200.0,22.0,0.0,,0.0
1942-03-19,217.0,56.0,0.0,,0.0
1942-03-20,211.0,122.0,150.0,,0.0
1942-03-21,156.0,33.0,0.0,,0.0
1942-03-22,228.0,17.0,0.0,,0.0
1942-03-23,239.0,61.0,0.0,,0.0
1942-03-24,244.0,89.0,0.0,,0.0
1942-03-25,156.0,111.0,399.0,,0.0
1942-03-26,244.0,122.0,452.0,,0.0
1942-03-27,139.0,39.0,36.0,,0.0
1942-03-28,167.0,-6.0,0.0,,0.0
1942-03-29,222.0,50.0,0.0,,0.0
1942-03-30,128.0,61.0,0.0,,0.0
1942-03-31,128.0,22.0,0.0,,0.0
1942-04-01,194.0,6.0,0.0,,
1942-04-02,222.0,72.0,0.0,,
1942-04-03,256.0,111.0,0.0,,
1942-04-04,261.0,117.0,0.0,,
1942-04-05,278.0,128.0,0.0,,
1942-04-06,228.0,167.0,89.0,,
1942-04-07,211.0,161.0,330.0,,
1942-04-08,200.0,117.0,1214.0,,
1942-04-09,161.0,106.0,23.0,,
1942-04-10,183.0,72.0,3.0,,
1942-04-11,228.0,56.0,0.0,,
1942-04-12,261.0,67.0,0.0,,
1942-04-13,222.0,128.0,5.0,,
1942-04-14,250.0,117.0,0.0,,
1942-04-15,250.0,139.0,0.0,,
1942-04-16,239.0,144.0,10.0,,
1942-04-17,267.0,133.0,0.0,,
1942-04-18,272.0,150.0,69.0,,
1942-04-19,267.0,167.0,0.0,,
1942-04-20,172.0,128.0,0.0,,
1942-04-21,233.0,122.0,0.0,,
1942-04-22,256.0,106.0,0.0,,
1942-04-23,267.0,111.0,0.0,,
1942-04-24,261.0,156.0,0.0,,
1942-04-25,189.0,139.0,483.0,,
1942-04-26,294.0,150.0,439.0,,
1942-04-27,267.0,189.0,5.0,,
1942-04-28,261.0,161.0,371.0,,
1942-04-29,283.0,178.0,0.0,,
1942-04-30,256.0,189.0,5.0,,
1942-05-01,289.0,178.0,0.0,,
1942-05-02,289.0,189.0,0.0,,
1942-05-03,261.0,194.0,152.0,,
1942-05-04,244.0,133.0,0.0,,
1942-05-05,289.0,161.0,0.0,,
1942-05-06,267.0,178.0,5.0,,
1942-05-07,189.0,100.0,0.0,,
1942-05-08,228.0,78.0,0.0,,
1942-05-09,261.0,117.0,0.0,,
1942-05-10,283.0,139.0,0.0,,
1942-05-11,289.0,150.0,0.0,,
1942-05-12,300.0,172.0,0.0,,
1942-05-13,239.0,183.0,38.0,,
1942-05-14,283.0,156.0,267.0,,
1942-05-15,211.0,128.0,0.0,,
1942-05-16,244.0,111.0,0.0,,
1942-05-17,267.0,139.0,0.0,,
1942-05-18,200.0,156.0,533.0,,
1942-05-19,272.0,150.0,5.0,,
1942-05-20,200.0,133.0,0.0,,
1942-05-21,256.0,128.0,48.0,,
1942-05-22,256.0,139.0,18.0,,
1942-05-23,256.0,117.0,0.0,,
1942-05-24,267.0,128.0,0.0,,
1942-05-25,278.0,117.0,0.0,,
1942-05-26,300.0,172.0,0.0,,
1942-05-27,306.0,167.0,0.0,,
1942-05-28,328.0,194.0,0.0,,
1942-05-29,328.0,211.0,0.0,,
1942-05-30,322.0,217.0,0.0,,
1942-05-31,322.0,200.0,0.0,,
1942-06-01,333.0,200.0,0.0,,
1942-06-02,356.0,211.0,0.0,,
1942-06-03,350.0,222.0,0.0,,
1942-06-04,333.0,206.0,0.0,,
1942-06-05,311.0,222.0,0.0,,
1942-06-06,300.0,206.0,5.0,,
1942-06-07,311.0,206.0,8.0,,
1942-06-08,300.0,206.0,53.0,,
1942-06-09,294.0,211.0,25.0,,
1942-06-10,300.0,217.0,15.0,,
1942-06-11,306.0,206.0,0.0,,
1942-06-12,344.0,200.0,0.0,,
1942-06-13,294.0,200.0,23.0,,
1942-06-14,233.0,172.0,0.0,,
1942-06-15,267.0,172.0,213.0,,
1942-06-16,300.0,183.0,0.0,,
1942-06-17,322.0,200.0,3.0,,
1942-06-18,344.0,194.0,0.0,,
1942-06-19,322.0,222.0,0.0,,
1942-06-20,333.0,217.0,0.0,,
1942-06-21,333.0,211.0,0.0,,
1942-06-22,322.0,211.0,124.0,,
1942-06-23,294.0,206.0,5.0,,
1942-06-24,289.0,178.0,0.0,,
1942-06-25,289.0,194.0,0.0,,
1942-06-26,344.0,233.0,0.0,,
1942-06-27,350.0,211.0,0.0,,
1942-06-28,367.0,228.0,0.0,,
1942-06-29,344.0,211.0,5.0,,
1942-06-30,344.0,217.0,51.0,,
1942-07-01,311.0,200.0,0.0,,
1942-07-02,306.0,172.0,0.0,,
1942-07-03,328.0,178.0,0.0,,
1942-07-04,328.0,194.0,0.0,,
1942-07-05,311.0,206.0,10.0,,
1942-07-06,317.0,206.0,0.0,,
1942-07-07,328.0,217.0,0.0,,
1942-07-08,356.0,222.0,0.0,,
1942-07-09,356.0,233.0,0.0,,
1942-07-10,361.0,244.0,0.0,,
1942-07-11,361.0,244.0,0.0,,
1942-07-12,361.0,233.0,0.0,,
1942-07-13,367.0,233.0,0.0,,
1942-07-14,383.0,222.0,0.0,,
1942-07-15,389.0,233.0,0.0,,
1942-07-16,372.0,222.0,36.0,,
1942-07-17,339.0,233.0,0.0,,
1942-07-18,356.0,222.0,0.0,,
1942-07-19,361.0,233.0,0.0,,
1942-07-20,378.0,228.0,0.0,,
1942-07-21,356.0,211.0,267.0,,
1942-07-22,322.0,217.0,15.0,,
1942-07-23,328.0,200.0,0.0,,
1942-07-24,333.0,172.0,0.0,,
1942-07-25,344.0,189.0,0.0,,
1942-07-26,333.0,200.0,0.0,,
1942-07-27,350.0,217.0,0.0,,
1942-07-28,356.0,228.0,0.0,,
1942-07-29,372.0,233.0,0.0,,
1942-07-30,361.0,228.0,0.0,,
1942-07-31,372.0,233.0,0.0,,
1942-08-01,378.0,244.0,0.0,,
1942-08-02,383.0,228.0,0.0,,
1942-08-03,322.0,239.0,64.0,,
1942-08-04,322.0,228.0,0.0,,
1942-08-05,311.0,228.0,23.0,,
1942-08-06,361.0,228.0,0.0,,
1942-08-07,367.0,222.0,46.0,,
1942-08-08,306.0,222.0,203.0,,
1942-08-09,339.0,222.0,51.0,,
1942-08-10,328.0,211.0,36.0,,
1942-08-11,311.0,211.0,0.0,,
1942-08-12,311.0,189.0,0.0,,
1942-08-13,306.0,189.0,0.0,,
1942-08-14,339.0,206.0,0.0,,
1942-08-15,350.0,217.0,0.0,,
1942-08-16,317.0,228.0,0.0,,
1942-08-17,283.0,222.0,0.0,,
1942-08-18,311.0,211.0,0.0,,
1942-08-19,339.0,211.0,0.0,,
1942-08-20,322.0,217.0,0.0,,
1942-08-21,322.0,211.0,18.0,,
1942-08-22,283.0,217.0,86.0,,
1942-08-23,289.0,228.0,0.0,,
1942-08-24,294.0,206.0,0.0,,
1942-08-25,306.0,161.0,0.0,,
1942-08-26,333.0,206.0,0.0,,
1942-08-27,322.0,228.0,0.0,,
1942-08-28,322.0,178.0,0.0,,
1942-08-29,322.0,194.0,0.0,,
1942-08-30,344.0,217.0,0.0,,
1942-08-31,356.0,222.0,0.0,,
1942-09-01,322.0,206.0,0.0,,
1942-09-02,333.0,194.0,0.0,,
1942-09-03,350.0,194.0,0.0,,
1942-09-04,344.0,189.0,0.0,,
1942-09-05,344.0,194.0,28.0,,
1942-09-06,339.0,222.0,56.0,,
1942-09-07,322.0,217.0,38.0,,
1942-09-08,317.0,217.0,0.0,,
1942-09-09,294.0,217.0,3.0,,
1942-09-10,328.0,194.0,150.0,,
1942-09-11,344.0,211.0,0.0,,
1942-09-12,344.0,211.0,0.0,,
1942-09-13,344.0,189.0,0.0,,
1942-09-14,328.0,194.0,0.0,,
1942-09-15,328.0,194.0,0.0,,
1942-09-16,272.0,211.0,79.0,,
1942-09-17,294.0,222.0,15.0,,
1942-09-18,333.0,233.0,0.0,,
1942-09-19,339.0,222.0,0.0,,
1942-09-20,239.0,133.0,0.0,,
1942-09-21,244.0,94.0,0.0,,
1942-09-22,278.0,83.0,0.0,,
1942-09-23,311.0,117.0,0.0,,
1942-09-24,244.0,156.0,0.0,,
1942-09-25,278.0,106.0,0.0,,
1942-09-26,306.0,172.0,0.0,,
1942-09-27,161.0,22.0,0.0,,
1942-09-28,200.0,67.0,0.0,,
1942-09-29,250.0,50.0,0.0,,
1942-09-30,272.0,106.0,0.0,,
1942-10-01,283.0,139.0,8.0,,
1942-10-02,300.0,178.0,0.0,,
1942-10-03,317.0,172.0,0.0,,
1942-10-04,272.0,183.0,157.0,,
1942-10-05,317.0,200.0,5.0,,
1942-10-06,261.0,106.0,0.0,,
1942-10-07,278.0,94.0,0.0,,
1942-10-08,294.0,100.0,0.0,,
1942-10-09,294.0,117.0,0.0,,
1942-10-10,300.0,117.0,0.0,,
1942-10-11,283.0,122.0,0.0,,
1942-10-12,306.0,117.0,0.0,,
1942-10-13,294.0,144.0,0.0,,
1942-10-14,294.0,122.0,0.0,,
1942-10-15,306.0,117.0,0.0,,
1942-10-16,322.0,139.0,0.0,,
1942-10-17,322.0,156.0,0.0,,
1942-10-18,317.0,156.0,0.0,,
1942-10-19,267.0,150.0,0.0,,
1942-10-20,267.0,106.0,0.0,,
1942-10-21,272.0,94.0,0.0,,
1942-10-22,289.0,94.0,0.0,,
1942-10-23,200.0,111.0,0.0,,
1942-10-24,239.0,83.0,0.0,,
1942-10-25,261.0,128.0,0.0,,
1942-10-26,150.0,50.0,0.0,,
1942-10-27,211.0,22.0,0.0,,
1942-10-28,200.0,67.0,5.0,,
1942-10-29,289.0,156.0,13.0,,
1942-10-30,233.0,167.0,175.0,,
1942-10-31,189.0,122.0,0.0,,
1942-11-01,211.0,33.0,0.0,,
1942-11-02,283.0,111.0,0.0,,
1942-11-03,183.0,72.0,0.0,,
1942-11-04,200.0,117.0,0.0,,
1942-11-05,239.0,144.0,43.0,,
1942-11-06,206.0,194.0,66.0,,
1942-11-07,256.0,128.0,0.0,,
1942-11-08,256.0,128.0,0.0,,
1942-11-09,283.0,156.0,0.0,,
1942-11-10,161.0,106.0,79.0,,
1942-11-11,150.0,17.0,0.0,,
1942-11-12,211.0,6.0,0.0,,
1942-11-13,233.0,39.0,0.0,,
1942-11-14,211.0,50.0,0.0,,
1942-11-15,228.0,83.0,0.0,,
1942-11-16,256.0,139.0,0.0,,
1942-11-17,267.0,178.0,0.0,,
1942-11-18,283.0,183.0,0.0,,
1942-11-19,294.0,172.0,0.0,,
1942-11-20,239.0,183.0,0.0,,
1942-11-21,261.0,106.0,104.0,,
1942-11-22,111.0,56.0,10.0,,
1942-11-23,83.0,22.0,0.0,,
1942-11-24,194.0,-6.0,0.0,,
1942-11-25,244.0,83.0,0.0,,
1942-11-26,122.0,67.0,0.0,,
1942-11-27,100.0,0.0,0.0,,
1942-11-28,161.0,28.0,8.0,,
1942-11-29,128.0,56.0,5.0,,
1942-11-30,144.0,-11.0,0.0,,
1942-12-01,161.0,0.0,15.0,,0.0
1942-12-02,106.0,-17.0,0.0,,0.0
1942-12-03,39.0,0.0,0.0,,0.0
1942-12-04,72.0,-28.0,25.0,,0.0
1942-12-05,50.0,22.0,180.0,,0.0
1942-12-06,67.0,11.0,13.0,,0.0
1942-12-07,39.0,11.0,10.0,,0.0
1942-12-08,28.0,6.0,0.0,,0.0
1942-12-09,50.0,0.0,0.0,,0.0
1942-12-10,139.0,0.0,5.0,,0.0
1942-12-11,156.0,22.0,43.0,,0.0
1942-12-12,156.0,-11.0,0.0,,0.0
1942-12-13,111.0,-11.0,0.0,,0.0
1942-12-14,189.0,-22.0,0.0,,0.0
1942-12-15,222.0,83.0,142.0,,0.0
1942-12-16,89.0,22.0,0.0,,0.0
1942-12-17,194.0,6.0,0.0,,0.0
1942-12-18,200.0,33.0,0.0,,0.0
1942-12-19,217.0,78.0,0.0,,0.0
1942-12-20,144.0,-6.0,0.0,,0.0
1942-12-21,122.0,-6.0,71.0,,0.0
1942-12-22,100.0,56.0,69.0,,0.0
1942-12-23,161.0,-11.0,0.0,,0.0
1942-12-24,167.0,56.0,3.0,,0.0
1942-12-25,256.0,167.0,0.0,,0.0
1942-12-26,244.0,178.0,368.0,,0.0
1942-12-27,206.0,111.0,538.0,,0.0
1942-12-28,111.0,44.0,33.0,,0.0
1942-12-29,61.0,39.0,13.0,,0.0
1942-12-30,61.0,11.0,0.0,,0.0
1942-12-31,111.0,-11.0,0.0,,0.0
1943-01-01,156.0,44.0,0.0,,
1943-01-02,217.0,89.0,5.0,,
1943-01-03,206.0,22.0,0.0,,
1943-01-04,67.0,-6.0,0.0,,
1943-01-05,83.0,-17.0,0.0,,
1943-01-06,44.0,33.0,114.0,,
1943-01-07,50.0,17.0,188.0,,
1943-01-08,33.0,-33.0,0.0,,
1943-01-09,111.0,-67.0,0.0,,
1943-01-10,111.0,-6.0,0.0,,
1943-01-11,133.0,0.0,0.0,,
1943-01-12,89.0,22.0,0.0,,
1943-01-13,133.0,-11.0,0.0,,
1943-01-14,200.0,22.0,0.0,,
1943-01-15,222.0,39.0,0.0,,
1943-01-16,272.0,161.0,0.0,,
1943-01-17,94.0,33.0,8.0,,
1943-01-18,50.0,-33.0,0.0,,
1943-01-19,-28.0,-122.0,0.0,,
1943-01-20,22.0,-122.0,0.0,,
1943-01-21,167.0,-22.0,0.0,,
1943-01-22,256.0,94.0,0.0,,
1943-01-23,278.0,144.0,0.0,,
1943-01-24,267.0,-22.0,0.0,,
1943-01-25,100.0,-17.0,180.0,,
1943-01-26,-6.0,-67.0,117.0,,
1943-01-27,33.0,-61.0,0.0,,
1943-01-28,83.0,-39.0,0.0,,
1943-01-29,117.0,-17.0,0.0,,
1943-01-30,178.0,22.0,0.0,,
1943-01-31,222.0,89.0,8.0,,
1943-02-01,117.0,22.0,18.0,,
1943-02-02,161.0,28.0,0.0,,
1943-02-03,222.0,122.0,236.0,,
1943-02-04,222.0,128.0,3.0,,
1943-02-05,211.0,111.0,0.0,,
1943-02-06,161.0,50.0,0.0,,
1943-02-07,222.0,6.0,0.0,,
1943-02-08,233.0,50.0,0.0,,
1943-02-09,250.0,122.0,0.0,,
1943-02-10,183.0,-17.0,10.0,,
1943-02-11,128.0,-50.0,0.0,,
1943-02-12,144.0,33.0,0.0,,
1943-02-13,106.0,6.0,0.0,,
1943-02-14,22.0,-67.0,0.0,,
1943-02-15,100.0,-72.0,0.0,,
1943-02-16,67.0,-33.0,0.0,,
1943-02-17,161.0,-6.0,0.0,,
1943-02-18,222.0,78.0,0.0,,
1943-02-19,228.0,117.0,0.0,,
1943-02-20,228.0,83.0,20.0,,
1943-02-21,156.0,106.0,3.0,,
1943-02-22,217.0,33.0,0.0,,
1943-02-23,239.0,89.0,0.0,,
1943-02-24,139.0,72.0,0.0,,
1943-02-25,133.0,50.0,0.0,,
1943-02-26,117.0,6.0,0.0,,
1943-02-27,139.0,-50.0,0.0,,
1943-02-28,150.0,67.0,107.0,,
1943-03-01,161.0,78.0,0.0,,
1943-03-02,94.0,-61.0,0.0,,
1943-03-03,6.0,-111.0,0.0,,
1943-03-04,39.0,-67.0,0.0,,
1943-03-05,67.0,11.0,191.0,,
1943-03-06,39.0,-33.0,5.0,,
1943-03-07,22.0,-78.0,0.0,,
1943-03-08,78.0,-44.0,0.0,,
1943-03-09,200.0,6.0,0.0,,
1943-03-10,194.0,128.0,287.0,,
1943-03-11,128.0,50.0,185.0,,
1943-03-12,83.0,50.0,282.0,,
1943-03-13,178.0,50.0,0.0,,
1943-03-14,233.0,72.0,0.0,,
1943-03-15,261.0,161.0,0.0,,
1943-03-16,233.0,44.0,99.0,,
1943-03-17,189.0,33.0,0.0,,
1943-03-18,239.0,106.0,132.0,,
1943-03-19,228.0,67.0,38.0,,
1943-03-20,128.0,22.0,28.0,,
1943-03-21,122.0,33.0,0.0,,
1943-03-22,139.0,0.0,0.0,,
1943-03-23,161.0,22.0,0.0,,
1943-03-24,194.0,83.0,5.0,,
1943-03-25,156.0,117.0,140.0,,
1943-03-26,200.0,128.0,277.0,,
1943-03-27,194.0,122.0,3.0,,
1943-03-28,239.0,78.0,0.0,,
1943-03-29,256.0,117.0,0.0,,
1943-03-30,267.0,133.0,0.0,,
1943-03-31,267.0,139.0,0.0,,
1943-04-01,272.0,150.0,0.0,,
1943-04-02,256.0,144.0,0.0,,
1943-04-03,161.0,100.0,53.0,,
1943-04-04,289.0,78.0,0.0,,
1943-04-05,228.0,156.0,0.0,,
1943-04-06,261.0,122.0,0.0,,
1943-04-07,272.0,144.0,0.0,,
1943-04-08,267.0,150.0,102.0,,
1943-04-09,294.0,172.0,18.0,,
1943-04-10,294.0,172.0,0.0,,
1943-04-11,289.0,178.0,0.0,,
1943-04-12,256.0,117.0,0.0,,
1943-04-13,233.0,83.0,0.0,,
1943-04-14,167.0,61.0,0.0,,
1943-04-15,183.0,6.0,0.0,,
1943-04-16,189.0,100.0,188.0,,
1943-04-17,194.0,133.0,97.0,,
1943-04-18,172.0,106.0,13.0,,
1943-04-19,183.0,50.0,0.0,,
1943-04-20,194.0,11.0,0.0,,
1943-04-21,228.0,50.0,0.0,,
1943-04-22,261.0,117.0,0.0,,
1943-04-23,256.0,156.0,0.0,,
1943-04-24,261.0,89.0,0.0,,
1943-04-25,289.0,139.0,0.0,,
1943-04-26,294.0,144.0,0.0,,
1943-04-27,289.0,156.0,0.0,,
1943-04-28,283.0,144.0,0.0,,
1943-04-29,317.0,156.0,0.0,,
1943-04-30,339.0,178.0,0.0,,
1943-05-01,244.0,150.0,0.0,,
1943-05-02,328.0,156.0,0.0,,
1943-05-03,317.0,172.0,0.0,,
1943-05-04,317.0,161.0,0.0,,
1943-05-05,333.0,183.0,0.0,,
1943-05-06,311.0,172.0,0.0,,
1943-05-07,289.0,200.0,0.0,,
1943-05-08,289.0,200.0,3.0,,
1943-05-09,306.0,178.0,0.0,,
1943-05-10,283.0,178.0,81.0,,
1943-05-11,261.0,167.0,0.0,,
1943-05-12,289.0,150.0,0.0,,
1943-05-13,333.0,189.0,0.0,,
1943-05-14,306.0,172.0,0.0,,
1943-05-15,300.0,194.0,0.0,,
1943-05-16,306.0,211.0,0.0,,
1943-05-17,317.0,194.0,0.0,,
1943-05-18,322.0,183.0,0.0,,
1943-05-19,339.0,217.0,0.0,,
1943-05-20,311.0,172.0,0.0,,
1943-05-21,256.0,122.0,0.0,,
1943-05-22,261.0,111.0,84.0,,
1943-05-23,244.0,161.0,5.0,,
1943-05-24,328.0,156.0,0.0,,
1943-05-25,272.0,139.0,0.0,,
1943-05-26,306.0,128.0,0.0,,
1943-05-27,283.0,167.0,3.0,,
1943-05-28,300.0,206.0,0.0,,
1943-05-29,317.0,194.0,25.0,,
1943-05-30,300.0,206.0,124.0,,
1943-05-31,311.0,206.0,20.0,,
1943-06-01,317.0,222.0,0.0,,
1943-06-02,333.0,233.0,0.0,,
1943-06-03,328.0,239.0,0.0,,
1943-06-04,333.0,239.0,0.0,,
1943-06-05,339.0,222.0,0.0,,
1943-06-06,328.0,222.0,0.0,,
1943-06-07,356.0,228.0,0.0,,
1943-06-08,356.0,211.0,81.0,,0.0
1943-06-09,333.0,194.0,0.0,,
1943-06-10,344.0,183.0,0.0,,
1943-06-11,350.0,217.0,0.0,,
1943-06-12,339.0,217.0,0.0,,
1943-06-13,356.0,200.0,0.0,,
1943-06-14,367.0,228.0,0.0,,
1943-06-15,356.0,228.0,0.0,,
1943-06-16,367.0,228.0,0.0,,
1943-06-17,356.0,233.0,10.0,,0.0
1943-06-18,344.0,206.0,0.0,,
1943-06-19,356.0,233.0,0.0,,
1943-06-20,367.0,228.0,0.0,,
1943-06-21,361.0,222.0,0.0,,
1943-06-22,356.0,217.0,0.0,,
1943-06-23,367.0,194.0,102.0,,
1943-06-24,344.0,194.0,0.0,,
1943-06-25,350.0,239.0,28.0,,0.0
1943-06-26,350.0,222.0,0.0,,
1943-06-27,356.0,228.0,0.0,,
1943-06-28,356.0,217.0,5.0,,0.0
1943-06-29,306.0,222.0,0.0,,
1943-06-30,289.0,206.0,0.0,,
1943-07-01,311.0,150.0,0.0,,
1943-07-02,328.0,217.0,81.0,,
1943-07-03,344.0,228.0,0.0,,
1943-07-04,361.0,222.0,0.0,,
1943-07-05,372.0,217.0,0.0,,
1943-07-06,389.0,222.0,0.0,,
1943-07-07,367.0,217.0,0.0,,
1943-07-08,322.0,222.0,0.0,,
1943-07-09,339.0,178.0,0.0,,
1943-07-10,356.0,206.0,0.0,,
1943-07-11,367.0,211.0,0.0,,
1943-07-12,322.0,222.0,0.0,,
1943-07-13,311.0,222.0,38.0,,
1943-07-14,344.0,217.0,15.0,,
1943-07-15,367.0,217.0,10.0,,
1943-07-16,372.0,228.0,0.0,,
1943-07-17,383.0,239.0,0.0,,
1943-07-18,383.0,233.0,0.0,,
1943-07-19,394.0,239.0,0.0,,
1943-07-20,350.0,233.0,66.0,,
1943-07-21,389.0,222.0,0.0,,
1943-07-22,417.0,228.0,0.0,,
1943-07-23,394.0,250.0,0.0,,
1943-07-24,389.0,244.0,0.0,,
1943-07-25,378.0,217.0,0.0,,
1943-07-26,361.0,239.0,0.0,,
1943-07-27,361.0,222.0,0.0,,
1943-07-28,367.0,211.0,0.0,,
1943-07-29,367.0,222.0,0.0,,
1943-07-30,356.0,222.0,0.0,,
1943-07-31,389.0,233.0,0.0,,
1943-08-01,372.0,239.0,0.0,,
1943-08-02,400.0,233.0,0.0,,
1943-08-03,389.0,244.0,0.0,,
1943-08-04,389.0,233.0,0.0,,
1943-08-05,383.0,233.0,0.0,,
1943-08-06,367.0,222.0,0.0,,
1943-08-07,394.0,211.0,0.0,,
1943-08-08,422.0,239.0,0.0,,
1943-08-09,422.0,256.0,28.0,,
1943-08-10,411.0,233.0,188.0,,
1943-08-11,328.0,228.0,0.0,,
1943-08-12,356.0,233.0,0.0,,
1943-08-13,372.0,244.0,0.0,,
1943-08-14,,239.0,0.0,,
1943-08-15,394.0,239.0,0.0,,
1943-08-16,417.0,256.0,28.0,,
1943-08-17,333.0,222.0,0.0,,
1943-08-18,317.0,178.0,0.0,,
1943-08-19,333.0,178.0,0.0,,
1943-08-20,344.0,194.0,0.0,,
1943-08-21,350.0,206.0,0.0,,
1943-08-22,367.0,200.0,0.0,,
1943-08-23,378.0,211.0,0.0,,
1943-08-24,383.0,228.0,0.0,,
1943-08-25,389.0,222.0,0.0,,
1943-08-26,400.0,206.0,0.0,,
1943-08-27,417.0,222.0,0.0,,
1943-08-28,389.0,222.0,0.0,,
1943-08-29,367.0,222.0,0.0,,
1943-08-30,378.0,189.0,0.0,,
1943-08-31,389.0,233.0,0.0,,
1943-09-01,367.0,239.0,13.0,,
1943-09-02,294.0,222.0,432.0,,
1943-09-03,350.0,211.0,0.0,,
1943-09-04,367.0,217.0,8.0,,
1943-09-05,272.0,228.0,328.0,,
1943-09-06,306.0,178.0,211.0,,
1943-09-07,300.0,161.0,0.0,,
1943-09-08,300.0,150.0,0.0,,
1943-09-09,283.0,161.0,0.0,,
1943-09-10,278.0,133.0,0.0,,
1943-09-11,311.0,144.0,0.0,,
1943-09-12,372.0,178.0,0.0,,
1943-09-13,322.0,189.0,0.0,,
1943-09-14,344.0,217.0,0.0,,
1943-09-15,339.0,217.0,0.0,,
1943-09-16,250.0,194.0,0.0,,
1943-09-17,250.0,156.0,0.0,,
1943-09-18,222.0,139.0,30.0,,
1943-09-19,189.0,156.0,97.0,,
1943-09-20,206.0,161.0,147.0,,
1943-09-21,272.0,161.0,0.0,,
1943-09-22,283.0,139.0,0.0,,
1943-09-23,283.0,172.0,0.0,,
1943-09-24,239.0,122.0,0.0,,
1943-09-25,267.0,111.0,0.0,,
1943-09-26,239.0,111.0,0.0,,
1943-09-27,283.0,139.0,23.0,,
1943-09-28,256.0,183.0,0.0,,
1943-09-29,256.0,189.0,28.0,,
1943-09-30,267.0,183.0,0.0,,
1943-10-01,289.0,172.0,0.0,,
1943-10-02,267.0,189.0,0.0,,
1943-10-03,261.0,156.0,0.0,,
1943-10-04,233.0,122.0,0.0,,
1943-10-05,233.0,94.0,0.0,,
1943-10-06,239.0,133.0,0.0,,
1943-10-07,222.0,122.0,0.0,,
1943-10-08,267.0,78.0,0.0,,
1943-10-09,283.0,94.0,0.0,,
1943-10-10,283.0,100.0,0.0,,
1943-10-11,289.0,139.0,0.0,,
1943-10-12,294.0,178.0,0.0,,
1943-10-13,233.0,106.0,28.0,,0.0
1943-10-14,228.0,78.0,0.0,,
1943-10-15,206.0,67.0,0.0,,
1943-10-16,144.0,11.0,0.0,,
1943-10-17,206.0,6.0,0.0,,
1943-10-18,256.0,61.0,0.0,,
1943-10-19,267.0,122.0,0.0,,
1943-10-20,283.0,144.0,0.0,,
1943-10-21,294.0,172.0,0.0,,0.0
1943-10-22,272.0,139.0,0.0,,
1943-10-23,283.0,133.0,13.0,,
1943-10-24,206.0,111.0,86.0,,
1943-10-25,128.0,72.0,0.0,,
1943-10-26,111.0,39.0,0.0,,
1943-10-27,167.0,28.0,0.0,,
1943-10-28,206.0,22.0,0.0,,
1943-10-29,256.0,89.0,0.0,,
1943-10-30,267.0,144.0,0.0,,
1943-10-31,233.0,167.0,0.0,,
1943-11-01,244.0,167.0,18.0,,
1943-11-02,194.0,61.0,267.0,,
1943-11-03,189.0,56.0,0.0,,
1943-11-04,194.0,39.0,0.0,,
1943-11-05,244.0,94.0,0.0,,
1943-11-06,228.0,161.0,503.0,,
1943-11-07,167.0,78.0,36.0,,
1943-11-08,111.0,0.0,0.0,,
1943-11-09,111.0,-6.0,0.0,,
1943-11-10,144.0,-11.0,0.0,,
1943-11-11,156.0,11.0,0.0,,
1943-11-12,167.0,28.0,0.0,,
1943-11-13,200.0,61.0,0.0,,
1943-11-14,211.0,67.0,0.0,,
1943-11-15,222.0,106.0,0.0,,
1943-11-16,128.0,17.0,0.0,,
1943-11-17,167.0,-22.0,0.0,,
1943-11-18,228.0,44.0,0.0,,
1943-11-19,239.0,61.0,0.0,,
1943-11-20,250.0,67.0,0.0,,
1943-11-21,233.0,61.0,0.0,,
1943-11-22,156.0,56.0,0.0,,
1943-11-23,122.0,28.0,0.0,,
1943-11-24,139.0,0.0,0.0,,
1943-11-25,183.0,6.0,0.0,,
1943-11-26,167.0,33.0,0.0,,
1943-11-27,150.0,67.0,15.0,,
1943-11-28,156.0,33.0,0.0,,
1943-11-29,111.0,6.0,0.0,,
1943-11-30,144.0,-28.0,0.0,,
1943-12-01,178.0,0.0,0.0,,0.0
1943-12-02,239.0,133.0,0.0,,0.0
1943-12-03,150.0,83.0,0.0,,0.0
1943-12-04,183.0,67.0,0.0,,0.0
1943-12-05,200.0,50.0,15.0,,0.0
1943-12-06,167.0,111.0,114.0,,0.0
1943-12-07,150.0,94.0,0.0,,0.0
1943-12-08,228.0,117.0,0.0,,0.0
1943-12-09,261.0,150.0,0.0,,0.0
1943-12-10,183.0,56.0,84.0,,0.0
1943-12-11,128.0,17.0,0.0,,0.0
1943-12-12,172.0,11.0,0.0,,0.0
1943-12-13,122.0,28.0,0.0,,0.0
1943-12-14,67.0,-6.0,0.0,,0.0
1943-12-15,0.0,-89.0,0.0,0.0,0.0
1943-12-16,6.0,-100.0,0.0,,0.0
1943-12-17,50.0,-111.0,0.0,,0.0
1943-12-18,117.0,-67.0,0.0,,0.0
1943-12-19,178.0,-17.0,0.0,,0.0
1943-12-20,117.0,17.0,0.0,,0.0
1943-12-21,183.0,39.0,0.0,,0.0
1943-12-22,61.0,6.0,69.0,,0.0
1943-12-23,11.0,-22.0,0.0,,0.0
1943-12-24,6.0,-33.0,206.0,,0.0
1943-12-25,33.0,0.0,8.0,,0.0
1943-12-26,50.0,11.0,0.0,,0.0
1943-12-27,61.0,28.0,229.0,,0.0
1943-12-28,56.0,22.0,23.0,,0.0
1943-12-29,33.0,6.0,0.0,,0.0
1943-12-30,111.0,11.0,0.0,,0.0
1943-12-31,100.0,-11.0,0.0,,0.0
1944-01-01,56.0,0.0,91.0,,
1944-01-02,61.0,33.0,292.0,,
1944-01-03,67.0,11.0,0.0,,
1944-01-04,156.0,6.0,0.0,,
1944-01-05,128.0,11.0,0.0,,
1944-01-06,100.0,-17.0,0.0,,
1944-01-07,50.0,-6.0,89.0,127.0,13.0
1944-01-08,6.0,-44.0,140.0,178.0,8.0
1944-01-09,28.0,-94.0,0.0,127.0,
1944-01-10,106.0,-50.0,0.0,,
1944-01-11,117.0,17.0,0.0,,
1944-01-12,83.0,-17.0,163.0,,
1944-01-13,6.0,-39.0,0.0,,
1944-01-14,-6.0,-22.0,221.0,25.0,18.0
1944-01-15,83.0,-22.0,36.0,51.0,33.0
1944-01-16,111.0,-28.0,0.0,0.0,
1944-01-17,94.0,-6.0,0.0,,
1944-01-18,161.0,-22.0,0.0,,
1944-01-19,172.0,11.0,0.0,,
1944-01-20,156.0,-11.0,0.0,,
1944-01-21,228.0,39.0,0.0,,
1944-01-22,211.0,72.0,0.0,,
1944-01-23,172.0,78.0,0.0,,
1944-01-24,222.0,83.0,0.0,,
1944-01-25,167.0,111.0,36.0,,
1944-01-26,222.0,139.0,0.0,,
1944-01-27,200.0,89.0,71.0,,
1944-01-28,167.0,67.0,0.0,,
1944-01-29,122.0,83.0,122.0,,
1944-01-30,172.0,50.0,0.0,,
1944-01-31,167.0,33.0,0.0,,
1944-02-01,178.0,78.0,0.0,,
1944-02-02,111.0,67.0,264.0,,
1944-02-03,189.0,83.0,211.0,,
1944-02-04,189.0,50.0,,,
1944-02-05,200.0,61.0,5.0,,
1944-02-06,172.0,83.0,,,
1944-02-07,200.0,78.0,23.0,,
1944-02-08,183.0,89.0,500.0,,
1944-02-09,156.0,72.0,,,
1944-02-10,189.0,78.0,,,
1944-02-11,83.0,6.0,,,
1944-02-12,33.0,-56.0,28.0,,
1944-02-13,33.0,-61.0,,,
1944-02-14,100.0,0.0,196.0,,
1944-02-15,111.0,-6.0,,,
1944-02-16,117.0,17.0,170.0,,
1944-02-17,183.0,67.0,56.0,,
1944-02-18,89.0,33.0,,,
1944-02-19,72.0,-11.0,69.0,,
1944-02-20,139.0,56.0,8.0,,
1944-02-21,172.0,83.0,8.0,,
1944-02-22,222.0,156.0,292.0,,
1944-02-23,189.0,128.0,58.0,,
1944-02-24,261.0,161.0,140.0,,
1944-02-25,222.0,156.0,511.0,,
1944-02-26,189.0,150.0,109.0,,
1944-02-27,217.0,128.0,76.0,,
1944-02-28,233.0,78.0,18.0,,
1944-02-29,128.0,50.0,,,
1944-03-01,133.0,11.0,0.0,,
1944-03-02,172.0,133.0,0.0,,
1944-03-03,183.0,89.0,15.0,,
1944-03-04,206.0,78.0,10.0,,
1944-03-05,189.0,39.0,0.0,,
1944-03-06,211.0,67.0,53.0,,
1944-03-07,144.0,17.0,0.0,,
1944-03-08,122.0,-22.0,0.0,,
1944-03-09,189.0,22.0,0.0,,
1944-03-10,189.0,144.0,0.0,,
1944-03-11,200.0,111.0,0.0,,
1944-03-12,200.0,100.0,0.0,,
1944-03-13,261.0,94.0,0.0,,
1944-03-14,283.0,133.0,0.0,,
1944-03-15,267.0,122.0,0.0,,
1944-03-16,206.0,139.0,91.0,,
1944-03-17,244.0,83.0,0.0,,
1944-03-18,222.0,122.0,97.0,,
1944-03-19,122.0,44.0,99.0,,
1944-03-20,61.0,39.0,0.0,,
1944-03-21,150.0,56.0,0.0,,
1944-03-22,178.0,111.0,102.0,,
1944-03-23,178.0,56.0,0.0,,
1944-03-24,228.0,33.0,0.0,,
1944-03-25,267.0,100.0,0.0,,
1944-03-26,261.0,139.0,112.0,,
1944-03-27,211.0,122.0,127.0,,
1944-03-28,161.0,106.0,1775.0,,
1944-03-29,122.0,33.0,0.0,,
1944-03-30,156.0,22.0,0.0,,
1944-03-31,217.0,39.0,0.0,,
1944-04-01,239.0,94.0,0.0,,0.0
1944-04-02,172.0,56.0,107.0,,0.0
1944-04-03,128.0,22.0,0.0,,0.0
1944-04-04,183.0,6.0,0.0,,0.0
1944-04-05,150.0,50.0,0.0,,0.0
1944-04-06,222.0,33.0,0.0,,0.0
1944-04-07,233.0,156.0,0.0,,0.0
1944-04-08,256.0,167.0,8.0,,0.0
1944-04-09,239.0,139.0,325.0,,0.0
1944-04-10,267.0,172.0,185.0,,0.0
1944-04-11,222.0,94.0,0.0,,0.0
1944-04-12,172.0,89.0,0.0,,0.0
1944-04-13,206.0,67.0,0.0,,0.0
1944-04-14,217.0,111.0,0.0,,0.0
1944-04-15,294.0,133.0,0.0,,0.0
1944-04-16,183.0,78.0,0.0,,0.0
1944-04-17,211.0,61.0,0.0,,0.0
1944-04-18,244.0,122.0,0.0,,0.0
1944-04-19,250.0,144.0,310.0,,0.0
1944-04-20,272.0,156.0,109.0,,0.0
1944-04-21,239.0,178.0,0.0,,0.0
1944-04-22,278.0,183.0,43.0,,0.0
1944-04-23,244.0,144.0,58.0,,0.0
1944-04-24,233.0,111.0,0.0,,0.0
1944-04-25,228.0,128.0,97.0,,0.0
1944-04-26,228.0,139.0,0.0,,0.0
1944-04-27,189.0,133.0,36.0,,0.0
1944-04-28,228.0,117.0,0.0,,0.0
1944-04-29,244.0,117.0,0.0,,0.0
1944-04-30,239.0,156.0,170.0,,0.0
1944-05-01,217.0,167.0,297.0,,
1944-05-02,228.0,156.0,206.0,,
1944-05-03,261.0,156.0,208.0,,
1944-05-04,206.0,106.0,376.0,,
1944-05-05,211.0,72.0,10.0,,
1944-05-06,189.0,72.0,23.0,,
1944-05-07,211.0,67.0,0.0,,
1944-05-08,217.0,139.0,0.0,,
1944-05-09,272.0,167.0,0.0,,
1944-05-10,278.0,144.0,0.0,,
1944-05-11,300.0,167.0,0.0,,
1944-05-12,300.0,172.0,0.0,,
1944-05-13,322.0,161.0,0.0,,
1944-05-14,322.0,172.0,0.0,,
1944-05-15,328.0,178.0,0.0,,
1944-05-16,328.0,189.0,0.0,,
1944-05-17,311.0,172.0,0.0,,
1944-05-18,311.0,178.0,0.0,,
1944-05-19,311.0,194.0,43.0,,
1944-05-20,272.0,194.0,89.0,,
1944-05-21,222.0,178.0,196.0,,
1944-05-22,200.0,161.0,843.0,,
1944-05-23,278.0,150.0,0.0,,
1944-05-24,306.0,189.0,0.0,,
1944-05-25,300.0,194.0,0.0,,
1944-05-26,300.0,200.0,0.0,,
1944-05-27,300.0,206.0,0.0,,
1944-05-28,306.0,206.0,193.0,,
1944-05-29,322.0,211.0,165.0,,
1944-05-30,311.0,194.0,0.0,,
1944-05-31,322.0,200.0,0.0,,
1944-06-01,322.0,206.0,0.0,,
1944-06-02,311.0,206.0,0.0,,
1944-06-03,311.0,200.0,0.0,,
1944-06-04,317.0,200.0,0.0,,
1944-06-05,333.0,211.0,0.0,,
1944-06-06,289.0,167.0,0.0,,
1944-06-07,272.0,150.0,0.0,,
1944-06-08,311.0,156.0,5.0,,
1944-06-09,322.0,194.0,0.0,,
1944-06-10,344.0,194.0,0.0,,
1944-06-11,328.0,200.0,0.0,,
1944-06-12,328.0,206.0,94.0,,
1944-06-13,328.0,206.0,18.0,,
1944-06-14,328.0,228.0,0.0,,
1944-06-15,344.0,228.0,0.0,,
1944-06-16,350.0,222.0,0.0,,
1944-06-17,356.0,239.0,0.0,,
1944-06-18,356.0,233.0,0.0,,
1944-06-19,361.0,217.0,0.0,,
1944-06-20,328.0,211.0,0.0,,
1944-06-21,361.0,211.0,0.0,,
1944-06-22,356.0,250.0,0.0,,
1944-06-23,356.0,228.0,0.0,,
1944-06-24,356.0,222.0,56.0,,
1944-06-25,350.0,217.0,0.0,,
1944-06-26,350.0,206.0,0.0,,
1944-06-27,367.0,228.0,0.0,,
1944-06-28,367.0,228.0,0.0,,
1944-06-29,333.0,206.0,0.0,,
1944-06-30,350.0,217.0,84.0,,
1944-07-01,344.0,222.0,0.0,,
1944-07-02,333.0,200.0,0.0,,
1944-07-03,350.0,200.0,0.0,,
1944-07-04,317.0,200.0,0.0,,
1944-07-05,311.0,183.0,0.0,,
1944-07-06,322.0,172.0,0.0,,
1944-07-07,344.0,206.0,0.0,,
1944-07-08,361.0,222.0,0.0,,
1944-07-09,372.0,217.0,0.0,,
1944-07-10,389.0,217.0,0.0,,
1944-07-11,383.0,222.0,0.0,,
1944-07-12,378.0,222.0,0.0,,
1944-07-13,372.0,228.0,0.0,,
1944-07-14,372.0,233.0,0.0,,
1944-07-15,378.0,222.0,0.0,,
1944-07-16,389.0,211.0,0.0,,
1944-07-17,383.0,217.0,0.0,,
1944-07-18,400.0,239.0,0.0,,
1944-07-19,389.0,217.0,0.0,,
1944-07-20,300.0,183.0,0.0,,
1944-07-21,333.0,161.0,0.0,,
1944-07-22,344.0,178.0,0.0,,
1944-07-23,367.0,156.0,0.0,,
1944-07-24,367.0,228.0,3.0,,
1944-07-25,372.0,239.0,0.0,,
1944-07-26,339.0,244.0,0.0,,
1944-07-27,400.0,211.0,28.0,,
1944-07-28,350.0,178.0,196.0,,
1944-07-29,361.0,228.0,0.0,,
1944-07-30,328.0,233.0,0.0,,
1944-07-31,278.0,211.0,404.0,,
1944-08-01,339.0,211.0,0.0,,
1944-08-02,328.0,233.0,0.0,,
1944-08-03,344.0,222.0,0.0,,
1944-08-04,339.0,222.0,0.0,,
1944-08-05,356.0,228.0,137.0,,
1944-08-06,361.0,233.0,0.0,,
1944-08-07,344.0,222.0,0.0,,
1944-08-08,350.0,233.0,69.0,,
1944-08-09,339.0,211.0,0.0,,
1944-08-10,328.0,217.0,0.0,,
1944-08-11,344.0,217.0,0.0,,
1944-08-12,344.0,233.0,25.0,,
1944-08-13,339.0,228.0,18.0,,
1944-08-14,333.0,217.0,0.0,,
1944-08-15,350.0,228.0,0.0,,
1944-08-16,356.0,239.0,0.0,,
1944-08-17,372.0,239.0,0.0,,
1944-08-18,333.0,233.0,0.0,,
1944-08-19,339.0,211.0,0.0,,
1944-08-20,372.0,200.0,0.0,,
1944-08-21,361.0,217.0,0.0,,
1944-08-22,367.0,222.0,58.0,,
1944-08-23,367.0,228.0,0.0,,
1944-08-24,350.0,222.0,168.0,,
1944-08-25,317.0,222.0,284.0,,
1944-08-26,339.0,222.0,69.0,,
1944-08-27,311.0,217.0,0.0,,
1944-08-28,283.0,178.0,0.0,,
1944-08-29,233.0,200.0,53.0,,
1944-08-30,311.0,200.0,99.0,,
1944-08-31,217.0,200.0,521.0,,
1944-09-01,300.0,189.0,0.0,,
1944-09-02,339.0,233.0,0.0,,
1944-09-03,356.0,239.0,0.0,,
1944-09-04,350.0,233.0,0.0,,
1944-09-05,339.0,228.0,130.0,,
1944-09-06,289.0,200.0,0.0,,
1944-09-07,261.0,189.0,0.0,,
1944-09-08,256.0,156.0,0.0,,
1944-09-09,283.0,144.0,0.0,,
1944-09-10,272.0,183.0,0.0,,
1944-09-11,289.0,206.0,155.0,,
1944-09-12,267.0,167.0,0.0,,
1944-09-13,289.0,144.0,0.0,,
1944-09-14,289.0,144.0,3.0,,
1944-09-15,311.0,183.0,10.0,,
1944-09-16,328.0,211.0,0.0,,
1944-09-17,306.0,183.0,0.0,,
1944-09-18,311.0,189.0,0.0,,
1944-09-19,322.0,200.0,0.0,,
1944-09-20,344.0,217.0,0.0,,
1944-09-21,350.0,217.0,0.0,,
1944-09-22,300.0,206.0,0.0,,
1944-09-23,300.0,156.0,0.0,,
1944-09-24,300.0,167.0,0.0,,
1944-09-25,317.0,172.0,0.0,,
1944-09-26,300.0,200.0,0.0,,
1944-09-27,294.0,206.0,3.0,,
1944-09-28,256.0,194.0,61.0,,
1944-09-29,256.0,194.0,137.0,,
1944-09-30,289.0,194.0,0.0,,
1944-10-01,311.0,183.0,0.0,,
1944-10-02,317.0,189.0,0.0,,
1944-10-03,317.0,200.0,0.0,,
1944-10-04,306.0,200.0,0.0,,
1944-10-05,317.0,206.0,15.0,,
1944-10-06,317.0,206.0,0.0,,
1944-10-07,289.0,200.0,0.0,,
1944-10-08,289.0,133.0,0.0,,
1944-10-09,222.0,72.0,0.0,,
1944-10-10,194.0,72.0,0.0,,
1944-10-11,200.0,44.0,0.0,,
1944-10-12,172.0,44.0,0.0,,
1944-10-13,217.0,39.0,0.0,,
1944-10-14,267.0,56.0,0.0,,
1944-10-15,289.0,94.0,0.0,,
1944-10-16,256.0,122.0,0.0,,
1944-10-17,261.0,94.0,0.0,,
1944-10-18,272.0,89.0,0.0,,
1944-10-19,272.0,106.0,0.0,,
1944-10-20,272.0,78.0,0.0,,
1944-10-21,267.0,94.0,13.0,,
1944-10-22,239.0,94.0,0.0,,
1944-10-23,261.0,94.0,0.0,,
1944-10-24,283.0,89.0,0.0,,
1944-10-25,306.0,94.0,0.0,,
1944-10-26,289.0,117.0,0.0,,
1944-10-27,244.0,100.0,0.0,,
1944-10-28,256.0,50.0,0.0,,
1944-10-29,300.0,72.0,0.0,,
1944-10-30,294.0,100.0,0.0,,
1944-10-31,289.0,117.0,0.0,,
1944-11-01,267.0,122.0,0.0,,
1944-11-02,278.0,139.0,0.0,,
1944-11-03,250.0,133.0,0.0,,
1944-11-04,267.0,150.0,3.0,,
1944-11-05,222.0,111.0,0.0,,
1944-11-06,239.0,94.0,0.0,,
1944-11-07,261.0,100.0,0.0,,
1944-11-08,206.0,161.0,28.0,,
1944-11-09,194.0,83.0,0.0,,
1944-11-10,228.0,28.0,0.0,,
1944-11-11,239.0,72.0,0.0,,
1944-11-12,250.0,106.0,0.0,,
1944-11-13,239.0,111.0,0.0,,
1944-11-14,244.0,172.0,0.0,,
1944-11-15,217.0,139.0,0.0,,
1944-11-16,144.0,89.0,0.0,,
1944-11-17,133.0,67.0,20.0,,
1944-11-18,100.0,72.0,399.0,,
1944-11-19,94.0,61.0,71.0,,
1944-11-20,133.0,56.0,0.0,,
1944-11-21,178.0,17.0,0.0,,
1944-11-22,139.0,0.0,0.0,,
1944-11-23,217.0,17.0,0.0,,
1944-11-24,133.0,78.0,251.0,,
1944-11-25,144.0,61.0,10.0,,
1944-11-26,144.0,56.0,0.0,,
1944-11-27,106.0,-17.0,0.0,,
1944-11-28,83.0,-22.0,0.0,,
1944-11-29,106.0,22.0,5.0,,
1944-11-30,89.0,-22.0,0.0,,
1944-12-01,72.0,-17.0,0.0,,
1944-12-02,78.0,-39.0,0.0,,
1944-12-03,89.0,-33.0,0.0,,
1944-12-04,94.0,22.0,0.0,,
1944-12-05,89.0,61.0,323.0,,
1944-12-06,117.0,56.0,384.0,,
1944-12-07,89.0,61.0,46.0,,
1944-12-08,133.0,11.0,0.0,,
1944-12-09,161.0,17.0,0.0,,
1944-12-10,56.0,6.0,0.0,,
1944-12-11,39.0,-28.0,0.0,,
1944-12-12,56.0,-72.0,0.0,,
1944-12-13,106.0,-28.0,0.0,,
1944-12-14,72.0,-78.0,0.0,,
1944-12-15,167.0,-11.0,0.0,,
1944-12-16,122.0,-11.0,0.0,,
1944-12-17,172.0,-11.0,0.0,,
1944-12-18,100.0,28.0,213.0,,
1944-12-19,150.0,-33.0,0.0,,
1944-12-20,183.0,39.0,0.0,,
1944-12-21,117.0,17.0,41.0,,
1944-12-22,72.0,-50.0,0.0,,
1944-12-23,72.0,-17.0,0.0,,
1944-12-24,150.0,50.0,467.0,,
1944-12-25,206.0,139.0,58.0,,
1944-12-26,150.0,-6.0,345.0,,
1944-12-27,44.0,6.0,269.0,,
1944-12-28,33.0,11.0,102.0,,
1944-12-29,56.0,17.0,18.0,,
1944-12-30,128.0,33.0,310.0,,
1944-12-31,144.0,78.0,836.0,,
1945-01-01,67.0,-17.0,0.0,,0.0
1945-01-02,56.0,-44.0,0.0,,0.0
1945-01-03,133.0,11.0,10.0,,0.0
1945-01-04,78.0,28.0,0.0,,0.0
1945-01-05,144.0,-28.0,0.0,,0.0
1945-01-06,156.0,83.0,36.0,,0.0
1945-01-07,122.0,56.0,61.0,,0.0
1945-01-08,156.0,-11.0,0.0,,0.0
1945-01-09,100.0,-33.0,0.0,,0.0
1945-01-10,156.0,-39.0,0.0,,0.0
1945-01-11,189.0,22.0,0.0,,0.0
1945-01-12,139.0,-28.0,30.0,,0.0
1945-01-13,183.0,78.0,0.0,,0.0
1945-01-14,222.0,44.0,0.0,,0.0
1945-01-15,144.0,67.0,0.0,,0.0
1945-01-16,67.0,-28.0,0.0,,0.0
1945-01-17,44.0,-6.0,0.0,,0.0
1945-01-18,89.0,22.0,434.0,,0.0
1945-01-19,89.0,44.0,0.0,,0.0
1945-01-20,78.0,33.0,0.0,,0.0
1945-01-21,89.0,44.0,0.0,,0.0
1945-01-22,117.0,44.0,0.0,,0.0
1945-01-23,150.0,-17.0,0.0,,0.0
1945-01-24,183.0,22.0,0.0,,0.0
1945-01-25,211.0,72.0,0.0,,0.0
1945-01-26,194.0,28.0,0.0,,0.0
1945-01-27,117.0,44.0,3.0,,0.0
1945-01-28,94.0,50.0,0.0,,0.0
1945-01-29,89.0,-39.0,0.0,,0.0
1945-01-30,61.0,-28.0,0.0,,0.0
1945-01-31,72.0,-56.0,0.0,,0.0
1945-02-01,33.0,-17.0,8.0,,0.0
1945-02-02,44.0,-11.0,10.0,,0.0
1945-02-03,128.0,22.0,3.0,,0.0
1945-02-04,239.0,78.0,0.0,,0.0
1945-02-05,72.0,39.0,0.0,,0.0
1945-02-06,128.0,-11.0,0.0,,0.0
1945-02-07,89.0,50.0,30.0,,0.0
1945-02-08,139.0,-39.0,0.0,,0.0
1945-02-09,211.0,44.0,0.0,,0.0
1945-02-10,211.0,44.0,3.0,,0.0
1945-02-11,156.0,44.0,0.0,,0.0
1945-02-12,117.0,89.0,208.0,,0.0
1945-02-13,156.0,78.0,53.0,,0.0
1945-02-14,211.0,67.0,0.0,,0.0
1945-02-15,267.0,161.0,0.0,,0.0
1945-02-16,183.0,111.0,64.0,,0.0
1945-02-17,89.0,33.0,279.0,,0.0
1945-02-18,83.0,0.0,0.0,,0.0
1945-02-19,78.0,33.0,132.0,,0.0
1945-02-20,161.0,56.0,135.0,,0.0
1945-02-21,200.0,106.0,30.0,,0.0
1945-02-22,156.0,17.0,0.0,,0.0
1945-02-23,183.0,-6.0,0.0,,0.0
1945-02-24,183.0,56.0,0.0,,0.0
1945-02-25,228.0,100.0,0.0,,0.0
1945-02-26,256.0,178.0,124.0,,0.0
1945-02-27,44.0,11.0,279.0,,0.0
1945-02-28,72.0,6.0,0.0,,0.0
1945-03-01,128.0,17.0,0.0,,
1945-03-02,161.0,50.0,371.0,,
1945-03-03,183.0,128.0,909.0,,
1945-03-04,172.0,111.0,3.0,,
1945-03-05,261.0,150.0,0.0,,
1945-03-06,222.0,161.0,0.0,,
1945-03-07,161.0,11.0,0.0,,
1945-03-08,156.0,28.0,0.0,,
1945-03-09,194.0,44.0,0.0,,
1945-03-10,233.0,44.0,0.0,,
1945-03-11,172.0,111.0,160.0,,
1945-03-12,167.0,122.0,140.0,,
1945-03-13,172.0,111.0,0.0,,
1945-03-14,250.0,106.0,0.0,,
1945-03-15,294.0,167.0,165.0,,
1945-03-16,283.0,161.0,0.0,,
1945-03-17,244.0,178.0,79.0,,
1945-03-18,289.0,167.0,0.0,,
1945-03-19,300.0,200.0,132.0,,
1945-03-20,294.0,100.0,15.0,,
1945-03-21,200.0,50.0,0.0,,
1945-03-22,250.0,44.0,0.0,,
1945-03-23,194.0,139.0,18.0,,
1945-03-24,300.0,161.0,0.0,,
1945-03-25,239.0,133.0,191.0,,
1945-03-26,278.0,117.0,0.0,,
1945-03-27,278.0,133.0,0.0,,
1945-03-28,283.0,144.0,0.0,,
1945-03-29,267.0,200.0,5.0,,
1945-03-30,222.0,161.0,290.0,,
1945-03-31,206.0,128.0,0.0,,
1945-04-01,217.0,161.0,737.0,,
1945-04-02,278.0,144.0,23.0,,
1945-04-03,300.0,156.0,0.0,,
1945-04-04,156.0,122.0,38.0,,
1945-04-05,133.0,11.0,0.0,,
1945-04-06,183.0,33.0,0.0,,
1945-04-07,222.0,39.0,0.0,,
1945-04-08,233.0,133.0,0.0,,
1945-04-09,261.0,106.0,0.0,,
1945-04-10,272.0,150.0,0.0,,
1945-04-11,283.0,172.0,0.0,,
1945-04-12,283.0,183.0,0.0,,
1945-04-13,289.0,206.0,0.0,,
1945-04-14,283.0,178.0,0.0,,
1945-04-15,272.0,183.0,0.0,,
1945-04-16,233.0,111.0,193.0,,
1945-04-17,194.0,94.0,0.0,,
1945-04-18,222.0,83.0,0.0,,
1945-04-19,244.0,122.0,0.0,,
1945-04-20,289.0,150.0,0.0,,
1945-04-21,289.0,161.0,0.0,,
1945-04-22,217.0,178.0,358.0,,
1945-04-23,272.0,161.0,0.0,,
1945-04-24,239.0,156.0,51.0,,
1945-04-25,283.0,111.0,0.0,,
1945-04-26,200.0,94.0,0.0,,
1945-04-27,211.0,100.0,5.0,,
1945-04-28,222.0,133.0,224.0,,
1945-04-29,194.0,94.0,0.0,,
1945-04-30,239.0,72.0,0.0,,
1945-05-01,256.0,128.0,0.0,,
1945-05-02,267.0,172.0,102.0,,
1945-05-03,172.0,72.0,0.0,,
1945-05-04,211.0,67.0,0.0,,
1945-05-05,233.0,50.0,0.0,,
1945-05-06,261.0,111.0,0.0,,
1945-05-07,283.0,189.0,287.0,,
1945-05-08,233.0,106.0,0.0,,
1945-05-09,267.0,128.0,5.0,,
1945-05-10,256.0,167.0,25.0,,
1945-05-11,183.0,172.0,18.0,,
1945-05-12,283.0,156.0,0.0,,
1945-05-13,294.0,150.0,0.0,,
1945-05-14,300.0,189.0,0.0,,
1945-05-15,244.0,150.0,516.0,,
1945-05-16,183.0,144.0,8.0,,
1945-05-17,167.0,94.0,0.0,,
1945-05-18,239.0,61.0,0.0,,
1945-05-19,267.0,106.0,0.0,,
1945-05-20,300.0,144.0,0.0,,
1945-05-21,272.0,183.0,0.0,,
1945-05-22,250.0,122.0,0.0,,
1945-05-23,272.0,117.0,0.0,,
1945-05-24,294.0,150.0,0.0,,
1945-05-25,300.0,178.0,0.0,,
1945-05-26,322.0,194.0,0.0,,
1945-05-27,322.0,200.0,0.0,,
1945-05-28,317.0,189.0,0.0,,
1945-05-29,333.0,200.0,0.0,,
1945-05-30,328.0,144.0,0.0,,
1945-05-31,322.0,183.0,0.0,,
1945-06-01,317.0,200.0,,,
1945-06-02,283.0,167.0,140.0,,
1945-06-03,256.0,172.0,,,
1945-06-04,244.0,156.0,,,
1945-06-05,289.0,156.0,,,
1945-06-06,328.0,206.0,,,
1945-06-07,339.0,222.0,,,
1945-06-08,322.0,233.0,,,
1945-06-09,333.0,233.0,,,
1945-06-10,322.0,217.0,,,
1945-06-11,272.0,239.0,51.0,,
1945-06-12,278.0,183.0,168.0,,
1945-06-13,300.0,206.0,5.0,,
1945-06-14,272.0,194.0,630.0,,
1945-06-15,322.0,222.0,,,
1945-06-16,328.0,222.0,,,
1945-06-17,272.0,211.0,,,
1945-06-18,272.0,189.0,157.0,,
1945-06-19,294.0,139.0,,,
1945-06-20,306.0,161.0,,,
1945-06-21,317.0,172.0,,,
1945-06-22,322.0,217.0,,,
1945-06-23,333.0,222.0,5.0,,
1945-06-24,344.0,217.0,,,
1945-06-25,322.0,211.0,617.0,,
1945-06-26,333.0,217.0,,,
1945-06-27,333.0,228.0,,,
1945-06-28,333.0,239.0,,,
1945-06-29,333.0,228.0,,,
1945-06-30,344.0,233.0,,,
1945-07-01,333.0,211.0,191.0,,
1945-07-02,278.0,200.0,0.0,,
1945-07-03,294.0,178.0,0.0,,
1945-07-04,311.0,172.0,0.0,,
1945-07-05,283.0,200.0,28.0,,
1945-07-06,317.0,189.0,0.0,,
1945-07-07,311.0,233.0,0.0,,
1945-07-08,333.0,211.0,0.0,,
1945-07-09,350.0,206.0,0.0,,
1945-07-10,322.0,222.0,33.0,,
1945-07-11,289.0,206.0,0.0,,
1945-07-12,244.0,183.0,490.0,,
1945-07-13,300.0,217.0,0.0,,
1945-07-14,333.0,211.0,0.0,,
1945-07-15,311.0,211.0,0.0,,
1945-07-16,294.0,172.0,0.0,,
1945-07-17,311.0,178.0,0.0,,
1945-07-18,322.0,200.0,0.0,,
1945-07-19,339.0,211.0,0.0,,
1945-07-20,344.0,217.0,0.0,,
1945-07-21,344.0,211.0,0.0,,
1945-07-22,356.0,222.0,0.0,,
1945-07-23,356.0,228.0,0.0,,
1945-07-24,361.0,233.0,0.0,,
1945-07-25,367.0,244.0,0.0,,
1945-07-26,339.0,222.0,0.0,,
1945-07-27,333.0,211.0,61.0,,
1945-07-28,272.0,222.0,589.0,,
1945-07-29,300.0,217.0,0.0,,
1945-07-30,311.0,222.0,25.0,,
1945-07-31,333.0,217.0,0.0,,
1945-08-01,344.0,217.0,0.0,,
1945-08-02,350.0,228.0,0.0,,
1945-08-03,367.0,233.0,0.0,,
1945-08-04,361.0,244.0,0.0,,
1945-08-05,344.0,233.0,0.0,,
1945-08-06,339.0,233.0,0.0,,
1945-08-07,294.0,239.0,127.0,,
1945-08-08,289.0,217.0,33.0,,
1945-08-09,300.0,183.0,0.0,,
1945-08-10,328.0,189.0,0.0,,
1945-08-11,333.0,222.0,0.0,,
1945-08-12,344.0,222.0,0.0,,
1945-08-13,350.0,233.0,0.0,,
1945-08-14,344.0,228.0,71.0,,
1945-08-15,267.0,222.0,13.0,,
1945-08-16,322.0,222.0,0.0,,
1945-08-17,328.0,233.0,0.0,,
1945-08-18,339.0,211.0,102.0,,
1945-08-19,328.0,200.0,0.0,,
1945-08-20,317.0,211.0,178.0,,
1945-08-21,300.0,206.0,74.0,,
1945-08-22,294.0,211.0,0.0,,
1945-08-23,294.0,222.0,74.0,,
1945-08-24,233.0,194.0,0.0,,
1945-08-25,306.0,161.0,0.0,,
1945-08-26,317.0,178.0,0.0,,
1945-08-27,306.0,156.0,0.0,,
1945-08-28,317.0,194.0,0.0,,
1945-08-29,322.0,228.0,0.0,,
1945-08-30,333.0,222.0,0.0,,
1945-08-31,339.0,194.0,0.0,,
1945-09-01,356.0,200.0,0.0,,
1945-09-02,344.0,222.0,0.0,,
1945-09-03,333.0,200.0,0.0,,
1945-09-04,333.0,200.0,0.0,,
1945-09-05,333.0,200.0,0.0,,
1945-09-06,311.0,217.0,112.0,,
1945-09-07,317.0,244.0,25.0,,
1945-09-08,333.0,211.0,0.0,,
1945-09-09,344.0,211.0,0.0,,
1945-09-10,333.0,233.0,0.0,,
1945-09-11,317.0,189.0,0.0,,
1945-09-12,322.0,178.0,483.0,,
1945-09-13,217.0,128.0,74.0,,
1945-09-14,250.0,106.0,0.0,,
1945-09-15,267.0,144.0,0.0,,
1945-09-16,250.0,128.0,0.0,,
1945-09-17,300.0,144.0,0.0,,
1945-09-18,311.0,178.0,0.0,,
1945-09-19,311.0,233.0,36.0,,
1945-09-20,328.0,222.0,0.0,,
1945-09-21,328.0,206.0,0.0,,
1945-09-22,328.0,222.0,0.0,,
1945-09-23,328.0,222.0,0.0,,
1945-09-24,322.0,222.0,0.0,,
1945-09-25,278.0,194.0,38.0,,
1945-09-26,317.0,200.0,0.0,,
1945-09-27,311.0,217.0,0.0,,
1945-09-28,317.0,217.0,0.0,,
1945-09-29,283.0,194.0,84.0,,
1945-09-30,289.0,161.0,305.0,,
1945-10-01,289.0,211.0,94.0,,
1945-10-02,250.0,144.0,0.0,,
1945-10-03,233.0,133.0,0.0,,
1945-10-04,228.0,144.0,23.0,,
1945-10-05,200.0,156.0,152.0,,
1945-10-06,256.0,167.0,0.0,,
1945-10-07,256.0,156.0,0.0,,
1945-10-08,289.0,133.0,0.0,,
1945-10-09,144.0,67.0,0.0,,
1945-10-10,194.0,56.0,0.0,,
1945-10-11,239.0,72.0,0.0,,
1945-10-12,267.0,78.0,0.0,,
1945-10-13,278.0,106.0,0.0,,
1945-10-14,261.0,117.0,28.0,,
1945-10-15,200.0,94.0,3.0,,
1945-10-16,211.0,33.0,0.0,,
1945-10-17,256.0,56.0,0.0,,
1945-10-18,261.0,50.0,0.0,,
1945-10-19,272.0,128.0,0.0,,
1945-10-20,283.0,156.0,0.0,,
1945-10-21,306.0,172.0,0.0,,
1945-10-22,250.0,78.0,267.0,,
1945-10-23,211.0,56.0,0.0,,
1945-10-24,172.0,56.0,132.0,,
1945-10-25,189.0,67.0,3.0,,
1945-10-26,222.0,61.0,0.0,,
1945-10-27,261.0,67.0,0.0,,
1945-10-28,256.0,111.0,0.0,,
1945-10-29,256.0,122.0,0.0,,
1945-10-30,267.0,122.0,0.0,,
1945-10-31,256.0,150.0,0.0,,
1945-11-01,272.0,189.0,0.0,,
1945-11-02,311.0,167.0,0.0,,
1945-11-03,272.0,44.0,0.0,,
1945-11-04,272.0,11.0,0.0,,
1945-11-05,233.0,78.0,0.0,,
1945-11-06,261.0,144.0,0.0,,
1945-11-07,250.0,167.0,0.0,,
1945-11-08,250.0,161.0,89.0,,
1945-11-09,206.0,50.0,358.0,,
1945-11-10,89.0,61.0,290.0,,
1945-11-11,128.0,72.0,8.0,,
1945-11-12,244.0,111.0,5.0,,
1945-11-13,211.0,150.0,86.0,,
1945-11-14,161.0,39.0,0.0,,
1945-11-15,167.0,22.0,0.0,,
1945-11-16,194.0,83.0,0.0,,
1945-11-17,244.0,156.0,15.0,,
1945-11-18,250.0,156.0,0.0,,
1945-11-19,194.0,122.0,0.0,,
1945-11-20,183.0,56.0,15.0,,
1945-11-21,183.0,22.0,46.0,,
1945-11-22,111.0,-28.0,0.0,,
1945-11-23,72.0,-33.0,0.0,,
1945-11-24,139.0,-22.0,0.0,,
1945-11-25,183.0,61.0,0.0,,
1945-11-26,200.0,67.0,64.0,,
1945-11-27,206.0,67.0,0.0,,
1945-11-28,178.0,28.0,0.0,,
1945-11-29,144.0,28.0,0.0,,
1945-11-30,117.0,6.0,0.0,,
1945-12-01,144.0,11.0,0.0,,0.0
1945-12-02,133.0,56.0,89.0,0.0,0.0
1945-12-03,72.0,0.0,203.0,25.0,25.0
1945-12-04,56.0,0.0,51.0,,0.0
1945-12-05,78.0,-17.0,0.0,,0.0
1945-12-06,178.0,-22.0,0.0,,0.0
1945-12-07,200.0,22.0,0.0,,0.0
1945-12-08,206.0,50.0,0.0,,0.0
1945-12-09,150.0,94.0,38.0,,0.0
1945-12-10,100.0,-17.0,0.0,,0.0
1945-12-11,22.0,-17.0,0.0,,0.0
1945-12-12,56.0,-6.0,36.0,,0.0
1945-12-13,67.0,28.0,56.0,,0.0
1945-12-14,50.0,-6.0,0.0,,0.0
1945-12-15,67.0,-39.0,0.0,,0.0
1945-12-16,44.0,-94.0,0.0,,0.0
1945-12-17,56.0,-61.0,18.0,,0.0
1945-12-18,44.0,6.0,71.0,,0.0
1945-12-19,33.0,-94.0,0.0,,0.0
1945-12-20,67.0,-94.0,0.0,,0.0
1945-12-21,100.0,-56.0,0.0,,0.0
1945-12-22,156.0,72.0,0.0,,0.0
1945-12-23,150.0,67.0,56.0,,0.0
1945-12-24,183.0,122.0,0.0,,0.0
1945-12-25,172.0,28.0,0.0,,0.0
1945-12-26,144.0,-61.0,0.0,,0.0
1945-12-27,144.0,61.0,102.0,,0.0
1945-12-28,78.0,33.0,0.0,,0.0
1945-12-29,100.0,22.0,0.0,,0.0
1945-12-30,156.0,22.0,0.0,,0.0
1945-12-31,,,0.0,,0.0
1946-01-01,72.0,-33.0,0.0,,
1946-01-02,67.0,22.0,61.0,,
1946-01-03,150.0,56.0,191.0,,
1946-01-04,172.0,100.0,0.0,,
1946-01-05,194.0,122.0,307.0,,
1946-01-06,194.0,100.0,48.0,,
1946-01-07,172.0,89.0,386.0,,
1946-01-08,150.0,61.0,538.0,0.0,
1946-01-09,117.0,67.0,0.0,,
1946-01-10,89.0,67.0,20.0,,
1946-01-11,94.0,56.0,201.0,,
1946-01-12,89.0,22.0,0.0,,
1946-01-13,83.0,0.0,0.0,,
1946-01-14,61.0,-11.0,114.0,,
1946-01-15,44.0,11.0,99.0,,0.0
1946-01-16,17.0,-39.0,86.0,102.0,102.0
1946-01-17,89.0,-56.0,0.0,51.0,
1946-01-18,106.0,-17.0,0.0,,
1946-01-19,100.0,33.0,119.0,,
1946-01-20,117.0,67.0,33.0,,
1946-01-21,89.0,17.0,0.0,,
1946-01-22,72.0,17.0,0.0,,
1946-01-23,117.0,-39.0,0.0,,
1946-01-24,106.0,17.0,0.0,,
1946-01-25,200.0,17.0,0.0,,
1946-01-26,111.0,17.0,13.0,,
1946-01-27,61.0,-72.0,0.0,,
1946-01-28,122.0,-44.0,0.0,,
1946-01-29,94.0,22.0,267.0,,
1946-01-30,194.0,89.0,8.0,,
1946-01-31,94.0,-11.0,0.0,,
1946-02-01,144.0,-22.0,0.0,,0.0
1946-02-02,178.0,-6.0,0.0,,0.0
1946-02-03,111.0,50.0,33.0,,0.0
1946-02-04,217.0,94.0,8.0,,0.0
1946-02-05,206.0,94.0,366.0,,0.0
1946-02-06,178.0,17.0,3.0,,0.0
1946-02-07,156.0,11.0,0.0,,0.0
1946-02-08,150.0,72.0,704.0,,0.0
1946-02-09,133.0,17.0,254.0,,0.0
1946-02-10,83.0,-11.0,36.0,0.0,0.0
1946-02-11,128.0,-11.0,0.0,,0.0
1946-02-12,156.0,39.0,3.0,,0.0
1946-02-13,189.0,56.0,43.0,,0.0
1946-02-14,117.0,-33.0,0.0,,0.0
1946-02-15,172.0,0.0,0.0,,0.0
1946-02-16,194.0,56.0,0.0,,0.0
1946-02-17,206.0,78.0,0.0,,0.0
1946-02-18,139.0,83.0,117.0,,0.0
1946-02-19,150.0,50.0,3.0,,0.0
1946-02-20,156.0,22.0,0.0,,0.0
1946-02-21,183.0,39.0,0.0,,0.0
1946-02-22,206.0,72.0,0.0,,0.0
1946-02-23,239.0,67.0,3.0,,0.0
1946-02-24,206.0,17.0,0.0,,0.0
1946-02-25,228.0,67.0,0.0,,0.0
1946-02-26,206.0,100.0,64.0,,0.0
1946-02-27,133.0,50.0,0.0,,0.0
1946-02-28,183.0,-6.0,0.0,,0.0
1946-03-01,217.0,39.0,0.0,,0.0
1946-03-02,244.0,22.0,0.0,,0.0
1946-03-03,244.0,61.0,0.0,,0.0
1946-03-04,228.0,94.0,0.0,,0.0
1946-03-05,217.0,144.0,0.0,,0.0
1946-03-06,200.0,89.0,371.0,,0.0
1946-03-07,200.0,44.0,0.0,,0.0
1946-03-08,144.0,33.0,0.0,,0.0
1946-03-09,183.0,-11.0,0.0,,0.0
1946-03-10,150.0,44.0,0.0,,0.0
1946-03-11,183.0,22.0,0.0,,0.0
1946-03-12,183.0,61.0,0.0,,0.0
1946-03-13,183.0,133.0,46.0,,0.0
1946-03-14,228.0,128.0,20.0,,0.0
1946-03-15,194.0,133.0,221.0,,0.0
1946-03-16,256.0,100.0,0.0,,0.0
1946-03-17,206.0,133.0,0.0,,0.0
1946-03-18,178.0,78.0,0.0,,0.0
1946-03-19,139.0,78.0,0.0,,0.0
1946-03-20,189.0,100.0,0.0,,0.0
1946-03-21,233.0,78.0,0.0,,0.0
1946-03-22,228.0,111.0,0.0,,0.0
1946-03-23,256.0,144.0,0.0,,0.0
1946-03-24,200.0,144.0,13.0,,0.0
1946-03-25,217.0,144.0,366.0,,0.0
1946-03-26,222.0,139.0,5.0,,0.0
1946-03-27,178.0,128.0,963.0,,0.0
1946-03-28,228.0,111.0,13.0,,0.0
1946-03-29,289.0,133.0,0.0,,0.0
1946-03-30,311.0,128.0,0.0,,0.0
1946-03-31,300.0,161.0,0.0,,0.0
1946-04-01,311.0,189.0,0.0,,
1946-04-02,278.0,156.0,0.0,,
1946-04-03,283.0,156.0,0.0,,
1946-04-04,267.0,122.0,0.0,,
1946-04-05,278.0,100.0,0.0,,
1946-04-06,306.0,156.0,0.0,,
1946-04-07,267.0,156.0,0.0,,
1946-04-08,289.0,194.0,0.0,,
1946-04-09,261.0,144.0,0.0,,
1946-04-10,222.0,144.0,46.0,,
1946-04-11,233.0,117.0,20.0,,
1946-04-12,194.0,50.0,0.0,,
1946-04-13,222.0,44.0,0.0,,
1946-04-14,261.0,78.0,0.0,,
1946-04-15,267.0,139.0,168.0,,
1946-04-16,161.0,100.0,36.0,,
1946-04-17,194.0,61.0,0.0,,
1946-04-18,244.0,44.0,0.0,,
1946-04-19,267.0,67.0,0.0,,
1946-04-20,283.0,117.0,0.0,,
1946-04-21,278.0,156.0,0.0,,
1946-04-22,283.0,156.0,0.0,,
1946-04-23,244.0,183.0,15.0,,
1946-04-24,244.0,144.0,188.0,,
1946-04-25,250.0,139.0,15.0,,
1946-04-26,261.0,94.0,0.0,,
1946-04-27,250.0,117.0,0.0,,
1946-04-28,289.0,156.0,0.0,,
1946-04-29,267.0,156.0,0.0,,
1946-04-30,256.0,172.0,18.0,,
1946-05-01,289.0,178.0,0.0,,
1946-05-02,317.0,167.0,10.0,,
1946-05-03,272.0,156.0,86.0,,
1946-05-04,244.0,117.0,0.0,,
1946-05-05,250.0,117.0,0.0,,
1946-05-06,289.0,144.0,0.0,,
1946-05-07,239.0,128.0,13.0,,
1946-05-08,233.0,83.0,0.0,,
1946-05-09,261.0,122.0,0.0,,
1946-05-10,267.0,150.0,18.0,,
1946-05-11,256.0,122.0,127.0,,
1946-05-12,211.0,111.0,56.0,,
1946-05-13,233.0,128.0,224.0,,
1946-05-14,272.0,161.0,41.0,,
1946-05-15,250.0,178.0,0.0,,
1946-05-16,278.0,150.0,0.0,,
1946-05-17,272.0,156.0,333.0,,
1946-05-18,278.0,133.0,0.0,,
1946-05-19,233.0,161.0,155.0,,
1946-05-20,256.0,144.0,0.0,,
1946-05-21,250.0,117.0,0.0,,
1946-05-22,239.0,133.0,0.0,,
1946-05-23,261.0,178.0,84.0,,
1946-05-24,300.0,217.0,3.0,,
1946-05-25,278.0,178.0,470.0,,
1946-05-26,261.0,167.0,0.0,,
1946-05-27,261.0,128.0,0.0,,
1946-05-28,278.0,156.0,0.0,,
1946-05-29,278.0,161.0,0.0,,
1946-05-30,306.0,189.0,0.0,,
1946-05-31,228.0,156.0,465.0,,
1946-06-01,278.0,178.0,0.0,,
1946-06-02,239.0,144.0,0.0,,
1946-06-03,217.0,144.0,0.0,,
1946-06-04,239.0,117.0,0.0,,
1946-06-05,261.0,122.0,0.0,,
1946-06-06,289.0,133.0,0.0,,
1946-06-07,306.0,178.0,0.0,,
1946-06-08,311.0,189.0,15.0,,
1946-06-09,294.0,178.0,0.0,,
1946-06-10,322.0,194.0,0.0,,
1946-06-11,333.0,194.0,0.0,,
1946-06-12,322.0,200.0,0.0,,
1946-06-13,328.0,211.0,0.0,,
1946-06-14,356.0,217.0,0.0,,
1946-06-15,333.0,206.0,0.0,,
1946-06-16,333.0,217.0,0.0,,
1946-06-17,333.0,228.0,0.0,,
1946-06-18,333.0,222.0,0.0,,
1946-06-19,333.0,222.0,15.0,,
1946-06-20,300.0,222.0,56.0,,
1946-06-21,294.0,211.0,0.0,,
1946-06-22,311.0,206.0,0.0,,
1946-06-23,311.0,206.0,0.0,,
1946-06-24,322.0,206.0,0.0,,
1946-06-25,311.0,222.0,13.0,,
1946-06-26,328.0,211.0,0.0,,
1946-06-27,317.0,200.0,0.0,,
1946-06-28,311.0,217.0,0.0,,
1946-06-29,344.0,217.0,5.0,,
1946-06-30,339.0,222.0,0.0,,
1946-07-01,333.0,228.0,18.0,,
1946-07-02,328.0,217.0,5.0,,
1946-07-03,317.0,189.0,0.0,,
1946-07-04,322.0,200.0,3.0,,
1946-07-05,311.0,206.0,0.0,,
1946-07-06,311.0,222.0,0.0,,
1946-07-07,267.0,222.0,8.0,,
1946-07-08,328.0,217.0,386.0,,
1946-07-09,333.0,211.0,0.0,,
1946-07-10,339.0,228.0,0.0,,
1946-07-11,344.0,228.0,15.0,,
1946-07-12,333.0,217.0,117.0,,
1946-07-13,322.0,233.0,0.0,,
1946-07-14,322.0,222.0,0.0,,
1946-07-15,339.0,228.0,147.0,,
1946-07-16,339.0,222.0,0.0,,
1946-07-17,344.0,239.0,0.0,,
1946-07-18,344.0,233.0,0.0,,
1946-07-19,278.0,222.0,279.0,,
1946-07-20,306.0,211.0,104.0,,
1946-07-21,289.0,211.0,635.0,,
1946-07-22,328.0,194.0,0.0,,
1946-07-23,339.0,206.0,0.0,,
1946-07-24,328.0,217.0,0.0,,
1946-07-25,339.0,217.0,0.0,,
1946-07-26,344.0,228.0,8.0,,
1946-07-27,344.0,233.0,0.0,,
1946-07-28,328.0,222.0,0.0,,
1946-07-29,289.0,217.0,132.0,,
1946-07-30,278.0,200.0,46.0,,
1946-07-31,311.0,217.0,0.0,,
1946-08-01,328.0,211.0,0.0,,0.0
1946-08-02,339.0,211.0,0.0,,0.0
1946-08-03,344.0,200.0,310.0,,0.0
1946-08-04,322.0,200.0,104.0,,0.0
1946-08-05,322.0,222.0,51.0,,0.0
1946-08-06,333.0,233.0,5.0,,0.0
1946-08-07,350.0,233.0,0.0,,0.0
1946-08-08,350.0,239.0,0.0,,0.0
1946-08-09,356.0,233.0,0.0,,0.0
1946-08-10,344.0,228.0,0.0,,0.0
1946-08-11,311.0,222.0,0.0,,0.0
1946-08-12,306.0,200.0,0.0,,0.0
1946-08-13,322.0,200.0,0.0,,0.0
1946-08-14,344.0,228.0,0.0,,0.0
1946-08-15,350.0,233.0,0.0,,0.0
1946-08-16,356.0,233.0,0.0,,0.0
1946-08-17,356.0,233.0,0.0,,0.0
1946-08-18,361.0,228.0,10.0,,0.0
1946-08-19,322.0,222.0,5.0,,0.0
1946-08-20,317.0,178.0,0.0,,0.0
1946-08-21,306.0,167.0,0.0,,0.0
1946-08-22,333.0,183.0,0.0,,0.0
1946-08-23,328.0,200.0,0.0,,0.0
1946-08-24,328.0,211.0,0.0,,0.0
1946-08-25,278.0,206.0,5.0,,0.0
1946-08-26,250.0,194.0,0.0,,0.0
1946-08-27,311.0,194.0,0.0,,0.0
1946-08-28,322.0,194.0,0.0,,0.0
1946-08-29,311.0,194.0,0.0,,0.0
1946-08-30,272.0,144.0,0.0,,0.0
1946-08-31,289.0,144.0,0.0,,0.0
1946-09-01,317.0,161.0,0.0,,0.0
1946-09-02,328.0,167.0,0.0,,0.0
1946-09-03,344.0,178.0,0.0,,0.0
1946-09-04,344.0,211.0,0.0,,0.0
1946-09-05,350.0,200.0,0.0,,0.0
1946-09-06,339.0,211.0,0.0,,0.0
1946-09-07,322.0,167.0,0.0,,0.0
1946-09-08,333.0,178.0,0.0,,0.0
1946-09-09,350.0,194.0,0.0,,0.0
1946-09-10,356.0,211.0,0.0,,0.0
1946-09-11,322.0,211.0,0.0,,0.0
1946-09-12,289.0,161.0,0.0,,0.0
1946-09-13,283.0,144.0,0.0,,0.0
1946-09-14,294.0,167.0,0.0,,0.0
1946-09-15,294.0,189.0,0.0,,0.0
1946-09-16,222.0,167.0,0.0,,0.0
1946-09-17,200.0,172.0,0.0,,0.0
1946-09-18,267.0,178.0,0.0,,0.0
1946-09-19,272.0,167.0,0.0,,0.0
1946-09-20,300.0,167.0,0.0,,0.0
1946-09-21,322.0,161.0,178.0,,0.0
1946-09-22,278.0,200.0,48.0,,0.0
1946-09-23,222.0,194.0,5.0,,0.0
1946-09-24,233.0,156.0,5.0,,0.0
1946-09-25,294.0,167.0,0.0,,0.0
1946-09-26,283.0,178.0,0.0,,0.0
1946-09-27,267.0,178.0,0.0,,0.0
1946-09-28,294.0,200.0,0.0,,0.0
1946-09-29,278.0,172.0,0.0,,0.0
1946-09-30,272.0,117.0,0.0,,0.0
1946-10-01,239.0,94.0,0.0,,0.0
1946-10-02,250.0,56.0,0.0,,0.0
1946-10-03,278.0,100.0,0.0,,0.0
1946-10-04,283.0,133.0,0.0,,0.0
1946-10-05,300.0,139.0,0.0,,0.0
1946-10-06,300.0,150.0,0.0,,0.0
1946-10-07,311.0,144.0,0.0,,0.0
1946-10-08,311.0,122.0,0.0,,0.0
1946-10-09,322.0,128.0,0.0,,0.0
1946-10-10,272.0,194.0,0.0,,0.0
1946-10-11,200.0,117.0,58.0,,0.0
1946-10-12,206.0,33.0,0.0,,0.0
1946-10-13,217.0,72.0,0.0,,0.0
1946-10-14,256.0,67.0,0.0,,0.0
1946-10-15,256.0,89.0,0.0,,0.0
1946-10-16,211.0,133.0,76.0,,0.0
1946-10-17,283.0,144.0,0.0,,0.0
1946-10-18,222.0,111.0,112.0,,0.0
1946-10-19,250.0,100.0,0.0,,0.0
1946-10-20,156.0,117.0,0.0,,0.0
1946-10-21,244.0,44.0,0.0,,0.0
1946-10-22,278.0,111.0,0.0,,0.0
1946-10-23,289.0,150.0,0.0,,0.0
1946-10-24,256.0,167.0,472.0,,0.0
1946-10-25,217.0,111.0,325.0,,0.0
1946-10-26,239.0,100.0,0.0,,0.0
1946-10-27,272.0,122.0,0.0,,0.0
1946-10-28,256.0,172.0,0.0,,0.0
1946-10-29,294.0,167.0,0.0,,0.0
1946-10-30,244.0,156.0,0.0,,0.0
1946-10-31,261.0,183.0,0.0,,0.0
1946-11-01,278.0,183.0,0.0,,0.0
1946-11-02,272.0,189.0,0.0,,0.0
1946-11-03,272.0,161.0,23.0,,0.0
1946-11-04,244.0,189.0,13.0,,0.0
1946-11-05,189.0,128.0,13.0,,0.0
1946-11-06,233.0,117.0,343.0,,0.0
1946-11-07,233.0,89.0,0.0,,0.0
1946-11-08,239.0,56.0,0.0,,0.0
1946-11-09,272.0,122.0,0.0,,0.0
1946-11-10,156.0,117.0,899.0,,0.0
1946-11-11,156.0,50.0,0.0,,0.0
1946-11-12,139.0,50.0,0.0,,0.0
1946-11-13,178.0,39.0,0.0,,0.0
1946-11-14,222.0,33.0,0.0,,0.0
1946-11-15,150.0,100.0,18.0,,0.0
1946-11-16,178.0,78.0,226.0,,0.0
1946-11-17,117.0,39.0,0.0,,0.0
1946-11-18,150.0,22.0,0.0,,0.0
1946-11-19,150.0,67.0,0.0,,0.0
1946-11-20,172.0,122.0,0.0,,0.0
1946-11-21,178.0,133.0,0.0,,0.0
1946-11-22,167.0,56.0,0.0,,0.0
1946-11-23,178.0,33.0,0.0,,0.0
1946-11-24,211.0,61.0,0.0,,0.0
1946-11-25,211.0,144.0,135.0,,0.0
1946-11-26,111.0,56.0,185.0,,0.0
1946-11-27,128.0,61.0,0.0,,0.0
1946-11-28,189.0,44.0,0.0,,0.0
1946-11-29,194.0,100.0,0.0,,0.0
1946-11-30,261.0,117.0,0.0,,0.0
1946-12-01,161.0,39.0,0.0,,0.0
1946-12-02,100.0,-11.0,0.0,,0.0
1946-12-03,156.0,-22.0,0.0,,0.0
1946-12-04,167.0,0.0,0.0,,0.0
1946-12-05,211.0,56.0,0.0,,0.0
1946-12-06,222.0,78.0,0.0,,0.0
1946-12-07,194.0,94.0,0.0,,0.0
1946-12-08,217.0,94.0,0.0,,0.0
1946-12-09,233.0,133.0,0.0,,0.0
1946-12-10,194.0,178.0,127.0,,0.0
1946-12-11,211.0,150.0,64.0,,0.0
1946-12-12,206.0,100.0,64.0,,0.0
1946-12-13,133.0,44.0,0.0,,0.0
1946-12-14,167.0,33.0,0.0,,0.0
1946-12-15,222.0,67.0,0.0,,0.0
1946-12-16,217.0,128.0,0.0,,0.0
1946-12-17,167.0,28.0,0.0,,0.0
1946-12-18,67.0,-11.0,0.0,,0.0
1946-12-19,44.0,-17.0,74.0,,0.0
1946-12-20,56.0,11.0,157.0,,0.0
1946-12-21,156.0,0.0,0.0,,0.0
1946-12-22,206.0,6.0,0.0,,0.0
1946-12-23,211.0,50.0,0.0,,0.0
1946-12-24,144.0,100.0,0.0,,0.0
1946-12-25,172.0,44.0,0.0,,0.0
1946-12-26,178.0,78.0,0.0,,0.0
1946-12-27,211.0,133.0,0.0,,0.0
1946-12-28,239.0,178.0,94.0,,0.0
1946-12-29,178.0,-44.0,104.0,,0.0
1946-12-30,-6.0,-61.0,0.0,,0.0
1946-12-31,-11.0,-33.0,361.0,,0.0
1947-01-01,0.0,-39.0,58.0,25.0,25.0
1947-01-02,11.0,-17.0,221.0,25.0,0.0
1947-01-03,17.0,-61.0,0.0,25.0,0.0
1947-01-04,-44.0,-67.0,0.0,25.0,0.0
1947-01-05,33.0,-89.0,0.0,0.0,0.0
1947-01-06,50.0,-61.0,0.0,0.0,0.0
1947-01-07,67.0,22.0,38.0,,0.0
1947-01-08,72.0,33.0,0.0,,0.0
1947-01-09,94.0,22.0,0.0,,0.0
1947-01-10,94.0,0.0,0.0,,0.0
1947-01-11,67.0,28.0,25.0,,0.0
1947-01-12,89.0,56.0,0.0,,0.0
1947-01-13,172.0,83.0,10.0,,0.0
1947-01-14,261.0,144.0,8.0,,0.0
1947-01-15,256.0,172.0,0.0,,0.0
1947-01-16,172.0,33.0,168.0,,0.0
1947-01-17,44.0,22.0,224.0,,0.0
1947-01-18,61.0,28.0,71.0,,0.0
1947-01-19,78.0,44.0,150.0,,0.0
1947-01-20,150.0,28.0,10.0,,0.0
1947-01-21,100.0,-17.0,0.0,,0.0
1947-01-22,150.0,-22.0,0.0,,0.0
1947-01-23,150.0,56.0,5.0,,0.0
1947-01-24,133.0,89.0,206.0,,0.0
1947-01-25,150.0,111.0,0.0,,0.0
1947-01-26,194.0,33.0,0.0,,0.0
1947-01-27,233.0,89.0,0.0,,0.0
1947-01-28,211.0,144.0,0.0,,0.0
1947-01-29,239.0,106.0,25.0,,0.0
1947-01-30,139.0,11.0,13.0,,0.0
1947-01-31,133.0,-28.0,0.0,,0.0
1947-02-01,111.0,0.0,0.0,,0.0
1947-02-02,111.0,-28.0,0.0,,0.0
1947-02-03,167.0,-17.0,18.0,,0.0
1947-02-04,22.0,-44.0,0.0,,0.0
1947-02-05,89.0,-89.0,0.0,,0.0
1947-02-06,172.0,17.0,0.0,,0.0
1947-02-07,100.0,-67.0,0.0,,0.0
1947-02-08,33.0,-94.0,0.0,,0.0
1947-02-09,28.0,-78.0,0.0,,0.0
1947-02-10,50.0,-100.0,0.0,,0.0
1947-02-11,56.0,-28.0,0.0,,0.0
1947-02-12,117.0,6.0,15.0,,0.0
1947-02-13,161.0,11.0,0.0,,0.0
1947-02-14,211.0,11.0,0.0,,0.0
1947-02-15,217.0,39.0,0.0,,0.0
1947-02-16,250.0,67.0,0.0,,0.0
1947-02-17,200.0,28.0,0.0,,0.0
1947-02-18,217.0,28.0,0.0,,0.0
1947-02-19,33.0,0.0,442.0,,0.0
1947-02-20,89.0,-22.0,335.0,,0.0
1947-02-21,106.0,-17.0,0.0,,0.0
1947-02-22,111.0,0.0,0.0,,0.0
1947-02-23,67.0,-22.0,0.0,,0.0
1947-02-24,72.0,-56.0,0.0,,0.0
1947-02-25,67.0,-56.0,0.0,,0.0
1947-02-26,78.0,-56.0,0.0,,0.0
1947-02-27,78.0,-28.0,43.0,,0.0
1947-02-28,56.0,6.0,124.0,,0.0
1947-03-01,67.0,-17.0,20.0,,0.0
1947-03-02,50.0,-50.0,0.0,,0.0
1947-03-03,89.0,-50.0,0.0,,0.0
1947-03-04,189.0,6.0,0.0,,0.0
1947-03-05,200.0,117.0,41.0,,0.0
1947-03-06,172.0,22.0,137.0,,0.0
1947-03-07,39.0,6.0,310.0,,0.0
1947-03-08,83.0,0.0,0.0,,0.0
1947-03-09,117.0,-17.0,0.0,,0.0
1947-03-10,133.0,33.0,0.0,,0.0
1947-03-11,183.0,22.0,0.0,,0.0
1947-03-12,144.0,78.0,361.0,,0.0
1947-03-13,106.0,72.0,0.0,,0.0
1947-03-14,161.0,11.0,0.0,,0.0
1947-03-15,94.0,11.0,0.0,,0.0
1947-03-16,111.0,-17.0,0.0,,0.0
1947-03-17,139.0,39.0,0.0,,0.0
1947-03-18,94.0,0.0,10.0,,0.0
1947-03-19,161.0,33.0,91.0,,0.0
1947-03-20,156.0,50.0,0.0,,0.0
1947-03-21,261.0,39.0,0.0,,0.0
1947-03-22,222.0,61.0,0.0,,0.0
1947-03-23,178.0,133.0,229.0,,0.0
1947-03-24,233.0,67.0,0.0,,0.0
1947-03-25,194.0,22.0,0.0,,0.0
1947-03-26,161.0,22.0,0.0,,0.0
1947-03-27,217.0,28.0,0.0,,0.0
1947-03-28,167.0,-6.0,0.0,,0.0
1947-03-29,117.0,56.0,79.0,,0.0
1947-03-30,189.0,67.0,0.0,,0.0
1947-03-31,233.0,83.0,0.0,,0.0
1947-04-01,161.0,139.0,198.0,,0.0
1947-04-02,239.0,144.0,5.0,,0.0
1947-04-03,233.0,122.0,5.0,,0.0
1947-04-04,278.0,189.0,0.0,,0.0
1947-04-05,256.0,167.0,30.0,,0.0
1947-04-06,278.0,100.0,0.0,,0.0
1947-04-07,233.0,133.0,76.0,,0.0
1947-04-08,228.0,139.0,112.0,,0.0
1947-04-09,217.0,139.0,8.0,,0.0
1947-04-10,278.0,167.0,445.0,,0.0
1947-04-11,244.0,144.0,15.0,,0.0
1947-04-12,228.0,122.0,0.0,,0.0
1947-04-13,194.0,139.0,3.0,,0.0
1947-04-14,228.0,128.0,0.0,,0.0
1947-04-15,256.0,150.0,0.0,,0.0
1947-04-16,183.0,78.0,0.0,,0.0
1947-04-17,183.0,22.0,0.0,,0.0
1947-04-18,239.0,44.0,0.0,,0.0
1947-04-19,278.0,122.0,0.0,,0.0
1947-04-20,211.0,128.0,86.0,,0.0
1947-04-21,194.0,78.0,0.0,,0.0
1947-04-22,239.0,72.0,0.0,,0.0
1947-04-23,278.0,133.0,0.0,,0.0
1947-04-24,278.0,156.0,0.0,,0.0
1947-04-25,200.0,117.0,130.0,,0.0
1947-04-26,211.0,72.0,0.0,,0.0
1947-04-27,256.0,89.0,0.0,,0.0
1947-04-28,189.0,128.0,124.0,,0.0
1947-04-29,261.0,150.0,0.0,,0.0
1947-04-30,283.0,156.0,150.0,,0.0
1947-05-01,283.0,178.0,0.0,,
1947-05-02,267.0,94.0,0.0,,
1947-05-03,267.0,89.0,0.0,,
1947-05-04,322.0,122.0,0.0,,
1947-05-05,272.0,178.0,0.0,,
1947-05-06,317.0,128.0,94.0,,
1947-05-07,222.0,128.0,0.0,,
1947-05-08,228.0,111.0,0.0,,
1947-05-09,233.0,133.0,0.0,,
1947-05-10,233.0,94.0,0.0,,
1947-05-11,272.0,128.0,0.0,,
1947-05-12,289.0,156.0,0.0,,
1947-05-13,289.0,172.0,239.0,,
1947-05-14,311.0,211.0,0.0,,
1947-05-15,300.0,211.0,0.0,,
1947-05-16,289.0,183.0,0.0,,
1947-05-17,283.0,194.0,46.0,,
1947-05-18,272.0,178.0,142.0,,
1947-05-19,289.0,183.0,102.0,,
1947-05-20,228.0,178.0,91.0,,
1947-05-21,233.0,133.0,0.0,,
1947-05-22,256.0,122.0,0.0,,
1947-05-23,267.0,144.0,0.0,,
1947-05-24,272.0,189.0,119.0,,
1947-05-25,211.0,122.0,25.0,,
1947-05-26,261.0,100.0,0.0,,
1947-05-27,289.0,122.0,0.0,,
1947-05-28,306.0,178.0,0.0,,
1947-05-29,239.0,128.0,175.0,,
1947-05-30,228.0,106.0,0.0,,
1947-05-31,272.0,122.0,0.0,,
1947-06-01,289.0,194.0,312.0,,0.0
1947-06-02,300.0,189.0,0.0,,0.0
1947-06-03,256.0,156.0,0.0,,0.0
1947-06-04,300.0,150.0,0.0,,0.0
1947-06-05,328.0,200.0,0.0,,0.0
1947-06-06,322.0,217.0,0.0,,0.0
1947-06-07,322.0,206.0,0.0,,0.0
1947-06-08,328.0,222.0,0.0,,0.0
1947-06-09,328.0,217.0,0.0,,0.0
1947-06-10,322.0,211.0,0.0,,0.0
1947-06-11,322.0,211.0,0.0,,0.0
1947-06-12,344.0,206.0,0.0,,0.0
1947-06-13,317.0,200.0,23.0,,0.0
1947-06-14,267.0,144.0,0.0,,0.0
1947-06-15,289.0,128.0,0.0,,0.0
1947-06-16,294.0,144.0,0.0,,0.0
1947-06-17,328.0,150.0,0.0,,0.0
1947-06-18,333.0,189.0,0.0,,0.0
1947-06-19,328.0,189.0,0.0,,0.0
1947-06-20,311.0,211.0,48.0,,0.0
1947-06-21,289.0,194.0,282.0,,0.0
1947-06-22,328.0,233.0,0.0,,0.0
1947-06-23,239.0,200.0,917.0,,0.0
1947-06-24,283.0,211.0,48.0,,0.0
1947-06-25,322.0,200.0,152.0,,0.0
1947-06-26,322.0,211.0,0.0,,0.0
1947-06-27,333.0,233.0,0.0,,0.0
1947-06-28,322.0,233.0,0.0,,0.0
1947-06-29,333.0,228.0,0.0,,0.0
1947-06-30,333.0,222.0,0.0,,0.0
1947-07-01,333.0,228.0,,,
1947-07-02,300.0,217.0,,,
1947-07-03,289.0,189.0,,,
1947-07-04,311.0,156.0,,,
1947-07-05,322.0,167.0,,,
1947-07-06,317.0,211.0,0.0,,
1947-07-07,333.0,222.0,0.0,,
1947-07-08,300.0,178.0,,,
1947-07-09,300.0,161.0,,,
1947-07-10,317.0,167.0,,,
1947-07-11,300.0,167.0,,,
1947-07-12,333.0,194.0,,,
1947-07-13,350.0,183.0,,,
1947-07-14,367.0,206.0,,,
1947-07-15,372.0,228.0,,,
1947-07-16,344.0,233.0,5.0,,
1947-07-17,350.0,228.0,0.0,,
1947-07-18,356.0,222.0,33.0,,
1947-08-01,367.0,211.0,0.0,,
1947-08-02,372.0,211.0,0.0,,
1947-08-03,389.0,222.0,0.0,,
1947-08-04,389.0,222.0,0.0,,
1947-08-05,389.0,222.0,0.0,,
1947-08-06,400.0,217.0,0.0,,
1947-08-07,406.0,228.0,0.0,,
1947-08-08,389.0,239.0,0.0,,
1947-08-09,400.0,228.0,0.0,,
1947-08-10,378.0,239.0,0.0,,
1947-08-11,339.0,217.0,0.0,,
1947-08-12,344.0,222.0,10.0,,
1947-08-13,372.0,222.0,0.0,,
1947-08-14,383.0,222.0,0.0,,
1947-08-15,367.0,211.0,10.0,,
1947-08-16,350.0,228.0,8.0,,
1947-08-17,333.0,222.0,28.0,,
1947-08-18,356.0,211.0,0.0,,
1947-08-19,367.0,222.0,0.0,,
1947-08-20,350.0,217.0,0.0,,
1947-08-21,361.0,217.0,0.0,,
1947-08-22,356.0,222.0,0.0,,
1947-08-23,356.0,217.0,0.0,,
1947-08-24,367.0,222.0,0.0,,
1947-08-25,367.0,211.0,0.0,,
1947-08-26,367.0,206.0,0.0,,
1947-08-27,361.0,206.0,0.0,,
1947-08-28,283.0,228.0,20.0,,
1947-08-29,344.0,222.0,36.0,,
1947-08-30,378.0,222.0,0.0,,
1947-08-31,400.0,239.0,0.0,,
1947-09-01,411.0,239.0,0.0,,
1947-09-02,394.0,239.0,0.0,,
1947-09-03,400.0,217.0,0.0,,
1947-09-04,400.0,222.0,0.0,,
1947-09-05,406.0,228.0,0.0,,
1947-09-06,406.0,233.0,0.0,,
1947-09-07,383.0,250.0,0.0,,
1947-09-08,378.0,217.0,97.0,,
1947-09-09,356.0,194.0,0.0,,
1947-09-10,356.0,228.0,0.0,,
1947-09-11,367.0,228.0,0.0,,
1947-09-12,333.0,211.0,0.0,,
1947-09-13,339.0,150.0,0.0,,
1947-09-14,372.0,211.0,0.0,,
1947-09-15,267.0,183.0,64.0,,
1947-09-16,300.0,156.0,0.0,,
1947-09-17,322.0,156.0,0.0,,
1947-09-18,344.0,206.0,0.0,,
1947-09-19,272.0,217.0,97.0,,
1947-09-20,294.0,222.0,518.0,,
1947-09-21,256.0,189.0,188.0,,
1947-09-22,239.0,128.0,0.0,,
1947-09-23,222.0,83.0,0.0,,
1947-09-24,267.0,100.0,0.0,,
1947-09-25,283.0,128.0,0.0,,
1947-09-26,289.0,167.0,0.0,,
1947-09-27,278.0,139.0,0.0,,
1947-09-28,256.0,150.0,0.0,,
1947-09-29,278.0,122.0,0.0,,
1947-09-30,222.0,117.0,0.0,,
1947-10-01,233.0,78.0,0.0,,
1947-10-02,289.0,117.0,0.0,,
1947-10-03,289.0,161.0,0.0,,
1947-10-04,300.0,172.0,3.0,,
1947-10-05,300.0,172.0,0.0,,
1947-10-06,300.0,161.0,0.0,,
1947-10-07,300.0,167.0,0.0,,
1947-10-08,278.0,144.0,0.0,,
1947-10-09,283.0,144.0,0.0,,
1947-10-10,289.0,156.0,0.0,,
1947-10-11,306.0,156.0,0.0,,
1947-10-12,317.0,167.0,0.0,,
1947-10-13,317.0,167.0,0.0,,
1947-10-14,322.0,156.0,0.0,,
1947-10-15,300.0,161.0,0.0,,
1947-10-16,311.0,122.0,0.0,,
1947-10-17,328.0,172.0,0.0,,
1947-10-18,261.0,178.0,58.0,,
1947-10-19,306.0,161.0,0.0,,
1947-10-20,300.0,178.0,0.0,,
1947-10-21,306.0,172.0,0.0,,
1947-10-22,300.0,161.0,0.0,,
1947-10-23,256.0,183.0,160.0,,
1947-10-24,272.0,172.0,0.0,,
1947-10-25,278.0,178.0,10.0,,
1947-10-26,200.0,161.0,358.0,,
1947-10-27,233.0,106.0,3.0,,
1947-10-28,244.0,72.0,0.0,,
1947-10-29,267.0,89.0,0.0,,
1947-10-30,272.0,156.0,0.0,,
1947-10-31,250.0,172.0,201.0,,
1947-11-01,133.0,111.0,239.0,,
1947-11-02,156.0,106.0,51.0,,
1947-11-03,183.0,106.0,0.0,,
1947-11-04,211.0,94.0,119.0,,
1947-11-05,217.0,56.0,0.0,,
1947-11-06,222.0,78.0,203.0,,
1947-11-07,167.0,6.0,157.0,,
1947-11-08,178.0,-6.0,0.0,,
1947-11-09,178.0,33.0,89.0,,
1947-11-10,167.0,94.0,409.0,,
1947-11-11,167.0,11.0,0.0,,
1947-11-12,133.0,-6.0,0.0,,
1947-11-13,172.0,28.0,5.0,,
1947-11-14,178.0,78.0,277.0,,
1947-11-15,200.0,61.0,0.0,,
1947-11-16,167.0,39.0,0.0,,
1947-11-17,117.0,39.0,33.0,,
1947-11-18,83.0,50.0,71.0,,
1947-11-19,78.0,56.0,0.0,,
1947-11-20,100.0,50.0,0.0,,
1947-11-21,178.0,83.0,5.0,,
1947-11-22,139.0,100.0,130.0,,
1947-11-23,111.0,72.0,38.0,,
1947-11-24,144.0,28.0,0.0,,
1947-11-25,178.0,-6.0,0.0,,
1947-11-26,156.0,28.0,0.0,,
1947-11-27,178.0,11.0,0.0,,
1947-11-28,167.0,-11.0,0.0,,
1947-11-29,189.0,6.0,0.0,,
1947-11-30,106.0,6.0,0.0,,
1947-12-01,161.0,-22.0,0.0,,
1947-12-02,189.0,44.0,0.0,,
1947-12-03,222.0,89.0,0.0,,
1947-12-04,178.0,144.0,229.0,,
1947-12-05,194.0,83.0,0.0,,
1947-12-06,206.0,44.0,0.0,,
1947-12-07,194.0,150.0,343.0,,
1947-12-08,156.0,39.0,28.0,,
1947-12-09,78.0,33.0,107.0,,
1947-12-10,72.0,39.0,0.0,,
1947-12-11,61.0,6.0,0.0,,
1947-12-12,28.0,0.0,0.0,,
1947-12-13,78.0,-11.0,0.0,,
1947-12-14,111.0,-33.0,5.0,,
1947-12-15,72.0,11.0,274.0,,
1947-12-16,78.0,-22.0,0.0,,
1947-12-17,122.0,-17.0,0.0,,
1947-12-18,161.0,-28.0,0.0,,
1947-12-19,178.0,6.0,0.0,,
1947-12-20,194.0,28.0,0.0,,
1947-12-21,167.0,11.0,0.0,,
1947-12-22,183.0,33.0,0.0,,
1947-12-23,111.0,28.0,0.0,,
1947-12-24,67.0,-11.0,0.0,,
1947-12-25,106.0,-44.0,0.0,,
1947-12-26,167.0,-39.0,0.0,,
1947-12-27,206.0,-6.0,0.0,,
1947-12-28,222.0,22.0,0.0,,
1947-12-29,200.0,56.0,0.0,,
1947-12-30,194.0,144.0,0.0,,
1947-12-31,228.0,144.0,307.0,,
1948-01-01,150.0,11.0,23.0,0.0,0.0
1948-01-02,106.0,-28.0,0.0,0.0,0.0
1948-01-03,167.0,-17.0,0.0,0.0,0.0
1948-01-04,161.0,44.0,0.0,0.0,0.0
1948-01-05,167.0,22.0,0.0,0.0,0.0
1948-01-06,111.0,6.0,0.0,0.0,0.0
1948-01-07,161.0,-11.0,0.0,0.0,0.0
1948-01-08,211.0,61.0,0.0,0.0,0.0
1948-01-09,156.0,78.0,74.0,0.0,0.0
1948-01-10,111.0,28.0,0.0,0.0,0.0
1948-01-11,122.0,39.0,0.0,0.0,0.0
1948-01-12,156.0,50.0,86.0,0.0,0.0
1948-01-13,67.0,-39.0,0.0,0.0,0.0
1948-01-14,33.0,-56.0,0.0,0.0,0.0
1948-01-15,128.0,-44.0,0.0,0.0,0.0
1948-01-16,83.0,-56.0,71.0,152.0,152.0
1948-01-17,-44.0,-122.0,0.0,102.0,0.0
1948-01-18,0.0,-144.0,0.0,76.0,0.0
1948-01-19,-6.0,-89.0,3.0,76.0,0.0
1948-01-20,67.0,-22.0,36.0,25.0,0.0
1948-01-21,56.0,-17.0,10.0,0.0,0.0
1948-01-22,111.0,-17.0,0.0,0.0,0.0
1948-01-23,-11.0,-100.0,0.0,0.0,0.0
1948-01-24,-6.0,-128.0,0.0,0.0,0.0
1948-01-25,28.0,-56.0,0.0,0.0,0.0
1948-01-26,0.0,-22.0,279.0,0.0,0.0
1948-01-27,-11.0,-72.0,74.0,0.0,0.0
1948-01-28,-61.0,-100.0,0.0,0.0,0.0
1948-01-29,-17.0,-78.0,23.0,0.0,0.0
1948-01-30,-6.0,-33.0,5.0,0.0,0.0
1948-01-31,33.0,-50.0,0.0,0.0,0.0
1948-02-01,56.0,-44.0,0.0,0.0,0.0
1948-02-02,83.0,-39.0,0.0,0.0,0.0
1948-02-03,111.0,0.0,0.0,0.0,0.0
1948-02-04,144.0,78.0,56.0,0.0,0.0
1948-02-05,83.0,22.0,86.0,0.0,0.0
1948-02-06,56.0,11.0,5.0,0.0,0.0
1948-02-07,61.0,33.0,229.0,0.0,0.0
1948-02-08,56.0,-33.0,3.0,0.0,0.0
1948-02-09,6.0,-56.0,41.0,76.0,76.0
1948-02-10,67.0,-67.0,0.0,0.0,0.0
1948-02-11,89.0,6.0,198.0,0.0,0.0
1948-02-12,56.0,22.0,587.0,0.0,0.0
1948-02-13,44.0,-11.0,81.0,0.0,0.0
1948-02-14,111.0,-33.0,0.0,0.0,0.0
1948-02-15,133.0,0.0,0.0,0.0,0.0
1948-02-16,200.0,56.0,0.0,0.0,0.0
1948-02-17,228.0,56.0,0.0,0.0,0.0
1948-02-18,233.0,67.0,0.0,0.0,0.0
1948-02-19,200.0,106.0,13.0,0.0,0.0
1948-02-20,111.0,28.0,0.0,0.0,0.0
1948-02-21,44.0,-22.0,132.0,0.0,0.0
1948-02-22,-11.0,-39.0,0.0,0.0,0.0
1948-02-23,89.0,-22.0,3.0,0.0,0.0
1948-02-24,122.0,72.0,51.0,0.0,0.0
1948-02-25,200.0,111.0,122.0,0.0,0.0
1948-02-26,222.0,133.0,25.0,0.0,0.0
1948-02-27,206.0,117.0,43.0,0.0,0.0
1948-02-28,256.0,94.0,0.0,0.0,0.0
1948-02-29,167.0,106.0,5.0,0.0,0.0
1948-03-01,200.0,94.0,561.0,0.0,0.0
1948-03-02,211.0,78.0,5.0,0.0,0.0
1948-03-03,139.0,44.0,46.0,0.0,0.0
1948-03-04,72.0,11.0,0.0,0.0,0.0
1948-03-05,89.0,22.0,165.0,0.0,0.0
1948-03-06,122.0,44.0,18.0,0.0,0.0
1948-03-07,178.0,-11.0,0.0,0.0,0.0
1948-03-08,111.0,44.0,0.0,0.0,0.0
1948-03-09,139.0,44.0,0.0,0.0,0.0
1948-03-10,139.0,11.0,0.0,0.0,0.0
1948-03-11,17.0,-56.0,0.0,0.0,0.0
1948-03-12,44.0,-67.0,0.0,0.0,0.0
1948-03-13,144.0,-56.0,0.0,0.0,0.0
1948-03-14,206.0,22.0,0.0,0.0,0.0
1948-03-15,217.0,122.0,122.0,0.0,0.0
1948-03-16,267.0,128.0,163.0,0.0,0.0
1948-03-17,206.0,89.0,0.0,0.0,0.0
1948-03-18,267.0,122.0,0.0,0.0,0.0
1948-03-19,289.0,211.0,0.0,0.0,0.0
1948-03-20,289.0,206.0,0.0,0.0,0.0
1948-03-21,278.0,161.0,30.0,0.0,0.0
1948-03-22,167.0,111.0,368.0,0.0,0.0
1948-03-23,222.0,83.0,0.0,0.0,0.0
1948-03-24,256.0,111.0,0.0,0.0,0.0
1948-03-25,261.0,133.0,0.0,0.0,0.0
1948-03-26,267.0,150.0,10.0,0.0,0.0
1948-03-27,161.0,50.0,0.0,0.0,0.0
1948-03-28,144.0,33.0,0.0,0.0,0.0
1948-03-29,211.0,22.0,0.0,0.0,0.0
1948-03-30,200.0,122.0,135.0,0.0,0.0
1948-03-31,250.0,150.0,0.0,0.0,0.0
1948-04-01,178.0,100.0,0.0,0.0,0.0
1948-04-02,222.0,33.0,0.0,0.0,0.0
1948-04-03,217.0,83.0,0.0,0.0,0.0
1948-04-04,250.0,111.0,0.0,0.0,0.0
1948-04-05,289.0,156.0,0.0,0.0,0.0
1948-04-06,300.0,172.0,0.0,0.0,0.0
1948-04-07,317.0,194.0,0.0,0.0,0.0
1948-04-08,267.0,167.0,76.0,0.0,0.0
1948-04-09,222.0,117.0,0.0,0.0,0.0
1948-04-10,217.0,106.0,13.0,0.0,0.0
1948-04-11,294.0,178.0,0.0,0.0,0.0
1948-04-12,300.0,217.0,0.0,0.0,0.0
1948-04-13,233.0,106.0,615.0,0.0,0.0
1948-04-14,189.0,83.0,0.0,0.0,0.0
1948-04-15,228.0,72.0,0.0,0.0,0.0
1948-04-16,278.0,78.0,0.0,0.0,0.0
1948-04-17,289.0,117.0,0.0,0.0,0.0
1948-04-18,311.0,139.0,0.0,0.0,0.0
1948-04-19,294.0,150.0,0.0,0.0,0.0
1948-04-20,289.0,156.0,0.0,0.0,0.0
1948-04-21,300.0,150.0,0.0,0.0,0.0
1948-04-22,294.0,156.0,0.0,0.0,0.0
1948-04-23,278.0,156.0,0.0,0.0,0.0
1948-04-24,294.0,172.0,0.0,0.0,0.0
1948-04-25,272.0,167.0,140.0,0.0,0.0
1948-04-26,278.0,167.0,0.0,0.0,0.0
1948-04-27,311.0,183.0,0.0,0.0,0.0
1948-04-28,261.0,139.0,0.0,0.0,0.0
1948-04-29,256.0,117.0,0.0,0.0,0.0
1948-04-30,278.0,133.0,0.0,0.0,0.0
1948-05-01,272.0,189.0,0.0,0.0,0.0
1948-05-02,283.0,222.0,0.0,0.0,0.0
1948-05-03,239.0,156.0,213.0,0.0,0.0
1948-05-04,256.0,144.0,23.0,0.0,0.0
1948-05-05,250.0,128.0,163.0,0.0,0.0
1948-05-06,228.0,117.0,38.0,0.0,0.0
1948-05-07,233.0,83.0,0.0,0.0,0.0
1948-05-08,267.0,117.0,0.0,0.0,0.0
1948-05-09,294.0,161.0,0.0,0.0,0.0
1948-05-10,294.0,189.0,112.0,0.0,0.0
1948-05-11,289.0,178.0,404.0,0.0,0.0
1948-05-12,261.0,178.0,178.0,0.0,0.0
1948-05-13,244.0,144.0,0.0,0.0,0.0
1948-05-14,256.0,122.0,0.0,0.0,0.0
1948-05-15,300.0,133.0,0.0,0.0,0.0
1948-05-16,294.0,178.0,33.0,0.0,0.0
1948-05-17,278.0,178.0,23.0,0.0,0.0
1948-05-18,272.0,167.0,0.0,0.0,0.0
1948-05-19,278.0,144.0,0.0,0.0,0.0
1948-05-20,289.0,150.0,0.0,0.0,0.0
1948-05-21,300.0,128.0,0.0,0.0,0.0
1948-05-22,322.0,144.0,23.0,0.0,0.0
1948-05-23,328.0,183.0,0.0,0.0,0.0
1948-05-24,278.0,172.0,5.0,0.0,0.0
1948-05-25,300.0,172.0,0.0,0.0,0.0
1948-05-26,222.0,167.0,0.0,0.0,0.0
1948-05-27,244.0,167.0,10.0,0.0,0.0
1948-05-28,278.0,167.0,3.0,0.0,0.0
1948-05-29,306.0,144.0,0.0,0.0,0.0
1948-05-30,328.0,189.0,0.0,0.0,0.0
1948-05-31,306.0,200.0,0.0,0.0,0.0
1948-06-01,294.0,161.0,0.0,0.0,0.0
1948-06-02,306.0,161.0,0.0,0.0,0.0
1948-06-03,322.0,144.0,0.0,0.0,0.0
1948-06-04,328.0,150.0,0.0,0.0,0.0
1948-06-05,339.0,183.0,0.0,0.0,0.0
1948-06-06,322.0,206.0,69.0,0.0,0.0
1948-06-07,350.0,183.0,0.0,0.0,0.0
1948-06-08,356.0,222.0,0.0,0.0,0.0
1948-06-09,322.0,206.0,0.0,0.0,0.0
1948-06-10,328.0,183.0,0.0,0.0,0.0
1948-06-11,344.0,200.0,0.0,0.0,0.0
1948-06-12,350.0,172.0,0.0,0.0,0.0
1948-06-13,367.0,211.0,0.0,0.0,0.0
1948-06-14,356.0,217.0,0.0,0.0,0.0
1948-06-15,356.0,228.0,0.0,0.0,0.0
1948-06-16,361.0,200.0,211.0,0.0,0.0
1948-06-17,344.0,189.0,0.0,0.0,0.0
1948-06-18,328.0,222.0,0.0,0.0,0.0
1948-06-19,361.0,239.0,0.0,0.0,0.0
1948-06-20,350.0,211.0,0.0,0.0,0.0
1948-06-21,344.0,228.0,0.0,0.0,0.0
1948-06-22,350.0,233.0,0.0,0.0,0.0
1948-06-23,356.0,233.0,0.0,0.0,0.0
1948-06-24,356.0,211.0,0.0,0.0,0.0
1948-06-25,361.0,244.0,0.0,0.0,0.0
1948-06-26,361.0,217.0,0.0,0.0,0.0
1948-06-27,339.0,228.0,0.0,0.0,0.0
1948-06-28,356.0,200.0,193.0,0.0,0.0
1948-06-29,289.0,189.0,64.0,0.0,0.0
1948-06-30,322.0,194.0,0.0,0.0,0.0
1948-07-01,311.0,200.0,0.0,0.0,0.0
1948-07-02,333.0,183.0,0.0,0.0,0.0
1948-07-03,350.0,228.0,0.0,0.0,0.0
1948-07-04,356.0,217.0,0.0,0.0,0.0
1948-07-05,367.0,211.0,0.0,0.0,0.0
1948-07-06,356.0,206.0,0.0,0.0,0.0
1948-07-07,367.0,211.0,0.0,0.0,0.0
1948-07-08,372.0,239.0,0.0,0.0,0.0
1948-07-09,361.0,211.0,0.0,0.0,0.0
1948-07-10,356.0,217.0,0.0,0.0,0.0
1948-07-11,356.0,206.0,41.0,0.0,0.0
1948-07-12,339.0,217.0,58.0,0.0,0.0
1948-07-13,350.0,228.0,0.0,0.0,0.0
1948-07-14,339.0,222.0,15.0,0.0,0.0
1948-07-15,372.0,228.0,0.0,0.0,0.0
1948-07-16,367.0,217.0,462.0,0.0,0.0
1948-07-17,350.0,217.0,0.0,0.0,0.0
1948-07-18,344.0,211.0,185.0,0.0,0.0
1948-07-19,350.0,206.0,0.0,0.0,0.0
1948-07-20,350.0,239.0,0.0,0.0,0.0
1948-07-21,350.0,233.0,0.0,0.0,0.0
1948-07-22,356.0,233.0,0.0,0.0,0.0
1948-07-23,356.0,228.0,0.0,0.0,0.0
1948-07-24,344.0,233.0,0.0,0.0,0.0
1948-07-25,361.0,233.0,102.0,0.0,0.0
1948-07-26,356.0,233.0,8.0,0.0,0.0
1948-07-27,356.0,217.0,196.0,0.0,0.0
1948-07-28,350.0,206.0,0.0,0.0,0.0
1948-07-29,350.0,228.0,0.0,0.0,0.0
1948-07-30,356.0,228.0,0.0,0.0,0.0
1948-07-31,311.0,211.0,0.0,0.0,0.0
1948-08-01,300.0,178.0,0.0,0.0,0.0
1948-08-02,356.0,178.0,0.0,0.0,0.0
1948-08-03,356.0,211.0,0.0,0.0,0.0
1948-08-04,322.0,189.0,0.0,0.0,0.0
1948-08-05,289.0,167.0,0.0,0.0,0.0
1948-08-06,300.0,167.0,0.0,0.0,0.0
1948-08-07,306.0,194.0,0.0,0.0,0.0
1948-08-08,239.0,206.0,752.0,0.0,0.0
1948-08-09,300.0,206.0,163.0,0.0,0.0
1948-08-10,300.0,217.0,15.0,0.0,0.0
1948-08-11,317.0,217.0,0.0,0.0,0.0
1948-08-12,328.0,211.0,0.0,0.0,0.0
1948-08-13,361.0,233.0,0.0,0.0,0.0
1948-08-14,350.0,228.0,0.0,0.0,0.0
1948-08-15,317.0,217.0,173.0,0.0,0.0
1948-08-16,306.0,211.0,0.0,0.0,0.0
1948-08-17,317.0,183.0,0.0,0.0,0.0
1948-08-18,333.0,194.0,0.0,0.0,0.0
1948-08-19,350.0,200.0,0.0,0.0,0.0
1948-08-20,350.0,189.0,0.0,0.0,0.0
1948-08-21,350.0,200.0,0.0,0.0,0.0
1948-08-22,344.0,200.0,0.0,0.0,0.0
1948-08-23,350.0,211.0,0.0,0.0,0.0
1948-08-24,339.0,211.0,0.0,0.0,0.0
1948-08-25,333.0,222.0,0.0,0.0,0.0
1948-08-26,306.0,222.0,8.0,0.0,0.0
1948-08-27,333.0,228.0,30.0,0.0,0.0
1948-08-28,339.0,217.0,0.0,0.0,0.0
1948-08-29,356.0,200.0,0.0,0.0,0.0
1948-08-30,339.0,206.0,0.0,0.0,0.0
1948-08-31,339.0,217.0,0.0,0.0,0.0
1948-09-01,322.0,189.0,0.0,0.0,0.0
1948-09-02,339.0,189.0,0.0,0.0,0.0
1948-09-03,339.0,206.0,0.0,0.0,0.0
1948-09-04,294.0,189.0,0.0,0.0,0.0
1948-09-05,317.0,172.0,0.0,0.0,0.0
1948-09-06,361.0,206.0,0.0,0.0,0.0
1948-09-07,328.0,206.0,0.0,0.0,0.0
1948-09-08,367.0,211.0,38.0,0.0,0.0
1948-09-09,261.0,161.0,0.0,0.0,0.0
1948-09-10,267.0,161.0,0.0,0.0,0.0
1948-09-11,306.0,133.0,0.0,0.0,0.0
1948-09-12,311.0,150.0,0.0,0.0,0.0
1948-09-13,244.0,189.0,157.0,0.0,0.0
1948-09-14,306.0,189.0,5.0,0.0,0.0
1948-09-15,333.0,200.0,0.0,0.0,0.0
1948-09-16,322.0,200.0,0.0,0.0,0.0
1948-09-17,317.0,189.0,0.0,0.0,0.0
1948-09-18,339.0,189.0,0.0,0.0,0.0
1948-09-19,344.0,200.0,0.0,0.0,0.0
1948-09-20,339.0,178.0,0.0,0.0,0.0
1948-09-21,344.0,178.0,0.0,0.0,0.0
1948-09-22,356.0,183.0,0.0,0.0,0.0
1948-09-23,317.0,183.0,0.0,0.0,0.0
1948-09-24,278.0,133.0,0.0,0.0,0.0
1948-09-25,250.0,106.0,0.0,0.0,0.0
1948-09-26,239.0,106.0,0.0,0.0,0.0
1948-09-27,250.0,111.0,46.0,0.0,0.0
1948-09-28,167.0,128.0,46.0,0.0,0.0
1948-09-29,200.0,133.0,0.0,0.0,0.0
1948-09-30,283.0,106.0,0.0,0.0,0.0
1948-10-01,289.0,144.0,0.0,0.0,0.0
1948-10-02,283.0,139.0,0.0,0.0,0.0
1948-10-03,256.0,106.0,0.0,0.0,0.0
1948-10-04,233.0,89.0,0.0,0.0,0.0
1948-10-05,272.0,100.0,0.0,0.0,0.0
1948-10-06,272.0,122.0,33.0,0.0,0.0
1948-10-07,244.0,89.0,0.0,0.0,0.0
1948-10-08,311.0,78.0,0.0,0.0,0.0
1948-10-09,289.0,100.0,0.0,0.0,0.0
1948-10-10,278.0,161.0,0.0,0.0,0.0
1948-10-11,233.0,100.0,0.0,0.0,0.0
1948-10-12,267.0,67.0,0.0,0.0,0.0
1948-10-13,289.0,78.0,0.0,0.0,0.0
1948-10-14,278.0,144.0,58.0,0.0,0.0
1948-10-15,267.0,144.0,0.0,0.0,0.0
1948-10-16,317.0,178.0,0.0,0.0,0.0
1948-10-17,233.0,28.0,218.0,0.0,0.0
1948-10-18,156.0,6.0,0.0,0.0,0.0
1948-10-19,222.0,0.0,0.0,0.0,0.0
1948-10-20,244.0,28.0,0.0,0.0,0.0
1948-10-21,250.0,100.0,0.0,0.0,0.0
1948-10-22,256.0,100.0,0.0,0.0,0.0
1948-10-23,267.0,56.0,0.0,0.0,0.0
1948-10-24,217.0,50.0,0.0,0.0,0.0
1948-10-25,233.0,72.0,0.0,0.0,0.0
1948-10-26,244.0,100.0,0.0,0.0,0.0
1948-10-27,261.0,89.0,0.0,0.0,0.0
1948-10-28,272.0,94.0,0.0,0.0,0.0
1948-10-29,283.0,106.0,0.0,0.0,0.0
1948-10-30,267.0,156.0,0.0,0.0,0.0
1948-10-31,211.0,167.0,107.0,0.0,0.0
1948-11-01,211.0,161.0,119.0,0.0,0.0
1948-11-02,211.0,117.0,0.0,0.0,0.0
1948-11-03,250.0,111.0,0.0,0.0,0.0
1948-11-04,261.0,150.0,0.0,0.0,0.0
1948-11-05,244.0,83.0,0.0,0.0,0.0
1948-11-06,200.0,67.0,0.0,0.0,0.0
1948-11-07,206.0,61.0,0.0,0.0,0.0
1948-11-08,222.0,72.0,0.0,0.0,0.0
1948-11-09,200.0,39.0,99.0,0.0,0.0
1948-11-10,161.0,-11.0,0.0,0.0,0.0
1948-11-11,189.0,17.0,0.0,0.0,0.0
1948-11-12,128.0,72.0,130.0,0.0,0.0
1948-11-13,161.0,78.0,0.0,0.0,0.0
1948-11-14,206.0,67.0,0.0,0.0,0.0
1948-11-15,178.0,44.0,163.0,0.0,0.0
1948-11-16,217.0,150.0,404.0,0.0,0.0
1948-11-17,222.0,78.0,0.0,0.0,0.0
1948-11-18,211.0,94.0,292.0,0.0,0.0
1948-11-19,111.0,61.0,0.0,0.0,0.0
1948-11-20,161.0,22.0,0.0,0.0,0.0
1948-11-21,156.0,83.0,594.0,0.0,0.0
1948-11-22,122.0,33.0,0.0,0.0,0.0
1948-11-23,106.0,22.0,0.0,0.0,0.0
1948-11-24,161.0,11.0,0.0,0.0,0.0
1948-11-25,222.0,50.0,0.0,0.0,0.0
1948-11-26,194.0,44.0,104.0,0.0,0.0
1948-11-27,161.0,72.0,251.0,0.0,0.0
1948-11-28,111.0,22.0,58.0,0.0,0.0
1948-11-29,78.0,-11.0,0.0,0.0,0.0
1948-11-30,156.0,-17.0,0.0,0.0,0.0
1948-12-01,161.0,6.0,0.0,0.0,0.0
1948-12-02,144.0,61.0,8.0,0.0,0.0
1948-12-03,156.0,72.0,0.0,0.0,0.0
1948-12-04,178.0,78.0,0.0,0.0,0.0
1948-12-05,167.0,61.0,25.0,0.0,0.0
1948-12-06,156.0,-6.0,0.0,0.0,0.0
1948-12-07,172.0,33.0,0.0,0.0,0.0
1948-12-08,122.0,11.0,0.0,0.0,0.0
1948-12-09,111.0,0.0,0.0,0.0,0.0
1948-12-10,94.0,-11.0,0.0,0.0,0.0
1948-12-11,172.0,11.0,0.0,0.0,0.0
1948-12-12,222.0,144.0,0.0,0.0,0.0
1948-12-13,256.0,161.0,0.0,0.0,0.0
1948-12-14,228.0,183.0,0.0,0.0,0.0
1948-12-15,239.0,183.0,132.0,0.0,0.0
1948-12-16,189.0,94.0,117.0,0.0,0.0
1948-12-17,117.0,78.0,20.0,0.0,0.0
1948-12-18,106.0,44.0,20.0,0.0,0.0
1948-12-19,133.0,-6.0,0.0,0.0,0.0
1948-12-20,144.0,-28.0,0.0,0.0,0.0
1948-12-21,,,0.0,0.0,0.0
1948-12-22,,,0.0,0.0,0.0
1948-12-23,,,0.0,0.0,0.0
1948-12-24,,,0.0,0.0,0.0
1949-01-15,161.0,72.0,0.0,0.0,0.0
1949-01-16,222.0,50.0,89.0,0.0,0.0
1949-01-17,122.0,-67.0,251.0,0.0,0.0
1949-01-18,100.0,-11.0,74.0,0.0,0.0
1949-01-19,106.0,-89.0,102.0,0.0,0.0
1949-01-20,56.0,-94.0,0.0,0.0,0.0
1949-01-21,44.0,-50.0,147.0,0.0,0.0
1949-01-22,94.0,0.0,102.0,0.0,0.0
1949-01-23,150.0,56.0,15.0,0.0,0.0
1949-01-24,217.0,117.0,0.0,0.0,0.0
1949-01-25,250.0,50.0,8.0,0.0,0.0
1949-01-26,106.0,0.0,33.0,0.0,0.0
1949-01-27,117.0,39.0,152.0,0.0,0.0
1949-01-28,172.0,-44.0,282.0,0.0,0.0
1949-01-29,56.0,-150.0,0.0,0.0,0.0
1949-01-30,-56.0,-133.0,8.0,25.0,15.0
1949-01-31,0.0,-133.0,178.0,,279.0
1949-03-01,56.0,6.0,0.0,0.0,0.0
1949-03-02,83.0,17.0,0.0,0.0,0.0
1949-03-03,122.0,-11.0,0.0,0.0,0.0
1949-03-04,161.0,39.0,0.0,0.0,0.0
1949-03-12,156.0,28.0,0.0,0.0,0.0
1949-03-13,200.0,67.0,0.0,0.0,0.0
1949-03-14,156.0,44.0,122.0,0.0,0.0
1949-03-15,144.0,22.0,0.0,0.0,0.0
1949-03-16,200.0,22.0,0.0,0.0,0.0
1949-03-17,167.0,0.0,0.0,0.0,0.0
1949-03-18,228.0,22.0,25.0,0.0,0.0
1949-03-19,94.0,-11.0,0.0,0.0,0.0
1949-03-20,150.0,39.0,0.0,0.0,0.0
1949-03-21,222.0,94.0,0.0,0.0,0.0
1949-03-22,178.0,117.0,246.0,0.0,0.0
1949-03-23,206.0,72.0,0.0,0.0,0.0
1949-03-24,206.0,83.0,0.0,0.0,0.0
1949-03-25,206.0,161.0,521.0,0.0,0.0
1949-03-26,217.0,156.0,236.0,0.0,0.0
1949-03-27,156.0,106.0,0.0,0.0,0.0
1949-03-28,228.0,106.0,0.0,0.0,0.0
1949-03-29,250.0,122.0,0.0,0.0,0.0
1949-03-30,256.0,167.0,193.0,0.0,0.0
1949-03-31,233.0,94.0,0.0,0.0,0.0
1949-04-01,167.0,61.0,0.0,0.0,0.0
1949-04-02,106.0,83.0,33.0,0.0,0.0
1949-04-03,150.0,56.0,0.0,0.0,0.0
1949-04-04,133.0,61.0,15.0,0.0,0.0
1949-04-05,167.0,78.0,8.0,0.0,0.0
1949-04-06,272.0,78.0,0.0,0.0,0.0
1949-04-07,294.0,100.0,0.0,0.0,0.0
1949-04-08,289.0,144.0,0.0,0.0,0.0
1949-04-09,239.0,139.0,0.0,0.0,0.0
1949-04-10,244.0,133.0,102.0,0.0,0.0
1949-04-11,194.0,117.0,0.0,0.0,0.0
1949-04-12,161.0,78.0,58.0,0.0,0.0
1949-04-13,250.0,83.0,0.0,0.0,0.0
1949-04-14,294.0,139.0,0.0,0.0,0.0
1949-04-15,189.0,72.0,0.0,0.0,0.0
1949-04-16,200.0,11.0,0.0,0.0,0.0
1949-04-17,261.0,78.0,0.0,0.0,0.0
1949-04-18,228.0,83.0,0.0,0.0,0.0
1949-04-19,206.0,72.0,0.0,0.0,0.0
1949-04-20,183.0,111.0,0.0,0.0,0.0
1949-04-21,233.0,122.0,15.0,0.0,0.0
1949-04-22,239.0,172.0,10.0,0.0,0.0
1949-04-23,272.0,167.0,0.0,0.0,0.0
1949-04-24,311.0,150.0,0.0,0.0,0.0
1949-04-25,261.0,156.0,0.0,0.0,0.0
1949-04-26,278.0,150.0,508.0,0.0,0.0
1949-04-27,222.0,178.0,152.0,0.0,0.0
1949-04-28,239.0,172.0,107.0,0.0,0.0
1949-04-29,222.0,167.0,48.0,0.0,0.0
1949-04-30,222.0,167.0,0.0,0.0,0.0
1949-05-01,217.0,150.0,483.0,0.0,0.0
1949-05-02,333.0,156.0,0.0,0.0,0.0
1949-05-03,283.0,183.0,0.0,0.0,0.0
1949-05-04,322.0,189.0,0.0,0.0,0.0
1949-05-05,311.0,189.0,0.0,0.0,0.0
1949-05-06,311.0,178.0,0.0,0.0,0.0
1949-05-07,322.0,178.0,0.0,0.0,0.0
1949-05-08,317.0,178.0,0.0,0.0,0.0
1949-05-09,317.0,172.0,0.0,0.0,0.0
1949-05-10,222.0,150.0,0.0,0.0,0.0
1949-05-11,244.0,111.0,0.0,0.0,0.0
1949-05-12,272.0,89.0,0.0,0.0,0.0
1949-05-13,300.0,139.0,0.0,0.0,0.0
1949-05-14,306.0,206.0,0.0,0.0,0.0
1949-05-15,300.0,178.0,0.0,0.0,0.0
1949-05-16,306.0,172.0,0.0,0.0,0.0
1949-05-17,317.0,178.0,0.0,0.0,0.0
1949-05-18,322.0,183.0,0.0,0.0,0.0
1949-05-19,322.0,189.0,0.0,0.0,0.0
1949-05-20,333.0,200.0,0.0,0.0,0.0
1949-05-21,311.0,200.0,0.0,0.0,0.0
1949-05-22,339.0,200.0,0.0,0.0,0.0
1949-05-23,294.0,178.0,89.0,0.0,0.0
1949-05-24,300.0,194.0,0.0,0.0,0.0
1949-05-25,289.0,150.0,0.0,0.0,0.0
1949-05-26,322.0,161.0,0.0,0.0,0.0
1949-05-27,339.0,167.0,305.0,0.0,0.0
1949-05-28,289.0,167.0,89.0,0.0,0.0
1949-05-29,289.0,200.0,69.0,0.0,0.0
1949-05-30,306.0,178.0,127.0,0.0,0.0
1949-05-31,272.0,178.0,8.0,0.0,0.0
1949-06-01,339.0,200.0,0.0,0.0,0.0
1949-06-02,322.0,183.0,0.0,0.0,0.0
1949-06-03,317.0,228.0,325.0,0.0,0.0
1949-06-04,328.0,178.0,0.0,0.0,0.0
1949-06-05,339.0,200.0,0.0,0.0,0.0
1949-06-06,333.0,194.0,0.0,0.0,0.0
1949-06-07,339.0,200.0,0.0,0.0,0.0
1949-06-08,300.0,183.0,414.0,0.0,0.0
1949-06-09,317.0,206.0,0.0,0.0,0.0
1949-06-10,300.0,200.0,30.0,0.0,0.0
1949-06-11,300.0,200.0,8.0,0.0,0.0
1949-06-12,311.0,211.0,711.0,0.0,0.0
1949-06-13,306.0,217.0,13.0,0.0,0.0
1949-06-14,317.0,206.0,8.0,0.0,0.0
1949-06-15,300.0,206.0,0.0,0.0,0.0
1949-06-16,294.0,194.0,0.0,0.0,0.0
1949-06-17,311.0,172.0,0.0,0.0,0.0
1949-06-18,339.0,211.0,0.0,0.0,0.0
1949-06-19,333.0,206.0,0.0,0.0,0.0
1949-06-20,333.0,167.0,0.0,0.0,0.0
1949-06-21,322.0,217.0,711.0,0.0,0.0
1949-06-22,350.0,228.0,0.0,0.0,0.0
1949-06-23,339.0,217.0,0.0,0.0,0.0
1949-06-24,322.0,222.0,10.0,0.0,0.0
1949-06-25,322.0,217.0,0.0,0.0,0.0
1949-06-26,344.0,228.0,211.0,0.0,0.0
1949-06-27,328.0,222.0,0.0,0.0,0.0
1949-06-28,333.0,233.0,0.0,0.0,0.0
1949-06-29,350.0,222.0,0.0,0.0,0.0
1949-06-30,356.0,239.0,0.0,0.0,0.0
1949-07-01,328.0,222.0,23.0,0.0,0.0
1949-07-02,322.0,239.0,0.0,0.0,0.0
1949-07-03,294.0,183.0,0.0,0.0,0.0
1949-07-04,328.0,239.0,33.0,0.0,0.0
1949-07-05,333.0,222.0,135.0,0.0,0.0
1949-07-06,350.0,233.0,0.0,0.0,0.0
1949-07-07,350.0,211.0,0.0,0.0,0.0
1949-07-08,333.0,222.0,0.0,0.0,0.0
1949-07-09,356.0,239.0,0.0,0.0,0.0
1949-07-10,344.0,228.0,0.0,0.0,0.0
1949-07-11,,,33.0,0.0,0.0
1949-07-12,,,140.0,0.0,0.0
1949-07-13,,,0.0,0.0,0.0
1949-07-14,,,0.0,0.0,0.0
1949-07-15,,,0.0,0.0,0.0
1949-07-16,,,0.0,0.0,0.0
1949-07-17,,,0.0,0.0,0.0
1949-07-18,328.0,206.0,51.0,0.0,0.0
1949-07-19,350.0,233.0,0.0,0.0,0.0
1949-07-20,339.0,222.0,0.0,0.0,0.0
1949-07-21,344.0,244.0,0.0,0.0,0.0
1949-07-22,306.0,222.0,13.0,0.0,0.0
1949-07-23,294.0,228.0,84.0,0.0,0.0
1949-07-24,311.0,217.0,0.0,0.0,0.0
1949-07-25,328.0,222.0,58.0,0.0,0.0
1949-07-26,317.0,217.0,8.0,0.0,0.0
1949-07-27,333.0,222.0,0.0,0.0,0.0
1949-07-28,339.0,222.0,0.0,0.0,0.0
1949-07-29,350.0,256.0,0.0,0.0,0.0
1949-07-30,350.0,222.0,0.0,0.0,0.0
1949-07-31,356.0,239.0,127.0,0.0,0.0
1950-11-01,294.0,139.0,0.0,0.0,0.0
1950-11-02,250.0,89.0,66.0,0.0,0.0
1950-11-03,194.0,78.0,13.0,0.0,0.0
1950-11-04,128.0,17.0,0.0,0.0,0.0
1950-11-05,100.0,-22.0,0.0,0.0,0.0
1950-11-06,161.0,44.0,0.0,0.0,0.0
1950-11-07,200.0,56.0,0.0,0.0,0.0
1950-11-08,256.0,150.0,0.0,0.0,0.0
1950-11-09,211.0,0.0,41.0,0.0,0.0
1950-11-10,72.0,-11.0,0.0,0.0,0.0
1950-11-11,72.0,-44.0,0.0,0.0,0.0
1950-11-12,89.0,-39.0,0.0,0.0,0.0
1950-11-13,178.0,-33.0,0.0,0.0,0.0
1950-11-14,172.0,-11.0,0.0,0.0,0.0
1950-11-15,239.0,128.0,25.0,0.0,0.0
1950-11-16,261.0,139.0,483.0,0.0,0.0
1950-11-17,233.0,50.0,0.0,0.0,0.0
1950-11-18,272.0,56.0,0.0,0.0,0.0
1950-11-19,222.0,89.0,0.0,0.0,0.0
1950-11-20,244.0,106.0,97.0,0.0,0.0
1950-11-21,233.0,-17.0,0.0,0.0,0.0
1950-11-22,211.0,-11.0,0.0,0.0,0.0
1950-11-23,233.0,22.0,0.0,0.0,0.0
1950-11-24,178.0,-72.0,99.0,0.0,0.0
1950-11-25,67.0,-83.0,0.0,0.0,0.0
1950-11-26,78.0,-67.0,0.0,0.0,0.0
1950-11-27,156.0,-11.0,0.0,0.0,0.0
1950-11-28,167.0,-11.0,0.0,0.0,0.0
1950-11-29,128.0,-22.0,0.0,0.0,0.0
1950-11-30,167.0,11.0,0.0,0.0,0.0
1950-12-01,250.0,61.0,0.0,0.0,0.0
1950-12-02,228.0,,450.0,0.0,0.0
1950-12-03,211.0,0.0,0.0,0.0,0.0
1950-12-04,128.0,-28.0,0.0,0.0,0.0
1950-12-05,94.0,,0.0,0.0,0.0
1950-12-06,44.0,,254.0,0.0,0.0
1950-12-07,72.0,-111.0,0.0,0.0,0.0
1950-12-08,72.0,-50.0,0.0,0.0,0.0
1950-12-09,100.0,-56.0,0.0,0.0,0.0
1950-12-10,133.0,-56.0,0.0,0.0,0.0
1950-12-11,122.0,,0.0,0.0,0.0
1950-12-12,117.0,-61.0,0.0,0.0,0.0
1950-12-13,44.0,-56.0,0.0,0.0,0.0
1950-12-14,61.0,-17.0,135.0,0.0,0.0
1950-12-15,128.0,17.0,0.0,0.0,0.0
1950-12-16,106.0,28.0,0.0,0.0,0.0
1950-12-17,94.0,-33.0,0.0,0.0,0.0
1950-12-18,44.0,-17.0,0.0,0.0,0.0
1950-12-19,56.0,-83.0,0.0,0.0,0.0
1950-12-20,39.0,-61.0,0.0,0.0,0.0
1950-12-21,44.0,-39.0,0.0,0.0,0.0
1950-12-22,111.0,,0.0,0.0,0.0
1950-12-23,150.0,17.0,0.0,0.0,0.0
1950-12-24,172.0,39.0,0.0,0.0,0.0
1950-12-25,156.0,50.0,0.0,0.0,0.0
1950-12-26,167.0,-6.0,0.0,0.0,0.0
1950-12-27,133.0,-6.0,0.0,0.0,0.0
1950-12-28,72.0,-67.0,0.0,0.0,0.0
1950-12-29,78.0,-56.0,0.0,0.0,0.0
1950-12-30,72.0,6.0,0.0,0.0,0.0
1950-12-31,106.0,0.0,0.0,0.0,0.0
1951-01-01,161.0,44.0,0.0,0.0,0.0
1951-01-02,150.0,50.0,442.0,0.0,0.0
1951-01-03,178.0,83.0,490.0,0.0,0.0
1951-01-04,128.0,-6.0,0.0,0.0,0.0
1951-01-05,183.0,50.0,0.0,0.0,0.0
1951-01-06,167.0,78.0,0.0,0.0,0.0
1951-01-07,161.0,-61.0,79.0,0.0,0.0
1951-01-08,83.0,-61.0,0.0,0.0,0.0
1951-01-09,106.0,-11.0,0.0,0.0,0.0
1951-01-10,139.0,50.0,81.0,0.0,0.0
1951-01-11,161.0,-11.0,0.0,0.0,0.0
1951-01-12,128.0,39.0,224.0,0.0,0.0
1951-01-13,183.0,61.0,30.0,0.0,0.0
1951-01-14,200.0,44.0,437.0,0.0,0.0
1951-01-15,128.0,0.0,0.0,0.0,0.0
1951-01-16,139.0,6.0,0.0,0.0,0.0
1951-01-17,172.0,-6.0,0.0,0.0,0.0
1951-01-18,183.0,6.0,0.0,0.0,0.0
1951-01-19,178.0,0.0,0.0,0.0,0.0
1951-01-20,222.0,100.0,0.0,0.0,0.0
1951-01-21,233.0,22.0,0.0,0.0,0.0
1951-01-22,128.0,-44.0,0.0,0.0,0.0
1951-01-23,128.0,-11.0,0.0,0.0,0.0
1951-01-24,150.0,6.0,0.0,0.0,0.0
1951-01-25,78.0,-17.0,0.0,0.0,0.0
1951-01-26,133.0,-17.0,0.0,0.0,0.0
1951-01-27,211.0,11.0,0.0,0.0,0.0
1951-01-28,183.0,-6.0,508.0,0.0,0.0
1951-01-29,44.0,-94.0,91.0,,
1951-01-30,-44.0,-94.0,36.0,,
1951-01-31,-56.0,-106.0,18.0,,
1951-02-01,-89.0,-139.0,46.0,51.0,46.0
1951-02-02,-61.0,-211.0,0.0,,0.0
1951-02-03,39.0,-144.0,0.0,,0.0
1951-02-04,106.0,-144.0,0.0,0.0,0.0
1951-02-05,139.0,-67.0,0.0,0.0,0.0
1951-02-06,122.0,-50.0,198.0,0.0,0.0
1951-02-07,117.0,-11.0,0.0,0.0,0.0
1951-02-08,94.0,-11.0,0.0,0.0,0.0
1951-02-09,89.0,-6.0,0.0,0.0,0.0
1951-02-10,106.0,0.0,0.0,0.0,0.0
1951-02-11,194.0,-6.0,0.0,0.0,0.0
1951-02-13,100.0,0.0,0.0,0.0,0.0
1951-02-14,117.0,6.0,0.0,0.0,0.0
1951-02-15,83.0,-11.0,117.0,0.0,0.0
1951-02-16,178.0,-11.0,0.0,0.0,0.0
1951-02-17,172.0,28.0,0.0,0.0,0.0
1951-02-18,194.0,44.0,0.0,0.0,0.0
1951-02-19,156.0,44.0,0.0,0.0,0.0
1951-02-20,172.0,78.0,0.0,0.0,0.0
1951-02-21,144.0,17.0,284.0,0.0,0.0
1951-02-22,161.0,56.0,0.0,0.0,0.0
1951-02-23,200.0,83.0,0.0,0.0,0.0
1951-02-24,206.0,33.0,0.0,0.0,0.0
1951-02-25,194.0,50.0,0.0,0.0,0.0
1951-02-26,217.0,61.0,0.0,0.0,0.0
1951-02-27,206.0,50.0,0.0,0.0,0.0
1951-02-28,194.0,67.0,0.0,0.0,0.0
1951-03-01,228.0,100.0,0.0,0.0,0.0
1951-03-02,239.0,122.0,0.0,0.0,0.0
1951-03-03,211.0,89.0,0.0,0.0,0.0
1951-03-04,211.0,106.0,0.0,0.0,0.0
1951-03-05,261.0,72.0,0.0,0.0,0.0
1951-03-06,261.0,83.0,0.0,0.0,0.0
1951-03-07,206.0,100.0,0.0,0.0,0.0
1951-03-08,211.0,83.0,0.0,0.0,0.0
1951-03-09,200.0,94.0,0.0,0.0,0.0
1951-03-10,250.0,106.0,0.0,0.0,0.0
1951-03-11,200.0,94.0,66.0,0.0,0.0
1951-03-12,194.0,11.0,0.0,0.0,0.0
1951-03-13,28.0,-28.0,8.0,0.0,0.0
1951-03-14,78.0,-28.0,0.0,0.0,0.0
1951-03-15,139.0,-22.0,0.0,0.0,0.0
1951-03-16,172.0,39.0,0.0,0.0,0.0
1951-03-17,233.0,128.0,0.0,0.0,0.0
1951-03-18,239.0,44.0,0.0,0.0,0.0
1951-03-19,150.0,6.0,0.0,0.0,0.0
1951-03-20,133.0,6.0,0.0,0.0,0.0
1951-03-21,161.0,11.0,0.0,0.0,0.0
1951-03-22,189.0,28.0,0.0,0.0,0.0
1951-03-23,211.0,56.0,0.0,0.0,0.0
1951-03-24,200.0,39.0,0.0,0.0,0.0
1951-03-25,233.0,50.0,0.0,0.0,0.0
1951-03-26,250.0,33.0,0.0,0.0,0.0
1951-03-27,222.0,44.0,351.0,0.0,0.0
1951-03-28,194.0,89.0,28.0,0.0,0.0
1951-03-29,189.0,72.0,0.0,0.0,0.0
1951-03-30,217.0,83.0,0.0,0.0,0.0
1951-03-31,233.0,106.0,0.0,0.0,0.0
1951-04-01,228.0,61.0,8.0,0.0,0.0
1951-04-02,217.0,28.0,0.0,0.0,0.0
1951-04-03,183.0,6.0,0.0,0.0,0.0
1951-04-04,200.0,44.0,0.0,0.0,0.0
1951-04-05,211.0,33.0,0.0,0.0,0.0
1951-04-06,206.0,78.0,0.0,0.0,0.0
1951-04-07,211.0,139.0,25.0,0.0,0.0
1951-04-08,222.0,156.0,0.0,0.0,0.0
1951-04-09,200.0,50.0,0.0,0.0,0.0
1951-04-10,211.0,17.0,0.0,0.0,0.0
1951-04-11,239.0,67.0,91.0,0.0,0.0
1951-04-12,144.0,17.0,0.0,0.0,0.0
1951-04-13,244.0,67.0,0.0,0.0,0.0
1951-04-14,283.0,50.0,0.0,0.0,0.0
1951-04-15,256.0,111.0,0.0,0.0,0.0
1951-04-16,233.0,50.0,180.0,0.0,0.0
1951-04-17,239.0,11.0,0.0,0.0,0.0
1951-04-18,256.0,67.0,0.0,0.0,0.0
1951-04-19,267.0,89.0,74.0,0.0,0.0
1951-04-20,244.0,106.0,0.0,0.0,0.0
1951-04-21,267.0,128.0,775.0,0.0,0.0
1951-04-22,267.0,94.0,0.0,0.0,0.0
1951-04-23,250.0,72.0,0.0,0.0,0.0
1951-04-24,283.0,83.0,0.0,0.0,0.0
1951-04-25,267.0,89.0,0.0,0.0,0.0
1951-04-26,294.0,161.0,58.0,0.0,0.0
1951-04-27,283.0,156.0,0.0,0.0,0.0
1951-04-28,294.0,167.0,0.0,0.0,0.0
1951-04-29,272.0,156.0,0.0,0.0,0.0
1951-04-30,289.0,172.0,0.0,0.0,0.0
1951-05-01,300.0,172.0,0.0,0.0,0.0
1951-05-02,289.0,156.0,25.0,0.0,0.0
1951-05-03,272.0,133.0,0.0,0.0,0.0
1951-05-04,317.0,139.0,0.0,0.0,0.0
1951-05-05,322.0,133.0,0.0,0.0,0.0
1951-05-06,322.0,150.0,0.0,0.0,0.0
1951-05-07,272.0,94.0,0.0,0.0,0.0
1951-05-08,294.0,100.0,0.0,0.0,0.0
1951-05-09,306.0,106.0,0.0,0.0,0.0
1951-05-10,322.0,122.0,0.0,0.0,0.0
1951-05-11,300.0,111.0,0.0,0.0,0.0
1951-05-12,306.0,100.0,0.0,0.0,0.0
1951-05-13,317.0,106.0,0.0,0.0,0.0
1951-05-14,322.0,133.0,0.0,0.0,0.0
1951-05-15,328.0,111.0,0.0,0.0,0.0
1951-05-16,317.0,122.0,0.0,0.0,0.0
1951-05-17,311.0,106.0,0.0,0.0,0.0
1951-05-18,317.0,100.0,0.0,0.0,0.0
1951-05-19,328.0,111.0,0.0,0.0,0.0
1951-05-20,322.0,106.0,0.0,0.0,0.0
1951-05-21,317.0,106.0,0.0,0.0,0.0
1951-05-22,322.0,100.0,5.0,0.0,0.0
1951-05-23,328.0,122.0,0.0,0.0,0.0
1951-05-24,333.0,106.0,0.0,0.0,0.0
1951-05-25,322.0,122.0,0.0,0.0,0.0
1951-05-26,322.0,111.0,0.0,0.0,0.0
1951-05-27,317.0,122.0,0.0,0.0,0.0
1951-05-28,328.0,150.0,0.0,0.0,0.0
1951-05-29,344.0,194.0,0.0,0.0,0.0
1951-05-30,350.0,183.0,0.0,0.0,0.0
1951-05-31,367.0,200.0,0.0,0.0,0.0
1951-06-01,367.0,189.0,0.0,0.0,0.0
1951-06-02,350.0,178.0,0.0,0.0,0.0
1951-06-03,333.0,167.0,8.0,0.0,0.0
1951-06-04,,,51.0,0.0,0.0
1951-06-05,,,0.0,0.0,0.0
1951-06-06,,,0.0,0.0,0.0
1951-06-07,,,15.0,0.0,0.0
1951-06-08,,,0.0,0.0,0.0
1951-06-09,,,89.0,0.0,0.0
1951-06-10,,,0.0,0.0,0.0
1951-06-11,,,76.0,0.0,0.0
1951-06-12,,,97.0,0.0,0.0
1951-06-13,,,0.0,0.0,0.0
1951-06-14,,,318.0,0.0,0.0
1951-06-15,,,64.0,0.0,0.0
1951-06-16,,,264.0,0.0,0.0
1951-06-17,,,0.0,0.0,0.0
1951-06-18,,,8.0,0.0,0.0
1951-06-19,,,193.0,0.0,0.0
1951-06-20,,,0.0,0.0,0.0
1951-06-21,,,0.0,0.0,0.0
1951-06-22,,,0.0,0.0,0.0
1951-06-23,,,15.0,0.0,0.0
1951-06-24,,,0.0,0.0,0.0
1951-06-25,,,0.0,0.0,0.0
1951-06-26,,,0.0,0.0,0.0
1951-06-27,,,0.0,0.0,0.0
1951-06-28,,,0.0,0.0,0.0
1951-06-29,,,0.0,0.0,0.0
1951-06-30,,,58.0,0.0,0.0
1951-07-01,300.0,,297.0,0.0,0.0
1951-07-02,317.0,,160.0,0.0,0.0
1951-07-03,317.0,,0.0,0.0,0.0
1951-07-04,322.0,,0.0,0.0,0.0
1951-07-05,344.0,,0.0,0.0,0.0
1951-07-06,344.0,,0.0,0.0,0.0
1951-07-07,356.0,,0.0,0.0,0.0
1951-07-08,378.0,,0.0,0.0,0.0
1951-07-09,394.0,,0.0,0.0,0.0
1951-07-10,400.0,,0.0,0.0,0.0
1951-07-11,378.0,,0.0,0.0,0.0
1951-07-12,356.0,,0.0,0.0,0.0
1951-07-13,361.0,,0.0,0.0,0.0
1951-07-14,350.0,,0.0,0.0,0.0
1951-07-15,350.0,,0.0,0.0,0.0
1951-07-16,356.0,,0.0,0.0,0.0
1951-07-17,350.0,,5.0,0.0,0.0
1951-07-18,361.0,,0.0,0.0,0.0
1951-07-19,367.0,,0.0,0.0,0.0
1951-07-20,361.0,,0.0,0.0,0.0
1951-07-21,367.0,,0.0,0.0,0.0
1951-07-22,350.0,,640.0,0.0,0.0
1951-07-23,361.0,,236.0,0.0,0.0
1951-07-24,372.0,,0.0,0.0,0.0
1951-07-25,389.0,,25.0,0.0,0.0
1951-07-26,378.0,,0.0,0.0,0.0
1951-07-27,350.0,,419.0,0.0,0.0
1951-07-28,344.0,,0.0,0.0,0.0
1951-07-29,,,0.0,0.0,0.0
1951-07-30,,,0.0,0.0,0.0
1951-07-31,,,0.0,0.0,0.0
1951-08-01,350.0,189.0,0.0,0.0,0.0
1951-08-02,350.0,189.0,0.0,0.0,0.0
1951-08-03,361.0,200.0,0.0,0.0,0.0
1951-08-04,367.0,222.0,0.0,0.0,0.0
1951-08-05,356.0,161.0,0.0,0.0,0.0
1951-08-06,356.0,167.0,0.0,0.0,0.0
1951-08-07,378.0,211.0,0.0,0.0,0.0
1951-08-08,389.0,228.0,0.0,0.0,0.0
1951-08-09,383.0,222.0,0.0,0.0,0.0
1951-08-10,372.0,211.0,0.0,0.0,0.0
1951-08-11,367.0,200.0,0.0,0.0,0.0
1951-08-12,372.0,189.0,0.0,0.0,0.0
1951-08-13,372.0,178.0,0.0,0.0,0.0
1951-08-14,378.0,167.0,0.0,0.0,0.0
1951-08-15,389.0,161.0,0.0,0.0,0.0
1951-08-16,389.0,172.0,0.0,0.0,0.0
1951-08-17,367.0,178.0,0.0,0.0,0.0
1951-08-18,328.0,178.0,89.0,0.0,0.0
1951-08-19,333.0,183.0,0.0,0.0,0.0
1951-08-20,289.0,194.0,79.0,0.0,0.0
1951-08-21,300.0,206.0,0.0,0.0,0.0
1951-08-22,322.0,206.0,0.0,0.0,0.0
1951-08-23,339.0,183.0,0.0,0.0,0.0
1951-08-24,350.0,172.0,0.0,0.0,0.0
1951-08-25,350.0,178.0,0.0,0.0,0.0
1951-08-26,367.0,167.0,0.0,0.0,0.0
1951-08-27,356.0,156.0,0.0,0.0,0.0
1951-08-28,367.0,183.0,0.0,0.0,0.0
1951-08-29,383.0,217.0,0.0,0.0,0.0
1951-08-30,400.0,228.0,0.0,0.0,0.0
1951-08-31,406.0,228.0,0.0,0.0,0.0
1951-09-01,383.0,206.0,0.0,0.0,0.0
1951-09-02,400.0,228.0,0.0,0.0,0.0
1951-09-03,394.0,217.0,0.0,0.0,0.0
1951-09-04,361.0,211.0,20.0,0.0,0.0
1951-09-05,372.0,200.0,0.0,0.0,0.0
1951-09-06,378.0,206.0,0.0,0.0,0.0
1951-09-07,383.0,217.0,0.0,0.0,0.0
1951-09-08,367.0,161.0,0.0,0.0,0.0
1951-09-09,322.0,150.0,0.0,0.0,0.0
1951-09-10,333.0,167.0,218.0,0.0,0.0
1951-09-11,339.0,178.0,0.0,0.0,0.0
1951-09-12,294.0,144.0,127.0,0.0,0.0
1951-09-13,228.0,150.0,0.0,0.0,0.0
1951-09-14,239.0,156.0,0.0,0.0,0.0
1951-09-15,272.0,167.0,0.0,0.0,0.0
1951-09-16,256.0,150.0,0.0,0.0,0.0
1951-09-17,289.0,167.0,0.0,0.0,0.0
1951-09-18,272.0,139.0,0.0,0.0,0.0
1951-09-19,294.0,100.0,0.0,0.0,0.0
1951-09-20,261.0,161.0,0.0,0.0,0.0
1951-09-21,244.0,178.0,102.0,0.0,0.0
1951-09-22,272.0,150.0,51.0,0.0,0.0
1951-09-23,283.0,167.0,0.0,0.0,0.0
1951-09-24,294.0,139.0,51.0,0.0,0.0
1951-09-25,317.0,156.0,0.0,0.0,0.0
1951-09-26,328.0,172.0,0.0,0.0,0.0
1951-09-27,289.0,161.0,13.0,0.0,0.0
1951-09-28,283.0,167.0,0.0,0.0,0.0
1951-09-29,311.0,178.0,0.0,0.0,0.0
1951-09-30,317.0,156.0,0.0,0.0,0.0
1951-10-01,300.0,156.0,0.0,0.0,0.0
1951-10-02,317.0,178.0,0.0,0.0,0.0
1951-10-03,300.0,161.0,0.0,0.0,0.0
1951-10-04,306.0,150.0,0.0,0.0,0.0
1951-10-05,283.0,139.0,0.0,0.0,0.0
1951-10-06,294.0,122.0,5.0,0.0,0.0
1951-10-07,267.0,72.0,0.0,0.0,0.0
1951-10-08,239.0,33.0,0.0,0.0,0.0
1951-10-09,261.0,50.0,0.0,0.0,0.0
1951-10-10,256.0,44.0,0.0,0.0,0.0
1951-10-11,233.0,67.0,0.0,0.0,0.0
1951-10-12,261.0,56.0,0.0,0.0,0.0
1951-10-13,272.0,33.0,0.0,0.0,0.0
1951-10-14,267.0,44.0,0.0,0.0,0.0
1951-10-15,294.0,94.0,0.0,0.0,0.0
1951-10-16,300.0,122.0,0.0,0.0,0.0
1951-10-17,272.0,156.0,0.0,0.0,0.0
1951-10-18,261.0,111.0,0.0,0.0,0.0
1951-10-19,256.0,133.0,0.0,0.0,0.0
1951-10-20,244.0,67.0,0.0,0.0,0.0
1951-10-21,261.0,83.0,0.0,0.0,0.0
1951-10-22,261.0,61.0,8.0,0.0,0.0
1951-10-23,250.0,178.0,41.0,0.0,0.0
1951-10-24,206.0,83.0,0.0,0.0,0.0
1951-10-25,178.0,89.0,0.0,0.0,0.0
1951-10-26,233.0,72.0,0.0,0.0,0.0
1951-10-27,189.0,156.0,84.0,0.0,0.0
1951-10-28,183.0,156.0,0.0,0.0,0.0
1951-10-29,178.0,89.0,15.0,0.0,0.0
1951-10-30,261.0,94.0,0.0,0.0,0.0
1951-10-31,256.0,50.0,10.0,0.0,0.0
1951-11-01,67.0,28.0,193.0,0.0,0.0
1951-11-02,61.0,6.0,13.0,0.0,0.0
1951-11-03,78.0,-78.0,0.0,0.0,0.0
1951-11-04,94.0,-11.0,0.0,0.0,0.0
1951-11-05,133.0,11.0,0.0,0.0,0.0
1951-11-06,44.0,11.0,15.0,0.0,0.0
1951-11-07,78.0,-67.0,0.0,0.0,0.0
1951-11-08,117.0,-67.0,0.0,0.0,0.0
1951-11-09,156.0,6.0,0.0,0.0,0.0
1951-11-10,139.0,50.0,0.0,0.0,0.0
1951-11-11,194.0,100.0,0.0,0.0,0.0
1951-11-12,194.0,117.0,25.0,0.0,0.0
1951-11-13,239.0,117.0,64.0,0.0,0.0
1951-11-14,233.0,72.0,203.0,0.0,0.0
1951-11-15,217.0,94.0,0.0,0.0,0.0
1951-11-16,206.0,56.0,20.0,0.0,0.0
1951-11-17,94.0,-22.0,0.0,0.0,0.0
1951-11-18,39.0,-89.0,0.0,0.0,0.0
1951-11-19,44.0,-89.0,0.0,0.0,0.0
1951-11-20,94.0,-50.0,0.0,0.0,0.0
1951-11-21,211.0,17.0,0.0,0.0,0.0
1951-11-22,211.0,128.0,0.0,0.0,0.0
1951-11-23,211.0,128.0,0.0,0.0,0.0
1951-11-24,200.0,56.0,51.0,0.0,0.0
1951-11-25,183.0,61.0,76.0,0.0,0.0
1951-11-26,178.0,78.0,0.0,0.0,0.0
1951-11-27,117.0,39.0,155.0,0.0,0.0
1951-11-28,106.0,-6.0,0.0,0.0,0.0
1951-11-29,144.0,-11.0,0.0,0.0,0.0
1951-11-30,139.0,22.0,0.0,0.0,0.0
1951-12-01,167.0,50.0,0.0,0.0,0.0
1951-12-02,211.0,111.0,0.0,0.0,0.0
1951-12-03,183.0,167.0,168.0,0.0,0.0
1951-12-04,178.0,22.0,58.0,0.0,0.0
1951-12-05,194.0,94.0,86.0,0.0,0.0
1951-12-06,256.0,100.0,0.0,0.0,0.0
1951-12-07,244.0,106.0,112.0,0.0,0.0
1951-12-08,156.0,89.0,518.0,0.0,0.0
1951-12-09,89.0,33.0,0.0,0.0,0.0
1951-12-10,61.0,-17.0,0.0,0.0,0.0
1951-12-11,122.0,-11.0,0.0,0.0,0.0
1951-12-12,156.0,6.0,0.0,0.0,0.0
1951-12-13,150.0,39.0,0.0,0.0,0.0
1951-12-14,111.0,78.0,399.0,0.0,0.0
1951-12-15,100.0,-61.0,0.0,0.0,0.0
1951-12-16,11.0,-89.0,0.0,0.0,0.0
1951-12-17,44.0,-39.0,0.0,0.0,0.0
1951-12-18,61.0,6.0,71.0,0.0,0.0
1951-12-19,94.0,-39.0,0.0,0.0,0.0
1951-12-20,172.0,50.0,211.0,0.0,0.0
1951-12-21,161.0,-72.0,0.0,0.0,0.0
1951-12-22,78.0,-72.0,0.0,0.0,0.0
1951-12-23,139.0,22.0,0.0,0.0,0.0
1951-12-24,183.0,94.0,0.0,0.0,0.0
1951-12-25,189.0,139.0,290.0,0.0,0.0
1951-12-26,178.0,0.0,10.0,0.0,0.0
1951-12-27,39.0,-28.0,0.0,0.0,0.0
1951-12-28,,-44.0,0.0,0.0,0.0
1951-12-29,206.0,94.0,0.0,0.0,0.0
1951-12-30,222.0,161.0,0.0,0.0,0.0
1951-12-31,244.0,172.0,0.0,0.0,0.0
1952-01-01,239.0,200.0,0.0,0.0,0.0
1952-01-02,228.0,44.0,5.0,0.0,0.0
1952-01-03,44.0,33.0,97.0,0.0,0.0
1952-01-04,61.0,28.0,56.0,0.0,0.0
1952-01-05,50.0,17.0,0.0,0.0,0.0
1952-01-06,50.0,-39.0,0.0,0.0,0.0
1952-01-07,78.0,-50.0,0.0,0.0,0.0
1952-01-08,167.0,50.0,0.0,0.0,0.0
1952-01-09,,50.0,333.0,0.0,0.0
1952-01-10,50.0,-22.0,0.0,0.0,0.0
1952-01-11,67.0,-39.0,0.0,0.0,0.0
1952-01-12,150.0,39.0,0.0,0.0,0.0
1952-01-13,189.0,117.0,0.0,0.0,0.0
1952-01-14,206.0,150.0,0.0,0.0,0.0
1952-01-15,233.0,161.0,0.0,0.0,0.0
1952-01-16,206.0,144.0,0.0,0.0,0.0
1952-01-17,233.0,167.0,0.0,0.0,0.0
1952-01-18,,106.0,0.0,0.0,0.0
1952-01-19,233.0,106.0,0.0,0.0,0.0
1952-01-20,,72.0,10.0,0.0,0.0
1952-01-21,133.0,56.0,307.0,0.0,0.0
1952-01-22,111.0,78.0,198.0,0.0,0.0
1952-01-23,100.0,-22.0,0.0,0.0,0.0
1952-01-24,128.0,-17.0,0.0,0.0,0.0
1952-01-25,206.0,78.0,0.0,0.0,0.0
1952-01-26,233.0,178.0,0.0,0.0,0.0
1952-01-27,222.0,78.0,579.0,0.0,0.0
1952-01-28,139.0,33.0,0.0,0.0,0.0
1952-01-29,128.0,6.0,0.0,0.0,0.0
1952-01-30,78.0,-33.0,0.0,0.0,0.0
1952-01-31,156.0,28.0,0.0,0.0,0.0
1952-02-01,139.0,117.0,279.0,0.0,0.0
1952-02-02,128.0,111.0,8.0,0.0,0.0
1952-02-03,156.0,89.0,0.0,0.0,0.0
1952-02-04,144.0,56.0,239.0,0.0,0.0
1952-02-05,122.0,-28.0,5.0,0.0,0.0
1952-02-06,117.0,22.0,0.0,0.0,0.0
1952-02-07,167.0,-33.0,0.0,0.0,0.0
1952-02-08,194.0,67.0,0.0,0.0,0.0
1952-02-09,183.0,72.0,0.0,0.0,0.0
1952-02-10,206.0,61.0,0.0,0.0,0.0
1952-02-11,200.0,72.0,0.0,0.0,0.0
1952-02-12,161.0,72.0,445.0,0.0,0.0
1952-02-13,233.0,122.0,97.0,0.0,0.0
1952-02-14,206.0,56.0,0.0,0.0,0.0
1952-02-15,200.0,61.0,0.0,0.0,0.0
1952-02-16,67.0,28.0,28.0,0.0,0.0
1952-02-17,106.0,-6.0,0.0,0.0,0.0
1952-02-18,161.0,22.0,0.0,0.0,0.0
1952-02-19,206.0,106.0,0.0,0.0,0.0
1952-02-20,200.0,83.0,305.0,0.0,0.0
1952-02-21,144.0,-22.0,0.0,0.0,0.0
1952-02-22,133.0,50.0,58.0,0.0,0.0
1952-02-23,117.0,56.0,0.0,0.0,0.0
1952-02-24,100.0,61.0,0.0,0.0,0.0
1952-02-25,89.0,33.0,0.0,0.0,0.0
1952-02-26,106.0,0.0,,0.0,0.0
1952-02-27,194.0,-11.0,0.0,0.0,0.0
1952-02-28,206.0,111.0,0.0,0.0,0.0
1952-02-29,239.0,72.0,0.0,0.0,0.0
1952-03-01,,22.0,0.0,0.0,0.0
1952-03-02,83.0,56.0,0.0,0.0,0.0
1952-03-03,200.0,72.0,432.0,0.0,0.0
1952-03-04,189.0,6.0,0.0,0.0,0.0
1952-03-05,83.0,-17.0,0.0,0.0,0.0
1952-03-06,128.0,-17.0,0.0,0.0,0.0
1952-03-07,111.0,6.0,0.0,0.0,0.0
1952-03-08,178.0,6.0,0.0,0.0,0.0
1952-03-09,194.0,56.0,0.0,0.0,0.0
1952-03-10,167.0,139.0,610.0,0.0,0.0
1952-03-11,172.0,72.0,5.0,0.0,0.0
1952-03-12,211.0,61.0,0.0,0.0,0.0
1952-03-13,189.0,117.0,0.0,0.0,0.0
1952-03-14,200.0,122.0,0.0,0.0,0.0
1952-03-15,100.0,33.0,0.0,0.0,0.0
1952-03-16,117.0,-33.0,0.0,0.0,0.0
1952-03-17,89.0,22.0,0.0,0.0,0.0
1952-03-18,194.0,50.0,269.0,0.0,0.0
1952-03-19,278.0,78.0,0.0,0.0,0.0
1952-03-20,272.0,122.0,0.0,0.0,0.0
1952-03-21,261.0,83.0,10.0,0.0,0.0
1952-03-22,,,0.0,0.0,0.0
1952-03-23,144.0,-22.0,0.0,0.0,0.0
1952-03-24,194.0,44.0,0.0,0.0,0.0
1952-03-25,183.0,50.0,0.0,0.0,0.0
1952-03-26,194.0,44.0,0.0,0.0,0.0
1952-03-27,222.0,72.0,0.0,0.0,0.0
1952-03-28,206.0,111.0,0.0,0.0,0.0
1952-03-29,183.0,111.0,0.0,0.0,0.0
1952-03-30,189.0,117.0,102.0,0.0,0.0
1952-03-31,,,406.0,0.0,0.0
1952-04-01,222.0,144.0,0.0,0.0,0.0
1952-04-02,211.0,22.0,0.0,0.0,0.0
1952-04-03,200.0,50.0,0.0,0.0,0.0
1952-04-04,167.0,100.0,,0.0,0.0
1952-04-05,150.0,39.0,0.0,0.0,0.0
1952-04-06,189.0,0.0,0.0,0.0,0.0
1952-04-07,261.0,56.0,0.0,0.0,0.0
1952-04-08,,,0.0,0.0,0.0
1952-04-09,261.0,117.0,0.0,0.0,0.0
1952-04-10,194.0,50.0,51.0,0.0,0.0
1952-04-11,139.0,61.0,25.0,0.0,0.0
1952-04-12,150.0,111.0,503.0,0.0,0.0
1952-04-13,139.0,89.0,13.0,0.0,0.0
1952-04-14,206.0,33.0,0.0,0.0,0.0
1952-04-15,200.0,11.0,0.0,0.0,0.0
1952-04-16,189.0,17.0,0.0,0.0,0.0
1952-04-17,217.0,17.0,0.0,0.0,0.0
1952-04-18,228.0,78.0,0.0,0.0,0.0
1952-04-19,217.0,144.0,0.0,0.0,0.0
1952-04-20,200.0,111.0,0.0,0.0,0.0
1952-04-21,244.0,161.0,91.0,0.0,0.0
1952-04-22,239.0,161.0,3.0,0.0,0.0
1952-04-23,222.0,156.0,218.0,0.0,0.0
1952-04-24,211.0,111.0,0.0,0.0,0.0
1952-04-25,161.0,111.0,0.0,0.0,0.0
1952-04-26,222.0,44.0,0.0,0.0,0.0
1952-04-27,244.0,50.0,0.0,0.0,0.0
1952-04-28,278.0,56.0,0.0,0.0,0.0
1952-04-29,289.0,67.0,0.0,0.0,0.0
1952-04-30,300.0,133.0,0.0,0.0,0.0
1952-05-01,294.0,117.0,0.0,0.0,0.0
1952-05-02,311.0,122.0,0.0,0.0,0.0
1952-05-03,317.0,111.0,0.0,0.0,0.0
1952-05-04,328.0,144.0,0.0,0.0,0.0
1952-05-05,311.0,161.0,0.0,0.0,0.0
1952-05-06,317.0,167.0,0.0,0.0,0.0
1952-05-07,294.0,161.0,0.0,0.0,0.0
1952-05-08,294.0,161.0,0.0,0.0,0.0
1952-05-09,294.0,156.0,0.0,0.0,0.0
1952-05-10,283.0,122.0,208.0,0.0,0.0
1952-05-11,194.0,50.0,0.0,0.0,0.0
1952-05-12,244.0,33.0,0.0,0.0,0.0
1952-05-13,261.0,72.0,0.0,0.0,0.0
1952-05-14,278.0,133.0,0.0,0.0,0.0
1952-05-15,278.0,161.0,0.0,0.0,0.0
1952-05-16,278.0,156.0,0.0,0.0,0.0
1952-05-17,278.0,172.0,0.0,0.0,0.0
1952-05-18,267.0,144.0,51.0,0.0,0.0
1952-05-19,172.0,122.0,0.0,0.0,0.0
1952-05-20,233.0,128.0,0.0,0.0,0.0
1952-05-21,278.0,,0.0,0.0,0.0
1952-05-22,300.0,,0.0,0.0,0.0
1952-05-23,289.0,172.0,356.0,0.0,0.0
1952-05-24,267.0,172.0,0.0,0.0,0.0
1952-05-25,283.0,,0.0,0.0,0.0
1952-05-26,278.0,,0.0,0.0,0.0
1952-05-27,294.0,,0.0,0.0,0.0
1952-05-28,283.0,167.0,127.0,0.0,0.0
1952-05-29,233.0,178.0,5.0,0.0,0.0
1952-05-30,278.0,,0.0,0.0,0.0
1952-05-31,289.0,,0.0,0.0,0.0
1952-06-01,317.0,,0.0,0.0,0.0
1952-06-02,317.0,,0.0,0.0,0.0
1952-06-03,322.0,,0.0,0.0,0.0
1952-06-04,322.0,,0.0,0.0,0.0
1952-06-05,311.0,,0.0,0.0,0.0
1952-06-06,317.0,,0.0,0.0,0.0
1952-06-07,328.0,,0.0,0.0,0.0
1952-06-08,339.0,,0.0,0.0,0.0
1952-06-09,333.0,,0.0,0.0,0.0
1952-06-10,328.0,,0.0,0.0,0.0
1952-06-11,339.0,,0.0,0.0,0.0
1952-06-12,328.0,,0.0,0.0,0.0
1952-06-13,361.0,,0.0,0.0,0.0
1952-06-14,350.0,,0.0,0.0,0.0
1952-06-15,356.0,,0.0,0.0,0.0
1952-06-16,350.0,,0.0,0.0,0.0
1952-06-17,356.0,,0.0,0.0,0.0
1952-06-18,367.0,,0.0,0.0,0.0
1952-06-19,367.0,200.0,0.0,0.0,0.0
1952-06-20,339.0,222.0,0.0,0.0,0.0
1952-06-21,339.0,222.0,0.0,0.0,0.0
1952-06-22,361.0,217.0,0.0,0.0,0.0
1952-06-23,339.0,217.0,0.0,0.0,0.0
1952-06-24,350.0,222.0,0.0,0.0,0.0
1952-06-25,339.0,217.0,0.0,0.0,0.0
1952-06-26,350.0,206.0,0.0,0.0,0.0
1952-06-27,372.0,206.0,0.0,0.0,0.0
1952-06-28,367.0,211.0,0.0,0.0,0.0
1952-06-29,350.0,200.0,0.0,0.0,0.0
1952-06-30,361.0,194.0,0.0,0.0,0.0
1952-07-01,361.0,206.0,0.0,0.0,0.0
1952-07-02,350.0,206.0,0.0,0.0,0.0
1952-07-03,339.0,200.0,483.0,0.0,0.0
1952-07-04,322.0,200.0,0.0,0.0,0.0
1952-07-05,350.0,194.0,0.0,0.0,0.0
1952-07-06,339.0,183.0,0.0,0.0,0.0
1952-07-07,344.0,183.0,0.0,0.0,0.0
1952-07-08,339.0,194.0,140.0,0.0,0.0
1952-07-09,306.0,111.0,0.0,0.0,0.0
1952-07-10,306.0,128.0,0.0,0.0,0.0
1952-07-11,311.0,133.0,0.0,0.0,0.0
1952-07-12,333.0,144.0,0.0,0.0,0.0
1952-07-13,333.0,183.0,0.0,0.0,0.0
1952-07-14,328.0,189.0,0.0,0.0,0.0
1952-07-15,317.0,183.0,0.0,0.0,0.0
1952-07-16,267.0,217.0,18.0,0.0,0.0
1952-07-17,278.0,194.0,3.0,0.0,0.0
1952-07-18,328.0,206.0,0.0,0.0,0.0
1952-07-19,317.0,200.0,0.0,0.0,0.0
1952-07-20,328.0,200.0,0.0,0.0,0.0
1952-07-21,328.0,194.0,0.0,0.0,0.0
1952-07-22,361.0,167.0,0.0,0.0,0.0
1952-07-23,361.0,178.0,0.0,0.0,0.0
1952-07-24,372.0,178.0,0.0,0.0,0.0
1952-07-25,339.0,178.0,0.0,0.0,0.0
1952-07-26,350.0,183.0,0.0,0.0,0.0
1952-07-27,361.0,189.0,0.0,0.0,0.0
1952-07-28,361.0,178.0,5.0,0.0,0.0
1952-07-29,356.0,206.0,0.0,0.0,0.0
1952-07-30,339.0,194.0,0.0,0.0,0.0
1952-07-31,328.0,194.0,0.0,0.0,0.0
1952-08-01,356.0,183.0,0.0,0.0,0.0
1952-08-02,361.0,178.0,0.0,0.0,0.0
1952-08-03,350.0,172.0,0.0,0.0,0.0
1952-08-04,356.0,183.0,0.0,0.0,0.0
1952-08-05,378.0,178.0,0.0,0.0,0.0
1952-08-06,344.0,183.0,191.0,0.0,0.0
1952-08-07,311.0,161.0,0.0,0.0,0.0
1952-08-08,,161.0,3.0,0.0,0.0
1952-08-09,300.0,217.0,345.0,0.0,0.0
1952-08-10,,,0.0,0.0,0.0
1952-08-11,344.0,211.0,0.0,0.0,0.0
1952-08-12,344.0,217.0,0.0,0.0,0.0
1952-08-13,,211.0,0.0,0.0,0.0
1952-08-14,361.0,217.0,0.0,0.0,0.0
1952-08-15,367.0,211.0,0.0,0.0,0.0
1952-08-16,378.0,217.0,0.0,0.0,0.0
1952-08-17,361.0,200.0,0.0,0.0,0.0
1952-08-18,,222.0,0.0,0.0,0.0
1952-08-19,322.0,194.0,241.0,0.0,0.0
1952-08-20,,200.0,0.0,0.0,0.0
1952-08-21,333.0,200.0,0.0,0.0,0.0
1952-08-22,,211.0,0.0,0.0,0.0
1952-08-23,311.0,200.0,0.0,0.0,0.0
1952-08-24,294.0,172.0,0.0,0.0,0.0
1952-08-25,,167.0,0.0,0.0,0.0
1952-08-26,,167.0,0.0,0.0,0.0
1952-08-27,,133.0,0.0,0.0,0.0
1952-08-28,,122.0,0.0,0.0,0.0
1952-08-29,,144.0,0.0,0.0,0.0
1952-08-30,,144.0,0.0,0.0,0.0
1952-08-31,,189.0,0.0,0.0,0.0
1952-09-01,,,0.0,0.0,0.0
1952-09-02,,,168.0,0.0,0.0
1952-09-03,,,0.0,0.0,0.0
1952-09-04,,,0.0,0.0,0.0
1952-09-05,,,0.0,0.0,0.0
1952-09-06,,,0.0,0.0,0.0
1952-09-07,,,0.0,0.0,0.0
1952-09-08,,,0.0,0.0,0.0
1952-09-09,,,0.0,0.0,0.0
1952-09-10,,,0.0,0.0,0.0
1952-09-11,,,0.0,0.0,0.0
1952-09-12,,,0.0,0.0,0.0
1952-09-13,,,71.0,0.0,0.0
1952-09-14,,,0.0,0.0,0.0
1952-09-15,,,0.0,0.0,0.0
1952-09-16,,,0.0,0.0,0.0
1952-09-17,,,142.0,0.0,0.0
1952-09-18,,,366.0,0.0,0.0
1952-09-19,,,0.0,0.0,0.0
1952-09-20,,,0.0,0.0,0.0
1952-09-21,,,0.0,0.0,0.0
1952-09-22,,,0.0,0.0,0.0
1952-09-23,,,0.0,0.0,0.0
1952-09-24,,,0.0,0.0,0.0
1952-09-25,,,0.0,0.0,0.0
1952-09-26,,,0.0,0.0,0.0
1952-09-27,,,0.0,0.0,0.0
1952-09-28,,,0.0,0.0,0.0
1952-09-29,,,0.0,0.0,0.0
1952-09-30,,,0.0,0.0,0.0
1952-12-01,44.0,-67.0,472.0,0.0,0.0
1952-12-02,94.0,-17.0,0.0,0.0,0.0
1952-12-03,144.0,-6.0,0.0,0.0,0.0
1952-12-04,167.0,56.0,175.0,0.0,0.0
1952-12-05,128.0,-39.0,25.0,0.0,0.0
1952-12-06,172.0,-17.0,0.0,0.0,0.0
1952-12-07,200.0,50.0,0.0,0.0,0.0
1952-12-08,211.0,111.0,0.0,0.0,0.0
1952-12-09,261.0,161.0,0.0,0.0,0.0
1952-12-10,239.0,28.0,0.0,0.0,0.0
1952-12-11,167.0,-22.0,0.0,0.0,0.0
1952-12-12,139.0,6.0,0.0,0.0,0.0
1952-12-13,83.0,-6.0,0.0,0.0,0.0
1952-12-14,50.0,-61.0,0.0,0.0,0.0
1952-12-15,94.0,-78.0,0.0,0.0,0.0
1952-12-16,150.0,-44.0,0.0,0.0,0.0
1952-12-17,183.0,22.0,0.0,0.0,0.0
1952-12-18,228.0,106.0,0.0,0.0,0.0
1952-12-19,183.0,128.0,185.0,0.0,0.0
1952-12-20,156.0,67.0,0.0,0.0,0.0
1952-12-21,106.0,-33.0,0.0,0.0,0.0
1952-12-22,167.0,22.0,30.0,0.0,0.0
1952-12-23,172.0,-22.0,0.0,0.0,0.0
1952-12-24,117.0,6.0,0.0,0.0,0.0
1952-12-25,106.0,-22.0,0.0,0.0,0.0
1952-12-26,111.0,-44.0,0.0,0.0,0.0
1952-12-27,128.0,-6.0,0.0,0.0,0.0
1952-12-28,139.0,-6.0,0.0,0.0,0.0
1952-12-29,167.0,11.0,0.0,0.0,0.0
1952-12-30,139.0,67.0,163.0,0.0,0.0
1952-12-31,156.0,61.0,94.0,0.0,0.0
1953-01-01,161.0,22.0,0.0,0.0,0.0
1953-01-02,139.0,44.0,61.0,0.0,0.0
1953-01-03,111.0,-17.0,0.0,0.0,0.0
1953-01-04,144.0,-28.0,0.0,0.0,0.0
1953-01-05,167.0,-6.0,0.0,0.0,0.0
1953-01-06,228.0,50.0,0.0,0.0,0.0
1953-01-07,222.0,106.0,0.0,0.0,0.0
1953-01-08,222.0,78.0,53.0,0.0,0.0
1953-01-09,,11.0,0.0,0.0,0.0
1953-01-10,200.0,33.0,0.0,0.0,0.0
1953-01-11,156.0,-11.0,0.0,0.0,0.0
1953-01-12,161.0,-17.0,0.0,0.0,0.0
1953-01-13,189.0,56.0,0.0,0.0,0.0
1953-01-14,211.0,122.0,0.0,0.0,0.0
1953-01-15,217.0,,0.0,0.0,0.0
1953-01-16,217.0,-6.0,0.0,0.0,0.0
1953-01-17,50.0,-11.0,28.0,0.0,0.0
1953-01-18,139.0,-33.0,0.0,0.0,0.0
1953-01-19,189.0,61.0,0.0,0.0,0.0
1953-01-20,178.0,106.0,0.0,0.0,0.0
1953-01-21,172.0,61.0,0.0,0.0,0.0
1953-01-22,189.0,28.0,0.0,0.0,0.0
1953-01-23,172.0,44.0,287.0,0.0,0.0
1953-01-24,133.0,6.0,13.0,0.0,0.0
1953-01-25,200.0,-22.0,0.0,0.0,0.0
1953-01-26,239.0,50.0,0.0,0.0,0.0
1953-01-27,233.0,139.0,0.0,0.0,0.0
1953-01-28,228.0,17.0,0.0,0.0,0.0
1953-01-29,183.0,0.0,0.0,0.0,0.0
1953-01-30,178.0,72.0,160.0,0.0,0.0
1953-01-31,144.0,100.0,399.0,0.0,0.0
1953-02-01,200.0,33.0,0.0,0.0,0.0
1953-02-02,211.0,22.0,0.0,0.0,0.0
1953-02-03,217.0,44.0,0.0,0.0,0.0
1953-02-04,189.0,44.0,0.0,0.0,0.0
1953-02-05,228.0,78.0,0.0,0.0,0.0
1953-02-06,217.0,72.0,20.0,0.0,0.0
1953-02-07,156.0,0.0,0.0,0.0,0.0
1953-02-08,189.0,6.0,0.0,0.0,0.0
1953-02-09,194.0,39.0,0.0,0.0,0.0
1953-02-10,211.0,128.0,64.0,0.0,0.0
1953-02-11,194.0,111.0,564.0,0.0,0.0
1953-02-12,122.0,6.0,20.0,0.0,0.0
1953-02-13,133.0,-28.0,0.0,0.0,0.0
1953-02-14,122.0,0.0,13.0,0.0,0.0
1953-02-15,139.0,11.0,66.0,0.0,0.0
1953-02-16,161.0,50.0,0.0,0.0,0.0
1953-02-17,161.0,-28.0,0.0,0.0,0.0
1953-02-18,167.0,11.0,0.0,0.0,0.0
1953-02-19,133.0,56.0,328.0,0.0,0.0
1953-02-20,189.0,83.0,231.0,0.0,0.0
1953-02-21,100.0,-22.0,0.0,0.0,0.0
1953-02-22,94.0,-33.0,0.0,0.0,0.0
1953-02-23,106.0,-22.0,0.0,0.0,0.0
1953-02-24,89.0,28.0,119.0,0.0,0.0
1953-02-25,94.0,56.0,3.0,0.0,0.0
1953-02-26,178.0,11.0,0.0,0.0,0.0
1953-02-27,244.0,33.0,0.0,0.0,0.0
1953-02-28,239.0,78.0,0.0,0.0,0.0
1953-04-01,,,0.0,0.0,0.0
1953-04-02,,,0.0,0.0,0.0
1953-04-03,,,0.0,0.0,0.0
1953-04-04,,,0.0,0.0,0.0
1953-04-05,,,0.0,0.0,0.0
1953-04-06,,,,0.0,0.0
1953-04-07,222.0,67.0,0.0,0.0,0.0
1953-04-08,289.0,111.0,0.0,0.0,0.0
1953-04-09,283.0,194.0,0.0,0.0,0.0
1953-04-10,278.0,106.0,0.0,0.0,0.0
1953-04-11,256.0,111.0,0.0,0.0,0.0
1953-04-12,189.0,94.0,533.0,0.0,0.0
1953-04-13,172.0,6.0,0.0,0.0,0.0
1953-04-14,206.0,61.0,0.0,0.0,0.0
1953-04-15,222.0,106.0,94.0,0.0,0.0
1953-04-16,217.0,39.0,0.0,0.0,0.0
1953-04-17,261.0,78.0,0.0,0.0,0.0
1953-04-18,256.0,61.0,33.0,0.0,0.0
1953-04-19,161.0,-11.0,0.0,0.0,0.0
1953-04-20,161.0,0.0,0.0,0.0,0.0
1953-04-21,217.0,33.0,0.0,0.0,0.0
1953-04-22,267.0,106.0,0.0,0.0,0.0
1953-04-23,256.0,172.0,0.0,0.0,0.0
1953-04-24,250.0,150.0,615.0,0.0,0.0
1953-04-25,244.0,144.0,0.0,0.0,0.0
1953-04-26,239.0,89.0,0.0,0.0,0.0
1953-04-27,228.0,28.0,0.0,0.0,0.0
1953-04-28,261.0,117.0,0.0,0.0,0.0
1953-04-29,256.0,117.0,818.0,0.0,0.0
1953-04-30,267.0,156.0,0.0,0.0,0.0
1953-05-01,278.0,133.0,0.0,0.0,0.0
1953-05-02,278.0,150.0,0.0,0.0,0.0
1953-05-03,272.0,150.0,0.0,0.0,0.0
1953-05-04,267.0,167.0,1247.0,0.0,0.0
1953-05-05,211.0,122.0,0.0,0.0,0.0
1953-05-06,228.0,89.0,0.0,0.0,0.0
1953-05-07,250.0,117.0,0.0,0.0,0.0
1953-05-08,250.0,111.0,0.0,0.0,0.0
1953-05-09,289.0,144.0,0.0,0.0,0.0
1953-05-10,283.0,178.0,140.0,0.0,0.0
1953-05-11,267.0,167.0,361.0,0.0,0.0
1953-05-12,256.0,156.0,33.0,0.0,0.0
1953-05-13,272.0,161.0,102.0,0.0,0.0
1953-05-14,239.0,111.0,366.0,0.0,0.0
1953-05-15,189.0,122.0,211.0,0.0,0.0
1953-05-16,283.0,178.0,122.0,0.0,0.0
1953-05-17,278.0,183.0,462.0,0.0,0.0
1953-05-18,239.0,172.0,130.0,0.0,0.0
1953-05-19,278.0,161.0,43.0,0.0,0.0
1953-05-20,289.0,172.0,0.0,0.0,0.0
1953-05-21,300.0,183.0,0.0,0.0,0.0
1953-05-22,311.0,228.0,0.0,0.0,0.0
1953-05-23,317.0,261.0,0.0,0.0,0.0
1953-05-24,317.0,222.0,0.0,0.0,0.0
1953-05-25,311.0,211.0,0.0,0.0,0.0
1953-05-26,339.0,194.0,0.0,0.0,0.0
1953-05-27,350.0,194.0,0.0,0.0,0.0
1953-05-28,339.0,194.0,0.0,0.0,0.0
1953-05-29,339.0,194.0,0.0,0.0,0.0
1953-05-30,333.0,211.0,0.0,0.0,0.0
1953-05-31,328.0,189.0,0.0,0.0,0.0
1953-06-01,344.0,178.0,0.0,0.0,0.0
1953-06-02,333.0,172.0,0.0,0.0,0.0
1953-06-03,317.0,167.0,0.0,0.0,0.0
1953-06-04,317.0,200.0,0.0,0.0,0.0
1953-06-05,322.0,206.0,0.0,0.0,0.0
1953-06-06,350.0,200.0,0.0,0.0,0.0
1953-06-07,356.0,206.0,0.0,0.0,0.0
1953-06-08,350.0,228.0,0.0,0.0,0.0
1953-06-09,339.0,239.0,0.0,0.0,0.0
1953-06-10,356.0,222.0,0.0,0.0,0.0
1953-06-11,361.0,222.0,0.0,0.0,0.0
1953-06-12,361.0,206.0,0.0,0.0,0.0
1953-06-13,350.0,217.0,0.0,0.0,0.0
1953-06-14,344.0,222.0,0.0,0.0,0.0
1953-06-15,344.0,233.0,0.0,0.0,0.0
1953-06-16,344.0,233.0,0.0,0.0,0.0
1953-06-17,367.0,228.0,0.0,0.0,0.0
1953-06-18,344.0,228.0,0.0,0.0,0.0
1953-06-19,361.0,222.0,0.0,0.0,0.0
1953-06-20,372.0,228.0,0.0,0.0,0.0
1953-06-21,389.0,222.0,0.0,0.0,0.0
1953-06-22,356.0,194.0,0.0,0.0,0.0
1953-06-23,350.0,217.0,0.0,0.0,0.0
1953-06-24,361.0,228.0,0.0,0.0,0.0
1953-06-25,344.0,222.0,0.0,0.0,0.0
1953-06-26,333.0,200.0,0.0,0.0,0.0
1953-06-27,322.0,217.0,0.0,0.0,0.0
1953-06-28,317.0,217.0,0.0,0.0,0.0
1953-06-29,322.0,217.0,91.0,0.0,0.0
1953-06-30,356.0,211.0,0.0,0.0,0.0
1953-07-01,361.0,233.0,0.0,0.0,0.0
1953-07-02,350.0,228.0,0.0,0.0,0.0
1953-07-03,350.0,222.0,142.0,0.0,0.0
1953-07-04,350.0,228.0,0.0,0.0,0.0
1953-07-05,356.0,233.0,0.0,0.0,0.0
1953-07-06,,233.0,0.0,0.0,0.0
1953-07-07,356.0,222.0,0.0,0.0,0.0
1953-07-08,344.0,233.0,0.0,0.0,0.0
1953-07-09,,211.0,0.0,0.0,0.0
1953-07-10,294.0,194.0,0.0,0.0,0.0
1953-07-11,283.0,167.0,0.0,0.0,0.0
1953-07-12,256.0,172.0,0.0,0.0,0.0
1953-07-13,228.0,200.0,0.0,0.0,0.0
1953-07-14,294.0,189.0,0.0,0.0,0.0
1953-07-15,311.0,194.0,0.0,0.0,0.0
1953-07-16,300.0,172.0,114.0,0.0,0.0
1953-07-17,272.0,206.0,43.0,0.0,0.0
1953-07-18,344.0,172.0,0.0,0.0,0.0
1953-07-19,333.0,178.0,1044.0,0.0,0.0
1953-07-20,,211.0,69.0,0.0,0.0
1953-07-21,317.0,228.0,122.0,0.0,0.0
1953-07-22,,211.0,208.0,0.0,0.0
1953-07-23,,206.0,0.0,0.0,0.0
1953-07-24,,206.0,0.0,0.0,0.0
1953-07-25,328.0,200.0,0.0,0.0,0.0
1953-07-26,339.0,194.0,0.0,0.0,0.0
1953-07-27,,206.0,0.0,0.0,0.0
1953-07-28,356.0,194.0,0.0,0.0,0.0
1953-07-29,361.0,200.0,0.0,0.0,0.0
1953-07-30,350.0,222.0,0.0,0.0,0.0
1953-07-31,333.0,217.0,0.0,0.0,0.0
1953-08-01,333.0,211.0,0.0,0.0,0.0
1953-08-02,344.0,222.0,0.0,0.0,0.0
1953-08-03,344.0,217.0,0.0,0.0,0.0
1953-08-04,356.0,228.0,0.0,0.0,0.0
1953-08-05,361.0,222.0,0.0,0.0,0.0
1953-08-06,361.0,200.0,0.0,0.0,0.0
1953-08-07,372.0,200.0,0.0,0.0,0.0
1953-08-08,361.0,217.0,0.0,0.0,0.0
1953-08-09,339.0,189.0,0.0,0.0,0.0
1953-08-10,333.0,161.0,0.0,0.0,0.0
1953-08-11,350.0,206.0,0.0,0.0,0.0
1953-08-12,361.0,183.0,0.0,0.0,0.0
1953-08-13,350.0,189.0,0.0,0.0,0.0
1953-08-14,383.0,211.0,0.0,0.0,0.0
1953-08-15,367.0,206.0,0.0,0.0,0.0
1953-08-16,367.0,194.0,0.0,0.0,0.0
1953-08-17,339.0,200.0,0.0,0.0,0.0
1953-08-18,322.0,211.0,58.0,0.0,0.0
1953-08-19,306.0,200.0,0.0,0.0,0.0
1953-08-20,306.0,144.0,0.0,0.0,0.0
1953-08-21,317.0,,0.0,0.0,0.0
1953-08-22,317.0,189.0,0.0,0.0,0.0
1953-08-23,294.0,183.0,0.0,0.0,0.0
1953-08-24,317.0,150.0,0.0,0.0,0.0
1953-08-25,333.0,156.0,0.0,0.0,0.0
1953-08-26,339.0,150.0,0.0,0.0,0.0
1953-08-27,328.0,178.0,0.0,0.0,0.0
1953-08-28,328.0,206.0,0.0,0.0,0.0
1953-08-29,333.0,206.0,0.0,0.0,0.0
1953-08-30,344.0,200.0,0.0,0.0,0.0
1953-08-31,356.0,211.0,0.0,0.0,0.0
1953-09-01,367.0,,0.0,0.0,0.0
1953-09-02,367.0,200.0,0.0,0.0,0.0
1953-09-03,361.0,200.0,0.0,0.0,0.0
1953-09-04,311.0,194.0,282.0,0.0,0.0
1953-09-05,278.0,117.0,0.0,0.0,0.0
1953-09-06,317.0,94.0,0.0,0.0,0.0
1953-09-07,339.0,117.0,0.0,0.0,0.0
1953-09-08,328.0,183.0,0.0,0.0,0.0
1953-09-09,322.0,144.0,0.0,0.0,0.0
1953-09-10,339.0,144.0,0.0,0.0,0.0
1953-09-11,350.0,161.0,0.0,0.0,0.0
1953-09-12,367.0,167.0,0.0,0.0,0.0
1953-09-13,339.0,111.0,0.0,0.0,0.0
1953-09-14,356.0,150.0,0.0,0.0,0.0
1953-09-15,333.0,156.0,0.0,0.0,0.0
1953-09-16,356.0,106.0,0.0,0.0,0.0
1953-09-17,372.0,139.0,0.0,0.0,0.0
1953-09-18,350.0,206.0,0.0,0.0,0.0
1953-09-19,333.0,172.0,71.0,0.0,0.0
1953-09-20,350.0,156.0,0.0,0.0,0.0
1953-09-21,317.0,144.0,0.0,0.0,0.0
1953-09-22,256.0,100.0,0.0,0.0,0.0
1953-09-23,283.0,83.0,0.0,0.0,0.0
1953-09-24,317.0,144.0,0.0,0.0,0.0
1953-09-25,294.0,161.0,0.0,0.0,0.0
1953-09-26,311.0,156.0,0.0,0.0,0.0
1953-09-27,367.0,139.0,0.0,0.0,0.0
1953-09-28,389.0,167.0,0.0,0.0,0.0
1953-09-29,383.0,156.0,0.0,0.0,0.0
1953-09-30,361.0,194.0,0.0,0.0,0.0
1953-10-01,344.0,161.0,0.0,0.0,0.0
1953-10-02,333.0,206.0,0.0,0.0,0.0
1953-10-03,322.0,206.0,0.0,0.0,0.0
1953-10-04,317.0,172.0,0.0,0.0,0.0
1953-10-05,272.0,178.0,0.0,0.0,0.0
1953-10-06,244.0,78.0,0.0,0.0,0.0
1953-10-07,222.0,56.0,0.0,0.0,0.0
1953-10-08,250.0,61.0,0.0,0.0,0.0
1953-10-09,289.0,44.0,0.0,0.0,0.0
1953-10-10,317.0,78.0,0.0,0.0,0.0
1953-10-11,328.0,83.0,0.0,0.0,0.0
1953-10-12,339.0,139.0,0.0,0.0,0.0
1953-10-13,322.0,133.0,0.0,0.0,0.0
1953-10-14,328.0,122.0,0.0,0.0,0.0
1953-10-15,317.0,111.0,0.0,0.0,0.0
1953-10-16,306.0,67.0,0.0,0.0,0.0
1953-10-17,328.0,83.0,0.0,0.0,0.0
1953-10-18,328.0,94.0,0.0,0.0,0.0
1953-10-19,294.0,161.0,0.0,0.0,0.0
1953-10-20,300.0,128.0,0.0,0.0,0.0
1953-10-21,311.0,139.0,0.0,0.0,0.0
1953-10-22,311.0,122.0,0.0,0.0,0.0
1953-10-23,311.0,111.0,0.0,0.0,0.0
1953-10-24,244.0,139.0,0.0,0.0,0.0
1953-10-25,250.0,117.0,0.0,0.0,0.0
1953-10-26,228.0,117.0,241.0,0.0,0.0
1953-10-27,178.0,78.0,0.0,0.0,0.0
1953-10-28,200.0,33.0,0.0,0.0,0.0
1953-10-29,183.0,0.0,0.0,0.0,0.0
1953-10-30,211.0,-11.0,0.0,0.0,0.0
1953-10-31,206.0,50.0,0.0,0.0,0.0
1953-11-01,244.0,89.0,0.0,0.0,0.0
1953-11-02,233.0,39.0,0.0,0.0,0.0
1953-11-03,272.0,67.0,0.0,0.0,0.0
1953-11-04,211.0,100.0,36.0,0.0,0.0
1953-11-05,156.0,61.0,0.0,0.0,0.0
1953-11-06,128.0,-11.0,0.0,0.0,0.0
1953-11-07,94.0,28.0,0.0,0.0,0.0
1953-11-08,133.0,17.0,0.0,0.0,0.0
1953-11-09,150.0,-44.0,0.0,0.0,0.0
1953-11-10,189.0,-61.0,0.0,0.0,0.0
1953-11-11,217.0,-33.0,0.0,0.0,0.0
1953-11-12,233.0,-11.0,0.0,0.0,0.0
1953-11-13,244.0,0.0,0.0,0.0,0.0
1953-11-14,244.0,6.0,0.0,0.0,0.0
1953-11-15,250.0,17.0,0.0,0.0,0.0
1953-11-16,239.0,11.0,0.0,0.0,0.0
1953-11-17,222.0,28.0,0.0,0.0,0.0
1953-11-18,256.0,150.0,0.0,0.0,0.0
1953-11-19,239.0,167.0,94.0,0.0,0.0
1953-11-20,217.0,89.0,168.0,0.0,0.0
1953-11-21,161.0,-6.0,0.0,0.0,0.0
1953-11-22,122.0,67.0,584.0,0.0,0.0
1953-11-23,161.0,-6.0,0.0,0.0,0.0
1953-11-24,172.0,83.0,0.0,0.0,0.0
1953-11-25,161.0,-11.0,0.0,0.0,0.0
1953-11-26,144.0,-39.0,0.0,0.0,0.0
1953-11-27,150.0,28.0,0.0,0.0,0.0
1953-11-28,128.0,0.0,0.0,0.0,0.0
1953-11-29,122.0,28.0,86.0,0.0,0.0
1953-11-30,178.0,17.0,0.0,0.0,0.0
1953-12-01,200.0,39.0,0.0,0.0,0.0
1953-12-02,206.0,61.0,0.0,0.0,0.0
1953-12-03,217.0,83.0,645.0,0.0,0.0
1953-12-04,194.0,39.0,0.0,0.0,0.0
1953-12-05,200.0,50.0,38.0,0.0,0.0
1953-12-06,206.0,72.0,213.0,0.0,0.0
1953-12-07,167.0,0.0,0.0,0.0,0.0
1953-12-08,178.0,61.0,0.0,0.0,0.0
1953-12-09,156.0,-6.0,114.0,0.0,0.0
1953-12-10,133.0,-39.0,0.0,0.0,0.0
1953-12-11,111.0,39.0,0.0,0.0,0.0
1953-12-12,133.0,44.0,0.0,0.0,0.0
1953-12-13,117.0,-11.0,0.0,0.0,0.0
1953-12-14,100.0,17.0,0.0,0.0,0.0
1953-12-15,122.0,-56.0,0.0,0.0,0.0
1953-12-16,111.0,11.0,0.0,0.0,0.0
1953-12-17,72.0,-44.0,0.0,0.0,0.0
1953-12-18,72.0,-61.0,0.0,0.0,0.0
1953-12-19,117.0,-33.0,0.0,0.0,0.0
1953-12-20,94.0,22.0,86.0,0.0,0.0
1953-12-21,111.0,61.0,0.0,0.0,0.0
1953-12-22,117.0,,0.0,0.0,0.0
1953-12-23,6.0,-78.0,0.0,0.0,0.0
1953-12-24,61.0,-100.0,0.0,0.0,0.0
1953-12-25,111.0,-50.0,0.0,0.0,0.0
1953-12-26,161.0,-61.0,0.0,0.0,0.0
1953-12-27,156.0,17.0,0.0,0.0,0.0
1953-12-28,111.0,61.0,320.0,0.0,0.0
1953-12-29,139.0,44.0,0.0,0.0,0.0
1953-12-30,128.0,22.0,0.0,0.0,0.0
1953-12-31,128.0,-56.0,0.0,0.0,0.0
1954-01-01,161.0,-6.0,0.0,0.0,0.0
1954-01-02,211.0,50.0,0.0,0.0,0.0
1954-01-03,206.0,-6.0,0.0,0.0,0.0
1954-01-04,200.0,17.0,0.0,0.0,0.0
1954-01-05,172.0,11.0,0.0,0.0,0.0
1954-01-06,150.0,-11.0,0.0,0.0,0.0
1954-01-07,206.0,6.0,0.0,0.0,0.0
1954-01-08,211.0,61.0,0.0,0.0,0.0
1954-01-09,200.0,117.0,0.0,0.0,0.0
1954-01-10,189.0,-22.0,450.0,0.0,0.0
1954-01-11,78.0,-67.0,0.0,0.0,0.0
1954-01-12,39.0,-50.0,0.0,0.0,0.0
1954-01-13,28.0,-72.0,0.0,0.0,0.0
1954-01-14,128.0,11.0,140.0,0.0,0.0
1954-01-15,194.0,117.0,236.0,0.0,0.0
1954-01-16,133.0,50.0,0.0,0.0,0.0
1954-01-17,56.0,6.0,0.0,0.0,0.0
1954-01-18,117.0,-11.0,0.0,0.0,0.0
1954-01-19,183.0,56.0,51.0,0.0,0.0
1954-01-20,244.0,172.0,30.0,0.0,0.0
1954-01-21,233.0,-11.0,356.0,0.0,0.0
1954-01-22,-6.0,-56.0,0.0,0.0,0.0
1954-01-23,6.0,-56.0,0.0,0.0,0.0
1954-01-24,144.0,0.0,0.0,0.0,0.0
1954-01-25,200.0,111.0,0.0,0.0,0.0
1954-01-26,200.0,144.0,0.0,0.0,0.0
1954-01-27,189.0,0.0,0.0,0.0,0.0
1954-01-28,200.0,-6.0,0.0,0.0,0.0
1954-01-29,122.0,50.0,46.0,0.0,0.0
1954-01-30,144.0,83.0,188.0,0.0,0.0
1954-01-31,156.0,0.0,0.0,0.0,0.0
1954-02-01,189.0,-6.0,0.0,0.0,0.0
1954-02-02,194.0,11.0,0.0,0.0,0.0
1954-02-03,161.0,50.0,0.0,0.0,0.0
1954-02-04,206.0,-33.0,0.0,0.0,0.0
1954-02-05,194.0,-11.0,0.0,0.0,0.0
1954-02-06,183.0,11.0,0.0,0.0,0.0
1954-02-07,111.0,-39.0,0.0,0.0,0.0
1954-02-08,139.0,-83.0,0.0,0.0,0.0
1954-02-09,289.0,28.0,0.0,0.0,0.0
1954-02-10,272.0,100.0,0.0,0.0,0.0
1954-02-11,256.0,100.0,0.0,0.0,0.0
1954-02-12,106.0,-22.0,0.0,0.0,0.0
1954-02-13,200.0,-22.0,0.0,0.0,0.0
1954-02-14,250.0,67.0,0.0,0.0,0.0
1954-02-15,256.0,167.0,0.0,0.0,0.0
1954-02-16,244.0,111.0,109.0,0.0,0.0
1954-02-17,161.0,6.0,0.0,0.0,0.0
1954-02-18,194.0,22.0,0.0,0.0,0.0
1954-02-19,189.0,67.0,439.0,0.0,0.0
1954-02-20,161.0,44.0,0.0,0.0,0.0
1954-02-21,239.0,0.0,0.0,0.0,0.0
1954-02-22,222.0,56.0,0.0,0.0,0.0
1954-02-23,211.0,89.0,0.0,0.0,0.0
1954-02-24,194.0,-11.0,0.0,0.0,0.0
1954-02-25,261.0,56.0,0.0,0.0,0.0
1954-02-26,233.0,39.0,0.0,0.0,0.0
1954-02-27,272.0,150.0,0.0,0.0,0.0
1954-02-28,244.0,100.0,0.0,0.0,0.0
1954-03-01,256.0,-39.0,0.0,0.0,0.0
1954-03-02,183.0,28.0,229.0,0.0,0.0
1954-03-03,89.0,-11.0,0.0,0.0,0.0
1954-03-04,78.0,-61.0,0.0,0.0,0.0
1954-03-05,117.0,11.0,0.0,0.0,0.0
1954-03-06,133.0,0.0,0.0,0.0,0.0
1954-03-07,194.0,-17.0,0.0,0.0,0.0
1954-03-08,206.0,6.0,0.0,0.0,0.0
1954-03-09,239.0,44.0,0.0,0.0,0.0
1954-03-10,261.0,117.0,0.0,0.0,0.0
1954-03-11,300.0,150.0,0.0,0.0,0.0
1954-03-12,289.0,206.0,0.0,0.0,0.0
1954-03-13,261.0,94.0,0.0,0.0,0.0
1954-03-14,117.0,-17.0,0.0,0.0,0.0
1954-03-15,122.0,-50.0,0.0,0.0,0.0
1954-03-16,144.0,-28.0,0.0,0.0,0.0
1954-03-17,178.0,28.0,0.0,0.0,0.0
1954-03-18,211.0,61.0,0.0,0.0,0.0
1954-03-19,239.0,94.0,0.0,0.0,0.0
1954-03-20,206.0,56.0,0.0,0.0,0.0
1954-03-21,150.0,44.0,0.0,0.0,0.0
1954-03-22,239.0,89.0,0.0,0.0,0.0
1954-03-23,261.0,167.0,0.0,0.0,0.0
1954-03-24,289.0,194.0,0.0,0.0,0.0
1954-03-25,222.0,128.0,102.0,0.0,0.0
1954-03-26,217.0,117.0,0.0,0.0,0.0
1954-03-27,244.0,100.0,0.0,0.0,0.0
1954-03-28,261.0,89.0,0.0,0.0,0.0
1954-03-29,289.0,83.0,0.0,0.0,0.0
1954-03-30,261.0,89.0,0.0,0.0,0.0
1954-03-31,100.0,33.0,61.0,0.0,0.0
1954-04-01,156.0,0.0,0.0,0.0,0.0
1954-04-02,244.0,0.0,0.0,0.0,0.0
1954-04-03,283.0,50.0,0.0,0.0,0.0
1954-04-04,272.0,133.0,0.0,0.0,0.0
1954-04-05,289.0,161.0,0.0,0.0,0.0
1954-04-06,283.0,172.0,0.0,0.0,0.0
1954-04-07,300.0,194.0,0.0,0.0,0.0
1954-04-08,289.0,156.0,0.0,0.0,0.0
1954-04-09,267.0,100.0,0.0,0.0,0.0
1954-04-10,244.0,156.0,724.0,0.0,0.0
1954-04-11,261.0,156.0,56.0,0.0,0.0
1954-04-12,239.0,128.0,0.0,0.0,0.0
1954-04-13,217.0,117.0,254.0,0.0,0.0
1954-04-14,300.0,156.0,0.0,0.0,0.0
1954-04-15,272.0,122.0,175.0,0.0,0.0
1954-04-16,206.0,78.0,0.0,0.0,0.0
1954-04-17,211.0,22.0,0.0,0.0,0.0
1954-04-18,200.0,72.0,0.0,0.0,0.0
1954-04-19,261.0,100.0,0.0,0.0,0.0
1954-04-20,278.0,139.0,0.0,0.0,0.0
1954-04-21,289.0,106.0,0.0,0.0,0.0
1954-04-22,294.0,139.0,0.0,0.0,0.0
1954-04-23,300.0,106.0,0.0,0.0,0.0
1954-04-24,294.0,156.0,0.0,0.0,0.0
1954-04-25,306.0,161.0,0.0,0.0,0.0
1954-04-26,294.0,178.0,0.0,0.0,0.0
1954-04-27,267.0,178.0,0.0,0.0,0.0
1954-04-28,267.0,183.0,368.0,0.0,0.0
1954-04-29,289.0,178.0,249.0,0.0,0.0
1954-04-30,272.0,172.0,254.0,0.0,0.0
1954-05-01,228.0,172.0,178.0,0.0,0.0
1954-05-02,250.0,183.0,470.0,0.0,0.0
1954-05-03,167.0,83.0,0.0,0.0,0.0
1954-05-04,172.0,44.0,0.0,0.0,0.0
1954-05-05,217.0,33.0,0.0,0.0,0.0
1954-05-06,233.0,100.0,0.0,0.0,0.0
1954-05-07,222.0,144.0,0.0,0.0,0.0
1954-05-08,244.0,61.0,0.0,0.0,0.0
1954-05-09,239.0,122.0,137.0,0.0,0.0
1954-05-10,178.0,111.0,0.0,0.0,0.0
1954-05-11,189.0,111.0,0.0,0.0,0.0
1954-05-12,183.0,128.0,262.0,0.0,0.0
1954-05-13,217.0,122.0,0.0,0.0,0.0
1954-05-14,244.0,94.0,0.0,0.0,0.0
1954-05-15,261.0,89.0,0.0,0.0,0.0
1954-05-16,294.0,100.0,0.0,0.0,0.0
1954-05-17,256.0,122.0,36.0,0.0,0.0
1954-05-18,250.0,172.0,0.0,0.0,0.0
1954-05-19,244.0,139.0,0.0,0.0,0.0
1954-05-20,239.0,100.0,0.0,0.0,0.0
1954-05-21,239.0,50.0,0.0,0.0,0.0
1954-05-22,250.0,100.0,0.0,0.0,0.0
1954-05-23,283.0,106.0,0.0,0.0,0.0
1954-05-24,289.0,139.0,0.0,0.0,0.0
1954-05-25,278.0,183.0,0.0,0.0,0.0
1954-05-26,311.0,189.0,0.0,0.0,0.0
1954-05-27,272.0,178.0,109.0,0.0,0.0
1954-05-28,328.0,172.0,0.0,0.0,0.0
1954-05-29,322.0,178.0,0.0,0.0,0.0
1954-05-30,328.0,172.0,0.0,0.0,0.0
1954-05-31,322.0,167.0,0.0,0.0,0.0
1954-06-01,317.0,189.0,0.0,0.0,0.0
1954-06-02,300.0,178.0,0.0,0.0,0.0
1954-06-03,272.0,144.0,0.0,0.0,0.0
1954-06-04,278.0,156.0,0.0,0.0,0.0
1954-06-05,300.0,122.0,0.0,0.0,0.0
1954-06-06,317.0,183.0,0.0,0.0,0.0
1954-06-07,328.0,200.0,0.0,0.0,0.0
1954-06-08,328.0,194.0,0.0,0.0,0.0
1954-06-09,339.0,211.0,0.0,0.0,0.0
1954-06-10,344.0,200.0,0.0,0.0,0.0
1954-06-11,344.0,206.0,0.0,0.0,0.0
1954-06-12,350.0,167.0,0.0,0.0,0.0
1954-06-13,350.0,194.0,0.0,0.0,0.0
1954-06-14,339.0,211.0,0.0,0.0,0.0
1954-06-15,350.0,206.0,0.0,0.0,0.0
1954-06-16,344.0,211.0,0.0,0.0,0.0
1954-06-17,333.0,217.0,183.0,0.0,0.0
1954-06-18,322.0,211.0,0.0,0.0,0.0
1954-06-19,328.0,217.0,0.0,0.0,0.0
1954-06-20,339.0,200.0,0.0,0.0,0.0
1954-06-21,328.0,200.0,0.0,0.0,0.0
1954-06-22,344.0,206.0,0.0,0.0,0.0
1954-06-23,333.0,211.0,0.0,0.0,0.0
1954-06-24,356.0,194.0,0.0,0.0,0.0
1954-06-25,367.0,211.0,0.0,0.0,0.0
1954-06-26,367.0,211.0,0.0,0.0,0.0
1954-06-27,372.0,211.0,0.0,0.0,0.0
1954-06-28,383.0,211.0,0.0,0.0,0.0
1954-06-29,367.0,222.0,0.0,0.0,0.0
1954-06-30,367.0,217.0,0.0,0.0,0.0
1954-07-01,367.0,217.0,0.0,0.0,0.0
1954-07-02,372.0,211.0,0.0,0.0,0.0
1954-07-03,372.0,217.0,0.0,0.0,0.0
1954-07-04,361.0,211.0,0.0,0.0,0.0
1954-07-05,361.0,217.0,0.0,0.0,0.0
1954-07-06,367.0,217.0,0.0,0.0,0.0
1954-07-07,378.0,211.0,0.0,0.0,0.0
1954-07-08,378.0,222.0,0.0,0.0,0.0
1954-07-09,356.0,206.0,0.0,0.0,0.0
1954-07-10,361.0,217.0,0.0,0.0,0.0
1954-07-11,356.0,211.0,0.0,0.0,0.0
1954-07-12,367.0,228.0,0.0,0.0,0.0
1954-07-13,383.0,211.0,0.0,0.0,0.0
1954-07-14,372.0,211.0,0.0,0.0,0.0
1954-07-15,389.0,239.0,0.0,0.0,0.0
1954-07-16,406.0,233.0,0.0,0.0,0.0
1954-07-17,389.0,244.0,0.0,0.0,0.0
1954-07-18,406.0,244.0,0.0,0.0,0.0
1954-07-19,322.0,206.0,414.0,0.0,0.0
1954-07-20,322.0,217.0,0.0,0.0,0.0
1954-07-21,350.0,233.0,0.0,0.0,0.0
1954-07-22,356.0,233.0,0.0,0.0,0.0
1954-07-23,361.0,233.0,0.0,0.0,0.0
1954-07-24,389.0,233.0,0.0,0.0,0.0
1954-07-25,378.0,211.0,0.0,0.0,0.0
1954-07-26,328.0,211.0,0.0,0.0,0.0
1954-07-27,322.0,217.0,0.0,0.0,0.0
1954-07-28,333.0,206.0,0.0,0.0,0.0
1954-07-29,322.0,194.0,0.0,0.0,0.0
1954-07-30,322.0,206.0,0.0,0.0,0.0
1954-07-31,339.0,211.0,0.0,0.0,0.0
1954-08-01,333.0,217.0,0.0,0.0,0.0
1954-08-02,328.0,233.0,0.0,0.0,0.0
1954-08-03,383.0,189.0,0.0,0.0,0.0
1954-08-04,378.0,228.0,0.0,0.0,0.0
1954-08-05,372.0,222.0,0.0,0.0,0.0
1954-08-06,367.0,217.0,0.0,0.0,0.0
1954-08-07,383.0,239.0,0.0,0.0,0.0
1954-08-08,400.0,228.0,0.0,0.0,0.0
1954-08-09,389.0,239.0,0.0,0.0,0.0
1954-08-10,372.0,172.0,0.0,0.0,0.0
1954-08-11,394.0,206.0,0.0,0.0,0.0
1954-08-12,383.0,200.0,0.0,0.0,0.0
1954-08-13,372.0,189.0,0.0,0.0,0.0
1954-08-14,383.0,206.0,0.0,0.0,0.0
1954-08-15,400.0,228.0,0.0,0.0,0.0
1954-08-16,389.0,239.0,0.0,0.0,0.0
1954-08-17,378.0,228.0,0.0,0.0,0.0
1954-08-18,372.0,228.0,0.0,0.0,0.0
1954-08-28,378.0,217.0,0.0,0.0,0.0
1954-08-29,372.0,222.0,0.0,0.0,0.0
1954-08-30,394.0,211.0,0.0,0.0,0.0
1954-08-31,372.0,217.0,0.0,0.0,0.0
1954-09-01,344.0,144.0,0.0,0.0,0.0
1954-09-02,339.0,100.0,0.0,0.0,0.0
1954-09-03,372.0,150.0,0.0,0.0,0.0
1954-09-04,367.0,161.0,0.0,0.0,0.0
1954-09-05,367.0,172.0,0.0,0.0,0.0
1954-09-06,,,0.0,0.0,0.0
1954-09-07,,,0.0,0.0,0.0
1954-09-08,350.0,183.0,0.0,0.0,0.0
1954-09-09,350.0,200.0,0.0,0.0,0.0
1954-09-10,344.0,217.0,0.0,0.0,0.0
1954-09-11,317.0,150.0,0.0,0.0,0.0
1954-09-12,294.0,144.0,0.0,0.0,0.0
1954-09-13,322.0,117.0,0.0,0.0,0.0
1954-09-14,339.0,139.0,0.0,0.0,0.0
1954-09-15,350.0,156.0,0.0,0.0,0.0
1954-09-16,344.0,172.0,0.0,0.0,0.0
1954-09-17,283.0,178.0,0.0,0.0,0.0
1954-09-18,,,58.0,0.0,0.0
1954-09-19,,,0.0,0.0,0.0
1954-09-20,356.0,211.0,0.0,0.0,0.0
1954-09-21,344.0,206.0,124.0,0.0,0.0
1954-09-22,250.0,100.0,0.0,0.0,0.0
1954-09-23,256.0,111.0,0.0,0.0,0.0
1954-09-24,,117.0,0.0,0.0,0.0
1954-09-25,311.0,172.0,0.0,0.0,0.0
1954-09-26,333.0,172.0,0.0,0.0,0.0
1954-09-27,,178.0,0.0,0.0,0.0
1954-09-28,306.0,200.0,0.0,0.0,0.0
1954-09-29,,211.0,460.0,0.0,0.0
1954-09-30,,206.0,0.0,0.0,0.0
1954-10-01,,172.0,0.0,0.0,0.0
1954-10-02,344.0,217.0,0.0,0.0,0.0
1954-10-03,333.0,194.0,0.0,0.0,0.0
1954-10-04,,206.0,0.0,0.0,0.0
1954-10-05,,222.0,0.0,0.0,0.0
1954-10-06,,200.0,84.0,0.0,0.0
1954-10-07,228.0,150.0,0.0,0.0,0.0
1954-10-08,244.0,117.0,0.0,0.0,0.0
1954-10-09,283.0,161.0,0.0,0.0,0.0
1954-10-10,,183.0,0.0,0.0,0.0
1954-10-11,,228.0,0.0,0.0,0.0
1954-10-12,,172.0,201.0,0.0,0.0
1954-10-13,267.0,189.0,0.0,0.0,0.0
1954-10-14,,156.0,0.0,0.0,0.0
1954-10-15,,50.0,0.0,0.0,0.0
1954-10-16,200.0,11.0,0.0,0.0,0.0
1954-10-17,,33.0,0.0,0.0,0.0
1954-10-18,,39.0,0.0,0.0,0.0
1954-10-19,,94.0,0.0,0.0,0.0
1954-10-20,,61.0,0.0,0.0,0.0
1954-10-21,206.0,61.0,0.0,0.0,0.0
1954-10-22,,94.0,0.0,0.0,0.0
1954-10-23,244.0,117.0,0.0,0.0,0.0
1954-10-24,250.0,128.0,0.0,0.0,0.0
1954-10-25,261.0,172.0,0.0,0.0,0.0
1954-10-26,261.0,178.0,0.0,0.0,0.0
1954-10-27,,150.0,183.0,0.0,0.0
1954-10-28,,72.0,74.0,0.0,0.0
1954-10-29,156.0,89.0,0.0,0.0,0.0
1954-10-30,156.0,-17.0,0.0,0.0,0.0
1954-10-31,144.0,11.0,0.0,0.0,0.0
1954-11-01,139.0,33.0,0.0,0.0,0.0
1954-11-02,117.0,11.0,0.0,0.0,0.0
1954-11-03,94.0,-44.0,0.0,0.0,0.0
1954-11-04,89.0,39.0,414.0,0.0,0.0
1954-11-05,139.0,-28.0,0.0,0.0,0.0
1954-11-06,172.0,0.0,0.0,0.0,0.0
1954-11-07,200.0,39.0,0.0,0.0,0.0
1954-11-08,,11.0,0.0,0.0,0.0
1954-11-09,222.0,61.0,0.0,0.0,0.0
1954-11-10,211.0,94.0,0.0,0.0,0.0
1954-11-11,211.0,50.0,0.0,0.0,0.0
1954-11-12,217.0,44.0,0.0,0.0,0.0
1954-11-13,239.0,61.0,0.0,0.0,0.0
1954-11-14,222.0,72.0,0.0,0.0,0.0
1954-11-15,217.0,117.0,0.0,0.0,0.0
1954-11-16,194.0,128.0,196.0,0.0,0.0
1954-11-17,228.0,94.0,0.0,0.0,0.0
1954-11-18,206.0,111.0,0.0,0.0,0.0
1954-11-19,194.0,94.0,76.0,0.0,0.0
1954-11-20,161.0,39.0,0.0,0.0,0.0
1954-11-21,,22.0,0.0,0.0,0.0
1954-11-22,144.0,6.0,0.0,0.0,0.0
1954-11-23,,0.0,0.0,0.0,0.0
1954-11-24,139.0,39.0,0.0,0.0,0.0
1954-11-25,128.0,,0.0,0.0,0.0
1954-11-26,161.0,0.0,0.0,0.0,0.0
1954-11-27,178.0,61.0,140.0,0.0,0.0
1954-11-28,172.0,72.0,0.0,0.0,0.0
1954-11-29,156.0,-11.0,0.0,0.0,0.0
1954-11-30,183.0,,0.0,0.0,0.0
1954-12-01,178.0,44.0,0.0,0.0,0.0
1954-12-02,156.0,11.0,0.0,0.0,0.0
1954-12-03,161.0,-11.0,0.0,0.0,0.0
1954-12-04,167.0,,0.0,0.0,0.0
1954-12-05,211.0,106.0,0.0,0.0,0.0
1954-12-06,106.0,-6.0,0.0,0.0,0.0
1954-12-07,72.0,-67.0,0.0,0.0,0.0
1954-12-08,,11.0,0.0,0.0,0.0
1954-12-09,156.0,-6.0,0.0,0.0,0.0
1954-12-10,167.0,6.0,0.0,0.0,0.0
1954-12-11,161.0,-11.0,0.0,0.0,0.0
1954-12-12,150.0,,206.0,0.0,0.0
1954-12-13,122.0,-11.0,0.0,0.0,0.0
1954-12-14,78.0,-50.0,0.0,0.0,0.0
1954-12-15,133.0,-17.0,0.0,0.0,0.0
1954-12-16,,-17.0,0.0,0.0,0.0
1954-12-17,122.0,-6.0,0.0,0.0,0.0
1954-12-18,78.0,-11.0,0.0,0.0,0.0
1954-12-19,,,0.0,0.0,0.0
1954-12-20,172.0,,0.0,0.0,0.0
1954-12-21,194.0,,0.0,0.0,0.0
1954-12-22,200.0,,0.0,0.0,0.0
1954-12-23,217.0,,0.0,0.0,0.0
1954-12-24,167.0,39.0,0.0,0.0,0.0
1954-12-25,194.0,17.0,0.0,0.0,0.0
1954-12-26,183.0,83.0,0.0,0.0,0.0
1954-12-27,183.0,128.0,0.0,0.0,0.0
1954-12-28,167.0,122.0,0.0,0.0,0.0
1954-12-29,122.0,6.0,244.0,0.0,0.0
1954-12-30,106.0,-56.0,0.0,0.0,0.0
1954-12-31,144.0,17.0,0.0,0.0,0.0
1955-01-01,228.0,94.0,0.0,0.0,0.0
1955-01-02,217.0,28.0,0.0,0.0,0.0
1955-01-03,222.0,78.0,0.0,0.0,0.0
1955-01-04,228.0,139.0,0.0,0.0,0.0
1955-01-05,217.0,144.0,0.0,0.0,0.0
1955-01-06,200.0,44.0,28.0,0.0,0.0
1955-01-07,94.0,-11.0,0.0,0.0,0.0
1955-01-08,122.0,22.0,0.0,0.0,0.0
1955-01-09,117.0,39.0,0.0,0.0,0.0
1955-01-10,78.0,17.0,277.0,0.0,0.0
1955-01-11,72.0,-11.0,0.0,0.0,0.0
1955-01-12,172.0,50.0,0.0,0.0,0.0
1955-01-13,133.0,-33.0,0.0,0.0,0.0
1955-01-14,78.0,-44.0,0.0,0.0,0.0
1955-01-15,100.0,33.0,150.0,0.0,0.0
1955-01-16,111.0,17.0,0.0,0.0,0.0
1955-01-17,161.0,-22.0,0.0,0.0,0.0
1955-01-18,150.0,39.0,137.0,0.0,0.0
1955-01-19,78.0,6.0,0.0,0.0,0.0
1955-01-20,56.0,-17.0,0.0,0.0,0.0
1955-01-21,128.0,11.0,23.0,0.0,0.0
1955-01-22,117.0,-11.0,0.0,0.0,0.0
1955-01-23,122.0,-6.0,0.0,0.0,0.0
1955-01-24,133.0,6.0,0.0,0.0,0.0
1955-01-25,139.0,0.0,0.0,0.0,0.0
1955-01-26,156.0,17.0,112.0,0.0,0.0
1955-01-27,144.0,-17.0,0.0,0.0,0.0
1955-01-28,106.0,-39.0,0.0,0.0,0.0
1955-01-29,94.0,-106.0,0.0,0.0,0.0
1955-01-30,111.0,-44.0,0.0,0.0,0.0
1955-01-31,161.0,-17.0,0.0,0.0,0.0
1955-02-01,228.0,128.0,0.0,0.0,0.0
1955-02-02,206.0,56.0,0.0,0.0,0.0
1955-02-03,128.0,17.0,0.0,0.0,0.0
1955-02-04,67.0,6.0,,0.0,0.0
1955-02-05,111.0,17.0,,0.0,0.0
1955-02-06,100.0,22.0,,0.0,0.0
1955-02-07,111.0,0.0,0.0,0.0,0.0
1955-02-08,206.0,-33.0,0.0,0.0,0.0
1955-02-09,178.0,-39.0,0.0,0.0,0.0
1955-02-10,206.0,6.0,0.0,0.0,0.0
1955-02-11,6.0,-100.0,0.0,0.0,0.0
1955-02-12,44.0,-61.0,0.0,0.0,0.0
1955-02-13,150.0,-28.0,0.0,0.0,0.0
1955-02-14,200.0,56.0,0.0,0.0,0.0
1955-02-15,217.0,6.0,0.0,0.0,0.0
1955-02-16,200.0,122.0,0.0,0.0,0.0
1955-02-17,156.0,0.0,0.0,0.0,0.0
1955-02-18,183.0,11.0,0.0,0.0,0.0
1955-02-19,189.0,122.0,0.0,0.0,0.0
1955-02-20,189.0,44.0,,0.0,0.0
1955-02-21,56.0,-11.0,,0.0,0.0
1955-02-22,44.0,-22.0,0.0,0.0,0.0
1955-02-23,111.0,-61.0,0.0,0.0,0.0
1955-02-24,144.0,-22.0,0.0,0.0,0.0
1955-02-25,183.0,39.0,0.0,0.0,0.0
1955-02-26,233.0,156.0,33.0,0.0,0.0
1955-02-27,244.0,144.0,0.0,0.0,0.0
1955-02-28,256.0,156.0,0.0,0.0,0.0
1955-03-01,,,0.0,0.0,0.0
1955-03-02,,,0.0,0.0,0.0
1955-03-03,,,0.0,0.0,0.0
1955-03-04,,,0.0,0.0,0.0
1955-03-05,,,0.0,0.0,0.0
1955-03-06,,,0.0,0.0,0.0
1955-03-07,,,0.0,0.0,0.0
1955-03-08,,,0.0,0.0,0.0
1955-03-09,,,0.0,0.0,0.0
1955-03-10,,,0.0,0.0,0.0
1955-03-11,,,0.0,0.0,0.0
1955-03-12,,,0.0,0.0,0.0
1955-03-13,,,0.0,0.0,0.0
1955-03-14,,,0.0,0.0,0.0
1955-03-15,,,0.0,0.0,0.0
1955-03-16,,,0.0,0.0,0.0
1955-03-17,,,0.0,0.0,0.0
1955-03-18,,,0.0,0.0,0.0
1955-03-19,,,340.0,0.0,0.0
1955-03-20,,,53.0,0.0,0.0
1955-03-21,,,787.0,0.0,0.0
1955-03-22,,,0.0,0.0,0.0
1955-03-23,,,0.0,0.0,0.0
1955-03-24,,,0.0,0.0,0.0
1955-03-25,,,0.0,0.0,0.0
1955-03-26,,,0.0,0.0,0.0
1955-03-27,,,0.0,0.0,0.0
1955-03-28,,,0.0,0.0,0.0
1955-03-29,,,0.0,0.0,0.0
1955-03-30,,,0.0,0.0,0.0
1955-03-31,,,0.0,0.0,0.0
1955-04-01,,,112.0,0.0,0.0
1955-04-02,,,0.0,0.0,0.0
1955-04-03,,,0.0,0.0,0.0
1955-04-04,,,0.0,0.0,0.0
1955-04-05,,,0.0,0.0,0.0
1955-04-06,,,351.0,0.0,0.0
1955-04-07,,,0.0,0.0,0.0
1955-04-08,,,0.0,0.0,0.0
1955-04-09,,,0.0,0.0,0.0
1955-04-10,,,66.0,0.0,0.0
1955-04-11,,,0.0,0.0,0.0
1955-04-12,,,0.0,0.0,0.0
1955-04-13,,,818.0,0.0,0.0
1955-04-14,,,0.0,0.0,0.0
1955-04-15,,,0.0,0.0,0.0
1955-04-16,,,0.0,0.0,0.0
1955-04-17,,,0.0,0.0,0.0
1955-04-18,,,0.0,0.0,0.0
1955-04-19,,,0.0,0.0,0.0
1955-04-20,,,0.0,0.0,0.0
1955-04-21,272.0,161.0,160.0,0.0,0.0
1955-04-22,,,0.0,0.0,0.0
1955-04-23,,,127.0,0.0,0.0
1955-04-24,,,0.0,0.0,0.0
1955-04-25,,,0.0,0.0,0.0
1955-04-26,278.0,67.0,0.0,0.0,0.0
1955-04-27,272.0,144.0,0.0,0.0,0.0
1955-04-28,300.0,144.0,0.0,0.0,0.0
1955-04-29,317.0,133.0,0.0,0.0,0.0
1955-04-30,300.0,178.0,0.0,0.0,0.0
1955-05-01,294.0,133.0,0.0,0.0,0.0
1955-05-02,311.0,100.0,0.0,0.0,0.0
1955-05-03,311.0,94.0,0.0,0.0,0.0
1955-05-04,328.0,150.0,0.0,0.0,0.0
1955-05-05,322.0,156.0,76.0,0.0,0.0
1955-05-06,272.0,167.0,0.0,0.0,0.0
1955-05-07,311.0,167.0,0.0,0.0,0.0
1955-05-08,300.0,161.0,0.0,0.0,0.0
1955-05-09,311.0,172.0,0.0,0.0,0.0
1955-05-10,300.0,167.0,0.0,0.0,0.0
1955-05-11,300.0,183.0,0.0,0.0,0.0
1955-05-12,272.0,183.0,58.0,0.0,0.0
1955-05-13,300.0,172.0,0.0,0.0,0.0
1955-05-14,294.0,167.0,0.0,0.0,0.0
1955-05-15,267.0,144.0,0.0,0.0,0.0
1955-05-16,289.0,122.0,0.0,0.0,0.0
1955-05-17,278.0,189.0,0.0,0.0,0.0
1955-05-18,283.0,167.0,0.0,0.0,0.0
1955-05-19,289.0,183.0,20.0,0.0,0.0
1955-05-20,283.0,189.0,358.0,0.0,0.0
1955-05-21,239.0,150.0,673.0,0.0,0.0
1955-05-22,294.0,172.0,0.0,0.0,0.0
1955-05-23,256.0,139.0,312.0,0.0,0.0
1955-05-24,306.0,178.0,0.0,0.0,0.0
1955-05-25,322.0,217.0,480.0,0.0,0.0
1955-05-26,322.0,217.0,0.0,0.0,0.0
1955-05-27,322.0,217.0,0.0,0.0,0.0
1955-05-28,306.0,189.0,0.0,0.0,0.0
1955-05-29,278.0,128.0,0.0,0.0,0.0
1955-05-30,300.0,89.0,0.0,0.0,0.0
1955-05-31,,,0.0,0.0,0.0
1955-06-01,300.0,150.0,0.0,0.0,0.0
1955-06-02,317.0,133.0,0.0,0.0,0.0
1955-06-03,328.0,150.0,0.0,0.0,0.0
1955-06-04,311.0,150.0,0.0,0.0,0.0
1955-06-05,311.0,172.0,246.0,0.0,0.0
1955-06-06,294.0,167.0,0.0,0.0,0.0
1955-06-07,294.0,156.0,0.0,0.0,0.0
1955-06-08,317.0,128.0,0.0,0.0,0.0
1955-06-09,294.0,172.0,0.0,0.0,0.0
1955-06-10,244.0,111.0,36.0,0.0,0.0
1955-06-11,272.0,139.0,0.0,0.0,0.0
1955-06-12,261.0,100.0,0.0,0.0,0.0
1955-06-13,294.0,89.0,0.0,0.0,0.0
1955-06-14,300.0,211.0,0.0,0.0,0.0
1955-06-15,300.0,178.0,79.0,0.0,0.0
1955-06-16,294.0,172.0,0.0,0.0,0.0
1955-06-17,311.0,139.0,0.0,0.0,0.0
1955-06-18,350.0,144.0,0.0,0.0,0.0
1955-06-19,339.0,156.0,0.0,0.0,0.0
1955-06-20,339.0,172.0,0.0,0.0,0.0
1955-06-21,333.0,178.0,0.0,0.0,0.0
1955-06-22,356.0,167.0,0.0,0.0,0.0
1955-06-23,350.0,161.0,0.0,0.0,0.0
1955-06-24,339.0,194.0,0.0,0.0,0.0
1955-06-25,333.0,217.0,0.0,0.0,0.0
1955-06-26,328.0,194.0,89.0,0.0,0.0
1955-06-27,322.0,144.0,0.0,0.0,0.0
1955-06-28,344.0,189.0,0.0,0.0,0.0
1955-06-29,322.0,189.0,0.0,0.0,0.0
1955-06-30,322.0,189.0,206.0,0.0,0.0
1955-07-01,328.0,194.0,0.0,0.0,0.0
1955-07-02,333.0,200.0,0.0,0.0,0.0
1955-07-03,339.0,194.0,0.0,0.0,0.0
1955-07-04,339.0,211.0,0.0,0.0,0.0
1955-07-05,350.0,194.0,84.0,0.0,0.0
1955-07-06,350.0,228.0,0.0,0.0,0.0
1955-07-07,344.0,228.0,0.0,0.0,0.0
1955-07-08,350.0,233.0,0.0,0.0,0.0
1955-07-09,361.0,228.0,0.0,0.0,0.0
1955-07-10,372.0,183.0,0.0,0.0,0.0
1955-07-11,378.0,244.0,0.0,0.0,0.0
1955-07-12,350.0,239.0,0.0,0.0,0.0
1955-07-13,322.0,206.0,15.0,0.0,0.0
1955-07-14,267.0,206.0,208.0,0.0,0.0
1955-07-15,311.0,222.0,28.0,0.0,0.0
1955-07-16,317.0,228.0,58.0,0.0,0.0
1955-07-17,306.0,217.0,0.0,0.0,0.0
1955-07-18,333.0,206.0,0.0,0.0,0.0
1955-07-19,333.0,194.0,0.0,0.0,0.0
1955-07-20,350.0,200.0,0.0,0.0,0.0
1955-07-21,339.0,233.0,56.0,0.0,0.0
1955-07-22,322.0,217.0,368.0,0.0,0.0
1955-07-23,333.0,211.0,0.0,0.0,0.0
1955-07-24,333.0,217.0,0.0,0.0,0.0
1955-07-25,344.0,233.0,0.0,0.0,0.0
1955-07-26,356.0,222.0,0.0,0.0,0.0
1955-07-27,361.0,222.0,0.0,0.0,0.0
1955-07-28,356.0,217.0,0.0,0.0,0.0
1955-07-29,344.0,228.0,0.0,0.0,0.0
1955-07-30,361.0,228.0,0.0,0.0,0.0
1955-07-31,361.0,228.0,0.0,0.0,0.0
1955-08-01,333.0,228.0,0.0,0.0,0.0
1955-08-02,306.0,228.0,0.0,0.0,0.0
1955-08-03,300.0,217.0,0.0,0.0,0.0
1955-08-04,350.0,217.0,0.0,0.0,0.0
1955-08-05,333.0,194.0,348.0,0.0,0.0
1955-08-06,344.0,211.0,53.0,0.0,0.0
1955-08-07,350.0,222.0,0.0,0.0,0.0
1955-08-08,333.0,222.0,404.0,0.0,0.0
1955-08-09,317.0,217.0,0.0,0.0,0.0
1955-08-10,350.0,200.0,0.0,0.0,0.0
1955-08-11,339.0,217.0,0.0,0.0,0.0
1955-08-12,306.0,217.0,0.0,0.0,0.0
1955-08-13,306.0,167.0,0.0,0.0,0.0
1955-08-14,306.0,144.0,0.0,0.0,0.0
1955-08-15,317.0,161.0,0.0,0.0,0.0
1955-08-16,322.0,156.0,0.0,0.0,0.0
1955-08-17,328.0,156.0,0.0,0.0,0.0
1955-08-18,339.0,172.0,0.0,0.0,0.0
1955-08-19,344.0,189.0,0.0,0.0,0.0
1955-08-20,350.0,200.0,0.0,0.0,0.0
1955-08-21,356.0,194.0,0.0,0.0,0.0
1955-08-22,367.0,206.0,0.0,0.0,0.0
1955-08-23,339.0,228.0,254.0,0.0,0.0
1955-08-24,350.0,211.0,0.0,0.0,0.0
1955-08-25,339.0,211.0,0.0,0.0,0.0
1955-08-26,328.0,206.0,0.0,0.0,0.0
1955-08-27,328.0,228.0,0.0,0.0,0.0
1955-08-28,333.0,222.0,23.0,0.0,0.0
1955-08-29,322.0,217.0,64.0,0.0,0.0
1955-08-30,328.0,206.0,89.0,0.0,0.0
1955-08-31,344.0,200.0,0.0,0.0,0.0
1955-09-01,317.0,167.0,0.0,0.0,0.0
1955-09-02,300.0,100.0,0.0,0.0,0.0
1955-09-03,311.0,144.0,0.0,0.0,0.0
1955-09-04,322.0,167.0,0.0,0.0,0.0
1955-09-05,328.0,139.0,0.0,0.0,0.0
1955-09-06,339.0,156.0,0.0,0.0,0.0
1955-09-07,356.0,161.0,0.0,0.0,0.0
1955-09-08,378.0,172.0,0.0,0.0,0.0
1955-09-09,361.0,178.0,0.0,0.0,0.0
1955-09-10,339.0,189.0,0.0,0.0,0.0
1955-09-11,306.0,178.0,0.0,0.0,0.0
1955-09-12,306.0,172.0,0.0,0.0,0.0
1955-09-13,300.0,139.0,0.0,0.0,0.0
1955-09-14,328.0,167.0,0.0,0.0,0.0
1955-09-15,322.0,183.0,0.0,0.0,0.0
1955-09-16,328.0,156.0,0.0,0.0,0.0
1955-09-17,333.0,183.0,0.0,0.0,0.0
1955-09-18,328.0,178.0,0.0,0.0,0.0
1955-09-19,333.0,167.0,0.0,0.0,0.0
1955-09-20,356.0,189.0,0.0,0.0,0.0
1955-09-21,361.0,200.0,0.0,0.0,0.0
1955-09-22,339.0,217.0,0.0,0.0,0.0
1955-09-23,283.0,222.0,10.0,0.0,0.0
1955-09-24,261.0,211.0,8.0,0.0,0.0
1955-09-25,339.0,183.0,0.0,0.0,0.0
1955-09-26,333.0,156.0,0.0,0.0,0.0
1955-09-27,344.0,200.0,0.0,0.0,0.0
1955-09-28,344.0,217.0,0.0,0.0,0.0
1955-09-29,339.0,217.0,0.0,0.0,0.0
1955-09-30,311.0,200.0,119.0,0.0,0.0
1955-10-01,294.0,189.0,0.0,0.0,0.0
1955-10-02,278.0,161.0,0.0,0.0,0.0
1955-10-03,278.0,156.0,0.0,0.0,0.0
1955-10-04,289.0,206.0,0.0,0.0,0.0
1955-10-05,317.0,206.0,0.0,0.0,0.0
1955-10-06,322.0,222.0,0.0,0.0,0.0
1955-10-07,317.0,150.0,404.0,0.0,0.0
1955-10-08,228.0,56.0,0.0,0.0,0.0
1955-10-09,294.0,78.0,0.0,0.0,0.0
1955-10-10,283.0,94.0,0.0,0.0,0.0
1955-10-11,283.0,172.0,0.0,0.0,0.0
1955-10-12,283.0,172.0,196.0,0.0,0.0
1955-10-13,233.0,94.0,64.0,0.0,0.0
1955-10-14,217.0,39.0,0.0,0.0,0.0
1955-10-15,233.0,22.0,0.0,0.0,0.0
1955-10-16,283.0,22.0,0.0,0.0,0.0
1955-10-17,206.0,22.0,0.0,0.0,0.0
1955-10-18,206.0,22.0,0.0,0.0,0.0
1955-10-19,233.0,17.0,0.0,0.0,0.0
1955-10-20,272.0,100.0,0.0,0.0,0.0
1955-10-21,278.0,94.0,0.0,0.0,0.0
1955-10-22,278.0,139.0,0.0,0.0,0.0
1955-10-23,272.0,100.0,0.0,0.0,0.0
1955-10-24,267.0,111.0,0.0,0.0,0.0
1955-10-25,222.0,-6.0,0.0,0.0,0.0
1955-10-26,250.0,22.0,0.0,0.0,0.0
1955-10-27,256.0,61.0,0.0,0.0,0.0
1955-10-28,256.0,183.0,150.0,0.0,0.0
1955-10-29,211.0,56.0,0.0,0.0,0.0
1955-10-30,161.0,22.0,0.0,0.0,0.0
1955-10-31,228.0,17.0,0.0,0.0,0.0
1955-11-01,256.0,139.0,0.0,0.0,0.0
1955-11-02,256.0,167.0,38.0,0.0,0.0
1955-11-03,183.0,11.0,0.0,0.0,0.0
1955-11-04,178.0,-39.0,0.0,0.0,0.0
1955-11-05,189.0,6.0,0.0,0.0,0.0
1955-11-06,161.0,,66.0,0.0,0.0
1955-11-07,172.0,17.0,0.0,0.0,0.0
1955-11-08,167.0,-6.0,0.0,0.0,0.0
1955-11-09,139.0,-44.0,0.0,0.0,0.0
1955-11-10,172.0,11.0,0.0,0.0,0.0
1955-11-11,217.0,44.0,0.0,0.0,0.0
1955-11-12,283.0,156.0,0.0,0.0,0.0
1955-11-13,300.0,206.0,0.0,0.0,0.0
1955-11-14,306.0,206.0,0.0,0.0,0.0
1955-11-15,283.0,200.0,0.0,0.0,0.0
1955-11-16,261.0,72.0,10.0,0.0,0.0
1955-11-17,122.0,-28.0,0.0,0.0,0.0
1955-11-18,100.0,11.0,254.0,0.0,0.0
1955-11-19,144.0,28.0,180.0,0.0,0.0
1955-11-20,172.0,6.0,0.0,0.0,0.0
1955-11-21,206.0,28.0,0.0,0.0,0.0
1955-11-22,250.0,94.0,0.0,0.0,0.0
1955-11-23,239.0,117.0,114.0,0.0,0.0
1955-11-24,139.0,22.0,0.0,0.0,0.0
1955-11-25,156.0,39.0,38.0,0.0,0.0
1955-11-26,167.0,-28.0,0.0,0.0,0.0
1955-11-27,200.0,,0.0,0.0,0.0
1955-11-28,206.0,-56.0,0.0,0.0,0.0
1955-11-29,61.0,-100.0,0.0,0.0,0.0
1955-11-30,67.0,-78.0,0.0,0.0,0.0
1955-12-01,72.0,-22.0,330.0,0.0,0.0
1955-12-02,211.0,28.0,23.0,0.0,0.0
1955-12-03,217.0,156.0,127.0,0.0,0.0
1955-12-04,217.0,56.0,130.0,0.0,0.0
1955-12-05,128.0,11.0,0.0,0.0,0.0
1955-12-06,139.0,-17.0,0.0,0.0,0.0
1955-12-07,172.0,39.0,0.0,0.0,0.0
1955-12-08,161.0,-22.0,0.0,0.0,0.0
1955-12-09,106.0,-56.0,0.0,0.0,0.0
1955-12-10,39.0,-56.0,0.0,0.0,0.0
1955-12-11,44.0,-61.0,0.0,0.0,0.0
1955-12-12,72.0,-61.0,0.0,0.0,0.0
1955-12-13,128.0,-61.0,0.0,0.0,0.0
1955-12-14,178.0,6.0,0.0,0.0,0.0
1955-12-15,156.0,-33.0,0.0,0.0,0.0
1955-12-16,61.0,-122.0,0.0,0.0,0.0
1955-12-17,67.0,-17.0,5.0,0.0,0.0
1955-12-18,150.0,56.0,23.0,0.0,0.0
1955-12-19,94.0,0.0,0.0,0.0,0.0
1955-12-20,72.0,-44.0,0.0,0.0,0.0
1955-12-21,67.0,17.0,0.0,0.0,0.0
1955-12-22,128.0,6.0,0.0,0.0,0.0
1955-12-23,256.0,83.0,0.0,0.0,0.0
1955-12-24,272.0,111.0,0.0,0.0,0.0
1955-12-25,228.0,100.0,0.0,0.0,0.0
1955-12-26,150.0,94.0,0.0,0.0,0.0
1955-12-27,133.0,61.0,0.0,0.0,0.0
1955-12-28,194.0,72.0,0.0,0.0,0.0
1955-12-29,217.0,61.0,0.0,0.0,0.0
1955-12-30,200.0,33.0,0.0,0.0,0.0
1955-12-31,111.0,-78.0,0.0,0.0,0.0
1956-01-01,167.0,,0.0,0.0,0.0
1956-01-02,206.0,56.0,0.0,0.0,0.0
1956-01-03,206.0,6.0,0.0,0.0,0.0
1956-01-04,194.0,-33.0,0.0,0.0,0.0
1956-01-05,222.0,,0.0,0.0,0.0
1956-01-06,211.0,94.0,0.0,0.0,0.0
1956-01-07,,11.0,0.0,0.0,0.0
1956-01-08,78.0,-44.0,0.0,0.0,0.0
1956-01-09,111.0,-56.0,0.0,0.0,0.0
1956-01-10,111.0,-72.0,0.0,0.0,0.0
1956-01-11,106.0,,0.0,0.0,0.0
1956-01-12,89.0,-22.0,0.0,0.0,0.0
1956-01-13,106.0,-67.0,0.0,0.0,0.0
1956-01-14,122.0,-78.0,0.0,0.0,0.0
1956-01-15,,,0.0,0.0,0.0
1956-01-16,167.0,-33.0,0.0,0.0,0.0
1956-01-17,39.0,-61.0,0.0,0.0,0.0
1956-01-18,33.0,-17.0,318.0,0.0,0.0
1956-01-19,39.0,-11.0,119.0,0.0,0.0
1956-01-20,61.0,-11.0,8.0,0.0,0.0
1956-01-21,111.0,6.0,0.0,0.0,0.0
1956-01-22,106.0,39.0,25.0,0.0,0.0
1956-01-23,61.0,0.0,127.0,0.0,0.0
1956-01-24,28.0,-39.0,0.0,0.0,0.0
1956-01-25,111.0,-44.0,0.0,0.0,0.0
1956-01-26,106.0,17.0,0.0,0.0,0.0
1956-01-27,106.0,44.0,213.0,0.0,0.0
1956-01-28,222.0,89.0,0.0,0.0,0.0
1956-01-29,250.0,,241.0,0.0,0.0
1956-01-30,244.0,0.0,157.0,0.0,0.0
1956-01-31,106.0,-22.0,0.0,0.0,0.0
1956-02-01,156.0,44.0,114.0,0.0,0.0
1956-02-02,167.0,39.0,792.0,0.0,0.0
1956-02-03,,11.0,432.0,0.0,0.0
1956-02-04,56.0,22.0,330.0,0.0,0.0
1956-02-05,56.0,22.0,340.0,0.0,0.0
1956-02-06,83.0,-17.0,0.0,0.0,0.0
1956-02-07,139.0,-28.0,0.0,0.0,0.0
1956-02-08,139.0,44.0,150.0,0.0,0.0
1956-02-09,106.0,61.0,8.0,0.0,0.0
1956-02-10,94.0,50.0,56.0,0.0,0.0
1956-02-11,122.0,0.0,0.0,0.0,0.0
1956-02-12,144.0,0.0,0.0,0.0,0.0
1956-02-13,206.0,22.0,0.0,0.0,0.0
1956-02-14,211.0,128.0,0.0,0.0,0.0
1956-02-15,233.0,172.0,0.0,0.0,0.0
1956-02-16,250.0,111.0,150.0,0.0,0.0
1956-02-17,256.0,161.0,305.0,0.0,0.0
1956-02-18,250.0,83.0,0.0,0.0,0.0
1956-02-19,250.0,83.0,0.0,0.0,0.0
1956-02-20,200.0,50.0,36.0,0.0,0.0
1956-02-21,183.0,-11.0,0.0,0.0,0.0
1956-02-22,200.0,11.0,0.0,0.0,0.0
1956-02-23,217.0,94.0,5.0,0.0,0.0
1956-02-24,233.0,167.0,0.0,0.0,0.0
1956-02-25,222.0,78.0,33.0,0.0,0.0
1956-02-26,178.0,11.0,0.0,0.0,0.0
1956-02-27,256.0,67.0,0.0,0.0,0.0
1956-02-28,233.0,17.0,0.0,0.0,0.0
1956-02-29,206.0,-6.0,0.0,0.0,0.0
1956-03-01,200.0,56.0,0.0,0.0,0.0
1956-03-02,211.0,89.0,137.0,0.0,0.0
1956-03-03,200.0,144.0,0.0,0.0,0.0
1956-03-04,239.0,67.0,0.0,0.0,0.0
1956-03-05,267.0,133.0,0.0,0.0,0.0
1956-03-06,289.0,194.0,0.0,0.0,0.0
1956-03-07,289.0,61.0,46.0,0.0,0.0
1956-03-08,150.0,-33.0,0.0,0.0,0.0
1956-03-09,178.0,39.0,0.0,0.0,0.0
1956-03-10,222.0,50.0,0.0,0.0,0.0
1956-03-11,217.0,122.0,0.0,0.0,0.0
1956-03-12,139.0,33.0,0.0,0.0,0.0
1956-03-13,67.0,22.0,330.0,0.0,0.0
1956-03-14,100.0,39.0,107.0,0.0,0.0
1956-03-15,94.0,44.0,15.0,0.0,0.0
1956-03-16,128.0,39.0,20.0,0.0,0.0
1956-03-17,211.0,17.0,0.0,0.0,0.0
1956-03-18,206.0,17.0,0.0,0.0,0.0
1956-03-19,183.0,-17.0,0.0,0.0,0.0
1956-03-20,111.0,-28.0,0.0,0.0,0.0
1956-03-21,111.0,22.0,46.0,0.0,0.0
1956-03-22,133.0,39.0,130.0,0.0,0.0
1956-03-23,222.0,33.0,0.0,0.0,0.0
1956-03-24,222.0,56.0,0.0,0.0,0.0
1956-03-25,217.0,22.0,0.0,0.0,0.0
1956-03-26,250.0,117.0,0.0,0.0,0.0
1956-03-27,267.0,122.0,0.0,0.0,0.0
1956-03-28,267.0,122.0,46.0,0.0,0.0
1956-03-29,217.0,6.0,0.0,0.0,0.0
1956-03-30,222.0,-6.0,0.0,0.0,0.0
1956-03-31,239.0,89.0,0.0,0.0,0.0
1956-04-01,239.0,150.0,0.0,0.0,0.0
1956-04-02,267.0,200.0,0.0,0.0,0.0
1956-04-03,261.0,156.0,61.0,0.0,0.0
1956-04-04,256.0,56.0,28.0,0.0,0.0
1956-04-05,244.0,122.0,259.0,0.0,0.0
1956-04-06,250.0,122.0,152.0,0.0,0.0
1956-04-07,256.0,,0.0,0.0,0.0
1956-04-08,211.0,17.0,0.0,0.0,0.0
1956-04-09,211.0,89.0,36.0,0.0,0.0
1956-04-10,183.0,39.0,51.0,0.0,0.0
1956-04-11,183.0,56.0,0.0,0.0,0.0
1956-04-12,233.0,33.0,0.0,0.0,0.0
1956-04-13,278.0,94.0,0.0,0.0,0.0
1956-04-14,278.0,144.0,0.0,0.0,0.0
1956-04-15,278.0,106.0,15.0,0.0,0.0
1956-04-16,206.0,,0.0,0.0,0.0
1956-04-17,206.0,17.0,0.0,0.0,0.0
1956-04-18,222.0,22.0,0.0,0.0,0.0
1956-04-19,222.0,0.0,0.0,0.0,0.0
1956-04-20,228.0,11.0,0.0,0.0,0.0
1956-04-21,,,0.0,0.0,0.0
1956-04-22,222.0,,0.0,0.0,0.0
1956-04-23,206.0,67.0,0.0,0.0,0.0
1956-04-24,267.0,,0.0,0.0,0.0
1956-04-25,256.0,44.0,0.0,0.0,0.0
1956-04-26,272.0,,0.0,0.0,0.0
1956-04-27,267.0,156.0,0.0,0.0,0.0
1956-04-28,300.0,206.0,0.0,0.0,0.0
1956-04-29,294.0,200.0,18.0,0.0,0.0
1956-04-30,261.0,122.0,0.0,0.0,0.0
1956-05-01,183.0,111.0,292.0,0.0,0.0
1956-05-02,217.0,150.0,145.0,0.0,0.0
1956-05-03,261.0,139.0,0.0,0.0,0.0
1956-05-04,278.0,122.0,0.0,0.0,0.0
1956-05-05,283.0,117.0,0.0,0.0,0.0
1956-05-06,294.0,194.0,0.0,0.0,0.0
1956-05-07,317.0,150.0,25.0,0.0,0.0
1956-05-08,289.0,167.0,25.0,0.0,0.0
1956-05-09,294.0,144.0,0.0,0.0,0.0
1956-05-10,289.0,183.0,0.0,0.0,0.0
1956-05-11,306.0,211.0,0.0,0.0,0.0
1956-05-12,306.0,200.0,0.0,0.0,0.0
1956-05-13,311.0,211.0,0.0,0.0,0.0
1956-05-14,317.0,217.0,23.0,0.0,0.0
1956-05-15,283.0,194.0,43.0,0.0,0.0
1956-05-16,244.0,83.0,0.0,0.0,0.0
1956-05-17,311.0,133.0,0.0,0.0,0.0
1956-05-18,333.0,139.0,0.0,0.0,0.0
1956-05-19,333.0,189.0,0.0,0.0,0.0
1956-05-20,322.0,189.0,0.0,0.0,0.0
1956-05-21,322.0,183.0,0.0,0.0,0.0
1956-05-22,322.0,178.0,0.0,0.0,0.0
1956-05-23,328.0,161.0,0.0,0.0,0.0
1956-05-24,317.0,161.0,0.0,0.0,0.0
1956-05-25,311.0,172.0,165.0,0.0,0.0
1956-05-26,306.0,183.0,124.0,0.0,0.0
1956-05-27,322.0,200.0,0.0,0.0,0.0
1956-05-28,311.0,211.0,0.0,0.0,0.0
1956-05-29,317.0,200.0,0.0,0.0,0.0
1956-05-30,317.0,183.0,0.0,0.0,0.0
1956-05-31,311.0,183.0,0.0,0.0,0.0
1956-06-01,267.0,167.0,0.0,0.0,0.0
1956-06-02,256.0,94.0,0.0,0.0,0.0
1956-06-03,250.0,106.0,0.0,0.0,0.0
1956-06-04,278.0,156.0,0.0,0.0,0.0
1956-06-05,289.0,150.0,0.0,0.0,0.0
1956-06-06,317.0,161.0,0.0,0.0,0.0
1956-06-07,328.0,200.0,0.0,0.0,0.0
1956-06-08,350.0,183.0,0.0,0.0,0.0
1956-06-09,333.0,189.0,0.0,0.0,0.0
1956-06-10,328.0,211.0,0.0,0.0,0.0
1956-06-11,322.0,194.0,0.0,0.0,0.0
1956-06-12,339.0,189.0,119.0,0.0,0.0
1956-06-13,283.0,200.0,46.0,0.0,0.0
1956-06-14,239.0,178.0,312.0,0.0,0.0
1956-06-15,294.0,206.0,71.0,0.0,0.0
1956-06-16,300.0,222.0,8.0,0.0,0.0
1956-06-17,306.0,200.0,0.0,0.0,0.0
1956-06-18,317.0,200.0,0.0,0.0,0.0
1956-06-19,328.0,217.0,0.0,0.0,0.0
1956-06-20,322.0,206.0,0.0,0.0,0.0
1956-06-21,322.0,211.0,0.0,0.0,0.0
1956-06-22,333.0,217.0,0.0,0.0,0.0
1956-06-23,378.0,233.0,0.0,0.0,0.0
1956-06-24,378.0,200.0,0.0,0.0,0.0
1956-06-25,394.0,211.0,0.0,0.0,0.0
1956-06-26,344.0,244.0,0.0,0.0,0.0
1956-06-27,356.0,200.0,0.0,0.0,0.0
1956-06-28,356.0,211.0,0.0,0.0,0.0
1956-06-29,322.0,211.0,0.0,0.0,0.0
1956-06-30,344.0,217.0,0.0,0.0,0.0
1956-07-01,344.0,206.0,0.0,0.0,0.0
1956-07-02,350.0,211.0,0.0,0.0,0.0
1956-07-03,361.0,211.0,0.0,0.0,0.0
1956-07-04,361.0,206.0,0.0,0.0,0.0
1956-07-05,367.0,206.0,0.0,0.0,0.0
1956-07-06,367.0,200.0,0.0,0.0,0.0
1956-07-07,361.0,228.0,0.0,0.0,0.0
1956-07-08,361.0,189.0,0.0,0.0,0.0
1956-07-09,333.0,189.0,5.0,0.0,0.0
1956-07-10,317.0,200.0,0.0,0.0,0.0
1956-07-11,322.0,167.0,0.0,0.0,0.0
1956-07-12,339.0,178.0,0.0,0.0,0.0
1956-07-13,333.0,233.0,0.0,0.0,0.0
1956-07-14,333.0,222.0,0.0,0.0,0.0
1956-07-15,350.0,222.0,0.0,0.0,0.0
1956-07-16,350.0,206.0,0.0,0.0,0.0
1956-07-17,367.0,206.0,0.0,0.0,0.0
1956-07-18,350.0,228.0,0.0,0.0,0.0
1956-07-19,361.0,211.0,102.0,0.0,0.0
1956-07-20,356.0,200.0,10.0,0.0,0.0
1956-07-21,344.0,206.0,0.0,0.0,0.0
1956-07-22,339.0,211.0,0.0,0.0,0.0
1956-07-23,328.0,189.0,0.0,0.0,0.0
1956-07-24,317.0,200.0,0.0,0.0,0.0
1956-07-25,367.0,217.0,127.0,0.0,0.0
1956-07-26,356.0,222.0,0.0,0.0,0.0
1956-07-27,350.0,222.0,0.0,0.0,0.0
1956-07-28,350.0,217.0,0.0,0.0,0.0
1956-07-29,328.0,156.0,0.0,0.0,0.0
1956-07-30,350.0,206.0,15.0,0.0,0.0
1956-07-31,328.0,206.0,0.0,0.0,0.0
1956-08-01,328.0,206.0,0.0,0.0,0.0
1956-08-02,344.0,200.0,0.0,0.0,0.0
1956-08-03,361.0,217.0,0.0,0.0,0.0
1956-08-04,378.0,206.0,0.0,0.0,0.0
1956-08-05,378.0,228.0,0.0,0.0,0.0
1956-08-06,400.0,250.0,0.0,0.0,0.0
1956-08-07,394.0,211.0,0.0,0.0,0.0
1956-08-08,389.0,233.0,0.0,0.0,0.0
1956-08-09,383.0,233.0,0.0,0.0,0.0
1956-08-10,383.0,228.0,48.0,0.0,0.0
1956-08-11,372.0,211.0,5.0,0.0,0.0
1956-08-12,361.0,200.0,0.0,0.0,0.0
1956-08-13,367.0,228.0,0.0,0.0,0.0
1956-08-14,378.0,228.0,0.0,0.0,0.0
1956-08-15,378.0,211.0,0.0,0.0,0.0
1956-08-16,406.0,183.0,0.0,0.0,0.0
1956-08-17,383.0,217.0,0.0,0.0,0.0
1956-08-18,378.0,228.0,0.0,0.0,0.0
1956-08-19,372.0,228.0,0.0,0.0,0.0
1956-08-20,339.0,189.0,13.0,0.0,0.0
1956-08-21,267.0,128.0,0.0,0.0,0.0
1956-08-22,306.0,94.0,0.0,0.0,0.0
1956-08-23,350.0,139.0,0.0,0.0,0.0
1956-08-24,372.0,156.0,0.0,0.0,0.0
1956-08-25,372.0,183.0,0.0,0.0,0.0
1956-08-26,350.0,183.0,64.0,0.0,0.0
1956-08-27,283.0,194.0,310.0,0.0,0.0
1956-08-28,311.0,200.0,0.0,0.0,0.0
1956-08-29,344.0,222.0,69.0,0.0,0.0
1956-08-30,344.0,211.0,0.0,0.0,0.0
1956-08-31,339.0,200.0,0.0,0.0,0.0
1956-09-01,333.0,161.0,356.0,0.0,0.0
1956-09-02,294.0,156.0,0.0,0.0,0.0
1956-09-03,311.0,144.0,0.0,0.0,0.0
1956-09-04,289.0,172.0,0.0,0.0,0.0
1956-09-05,311.0,211.0,0.0,0.0,0.0
1956-09-06,306.0,178.0,0.0,0.0,0.0
1956-09-07,267.0,172.0,0.0,0.0,0.0
1956-09-08,261.0,117.0,0.0,0.0,0.0
1956-09-09,283.0,133.0,0.0,0.0,0.0
1956-09-10,294.0,139.0,0.0,0.0,0.0
1956-09-11,322.0,128.0,0.0,0.0,0.0
1956-09-12,328.0,150.0,0.0,0.0,0.0
1956-09-13,328.0,167.0,0.0,0.0,0.0
1956-09-14,344.0,194.0,0.0,0.0,0.0
1956-09-15,344.0,194.0,0.0,0.0,0.0
1956-09-16,339.0,194.0,0.0,0.0,0.0
1956-09-17,333.0,200.0,0.0,0.0,0.0
1956-09-18,317.0,194.0,0.0,0.0,0.0
1956-09-19,317.0,161.0,0.0,0.0,0.0
1956-09-20,300.0,150.0,0.0,0.0,0.0
1956-09-21,317.0,128.0,0.0,0.0,0.0
1956-09-22,333.0,178.0,0.0,0.0,0.0
1956-09-23,311.0,183.0,0.0,0.0,0.0
1956-09-24,283.0,167.0,0.0,0.0,0.0
1956-09-25,283.0,72.0,0.0,0.0,0.0
1956-09-26,311.0,144.0,0.0,0.0,0.0
1956-09-27,333.0,144.0,0.0,0.0,0.0
1956-09-28,311.0,139.0,0.0,0.0,0.0
1956-09-29,333.0,94.0,0.0,0.0,0.0
1956-09-30,328.0,144.0,0.0,0.0,0.0
1956-10-01,283.0,,0.0,0.0,0.0
1956-10-02,256.0,,61.0,0.0,0.0
1956-10-03,283.0,,0.0,0.0,0.0
1956-10-04,283.0,,18.0,0.0,0.0
1956-10-05,294.0,,0.0,0.0,0.0
1956-10-06,333.0,,0.0,0.0,0.0
1956-10-07,317.0,,0.0,0.0,0.0
1956-10-08,311.0,,0.0,0.0,0.0
1956-10-09,311.0,,0.0,0.0,0.0
1956-10-10,300.0,67.0,0.0,0.0,0.0
1956-10-11,306.0,94.0,0.0,0.0,0.0
1956-10-12,300.0,,0.0,0.0,0.0
1956-10-13,272.0,,0.0,0.0,0.0
1956-10-14,294.0,,0.0,0.0,0.0
1956-10-15,289.0,,0.0,0.0,0.0
1956-10-16,289.0,,0.0,0.0,0.0
1956-10-17,300.0,,0.0,0.0,0.0
1956-10-18,294.0,83.0,0.0,0.0,0.0
1956-10-19,289.0,150.0,0.0,0.0,0.0
1956-10-20,250.0,150.0,221.0,0.0,0.0
1956-10-21,189.0,139.0,58.0,0.0,0.0
1956-10-22,239.0,133.0,0.0,0.0,0.0
1956-10-23,278.0,100.0,0.0,0.0,0.0
1956-10-24,272.0,89.0,0.0,0.0,0.0
1956-10-25,278.0,111.0,0.0,0.0,0.0
1956-10-26,250.0,78.0,0.0,0.0,0.0
1956-10-27,239.0,50.0,0.0,0.0,0.0
1956-10-28,239.0,50.0,0.0,0.0,0.0
1956-10-29,250.0,117.0,0.0,0.0,0.0
1956-10-30,250.0,117.0,206.0,0.0,0.0
1956-10-31,200.0,67.0,0.0,0.0,0.0
1956-11-01,217.0,44.0,0.0,0.0,0.0
1956-11-02,261.0,,165.0,0.0,0.0
1956-11-03,267.0,150.0,79.0,0.0,0.0
1956-11-04,267.0,156.0,0.0,0.0,0.0
1956-11-05,239.0,161.0,18.0,0.0,0.0
1956-11-06,211.0,150.0,53.0,0.0,0.0
1956-11-07,222.0,100.0,0.0,0.0,0.0
1956-11-08,150.0,56.0,0.0,0.0,0.0
1956-11-09,122.0,-50.0,0.0,0.0,0.0
1956-11-10,211.0,-11.0,0.0,0.0,0.0
1956-11-11,233.0,61.0,0.0,0.0,0.0
1956-11-12,228.0,78.0,0.0,0.0,0.0
1956-11-13,239.0,78.0,0.0,0.0,0.0
1956-11-14,256.0,,0.0,0.0,0.0
1956-11-15,233.0,133.0,218.0,0.0,0.0
1956-11-16,156.0,6.0,0.0,0.0,0.0
1956-11-17,139.0,-44.0,0.0,0.0,0.0
1956-11-18,178.0,-22.0,0.0,0.0,0.0
1956-11-19,167.0,67.0,358.0,0.0,0.0
1956-11-20,244.0,122.0,0.0,0.0,0.0
1956-11-21,239.0,44.0,0.0,0.0,0.0
1956-11-22,139.0,-28.0,0.0,0.0,0.0
1956-11-23,200.0,-39.0,0.0,0.0,0.0
1956-11-24,156.0,-44.0,0.0,0.0,0.0
1956-11-25,194.0,-50.0,0.0,0.0,0.0
1956-11-26,144.0,22.0,0.0,0.0,0.0
1956-11-27,,,0.0,0.0,0.0
1956-11-28,167.0,11.0,0.0,0.0,0.0
1956-11-29,150.0,-22.0,0.0,0.0,0.0
1956-11-30,144.0,-56.0,0.0,0.0,0.0
1956-12-01,183.0,-28.0,0.0,0.0,0.0
1956-12-02,217.0,0.0,0.0,0.0,0.0
1956-12-03,233.0,72.0,0.0,0.0,0.0
1956-12-04,228.0,83.0,0.0,0.0,0.0
1956-12-05,256.0,161.0,0.0,0.0,0.0
1956-12-06,244.0,178.0,0.0,0.0,0.0
1956-12-07,244.0,189.0,0.0,0.0,0.0
1956-12-08,244.0,139.0,0.0,0.0,0.0
1956-12-09,239.0,6.0,0.0,0.0,0.0
1956-12-10,106.0,-72.0,0.0,0.0,0.0
1956-12-11,189.0,50.0,0.0,0.0,0.0
1956-12-12,194.0,72.0,0.0,0.0,0.0
1956-12-13,200.0,33.0,378.0,0.0,0.0
1956-12-14,89.0,22.0,0.0,0.0,0.0
1956-12-15,122.0,56.0,0.0,0.0,0.0
1956-12-16,178.0,-11.0,0.0,0.0,0.0
1956-12-17,200.0,56.0,124.0,0.0,0.0
1956-12-18,194.0,56.0,0.0,0.0,0.0
1956-12-19,161.0,56.0,56.0,0.0,0.0
1956-12-20,167.0,111.0,74.0,0.0,0.0
1956-12-21,156.0,89.0,15.0,0.0,0.0
1956-12-22,144.0,56.0,130.0,0.0,0.0
1956-12-23,161.0,89.0,0.0,0.0,0.0
1956-12-24,122.0,-17.0,0.0,0.0,0.0
1956-12-25,111.0,-39.0,0.0,0.0,0.0
1956-12-26,167.0,-6.0,0.0,0.0,0.0
1956-12-27,217.0,11.0,0.0,0.0,0.0
1956-12-28,206.0,61.0,0.0,0.0,0.0
1956-12-29,139.0,-22.0,0.0,0.0,0.0
1956-12-30,200.0,-6.0,0.0,0.0,0.0
1956-12-31,222.0,17.0,0.0,0.0,0.0
1957-01-01,211.0,56.0,0.0,0.0,0.0
1957-01-02,94.0,11.0,0.0,0.0,0.0
1957-01-03,122.0,-39.0,0.0,0.0,0.0
1957-01-04,106.0,,650.0,0.0,0.0
1957-01-05,139.0,39.0,0.0,0.0,0.0
1957-01-06,94.0,11.0,0.0,0.0,0.0
1957-01-07,133.0,11.0,0.0,0.0,0.0
1957-01-08,200.0,39.0,0.0,0.0,0.0
1957-01-09,267.0,178.0,0.0,0.0,0.0
1957-01-10,233.0,-11.0,0.0,0.0,0.0
1957-01-11,50.0,-22.0,0.0,0.0,0.0
1957-01-12,144.0,-17.0,0.0,0.0,0.0
1957-01-13,144.0,72.0,0.0,0.0,0.0
1957-01-14,139.0,-22.0,0.0,0.0,0.0
1957-01-15,6.0,-33.0,0.0,0.0,0.0
1957-01-16,0.0,-50.0,0.0,0.0,0.0
1957-01-17,50.0,-117.0,0.0,0.0,0.0
1957-01-18,89.0,-78.0,0.0,0.0,0.0
1957-01-19,111.0,-28.0,0.0,0.0,0.0
1957-01-20,178.0,67.0,30.0,0.0,0.0
1957-01-21,206.0,128.0,0.0,0.0,0.0
1957-01-22,206.0,167.0,356.0,0.0,0.0
1957-01-23,178.0,-11.0,0.0,0.0,0.0
1957-01-24,61.0,-22.0,104.0,0.0,0.0
1957-01-25,83.0,17.0,173.0,0.0,0.0
1957-01-26,83.0,6.0,5.0,0.0,0.0
1957-01-27,33.0,6.0,142.0,0.0,0.0
1957-01-28,139.0,17.0,51.0,0.0,0.0
1957-01-29,189.0,67.0,234.0,0.0,0.0
1957-01-30,72.0,11.0,160.0,0.0,0.0
1957-01-31,78.0,28.0,411.0,0.0,0.0
1957-02-01,117.0,50.0,437.0,0.0,0.0
1957-02-02,94.0,39.0,8.0,0.0,0.0
1957-02-03,172.0,39.0,0.0,0.0,0.0
1957-02-04,167.0,150.0,13.0,0.0,0.0
1957-02-05,206.0,117.0,0.0,0.0,0.0
1957-02-06,194.0,89.0,0.0,0.0,0.0
1957-02-07,178.0,94.0,0.0,0.0,0.0
1957-02-08,261.0,128.0,0.0,0.0,0.0
1957-02-09,278.0,167.0,0.0,0.0,0.0
1957-02-10,267.0,139.0,0.0,0.0,0.0
1957-02-11,194.0,83.0,0.0,0.0,0.0
1957-02-12,211.0,72.0,0.0,0.0,0.0
1957-02-13,194.0,17.0,0.0,0.0,0.0
1957-02-14,200.0,39.0,0.0,0.0,0.0
1957-02-15,239.0,56.0,38.0,0.0,0.0
1957-02-16,128.0,39.0,0.0,0.0,0.0
1957-02-17,156.0,-22.0,244.0,0.0,0.0
1957-02-18,144.0,56.0,0.0,0.0,0.0
1957-02-19,100.0,44.0,135.0,0.0,0.0
1957-02-20,83.0,11.0,0.0,0.0,0.0
1957-02-21,156.0,-39.0,0.0,0.0,0.0
1957-02-22,206.0,11.0,0.0,0.0,0.0
1957-02-23,217.0,111.0,0.0,0.0,0.0
1957-02-24,222.0,122.0,0.0,0.0,0.0
1957-02-25,206.0,128.0,434.0,0.0,0.0
1957-02-26,167.0,111.0,23.0,0.0,0.0
1957-02-27,139.0,44.0,0.0,0.0,0.0
1957-02-28,161.0,17.0,0.0,0.0,0.0
1957-03-01,194.0,17.0,0.0,0.0,0.0
1957-03-02,183.0,28.0,178.0,0.0,0.0
1957-03-03,94.0,72.0,58.0,0.0,0.0
1957-03-04,156.0,72.0,0.0,0.0,0.0
1957-03-05,183.0,78.0,20.0,0.0,0.0
1957-03-06,128.0,72.0,8.0,0.0,0.0
1957-03-07,94.0,22.0,84.0,0.0,0.0
1957-03-08,89.0,-44.0,0.0,0.0,0.0
1957-03-09,161.0,-6.0,0.0,0.0,0.0
1957-03-10,233.0,44.0,0.0,0.0,0.0
1957-03-11,228.0,161.0,15.0,0.0,0.0
1957-03-12,194.0,83.0,0.0,0.0,0.0
1957-03-13,222.0,83.0,0.0,0.0,0.0
1957-03-14,261.0,150.0,0.0,0.0,0.0
1957-03-15,189.0,28.0,0.0,0.0,0.0
1957-03-16,200.0,6.0,0.0,0.0,0.0
1957-03-17,178.0,89.0,152.0,0.0,0.0
1957-03-18,222.0,89.0,259.0,0.0,0.0
1957-03-19,183.0,56.0,0.0,0.0,0.0
1957-03-20,156.0,44.0,0.0,0.0,0.0
1957-03-21,178.0,61.0,203.0,0.0,0.0
1957-03-22,178.0,78.0,0.0,0.0,0.0
1957-03-23,183.0,67.0,0.0,0.0,0.0
1957-03-24,178.0,100.0,0.0,0.0,0.0
1957-03-25,172.0,67.0,15.0,0.0,0.0
1957-03-26,100.0,39.0,0.0,0.0,0.0
1957-03-27,167.0,0.0,0.0,0.0,0.0
1957-03-28,167.0,67.0,0.0,0.0,0.0
1957-03-29,222.0,17.0,0.0,0.0,0.0
1957-03-30,233.0,61.0,0.0,0.0,0.0
1957-03-31,200.0,128.0,226.0,0.0,0.0
1957-04-01,233.0,122.0,165.0,0.0,0.0
1957-04-02,294.0,128.0,0.0,0.0,0.0
1957-04-03,267.0,150.0,170.0,0.0,0.0
1957-04-04,250.0,139.0,231.0,0.0,0.0
1957-04-05,156.0,67.0,36.0,0.0,0.0
1957-04-06,239.0,28.0,0.0,0.0,0.0
1957-04-07,239.0,117.0,0.0,0.0,0.0
1957-04-08,239.0,94.0,0.0,0.0,0.0
1957-04-09,189.0,0.0,0.0,0.0,0.0
1957-04-10,211.0,28.0,0.0,0.0,0.0
1957-04-11,233.0,94.0,0.0,0.0,0.0
1957-04-12,194.0,56.0,0.0,0.0,0.0
1957-04-13,117.0,6.0,3.0,0.0,0.0
1957-04-14,161.0,22.0,0.0,0.0,0.0
1957-04-15,200.0,56.0,0.0,0.0,0.0
1957-04-16,183.0,106.0,91.0,0.0,0.0
1957-04-17,267.0,106.0,0.0,0.0,0.0
1957-04-18,289.0,150.0,0.0,0.0,0.0
1957-04-19,283.0,161.0,0.0,0.0,0.0
1957-04-20,294.0,167.0,0.0,0.0,0.0
1957-04-21,289.0,178.0,66.0,0.0,0.0
1957-04-22,283.0,156.0,0.0,0.0,0.0
1957-04-23,267.0,167.0,0.0,0.0,0.0
1957-04-24,283.0,178.0,74.0,0.0,0.0
1957-04-25,272.0,161.0,226.0,0.0,0.0
1957-04-26,267.0,172.0,30.0,0.0,0.0
1957-04-27,256.0,172.0,41.0,0.0,0.0
1957-04-28,267.0,161.0,25.0,0.0,0.0
1957-04-29,289.0,161.0,0.0,0.0,0.0
1957-04-30,283.0,172.0,0.0,0.0,0.0
1957-05-01,272.0,178.0,99.0,0.0,0.0
1957-05-02,244.0,167.0,53.0,0.0,0.0
1957-05-03,239.0,161.0,0.0,0.0,0.0
1957-05-04,206.0,89.0,0.0,0.0,0.0
1957-05-05,183.0,33.0,0.0,0.0,0.0
1957-05-06,239.0,33.0,0.0,0.0,0.0
1957-05-07,256.0,56.0,0.0,0.0,0.0
1957-05-08,267.0,128.0,0.0,0.0,0.0
1957-05-09,317.0,178.0,74.0,0.0,0.0
1957-05-10,294.0,183.0,0.0,0.0,0.0
1957-05-11,294.0,167.0,0.0,0.0,0.0
1957-05-12,311.0,194.0,0.0,0.0,0.0
1957-05-13,289.0,172.0,201.0,0.0,0.0
1957-05-14,278.0,167.0,0.0,0.0,0.0
1957-05-15,317.0,167.0,0.0,0.0,0.0
1957-05-16,311.0,194.0,0.0,0.0,0.0
1957-05-17,311.0,167.0,0.0,0.0,0.0
1957-05-18,300.0,194.0,0.0,0.0,0.0
1957-05-19,267.0,167.0,277.0,0.0,0.0
1957-05-20,283.0,139.0,0.0,0.0,0.0
1957-05-24,306.0,161.0,668.0,0.0,0.0
1957-05-25,300.0,194.0,48.0,0.0,0.0
1957-05-26,256.0,167.0,64.0,0.0,0.0
1957-05-27,278.0,133.0,0.0,0.0,0.0
1957-05-28,267.0,161.0,0.0,0.0,0.0
1957-05-29,283.0,106.0,0.0,0.0,0.0
1957-05-30,289.0,161.0,0.0,0.0,0.0
1957-05-31,328.0,128.0,0.0,0.0,0.0
1957-06-01,311.0,194.0,81.0,0.0,0.0
1957-06-02,294.0,167.0,0.0,0.0,0.0
1957-06-03,267.0,183.0,297.0,0.0,0.0
1957-06-04,294.0,183.0,30.0,0.0,0.0
1957-06-05,278.0,172.0,0.0,0.0,0.0
1957-06-06,300.0,200.0,0.0,0.0,0.0
1957-06-07,317.0,183.0,0.0,0.0,0.0
1957-06-08,289.0,200.0,399.0,0.0,0.0
1957-06-09,322.0,167.0,0.0,0.0,0.0
1957-06-10,317.0,189.0,173.0,0.0,0.0
1957-06-11,328.0,211.0,0.0,0.0,0.0
1957-06-12,322.0,222.0,0.0,0.0,0.0
1957-06-13,317.0,194.0,183.0,0.0,0.0
1957-06-14,328.0,222.0,0.0,0.0,0.0
1957-06-15,328.0,222.0,0.0,0.0,0.0
1957-06-16,328.0,222.0,0.0,0.0,0.0
1957-06-17,328.0,200.0,0.0,0.0,0.0
1957-06-18,333.0,194.0,0.0,0.0,0.0
1957-06-19,306.0,200.0,0.0,0.0,0.0
1957-06-20,322.0,194.0,0.0,0.0,0.0
1957-06-21,322.0,200.0,0.0,0.0,0.0
1957-06-22,294.0,217.0,147.0,0.0,0.0
1957-06-23,300.0,200.0,366.0,0.0,0.0
1957-06-24,261.0,189.0,201.0,0.0,0.0
1957-06-25,289.0,139.0,0.0,0.0,0.0
1957-06-26,311.0,139.0,0.0,0.0,0.0
1957-06-27,267.0,200.0,267.0,0.0,0.0
1957-06-28,328.0,206.0,254.0,0.0,0.0
1957-06-29,322.0,228.0,0.0,0.0,0.0
1957-06-30,322.0,228.0,0.0,0.0,0.0
1957-07-01,322.0,233.0,0.0,0.0,0.0
1957-07-02,322.0,194.0,338.0,0.0,0.0
1957-07-03,328.0,200.0,0.0,0.0,0.0
1957-07-04,350.0,222.0,0.0,0.0,0.0
1957-07-05,333.0,200.0,0.0,0.0,0.0
1957-07-06,322.0,150.0,0.0,0.0,0.0
1957-07-07,339.0,172.0,0.0,0.0,0.0
1957-07-08,339.0,178.0,0.0,0.0,0.0
1957-07-09,361.0,206.0,0.0,0.0,0.0
1957-07-10,344.0,222.0,0.0,0.0,0.0
1957-07-11,339.0,200.0,0.0,0.0,0.0
1957-07-12,328.0,161.0,0.0,0.0,0.0
1957-07-13,350.0,183.0,0.0,0.0,0.0
1957-07-14,356.0,194.0,0.0,0.0,0.0
1957-07-15,356.0,200.0,0.0,0.0,0.0
1957-07-16,361.0,222.0,0.0,0.0,0.0
1957-07-17,361.0,206.0,0.0,0.0,0.0
1957-07-18,350.0,217.0,0.0,0.0,0.0
1957-07-19,350.0,200.0,0.0,0.0,0.0
1957-07-20,322.0,211.0,0.0,0.0,0.0
1957-07-21,317.0,217.0,0.0,0.0,0.0
1957-07-22,306.0,217.0,51.0,0.0,0.0
1957-07-23,311.0,222.0,0.0,0.0,0.0
1957-07-24,306.0,222.0,236.0,0.0,0.0
1957-07-25,306.0,200.0,0.0,0.0,0.0
1957-07-26,350.0,194.0,0.0,0.0,0.0
1957-07-27,328.0,206.0,0.0,0.0,0.0
1957-07-28,344.0,200.0,0.0,0.0,0.0
1957-07-29,339.0,228.0,0.0,0.0,0.0
1957-07-30,311.0,200.0,460.0,0.0,0.0
1957-07-31,328.0,200.0,0.0,0.0,0.0
1957-08-01,361.0,233.0,0.0,0.0,0.0
1957-08-02,350.0,222.0,0.0,0.0,0.0
1957-08-03,361.0,244.0,0.0,0.0,0.0
1957-08-04,322.0,233.0,0.0,0.0,0.0
1957-08-05,283.0,194.0,226.0,0.0,0.0
1957-08-06,283.0,150.0,0.0,0.0,0.0
1957-08-07,317.0,167.0,0.0,0.0,0.0
1957-08-08,317.0,211.0,0.0,0.0,0.0
1957-08-09,328.0,211.0,0.0,0.0,0.0
1957-08-10,328.0,211.0,0.0,0.0,0.0
1957-08-11,339.0,222.0,0.0,0.0,0.0
1957-08-12,322.0,233.0,0.0,0.0,0.0
1957-08-13,322.0,239.0,0.0,0.0,0.0
1957-08-14,333.0,233.0,0.0,0.0,0.0
1957-08-15,328.0,206.0,0.0,0.0,0.0
1957-08-16,339.0,211.0,86.0,0.0,0.0
1957-08-17,306.0,211.0,0.0,0.0,0.0
1957-08-18,306.0,211.0,0.0,0.0,0.0
1957-08-19,306.0,183.0,0.0,0.0,0.0
1957-08-20,306.0,194.0,0.0,0.0,0.0
1957-08-21,311.0,161.0,0.0,0.0,0.0
1957-08-22,311.0,178.0,0.0,0.0,0.0
1957-08-23,322.0,189.0,0.0,0.0,0.0
1957-08-24,289.0,178.0,0.0,0.0,0.0
1957-08-25,333.0,211.0,0.0,0.0,0.0
1957-08-26,344.0,200.0,0.0,0.0,0.0
1957-08-27,333.0,200.0,0.0,0.0,0.0
1957-08-28,344.0,178.0,0.0,0.0,0.0
1957-08-29,339.0,194.0,0.0,0.0,0.0
1957-08-30,350.0,200.0,0.0,0.0,0.0
1957-08-31,311.0,211.0,0.0,0.0,0.0
1957-09-01,311.0,200.0,813.0,0.0,0.0
1957-09-02,322.0,206.0,0.0,0.0,0.0
1957-09-03,322.0,211.0,0.0,0.0,0.0
1957-09-04,339.0,200.0,0.0,0.0,0.0
1957-09-05,311.0,206.0,0.0,0.0,0.0
1957-09-06,289.0,200.0,0.0,0.0,0.0
1957-09-07,256.0,167.0,46.0,0.0,0.0
1957-09-08,244.0,128.0,0.0,0.0,0.0
1957-09-09,261.0,122.0,0.0,0.0,0.0
1957-09-10,283.0,139.0,0.0,0.0,0.0
1957-09-11,289.0,161.0,0.0,0.0,0.0
1957-09-12,294.0,183.0,630.0,0.0,0.0
1957-09-13,278.0,178.0,0.0,0.0,0.0
1957-09-14,306.0,150.0,0.0,0.0,0.0
1957-09-15,289.0,183.0,20.0,0.0,0.0
1957-09-16,278.0,167.0,267.0,0.0,0.0
1957-09-17,272.0,161.0,0.0,0.0,0.0
1957-09-18,272.0,189.0,0.0,0.0,0.0
1957-09-19,267.0,206.0,43.0,0.0,0.0
1957-09-20,311.0,211.0,0.0,0.0,0.0
1957-09-21,322.0,211.0,8.0,0.0,0.0
1957-09-22,244.0,189.0,716.0,0.0,0.0
1957-09-23,256.0,144.0,0.0,0.0,0.0
1957-09-24,267.0,100.0,0.0,0.0,0.0
1957-09-25,267.0,117.0,0.0,0.0,0.0
1957-09-26,267.0,172.0,0.0,0.0,0.0
1957-09-27,244.0,156.0,0.0,0.0,0.0
1957-09-28,233.0,150.0,0.0,0.0,0.0
1957-09-29,228.0,122.0,0.0,0.0,0.0
1957-09-30,217.0,156.0,0.0,0.0,0.0
1957-10-01,244.0,144.0,0.0,0.0,0.0
1957-10-02,267.0,167.0,30.0,0.0,0.0
1957-10-03,272.0,161.0,0.0,0.0,0.0
1957-10-04,267.0,156.0,0.0,0.0,0.0
1957-10-05,261.0,128.0,0.0,0.0,0.0
1957-10-06,250.0,83.0,0.0,0.0,0.0
1957-10-07,244.0,72.0,0.0,0.0,0.0
1957-10-08,256.0,67.0,0.0,0.0,0.0
1957-10-09,256.0,111.0,0.0,0.0,0.0
1957-10-10,233.0,139.0,0.0,0.0,0.0
1957-10-11,228.0,117.0,0.0,0.0,0.0
1957-10-12,228.0,83.0,0.0,0.0,0.0
1957-10-13,206.0,94.0,0.0,0.0,0.0
1957-10-14,233.0,133.0,0.0,0.0,0.0
1957-10-15,244.0,183.0,99.0,0.0,0.0
1957-10-16,250.0,178.0,102.0,0.0,0.0
1957-10-17,250.0,128.0,0.0,0.0,0.0
1957-10-18,194.0,44.0,0.0,0.0,0.0
1957-10-19,172.0,22.0,0.0,0.0,0.0
1957-10-20,194.0,44.0,0.0,0.0,0.0
1957-10-21,217.0,94.0,0.0,0.0,0.0
1957-10-22,206.0,156.0,597.0,0.0,0.0
1957-10-23,250.0,178.0,561.0,0.0,0.0
1957-10-24,194.0,122.0,0.0,0.0,0.0
1957-10-25,167.0,83.0,0.0,0.0,0.0
1957-10-26,111.0,39.0,0.0,0.0,0.0
1957-10-27,117.0,-22.0,0.0,0.0,0.0
1957-10-28,156.0,-33.0,0.0,0.0,0.0
1957-10-29,172.0,6.0,0.0,0.0,0.0
1957-10-30,217.0,106.0,0.0,0.0,0.0
1957-10-31,256.0,61.0,0.0,0.0,0.0
1957-11-01,272.0,111.0,0.0,0.0,0.0
1957-11-10,128.0,-11.0,0.0,0.0,0.0
1957-11-11,139.0,28.0,0.0,0.0,0.0
1957-11-12,106.0,39.0,152.0,0.0,0.0
1957-11-13,,,0.0,0.0,0.0
1957-11-14,183.0,61.0,140.0,0.0,0.0
1957-11-15,189.0,89.0,48.0,0.0,0.0
1957-11-16,222.0,172.0,0.0,0.0,0.0
1957-11-17,267.0,167.0,23.0,0.0,0.0
1957-11-18,244.0,78.0,470.0,0.0,0.0
1957-11-19,117.0,11.0,0.0,0.0,0.0
1957-11-20,161.0,11.0,0.0,0.0,0.0
1957-11-21,144.0,28.0,0.0,0.0,0.0
1957-11-22,111.0,11.0,152.0,0.0,0.0
1957-11-23,78.0,11.0,0.0,0.0,0.0
1957-11-24,78.0,56.0,127.0,0.0,0.0
1957-11-25,150.0,39.0,48.0,0.0,0.0
1957-11-26,211.0,33.0,0.0,0.0,0.0
1957-11-27,172.0,44.0,0.0,0.0,0.0
1957-11-28,172.0,50.0,147.0,0.0,0.0
1957-11-29,183.0,11.0,0.0,0.0,0.0
1957-11-30,150.0,-17.0,0.0,0.0,0.0
1957-12-01,178.0,-11.0,0.0,0.0,0.0
1957-12-02,183.0,11.0,0.0,0.0,0.0
1957-12-03,200.0,94.0,0.0,0.0,0.0
1957-12-04,206.0,-28.0,0.0,0.0,0.0
1957-12-05,206.0,28.0,0.0,0.0,0.0
1957-12-06,183.0,133.0,0.0,0.0,0.0
1957-12-07,178.0,67.0,353.0,0.0,0.0
1957-12-08,106.0,11.0,0.0,0.0,0.0
1957-12-09,100.0,28.0,0.0,0.0,0.0
1957-12-10,178.0,0.0,0.0,0.0,0.0
1957-12-11,128.0,-83.0,0.0,0.0,0.0
1957-12-12,78.0,-100.0,0.0,0.0,0.0
1957-12-13,156.0,17.0,0.0,0.0,0.0
1957-12-14,200.0,100.0,0.0,0.0,0.0
1957-12-15,211.0,144.0,48.0,0.0,0.0
1957-12-16,206.0,106.0,0.0,0.0,0.0
1957-12-17,183.0,94.0,48.0,0.0,0.0
1957-12-18,211.0,122.0,8.0,0.0,0.0
1957-12-19,206.0,106.0,43.0,0.0,0.0
1957-12-20,178.0,56.0,46.0,0.0,0.0
1957-12-21,189.0,-6.0,0.0,0.0,0.0
1957-12-22,194.0,50.0,0.0,0.0,0.0
1957-12-23,206.0,61.0,0.0,0.0,0.0
1957-12-24,200.0,117.0,0.0,0.0,0.0
1957-12-25,189.0,100.0,213.0,0.0,0.0
1957-12-26,156.0,17.0,0.0,0.0,0.0
1957-12-27,89.0,0.0,191.0,0.0,0.0
1957-12-28,133.0,33.0,0.0,0.0,0.0
1957-12-29,144.0,-17.0,0.0,0.0,0.0
1957-12-30,167.0,11.0,13.0,0.0,0.0
1957-12-31,139.0,56.0,64.0,0.0,0.0
1958-01-01,78.0,-39.0,0.0,0.0,0.0
1958-01-02,83.0,-28.0,0.0,0.0,0.0
1958-01-03,100.0,-17.0,0.0,0.0,0.0
1958-01-04,100.0,-44.0,0.0,0.0,0.0
1958-01-05,106.0,-22.0,0.0,0.0,0.0
1958-01-06,100.0,6.0,0.0,0.0,0.0
1958-01-07,83.0,-44.0,0.0,0.0,0.0
1958-01-08,28.0,-61.0,0.0,0.0,0.0
1958-01-09,139.0,-22.0,0.0,0.0,0.0
1958-01-10,172.0,17.0,0.0,0.0,0.0
1958-01-11,183.0,28.0,0.0,0.0,0.0
1958-01-12,156.0,61.0,0.0,0.0,0.0
1958-01-13,144.0,61.0,401.0,0.0,0.0
1958-01-14,144.0,50.0,0.0,0.0,0.0
1958-01-15,128.0,33.0,208.0,0.0,0.0
1958-01-16,111.0,17.0,3.0,0.0,0.0
1958-01-17,144.0,-22.0,0.0,0.0,0.0
1958-01-18,133.0,-22.0,0.0,0.0,0.0
1958-01-19,78.0,6.0,0.0,0.0,0.0
1958-01-20,122.0,33.0,330.0,0.0,0.0
1958-01-21,122.0,22.0,69.0,0.0,0.0
1958-01-22,100.0,0.0,0.0,0.0,0.0
1958-01-23,78.0,-28.0,0.0,0.0,0.0
1958-01-24,100.0,17.0,15.0,0.0,0.0
1958-01-25,117.0,-17.0,0.0,0.0,0.0
1958-01-26,139.0,17.0,0.0,0.0,0.0
1958-01-27,133.0,6.0,0.0,0.0,0.0
1958-01-28,106.0,-6.0,0.0,0.0,0.0
1958-01-29,133.0,-28.0,0.0,0.0,0.0
1958-01-30,178.0,33.0,0.0,0.0,0.0
1958-01-31,222.0,56.0,0.0,0.0,0.0
1958-02-01,172.0,-28.0,0.0,0.0,0.0
1958-02-02,100.0,-67.0,0.0,0.0,0.0
1958-02-03,89.0,-33.0,0.0,0.0,0.0
1958-02-04,122.0,-22.0,0.0,0.0,0.0
1958-02-05,211.0,117.0,0.0,0.0,0.0
1958-02-06,194.0,-6.0,30.0,0.0,0.0
1958-02-07,67.0,-28.0,0.0,0.0,0.0
1958-02-08,61.0,-67.0,0.0,0.0,0.0
1958-02-09,39.0,-17.0,0.0,0.0,0.0
1958-02-10,11.0,-67.0,0.0,0.0,0.0
1958-02-11,44.0,-50.0,0.0,0.0,0.0
1958-02-12,28.0,-67.0,0.0,0.0,0.0
1958-02-13,61.0,-94.0,0.0,0.0,0.0
1958-02-14,56.0,-22.0,325.0,,
1958-02-15,39.0,0.0,58.0,,
1958-02-16,11.0,-78.0,0.0,,0.0
1958-02-17,-28.0,-100.0,0.0,0.0,0.0
1958-02-18,61.0,-33.0,0.0,0.0,0.0
1958-02-19,61.0,-39.0,0.0,0.0,0.0
1958-02-20,94.0,-50.0,0.0,0.0,0.0
1958-02-21,172.0,-6.0,0.0,0.0,0.0
1958-02-22,211.0,33.0,0.0,0.0,0.0
1958-02-23,194.0,33.0,0.0,0.0,0.0
1958-02-24,189.0,44.0,0.0,0.0,0.0
1958-02-25,183.0,61.0,0.0,0.0,0.0
1958-02-26,167.0,67.0,234.0,0.0,0.0
1958-02-27,189.0,106.0,89.0,0.0,0.0
1958-02-28,183.0,89.0,0.0,0.0,0.0
1958-03-01,167.0,11.0,0.0,0.0,0.0
1958-03-02,161.0,28.0,0.0,0.0,0.0
1958-03-03,178.0,22.0,0.0,0.0,0.0
1958-03-04,156.0,28.0,0.0,0.0,0.0
1958-03-05,178.0,39.0,0.0,0.0,0.0
1958-03-06,139.0,56.0,3.0,0.0,0.0
1958-03-07,217.0,100.0,104.0,0.0,0.0
1958-03-08,189.0,100.0,216.0,0.0,0.0
1958-03-09,150.0,67.0,0.0,0.0,0.0
1958-03-10,156.0,17.0,0.0,0.0,0.0
1958-03-11,139.0,67.0,0.0,0.0,0.0
1958-03-12,89.0,17.0,76.0,0.0,0.0
1958-03-13,78.0,-11.0,13.0,0.0,0.0
1958-03-14,133.0,-6.0,0.0,0.0,0.0
1958-03-15,144.0,-22.0,0.0,0.0,0.0
1958-03-16,161.0,17.0,0.0,0.0,0.0
1958-03-17,150.0,-11.0,137.0,0.0,0.0
1958-03-18,89.0,0.0,0.0,0.0,0.0
1958-03-19,122.0,17.0,0.0,0.0,0.0
1958-03-20,167.0,-11.0,0.0,0.0,0.0
1958-03-21,167.0,28.0,0.0,0.0,0.0
1958-03-22,200.0,44.0,0.0,0.0,0.0
1958-03-23,194.0,133.0,305.0,0.0,0.0
1958-03-24,139.0,33.0,20.0,0.0,0.0
1958-03-25,117.0,56.0,8.0,0.0,0.0
1958-03-26,78.0,17.0,20.0,0.0,0.0
1958-03-27,144.0,61.0,0.0,0.0,0.0
1958-03-28,183.0,94.0,0.0,0.0,0.0
1958-03-29,183.0,83.0,,0.0,0.0
1958-03-30,167.0,61.0,,0.0,0.0
1958-03-31,189.0,100.0,0.0,0.0,0.0
1958-04-01,228.0,94.0,0.0,0.0,0.0
1958-04-02,250.0,122.0,0.0,0.0,0.0
1958-04-03,289.0,133.0,0.0,0.0,0.0
1958-04-04,306.0,128.0,0.0,0.0,0.0
1958-04-05,283.0,144.0,0.0,0.0,0.0
1958-04-06,250.0,128.0,0.0,0.0,0.0
1958-04-07,194.0,56.0,0.0,0.0,0.0
1958-04-08,172.0,56.0,0.0,0.0,0.0
1958-04-09,189.0,44.0,8.0,0.0,0.0
1958-04-10,189.0,56.0,13.0,0.0,0.0
1958-04-11,189.0,100.0,23.0,0.0,0.0
1958-04-12,211.0,61.0,0.0,0.0,0.0
1958-04-13,233.0,139.0,0.0,0.0,0.0
1958-04-14,222.0,122.0,127.0,0.0,0.0
1958-04-15,194.0,94.0,43.0,0.0,0.0
1958-04-16,239.0,117.0,0.0,0.0,0.0
1958-04-17,283.0,72.0,0.0,0.0,0.0
1958-04-18,267.0,117.0,0.0,0.0,0.0
1958-04-19,244.0,128.0,20.0,0.0,0.0
1958-04-20,211.0,144.0,71.0,0.0,0.0
1958-04-21,256.0,128.0,0.0,0.0,0.0
1958-04-22,256.0,117.0,79.0,0.0,0.0
1958-04-23,294.0,122.0,0.0,0.0,0.0
1958-04-24,294.0,150.0,0.0,0.0,0.0
1958-04-25,256.0,106.0,417.0,0.0,0.0
1958-04-26,178.0,122.0,927.0,0.0,0.0
1958-04-27,250.0,144.0,358.0,0.0,0.0
1958-04-28,261.0,150.0,25.0,0.0,0.0
1958-04-29,233.0,106.0,229.0,0.0,0.0
1958-04-30,139.0,89.0,229.0,0.0,0.0
1958-05-01,189.0,111.0,,0.0,0.0
1958-05-02,278.0,183.0,,0.0,0.0
1958-05-03,261.0,183.0,91.0,0.0,0.0
1958-05-04,222.0,156.0,368.0,0.0,0.0
1958-05-05,206.0,150.0,71.0,0.0,0.0
1958-05-06,206.0,72.0,0.0,0.0,0.0
1958-05-07,239.0,89.0,0.0,0.0,0.0
1958-05-08,272.0,106.0,0.0,0.0,0.0
1958-05-09,272.0,150.0,15.0,0.0,0.0
1958-05-10,267.0,161.0,376.0,0.0,0.0
1958-05-11,261.0,128.0,0.0,0.0,0.0
1958-05-12,278.0,161.0,0.0,0.0,0.0
1958-05-13,300.0,183.0,0.0,0.0,0.0
1958-05-14,317.0,211.0,0.0,0.0,0.0
1958-05-15,306.0,200.0,0.0,0.0,0.0
1958-05-16,300.0,161.0,0.0,0.0,0.0
1958-05-17,294.0,144.0,0.0,0.0,0.0
1958-05-18,256.0,167.0,23.0,0.0,0.0
1958-05-19,194.0,183.0,457.0,0.0,0.0
1958-05-20,256.0,167.0,76.0,0.0,0.0
1958-05-21,289.0,172.0,0.0,0.0,0.0
1958-05-22,311.0,172.0,0.0,0.0,0.0
1958-05-23,328.0,156.0,0.0,0.0,0.0
1958-05-24,311.0,161.0,0.0,0.0,0.0
1958-05-25,306.0,156.0,0.0,0.0,0.0
1958-05-26,317.0,172.0,0.0,0.0,0.0
1958-05-27,322.0,178.0,0.0,0.0,0.0
1958-05-28,311.0,178.0,0.0,0.0,0.0
1958-05-29,294.0,156.0,0.0,0.0,0.0
1958-05-30,311.0,161.0,0.0,0.0,0.0
1958-05-31,328.0,167.0,0.0,0.0,0.0
1958-06-01,328.0,189.0,0.0,0.0,0.0
1958-06-02,322.0,189.0,3.0,0.0,0.0
1958-06-03,317.0,194.0,0.0,0.0,0.0
1958-06-04,344.0,206.0,0.0,0.0,0.0
1958-06-05,344.0,217.0,0.0,0.0,0.0
1958-06-06,339.0,211.0,0.0,0.0,0.0
1958-06-07,333.0,183.0,0.0,0.0,0.0
1958-06-08,328.0,211.0,0.0,0.0,0.0
1958-06-09,328.0,206.0,0.0,0.0,0.0
1958-06-10,328.0,211.0,0.0,0.0,0.0
1958-06-11,328.0,200.0,0.0,0.0,0.0
1958-06-12,344.0,217.0,0.0,0.0,0.0
1958-06-13,350.0,228.0,0.0,0.0,0.0
1958-06-14,356.0,206.0,0.0,0.0,0.0
1958-06-15,350.0,233.0,51.0,0.0,0.0
1958-06-16,278.0,222.0,234.0,0.0,0.0
1958-06-17,289.0,194.0,422.0,0.0,0.0
1958-06-18,322.0,211.0,0.0,0.0,0.0
1958-06-19,328.0,211.0,25.0,0.0,0.0
1958-06-20,311.0,211.0,615.0,0.0,0.0
1958-06-21,272.0,178.0,307.0,0.0,0.0
1958-06-22,261.0,183.0,0.0,0.0,0.0
1958-06-23,294.0,206.0,0.0,0.0,0.0
1958-06-24,339.0,206.0,0.0,0.0,0.0
1958-06-25,317.0,217.0,173.0,0.0,0.0
1958-06-26,306.0,156.0,838.0,0.0,0.0
1958-06-27,261.0,122.0,0.0,0.0,0.0
1958-06-28,289.0,206.0,0.0,0.0,0.0
1958-06-29,294.0,206.0,0.0,0.0,0.0
1958-06-30,317.0,217.0,0.0,0.0,0.0
1958-07-01,322.0,222.0,0.0,0.0,0.0
1958-07-02,339.0,222.0,0.0,0.0,0.0
1958-07-03,339.0,222.0,0.0,0.0,0.0
1958-07-04,333.0,228.0,0.0,0.0,0.0
1958-07-05,339.0,233.0,0.0,0.0,0.0
1958-07-06,333.0,228.0,0.0,0.0,0.0
1958-07-07,317.0,211.0,89.0,0.0,0.0
1958-07-08,294.0,217.0,165.0,0.0,0.0
1958-07-09,322.0,217.0,0.0,0.0,0.0
1958-07-10,317.0,211.0,0.0,0.0,0.0
1958-07-11,328.0,228.0,0.0,0.0,0.0
1958-07-12,322.0,183.0,145.0,0.0,0.0
1958-07-13,317.0,222.0,140.0,0.0,0.0
1958-07-14,333.0,200.0,0.0,0.0,0.0
1958-07-15,339.0,233.0,0.0,0.0,0.0
1958-07-16,339.0,233.0,0.0,0.0,0.0
1958-07-17,344.0,228.0,0.0,0.0,0.0
1958-07-18,350.0,228.0,0.0,0.0,0.0
1958-07-19,350.0,239.0,0.0,0.0,0.0
1958-07-20,350.0,233.0,152.0,0.0,0.0
1958-07-21,339.0,233.0,0.0,0.0,0.0
1958-07-22,333.0,206.0,109.0,0.0,0.0
1958-07-23,322.0,222.0,0.0,0.0,0.0
1958-07-24,344.0,217.0,660.0,0.0,0.0
1958-07-25,333.0,233.0,0.0,0.0,0.0
1958-07-26,350.0,239.0,0.0,0.0,0.0
1958-07-27,350.0,239.0,0.0,0.0,0.0
1958-07-28,350.0,222.0,0.0,0.0,0.0
1958-07-29,350.0,222.0,5.0,0.0,0.0
1958-07-30,350.0,222.0,0.0,0.0,0.0
1958-07-31,339.0,239.0,0.0,0.0,0.0
1958-08-01,350.0,239.0,0.0,0.0,0.0
1958-08-02,344.0,233.0,0.0,0.0,0.0
1958-08-03,339.0,222.0,0.0,0.0,0.0
1958-08-04,328.0,239.0,0.0,0.0,0.0
1958-08-05,339.0,233.0,0.0,0.0,0.0
1958-08-06,344.0,239.0,0.0,0.0,0.0
1958-08-07,350.0,228.0,0.0,0.0,0.0
1958-08-08,344.0,217.0,25.0,0.0,0.0
1958-08-09,328.0,228.0,0.0,0.0,0.0
1958-08-10,333.0,239.0,0.0,0.0,0.0
1958-08-11,344.0,233.0,0.0,0.0,0.0
1958-08-12,344.0,244.0,25.0,0.0,0.0
1958-08-13,339.0,217.0,69.0,0.0,0.0
1958-08-14,344.0,244.0,0.0,0.0,0.0
1958-08-15,344.0,244.0,0.0,0.0,0.0
1958-08-16,350.0,244.0,0.0,0.0,0.0
1958-08-17,333.0,217.0,363.0,0.0,0.0
1958-08-18,317.0,200.0,0.0,0.0,0.0
1958-08-19,322.0,200.0,0.0,0.0,0.0
1958-08-20,339.0,178.0,0.0,0.0,0.0
1958-08-21,322.0,217.0,0.0,0.0,0.0
1958-08-22,283.0,211.0,15.0,0.0,0.0
1958-08-23,272.0,228.0,30.0,0.0,0.0
1958-08-24,294.0,217.0,363.0,0.0,0.0
1958-08-25,283.0,183.0,0.0,0.0,0.0
1958-08-26,306.0,156.0,0.0,0.0,0.0
1958-08-27,322.0,167.0,0.0,0.0,0.0
1958-08-28,328.0,161.0,0.0,0.0,0.0
1958-08-29,333.0,200.0,0.0,0.0,0.0
1958-08-30,317.0,194.0,0.0,0.0,0.0
1958-08-31,344.0,206.0,0.0,0.0,0.0
1958-09-01,350.0,206.0,0.0,0.0,0.0
1958-09-02,350.0,211.0,0.0,0.0,0.0
1958-09-03,344.0,189.0,0.0,0.0,0.0
1958-09-04,339.0,206.0,0.0,0.0,0.0
1958-09-05,328.0,211.0,0.0,0.0,0.0
1958-09-06,333.0,200.0,0.0,0.0,0.0
1958-09-07,322.0,183.0,0.0,0.0,0.0
1958-09-08,322.0,194.0,0.0,0.0,0.0
1958-09-09,328.0,150.0,0.0,0.0,0.0
1958-09-10,333.0,156.0,0.0,0.0,0.0
1958-09-11,300.0,217.0,,0.0,0.0
1958-09-12,267.0,183.0,,0.0,0.0
1958-09-13,278.0,161.0,0.0,0.0,0.0
1958-09-14,300.0,167.0,0.0,0.0,0.0
1958-09-15,328.0,217.0,0.0,0.0,0.0
1958-09-16,328.0,206.0,0.0,0.0,0.0
1958-09-17,267.0,200.0,302.0,0.0,0.0
1958-09-18,256.0,167.0,0.0,0.0,0.0
1958-09-19,239.0,161.0,447.0,0.0,0.0
1958-09-20,239.0,200.0,,0.0,0.0
1958-09-21,278.0,217.0,,0.0,0.0
1958-09-22,272.0,200.0,0.0,0.0,0.0
1958-09-23,322.0,189.0,0.0,0.0,0.0
1958-09-24,322.0,233.0,0.0,0.0,0.0
1958-09-25,339.0,217.0,0.0,0.0,0.0
1958-09-26,328.0,200.0,0.0,0.0,0.0
1958-09-27,261.0,194.0,61.0,0.0,0.0
1958-09-28,244.0,100.0,0.0,0.0,0.0
1958-09-29,256.0,72.0,0.0,0.0,0.0
1958-09-30,211.0,150.0,389.0,0.0,0.0
1958-10-01,,94.0,0.0,0.0,0.0
1958-10-02,,,0.0,0.0,0.0
1958-10-03,,,0.0,0.0,0.0
1958-10-04,,,0.0,0.0,0.0
1958-10-05,,,0.0,0.0,0.0
1958-10-06,272.0,,0.0,0.0,0.0
1958-10-07,272.0,,0.0,0.0,0.0
1958-10-08,272.0,,0.0,0.0,0.0
1958-10-09,306.0,200.0,0.0,0.0,0.0
1958-10-10,261.0,172.0,0.0,0.0,0.0
1958-10-11,222.0,128.0,0.0,0.0,0.0
1958-10-12,244.0,100.0,0.0,0.0,0.0
1958-10-13,267.0,83.0,0.0,0.0,0.0
1958-10-14,261.0,94.0,0.0,0.0,0.0
1958-10-15,250.0,144.0,0.0,0.0,0.0
1958-10-16,283.0,144.0,0.0,0.0,0.0
1958-10-17,267.0,128.0,0.0,0.0,0.0
1958-10-18,272.0,111.0,0.0,0.0,0.0
1958-10-19,267.0,106.0,0.0,0.0,0.0
1958-10-20,278.0,,0.0,0.0,0.0
1958-10-21,267.0,,0.0,0.0,0.0
1958-10-22,256.0,156.0,173.0,0.0,0.0
1958-10-23,267.0,67.0,0.0,0.0,0.0
1958-10-24,267.0,72.0,0.0,0.0,0.0
1958-10-25,206.0,100.0,0.0,0.0,0.0
1958-10-26,217.0,,0.0,0.0,0.0
1958-10-27,183.0,17.0,0.0,0.0,0.0
1958-10-28,172.0,17.0,0.0,0.0,0.0
1958-10-29,178.0,28.0,0.0,0.0,0.0
1958-10-30,189.0,,0.0,0.0,0.0
1958-10-31,189.0,,112.0,0.0,0.0
1958-11-01,178.0,17.0,0.0,0.0,0.0
1958-11-02,183.0,17.0,0.0,0.0,0.0
1958-11-03,,44.0,0.0,0.0,0.0
1958-11-04,,,0.0,0.0,0.0
1958-11-05,206.0,,0.0,0.0,0.0
1958-11-06,194.0,94.0,0.0,0.0,0.0
1958-11-07,189.0,-17.0,0.0,0.0,0.0
1958-11-08,211.0,78.0,10.0,0.0,0.0
1958-11-09,250.0,22.0,0.0,0.0,0.0
1958-11-10,200.0,61.0,0.0,0.0,0.0
1958-11-11,239.0,11.0,0.0,0.0,0.0
1958-11-12,256.0,6.0,0.0,0.0,0.0
1958-11-13,256.0,94.0,0.0,0.0,0.0
1958-11-14,211.0,144.0,325.0,0.0,0.0
1958-11-15,272.0,144.0,0.0,0.0,0.0
1958-11-16,278.0,,0.0,0.0,0.0
1958-11-17,,128.0,0.0,0.0,0.0
1958-11-18,250.0,83.0,414.0,0.0,0.0
1958-11-19,172.0,33.0,0.0,0.0,0.0
1958-11-20,211.0,6.0,0.0,0.0,0.0
1958-11-21,211.0,11.0,0.0,0.0,0.0
1958-11-22,233.0,28.0,0.0,0.0,0.0
1958-11-23,222.0,67.0,0.0,0.0,0.0
1958-11-24,244.0,89.0,0.0,0.0,0.0
1958-11-25,239.0,100.0,0.0,0.0,0.0
1958-11-26,200.0,44.0,0.0,0.0,0.0
1958-11-27,50.0,39.0,0.0,0.0,0.0
1958-11-28,,,744.0,,
1958-11-29,-56.0,-67.0,0.0,,0.0
1958-11-30,139.0,-44.0,0.0,,0.0
1958-12-01,100.0,39.0,38.0,0.0,0.0
1958-12-02,150.0,72.0,0.0,0.0,0.0
1958-12-03,189.0,94.0,0.0,0.0,0.0
1958-12-04,239.0,39.0,0.0,0.0,0.0
1958-12-05,206.0,56.0,0.0,0.0,0.0
1958-12-06,61.0,-33.0,0.0,0.0,0.0
1958-12-07,,,0.0,0.0,0.0
1958-12-08,117.0,-67.0,0.0,0.0,0.0
1958-12-09,94.0,0.0,0.0,0.0,0.0
1958-12-10,17.0,-6.0,0.0,0.0,0.0
1958-12-11,111.0,-83.0,0.0,0.0,0.0
1958-12-12,67.0,11.0,0.0,0.0,0.0
1958-12-13,44.0,-50.0,127.0,,76.0
1958-12-14,-11.0,-167.0,0.0,,0.0
1958-12-15,33.0,-150.0,0.0,,0.0
1958-12-16,128.0,-61.0,0.0,,0.0
1958-12-17,128.0,11.0,0.0,0.0,0.0
1958-12-18,167.0,0.0,0.0,0.0,0.0
1958-12-19,206.0,50.0,0.0,0.0,0.0
1958-12-20,178.0,17.0,0.0,0.0,0.0
1958-12-21,139.0,-39.0,0.0,0.0,0.0
1958-12-22,178.0,-28.0,0.0,0.0,0.0
1958-12-23,150.0,100.0,36.0,0.0,0.0
1958-12-24,150.0,28.0,0.0,0.0,0.0
1958-12-25,78.0,-44.0,0.0,0.0,0.0
1958-12-26,133.0,-33.0,0.0,0.0,0.0
1958-12-27,100.0,61.0,51.0,0.0,0.0
1958-12-28,,,0.0,0.0,0.0
1958-12-29,89.0,22.0,0.0,0.0,0.0
1958-12-30,67.0,50.0,0.0,0.0,0.0
1958-12-31,56.0,39.0,8.0,0.0,0.0
1959-01-01,83.0,-6.0,0.0,0.0,0.0
1959-01-02,139.0,-17.0,0.0,0.0,0.0
1959-01-03,122.0,,0.0,0.0,0.0
1959-01-04,-28.0,-122.0,0.0,0.0,0.0
1959-01-05,-11.0,-111.0,0.0,0.0,0.0
1959-01-06,33.0,,0.0,0.0,0.0
1959-01-07,128.0,0.0,137.0,0.0,0.0
1959-01-08,111.0,,,0.0,0.0
1959-01-09,50.0,-39.0,,0.0,0.0
1959-01-10,89.0,-94.0,,0.0,0.0
1959-01-11,144.0,,,0.0,0.0
1959-01-12,189.0,56.0,,0.0,0.0
1959-01-13,194.0,67.0,,0.0,0.0
1959-01-14,194.0,111.0,,0.0,0.0
1959-01-15,189.0,,,0.0,0.0
1959-01-16,56.0,-61.0,,0.0,0.0
1959-01-17,61.0,-89.0,,0.0,0.0
1959-01-18,122.0,-72.0,,0.0,0.0
1959-01-19,172.0,,,0.0,0.0
1959-01-20,233.0,,,0.0,0.0
1959-01-21,,,,0.0,0.0
1959-01-22,,-78.0,,0.0,0.0
1959-01-23,,,,0.0,0.0
1959-01-24,156.0,,,0.0,0.0
1959-01-25,194.0,,,0.0,0.0
1959-01-26,211.0,111.0,,0.0,0.0
1959-01-27,183.0,,,0.0,0.0
1959-01-28,,33.0,,0.0,0.0
1959-01-29,183.0,,,0.0,0.0
1959-01-30,,,,0.0,0.0
1959-01-31,,6.0,,0.0,0.0
1959-02-01,44.0,,0.0,0.0,0.0
1959-02-02,11.0,-17.0,0.0,0.0,0.0
1959-02-03,33.0,-6.0,208.0,0.0,0.0
1959-02-04,67.0,11.0,0.0,0.0,0.0
1959-02-05,,-28.0,0.0,0.0,0.0
1959-02-06,100.0,-11.0,0.0,0.0,0.0
1959-02-07,167.0,-33.0,0.0,0.0,0.0
1959-02-08,144.0,89.0,508.0,0.0,0.0
1959-02-09,228.0,133.0,0.0,0.0,0.0
1959-02-10,239.0,128.0,0.0,0.0,0.0
1959-02-11,128.0,,0.0,0.0,0.0
1959-02-12,,50.0,,0.0,0.0
1959-02-13,200.0,,,0.0,0.0
1959-02-14,200.0,117.0,226.0,0.0,0.0
1959-02-15,,,0.0,0.0,0.0
1959-02-16,178.0,0.0,0.0,0.0,0.0
1959-02-17,244.0,72.0,0.0,0.0,0.0
1959-02-18,217.0,22.0,0.0,0.0,0.0
1959-02-19,50.0,,0.0,0.0,0.0
1959-02-20,61.0,-28.0,0.0,0.0,0.0
1959-02-21,117.0,-78.0,0.0,0.0,0.0
1959-02-22,144.0,,0.0,0.0,0.0
1959-02-23,211.0,,0.0,0.0,0.0
1959-02-24,,83.0,0.0,0.0,0.0
1959-02-25,167.0,33.0,0.0,0.0,0.0
1959-02-26,200.0,-6.0,0.0,0.0,0.0
1959-02-27,217.0,67.0,0.0,0.0,0.0
1959-02-28,194.0,72.0,91.0,0.0,0.0
1959-03-01,156.0,,0.0,0.0,0.0
1959-03-02,217.0,,0.0,0.0,0.0
1959-03-03,172.0,,0.0,0.0,0.0
1959-03-04,200.0,,0.0,0.0,0.0
1959-03-05,,,348.0,0.0,0.0
1959-03-06,128.0,,0.0,0.0,0.0
1959-03-07,144.0,,0.0,0.0,0.0
1959-03-08,200.0,,0.0,0.0,0.0
1959-03-09,200.0,,64.0,0.0,0.0
1959-03-10,233.0,,0.0,0.0,0.0
1959-03-11,200.0,,109.0,0.0,0.0
1959-03-12,156.0,,0.0,0.0,0.0
1959-03-13,228.0,,0.0,0.0,0.0
1959-03-14,222.0,,0.0,0.0,0.0
1959-03-15,200.0,,0.0,0.0,0.0
1959-03-16,156.0,,0.0,0.0,0.0
1959-03-17,194.0,,0.0,0.0,0.0
1959-03-18,200.0,,0.0,0.0,0.0
1959-03-19,,,0.0,0.0,0.0
1959-03-20,217.0,,13.0,0.0,0.0
1959-03-21,156.0,,589.0,0.0,0.0
1959-03-22,,,0.0,0.0,0.0
1959-03-23,222.0,,0.0,0.0,0.0
1959-03-24,256.0,,0.0,0.0,0.0
1959-03-25,233.0,,0.0,0.0,0.0
1959-03-26,244.0,,28.0,0.0,0.0
1959-03-27,,,0.0,0.0,0.0
1959-03-28,,,0.0,0.0,0.0
1959-03-29,,,0.0,0.0,0.0
1959-03-30,,,0.0,0.0,0.0
1959-03-31,272.0,,0.0,0.0,0.0
1959-04-01,256.0,144.0,264.0,0.0,0.0
1959-04-02,261.0,44.0,0.0,0.0,0.0
1959-04-03,233.0,100.0,0.0,0.0,0.0
1959-04-04,222.0,0.0,0.0,0.0,0.0
1959-04-05,267.0,94.0,0.0,0.0,0.0
1959-04-06,289.0,128.0,0.0,0.0,0.0
1959-04-07,283.0,139.0,0.0,0.0,0.0
1959-04-08,256.0,144.0,206.0,0.0,0.0
1959-04-09,172.0,33.0,0.0,0.0,0.0
1959-04-10,172.0,83.0,0.0,0.0,0.0
1959-04-11,161.0,67.0,0.0,0.0,0.0
1959-04-12,167.0,61.0,102.0,0.0,0.0
1959-04-13,139.0,39.0,0.0,0.0,0.0
1959-04-14,183.0,-17.0,0.0,0.0,0.0
1959-04-15,206.0,50.0,0.0,0.0,0.0
1959-04-16,244.0,133.0,0.0,0.0,0.0
1959-04-17,222.0,156.0,274.0,0.0,0.0
1959-04-18,250.0,150.0,43.0,0.0,0.0
1959-04-19,283.0,161.0,208.0,0.0,0.0
1959-04-20,306.0,144.0,249.0,0.0,0.0
1959-04-21,217.0,100.0,0.0,0.0,0.0
1959-04-22,178.0,39.0,0.0,0.0,0.0
1959-04-23,228.0,39.0,0.0,0.0,0.0
1959-04-24,256.0,94.0,0.0,0.0,0.0
1959-04-25,261.0,133.0,0.0,0.0,0.0
1959-04-26,267.0,139.0,0.0,0.0,0.0
1959-04-27,272.0,206.0,0.0,0.0,0.0
1959-04-28,283.0,167.0,0.0,0.0,0.0
1959-04-29,283.0,117.0,0.0,0.0,0.0
1959-04-30,311.0,111.0,0.0,0.0,0.0
1959-05-01,317.0,183.0,0.0,0.0,0.0
1959-05-02,306.0,194.0,0.0,0.0,0.0
1959-05-03,306.0,200.0,0.0,0.0,0.0
1959-05-04,317.0,194.0,0.0,0.0,0.0
1959-05-05,306.0,206.0,0.0,0.0,0.0
1959-05-06,300.0,183.0,0.0,0.0,0.0
1959-05-07,300.0,156.0,0.0,0.0,0.0
1959-05-08,283.0,194.0,0.0,0.0,0.0
1959-05-09,306.0,189.0,0.0,0.0,0.0
1959-05-10,306.0,156.0,0.0,0.0,0.0
1959-05-11,294.0,222.0,0.0,0.0,0.0
1959-05-12,239.0,183.0,74.0,0.0,0.0
1959-05-13,300.0,156.0,0.0,0.0,0.0
1959-05-14,294.0,106.0,0.0,0.0,0.0
1959-05-15,244.0,78.0,0.0,0.0,0.0
1959-05-16,250.0,89.0,0.0,0.0,0.0
1959-05-17,294.0,139.0,0.0,0.0,0.0
1959-05-18,311.0,139.0,0.0,0.0,0.0
1959-05-19,294.0,200.0,0.0,0.0,0.0
1959-05-20,317.0,183.0,0.0,0.0,0.0
1959-05-21,300.0,189.0,0.0,0.0,0.0
1959-05-22,311.0,178.0,290.0,0.0,0.0
1959-05-23,300.0,161.0,0.0,0.0,0.0
1959-05-24,306.0,211.0,0.0,0.0,0.0
1959-05-25,311.0,206.0,0.0,0.0,0.0
1959-05-26,289.0,200.0,152.0,0.0,0.0
1959-05-27,322.0,200.0,0.0,0.0,0.0
1959-05-28,328.0,200.0,0.0,0.0,0.0
1959-05-29,306.0,194.0,0.0,0.0,0.0
1959-05-30,278.0,189.0,5.0,0.0,0.0
1959-05-31,,,0.0,0.0,0.0
1959-06-01,289.0,211.0,0.0,0.0,0.0
1959-06-02,261.0,194.0,0.0,0.0,0.0
1959-06-03,278.0,144.0,0.0,0.0,0.0
1959-06-04,261.0,128.0,0.0,0.0,0.0
1959-06-05,228.0,167.0,150.0,0.0,0.0
1959-06-06,289.0,161.0,0.0,0.0,0.0
1959-06-07,306.0,167.0,,0.0,0.0
1959-06-08,256.0,189.0,,0.0,0.0
1959-06-09,289.0,211.0,0.0,0.0,0.0
1959-06-10,294.0,194.0,0.0,0.0,0.0
1959-06-11,311.0,200.0,130.0,0.0,0.0
1959-06-12,283.0,200.0,0.0,0.0,0.0
1959-06-13,311.0,250.0,0.0,0.0,0.0
1959-06-14,300.0,156.0,0.0,0.0,0.0
1959-06-15,306.0,128.0,0.0,0.0,0.0
1959-06-16,322.0,156.0,0.0,0.0,0.0
1959-06-17,328.0,189.0,0.0,0.0,0.0
1959-06-18,317.0,189.0,0.0,0.0,0.0
1959-06-19,289.0,172.0,0.0,0.0,0.0
1959-06-20,294.0,189.0,0.0,0.0,0.0
1959-06-21,356.0,161.0,0.0,0.0,0.0
1959-06-22,322.0,178.0,0.0,0.0,0.0
1959-06-23,294.0,233.0,0.0,0.0,0.0
1959-06-24,328.0,217.0,0.0,0.0,0.0
1959-06-25,322.0,228.0,0.0,0.0,0.0
1959-06-26,328.0,222.0,0.0,0.0,0.0
1959-06-27,344.0,222.0,0.0,0.0,0.0
1959-06-28,339.0,228.0,0.0,0.0,0.0
1959-06-29,372.0,228.0,0.0,0.0,0.0
1959-06-30,344.0,217.0,0.0,0.0,0.0
1959-07-01,339.0,206.0,0.0,0.0,0.0
1959-07-02,300.0,228.0,0.0,0.0,0.0
1959-07-03,306.0,172.0,0.0,0.0,0.0
1959-07-04,344.0,144.0,0.0,0.0,0.0
1959-07-05,339.0,211.0,145.0,0.0,0.0
1959-07-06,328.0,200.0,0.0,0.0,0.0
1959-07-07,344.0,189.0,0.0,0.0,0.0
1959-07-08,339.0,183.0,0.0,0.0,0.0
1959-07-09,344.0,206.0,0.0,0.0,0.0
1959-07-10,328.0,217.0,211.0,0.0,0.0
1959-07-11,328.0,194.0,0.0,0.0,0.0
1959-07-12,317.0,172.0,0.0,0.0,0.0
1959-07-13,328.0,194.0,0.0,0.0,0.0
1959-07-14,344.0,200.0,0.0,0.0,0.0
1959-07-15,350.0,194.0,251.0,0.0,0.0
1959-07-16,328.0,211.0,41.0,0.0,0.0
1959-07-17,339.0,194.0,155.0,0.0,0.0
1959-07-18,333.0,194.0,147.0,0.0,0.0
1959-07-19,339.0,211.0,84.0,0.0,0.0
1959-07-20,333.0,189.0,10.0,0.0,0.0
1959-07-21,333.0,183.0,0.0,0.0,0.0
1959-07-22,322.0,206.0,23.0,0.0,0.0
1959-07-23,339.0,217.0,28.0,0.0,0.0
1959-07-24,306.0,211.0,18.0,0.0,0.0
1959-07-25,272.0,200.0,620.0,0.0,0.0
1959-07-26,283.0,178.0,224.0,0.0,0.0
1959-07-27,311.0,222.0,8.0,0.0,0.0
1959-07-28,333.0,217.0,0.0,0.0,0.0
1959-07-29,333.0,217.0,0.0,0.0,0.0
1959-07-30,344.0,217.0,0.0,0.0,0.0
1959-07-31,356.0,211.0,0.0,0.0,0.0
1959-08-01,339.0,217.0,0.0,0.0,0.0
1959-08-02,344.0,233.0,0.0,0.0,0.0
1959-08-03,350.0,228.0,0.0,0.0,0.0
1959-08-04,339.0,244.0,0.0,0.0,0.0
1959-08-05,344.0,239.0,0.0,0.0,0.0
1959-08-06,367.0,256.0,0.0,0.0,0.0
1959-08-07,356.0,222.0,0.0,0.0,0.0
1959-08-08,306.0,239.0,0.0,0.0,0.0
1959-08-09,328.0,156.0,0.0,0.0,0.0
1959-08-10,300.0,161.0,0.0,0.0,0.0
1959-08-11,311.0,156.0,0.0,0.0,0.0
1959-08-12,328.0,167.0,0.0,0.0,0.0
1959-08-13,322.0,228.0,0.0,0.0,0.0
1959-08-14,322.0,189.0,0.0,0.0,0.0
1959-08-15,328.0,194.0,0.0,0.0,0.0
1959-08-16,339.0,228.0,0.0,0.0,0.0
1959-08-17,333.0,211.0,0.0,0.0,0.0
1959-08-18,350.0,217.0,0.0,0.0,0.0
1959-08-19,328.0,222.0,152.0,0.0,0.0
1959-08-20,333.0,211.0,71.0,0.0,0.0
1959-08-21,333.0,183.0,0.0,0.0,0.0
1959-08-22,333.0,200.0,168.0,0.0,0.0
1959-08-23,333.0,194.0,0.0,0.0,0.0
1959-08-24,339.0,200.0,0.0,0.0,0.0
1959-08-25,328.0,183.0,0.0,0.0,0.0
1959-08-26,306.0,211.0,23.0,0.0,0.0
1959-08-27,328.0,211.0,0.0,0.0,0.0
1959-08-28,333.0,211.0,0.0,0.0,0.0
1959-08-29,328.0,222.0,56.0,0.0,0.0
1959-08-30,344.0,183.0,112.0,0.0,0.0
1959-08-31,311.0,178.0,432.0,0.0,0.0
1959-09-01,322.0,200.0,43.0,0.0,0.0
1959-09-02,317.0,217.0,0.0,0.0,0.0
1959-09-03,317.0,189.0,0.0,0.0,0.0
1959-09-04,322.0,183.0,18.0,0.0,0.0
1959-09-05,328.0,161.0,43.0,0.0,0.0
1959-09-06,306.0,172.0,239.0,0.0,0.0
1959-09-07,322.0,178.0,333.0,0.0,0.0
1959-09-08,333.0,178.0,0.0,0.0,0.0
1959-09-09,289.0,211.0,41.0,0.0,0.0
1959-09-10,267.0,200.0,0.0,0.0,0.0
1959-09-11,239.0,106.0,0.0,0.0,0.0
1959-09-12,267.0,139.0,0.0,0.0,0.0
1959-09-13,244.0,167.0,0.0,0.0,0.0
1959-09-14,228.0,178.0,0.0,0.0,0.0
1959-09-15,278.0,172.0,0.0,0.0,0.0
1959-09-16,283.0,128.0,0.0,0.0,0.0
1959-09-17,294.0,128.0,0.0,0.0,0.0
1959-09-18,317.0,156.0,0.0,0.0,0.0
1959-09-19,317.0,183.0,0.0,0.0,0.0
1959-09-20,311.0,178.0,0.0,0.0,0.0
1959-09-21,289.0,,0.0,0.0,0.0
1959-09-22,311.0,,0.0,0.0,0.0
1959-09-23,317.0,,0.0,0.0,0.0
1959-09-24,322.0,,0.0,0.0,0.0
1959-09-25,317.0,,0.0,0.0,0.0
1959-09-26,311.0,183.0,0.0,0.0,0.0
1959-09-27,333.0,200.0,180.0,0.0,0.0
1959-09-28,322.0,228.0,0.0,0.0,0.0
1959-09-29,311.0,183.0,43.0,0.0,0.0
1959-09-30,256.0,167.0,0.0,0.0,0.0
1959-10-01,294.0,156.0,0.0,0.0,0.0
1959-10-02,322.0,178.0,0.0,0.0,0.0
1959-10-03,322.0,189.0,0.0,0.0,0.0
1959-10-04,322.0,211.0,0.0,0.0,0.0
1959-10-05,267.0,206.0,185.0,0.0,0.0
1959-10-06,278.0,122.0,0.0,0.0,0.0
1959-10-07,294.0,128.0,0.0,0.0,0.0
1959-10-08,306.0,133.0,0.0,0.0,0.0
1959-10-09,278.0,128.0,0.0,0.0,0.0
1959-10-10,311.0,133.0,0.0,0.0,0.0
1959-10-11,278.0,150.0,0.0,0.0,0.0
1959-10-12,272.0,128.0,0.0,0.0,0.0
1959-10-13,256.0,144.0,25.0,0.0,0.0
1959-10-14,250.0,94.0,0.0,0.0,0.0
1959-10-15,211.0,83.0,0.0,0.0,0.0
1959-10-16,239.0,44.0,0.0,0.0,0.0
1959-10-17,239.0,72.0,0.0,0.0,0.0
1959-10-18,194.0,72.0,0.0,0.0,0.0
1959-10-19,228.0,0.0,0.0,0.0,0.0
1959-10-20,256.0,33.0,0.0,0.0,0.0
1959-10-21,256.0,,0.0,0.0,0.0
1959-10-22,233.0,161.0,0.0,0.0,0.0
1959-10-23,250.0,156.0,0.0,0.0,0.0
1959-10-24,211.0,150.0,0.0,0.0,0.0
1959-10-25,239.0,39.0,0.0,0.0,0.0
1959-10-26,244.0,100.0,0.0,0.0,0.0
1959-10-27,194.0,28.0,0.0,0.0,0.0
1959-10-28,211.0,44.0,0.0,0.0,0.0
1959-10-29,189.0,44.0,0.0,0.0,0.0
1959-10-30,178.0,128.0,0.0,0.0,0.0
1959-10-31,183.0,122.0,0.0,0.0,0.0
1959-11-01,256.0,133.0,0.0,0.0,0.0
1959-11-02,261.0,122.0,0.0,0.0,0.0
1959-11-03,267.0,106.0,0.0,0.0,0.0
1959-11-04,267.0,161.0,394.0,0.0,0.0
1959-11-05,233.0,89.0,0.0,0.0,0.0
1959-11-06,111.0,-33.0,0.0,0.0,0.0
1959-11-07,89.0,-50.0,0.0,0.0,0.0
1959-11-08,139.0,-67.0,0.0,0.0,0.0
1959-11-09,183.0,-44.0,0.0,0.0,0.0
1959-11-10,200.0,6.0,0.0,0.0,0.0
1959-11-11,200.0,6.0,0.0,0.0,0.0
1959-11-12,244.0,100.0,0.0,0.0,0.0
1959-11-13,244.0,128.0,498.0,0.0,0.0
1959-11-14,206.0,6.0,0.0,0.0,0.0
1959-11-15,56.0,-22.0,0.0,0.0,0.0
1959-11-16,106.0,17.0,0.0,0.0,0.0
1959-11-17,78.0,-22.0,0.0,0.0,0.0
1959-11-18,89.0,-106.0,0.0,0.0,0.0
1959-11-19,178.0,-94.0,0.0,0.0,0.0
1959-11-20,183.0,11.0,0.0,0.0,0.0
1959-11-21,211.0,0.0,0.0,0.0,0.0
1959-11-22,233.0,50.0,0.0,0.0,0.0
1959-11-23,233.0,122.0,0.0,0.0,0.0
1959-11-24,194.0,67.0,0.0,0.0,0.0
1959-11-25,211.0,-17.0,0.0,0.0,0.0
1959-11-26,244.0,106.0,0.0,0.0,0.0
1959-11-27,122.0,6.0,0.0,0.0,0.0
1959-11-28,72.0,-89.0,0.0,0.0,0.0
1959-11-29,67.0,-106.0,0.0,0.0,0.0
1959-11-30,139.0,-44.0,0.0,0.0,0.0
1959-12-01,178.0,22.0,0.0,0.0,0.0
1959-12-02,183.0,-22.0,0.0,0.0,0.0
1959-12-03,150.0,-61.0,0.0,0.0,0.0
1959-12-04,128.0,0.0,0.0,0.0,0.0
1959-12-05,111.0,61.0,30.0,0.0,0.0
1959-12-06,94.0,-61.0,0.0,0.0,0.0
1959-12-07,133.0,-61.0,0.0,0.0,0.0
1959-12-08,206.0,11.0,0.0,0.0,0.0
1959-12-09,211.0,17.0,0.0,0.0,0.0
1959-12-10,178.0,100.0,25.0,0.0,0.0
1959-12-11,178.0,128.0,178.0,0.0,0.0
1959-12-12,167.0,89.0,46.0,0.0,0.0
1959-12-13,156.0,39.0,0.0,0.0,0.0
1959-12-14,122.0,33.0,0.0,0.0,0.0
1959-12-15,111.0,39.0,25.0,0.0,0.0
1959-12-16,133.0,44.0,246.0,0.0,0.0
1959-12-17,206.0,128.0,,0.0,0.0
1959-12-18,161.0,61.0,0.0,0.0,0.0
1959-12-19,100.0,-17.0,0.0,0.0,0.0
1959-12-20,94.0,-61.0,0.0,0.0,0.0
1959-12-21,156.0,-56.0,0.0,0.0,0.0
1959-12-22,144.0,6.0,0.0,0.0,0.0
1959-12-23,156.0,50.0,46.0,0.0,0.0
1959-12-24,139.0,28.0,0.0,0.0,0.0
1959-12-25,178.0,28.0,0.0,0.0,0.0
1959-12-26,167.0,94.0,0.0,0.0,0.0
1959-12-27,200.0,78.0,157.0,0.0,0.0
1959-12-28,122.0,0.0,0.0,0.0,0.0
1959-12-29,117.0,0.0,0.0,0.0,0.0
1959-12-30,83.0,-50.0,0.0,0.0,0.0
1959-12-31,106.0,-50.0,0.0,0.0,0.0
1960-01-01,89.0,-11.0,208.0,0.0,0.0
1960-01-02,89.0,17.0,30.0,0.0,0.0
1960-01-03,100.0,-28.0,0.0,0.0,0.0
1960-01-04,50.0,-11.0,46.0,0.0,0.0
1960-01-05,17.0,0.0,178.0,0.0,0.0
1960-01-06,17.0,-11.0,20.0,0.0,0.0
1960-01-07,67.0,-11.0,0.0,0.0,0.0
1960-01-08,167.0,-33.0,0.0,0.0,0.0
1960-01-09,172.0,22.0,0.0,0.0,0.0
1960-01-10,200.0,94.0,0.0,0.0,0.0
1960-01-11,233.0,128.0,0.0,0.0,0.0
1960-01-12,217.0,122.0,0.0,0.0,0.0
1960-01-13,239.0,150.0,8.0,0.0,0.0
1960-01-14,233.0,139.0,0.0,0.0,0.0
1960-01-15,183.0,,0.0,0.0,0.0
1960-01-16,100.0,-28.0,0.0,0.0,0.0
1960-01-17,72.0,39.0,244.0,0.0,0.0
1960-01-18,83.0,6.0,0.0,0.0,0.0
1960-01-19,28.0,-56.0,0.0,0.0,0.0
1960-01-20,56.0,-89.0,0.0,0.0,0.0
1960-01-21,100.0,-94.0,0.0,0.0,0.0
1960-01-22,72.0,-22.0,0.0,0.0,0.0
1960-01-23,-6.0,-72.0,0.0,0.0,0.0
1960-01-24,78.0,-111.0,0.0,0.0,0.0
1960-01-25,144.0,-33.0,0.0,0.0,0.0
1960-01-26,172.0,22.0,38.0,0.0,0.0
1960-01-27,200.0,111.0,81.0,0.0,0.0
1960-01-28,172.0,28.0,0.0,0.0,0.0
1960-01-29,111.0,33.0,142.0,0.0,0.0
1960-01-30,100.0,17.0,0.0,0.0,0.0
1960-01-31,61.0,-33.0,0.0,0.0,0.0
1960-02-01,100.0,33.0,0.0,0.0,0.0
1960-02-02,100.0,0.0,0.0,0.0,0.0
1960-02-03,183.0,61.0,0.0,0.0,0.0
1960-02-04,167.0,89.0,279.0,0.0,0.0
1960-02-05,100.0,67.0,23.0,0.0,0.0
1960-02-06,150.0,39.0,0.0,0.0,0.0
1960-02-07,156.0,-22.0,0.0,0.0,0.0
1960-02-08,189.0,17.0,0.0,0.0,0.0
1960-02-09,250.0,122.0,0.0,0.0,0.0
1960-02-10,206.0,89.0,0.0,0.0,0.0
1960-02-11,111.0,-44.0,0.0,0.0,0.0
1960-02-12,78.0,-11.0,0.0,0.0,0.0
1960-02-13,67.0,-11.0,0.0,0.0,0.0
1960-02-14,89.0,-94.0,0.0,0.0,0.0
1960-02-15,100.0,-33.0,0.0,0.0,0.0
1960-02-16,72.0,17.0,38.0,0.0,0.0
1960-02-17,100.0,17.0,0.0,0.0,0.0
1960-02-18,89.0,-28.0,71.0,0.0,
1960-02-19,111.0,-72.0,0.0,0.0,0.0
1960-02-20,122.0,17.0,0.0,0.0,0.0
1960-02-21,94.0,33.0,109.0,0.0,0.0
1960-02-22,128.0,-39.0,0.0,0.0,0.0
1960-02-23,144.0,11.0,0.0,0.0,0.0
1960-02-24,133.0,-11.0,272.0,0.0,
1960-02-25,17.0,-22.0,76.0,0.0,0.0
1960-02-26,67.0,-72.0,0.0,0.0,0.0
1960-02-27,94.0,-11.0,0.0,0.0,0.0
1960-02-28,89.0,50.0,104.0,0.0,0.0
1960-02-29,72.0,-11.0,0.0,0.0,0.0
1960-03-01,28.0,,25.0,0.0,0.0
1960-03-02,0.0,-33.0,437.0,0.0,0.0
1960-03-03,44.0,-50.0,0.0,0.0,0.0
1960-03-04,0.0,-78.0,0.0,0.0,0.0
1960-03-05,0.0,-67.0,0.0,0.0,0.0
1960-03-06,44.0,-39.0,0.0,0.0,0.0
1960-03-07,44.0,-33.0,107.0,0.0,0.0
1960-03-08,,,0.0,0.0,0.0
1960-03-09,117.0,39.0,51.0,0.0,0.0
1960-03-10,122.0,33.0,0.0,0.0,0.0
1960-03-11,111.0,0.0,0.0,0.0,0.0
1960-03-12,89.0,-50.0,0.0,0.0,0.0
1960-03-13,106.0,0.0,0.0,0.0,0.0
1960-03-14,94.0,17.0,356.0,0.0,0.0
1960-03-15,72.0,22.0,127.0,0.0,0.0
1960-03-16,117.0,17.0,0.0,0.0,0.0
1960-03-17,100.0,-28.0,0.0,0.0,0.0
1960-03-18,139.0,-44.0,0.0,0.0,0.0
1960-03-19,144.0,78.0,0.0,0.0,0.0
1960-03-20,133.0,-22.0,0.0,0.0,0.0
1960-03-21,156.0,-22.0,0.0,0.0,0.0
1960-03-22,250.0,33.0,0.0,0.0,0.0
1960-03-23,206.0,33.0,36.0,0.0,0.0
1960-03-24,172.0,50.0,107.0,0.0,0.0
1960-03-25,122.0,28.0,0.0,0.0,0.0
1960-03-26,194.0,33.0,0.0,0.0,0.0
1960-03-27,189.0,117.0,61.0,0.0,0.0
1960-03-28,239.0,117.0,0.0,0.0,0.0
1960-03-29,283.0,156.0,0.0,0.0,0.0
1960-03-30,272.0,111.0,28.0,0.0,0.0
1960-03-31,272.0,22.0,0.0,0.0,0.0
1960-04-01,272.0,,3.0,0.0,0.0
1960-04-02,272.0,17.0,0.0,0.0,0.0
1960-04-03,206.0,94.0,0.0,0.0,0.0
1960-04-04,233.0,39.0,0.0,0.0,0.0
1960-04-05,211.0,,0.0,0.0,0.0
1960-04-06,322.0,61.0,0.0,0.0,0.0
1960-04-07,,,0.0,0.0,0.0
1960-04-08,233.0,117.0,0.0,0.0,0.0
1960-04-09,200.0,100.0,15.0,0.0,0.0
1960-04-10,183.0,72.0,0.0,0.0,0.0
1960-04-11,261.0,72.0,0.0,0.0,0.0
1960-04-12,261.0,,0.0,0.0,0.0
1960-04-13,256.0,156.0,0.0,0.0,0.0
1960-04-14,256.0,,0.0,0.0,0.0
1960-04-15,283.0,122.0,0.0,0.0,0.0
1960-04-16,278.0,194.0,0.0,0.0,0.0
1960-04-17,250.0,122.0,66.0,0.0,0.0
1960-04-18,211.0,,0.0,0.0,0.0
1960-04-19,256.0,22.0,0.0,0.0,0.0
1960-04-20,300.0,,0.0,0.0,0.0
1960-04-21,289.0,161.0,333.0,0.0,0.0
1960-04-22,300.0,167.0,0.0,0.0,0.0
1960-04-23,300.0,161.0,0.0,0.0,0.0
1960-04-24,294.0,189.0,0.0,0.0,0.0
1960-04-25,289.0,144.0,213.0,0.0,0.0
1960-04-26,189.0,144.0,119.0,0.0,0.0
1960-04-27,228.0,83.0,0.0,0.0,0.0
1960-04-28,278.0,78.0,0.0,0.0,0.0
1960-04-29,250.0,183.0,30.0,0.0,0.0
1960-04-30,228.0,161.0,0.0,0.0,0.0
1960-05-01,194.0,44.0,0.0,0.0,0.0
1960-05-02,222.0,56.0,0.0,0.0,0.0
1960-05-03,261.0,50.0,0.0,0.0,0.0
1960-05-04,267.0,128.0,0.0,0.0,0.0
1960-05-05,278.0,161.0,,0.0,0.0
1960-05-06,278.0,167.0,,0.0,0.0
1960-05-07,217.0,122.0,0.0,0.0,0.0
1960-05-08,239.0,83.0,0.0,0.0,0.0
1960-05-09,250.0,72.0,0.0,0.0,0.0
1960-05-10,239.0,100.0,0.0,0.0,0.0
1960-05-11,217.0,72.0,0.0,0.0,0.0
1960-05-12,217.0,22.0,0.0,0.0,0.0
1960-05-13,256.0,67.0,0.0,0.0,0.0
1960-05-14,261.0,150.0,0.0,0.0,0.0
1960-05-15,283.0,172.0,0.0,0.0,0.0
1960-05-16,300.0,161.0,0.0,0.0,0.0
1960-05-17,317.0,156.0,0.0,0.0,0.0
1960-05-18,300.0,211.0,0.0,0.0,0.0
1960-05-19,317.0,194.0,38.0,0.0,0.0
1960-05-20,283.0,172.0,91.0,0.0,0.0
1960-05-21,289.0,89.0,0.0,0.0,0.0
1960-05-22,317.0,122.0,0.0,0.0,0.0
1960-05-23,322.0,194.0,0.0,0.0,0.0
1960-05-24,322.0,172.0,0.0,0.0,0.0
1960-05-25,322.0,172.0,0.0,0.0,0.0
1960-05-26,283.0,156.0,18.0,0.0,0.0
1960-05-27,322.0,117.0,0.0,0.0,0.0
1960-05-28,328.0,172.0,0.0,0.0,0.0
1960-05-29,328.0,161.0,0.0,0.0,0.0
1960-05-30,311.0,144.0,0.0,0.0,0.0
1960-05-31,322.0,156.0,0.0,0.0,0.0
1960-06-01,311.0,183.0,33.0,0.0,0.0
1960-06-02,289.0,189.0,290.0,0.0,0.0
1960-06-03,333.0,150.0,0.0,0.0,0.0
1960-06-04,333.0,161.0,0.0,0.0,0.0
1960-06-05,328.0,156.0,0.0,0.0,0.0
1960-06-06,328.0,178.0,0.0,0.0,0.0
1960-06-07,306.0,189.0,0.0,0.0,0.0
1960-06-08,294.0,172.0,0.0,0.0,0.0
1960-06-09,333.0,144.0,0.0,0.0,0.0
1960-06-10,333.0,189.0,0.0,0.0,0.0
1960-06-11,317.0,217.0,0.0,0.0,0.0
1960-06-12,322.0,189.0,0.0,0.0,0.0
1960-06-13,306.0,217.0,0.0,0.0,0.0
1960-06-14,300.0,189.0,0.0,0.0,0.0
1960-06-15,306.0,167.0,137.0,0.0,0.0
1960-06-16,294.0,156.0,5.0,0.0,0.0
1960-06-17,278.0,156.0,18.0,0.0,0.0
1960-06-18,294.0,111.0,0.0,0.0,0.0
1960-06-19,311.0,117.0,0.0,0.0,0.0
1960-06-20,339.0,172.0,0.0,0.0,0.0
1960-06-21,361.0,172.0,0.0,0.0,0.0
1960-06-22,356.0,206.0,0.0,0.0,0.0
1960-06-23,356.0,222.0,0.0,0.0,0.0
1960-06-24,350.0,211.0,76.0,0.0,0.0
1960-06-25,256.0,172.0,157.0,0.0,0.0
1960-06-26,300.0,178.0,36.0,0.0,0.0
1960-06-27,328.0,194.0,221.0,0.0,0.0
1960-06-28,339.0,211.0,0.0,0.0,0.0
1960-06-29,356.0,200.0,0.0,0.0,0.0
1960-06-30,350.0,222.0,0.0,0.0,0.0
1960-07-01,344.0,217.0,0.0,0.0,0.0
1960-07-02,356.0,200.0,0.0,0.0,0.0
1960-07-03,356.0,222.0,0.0,0.0,0.0
1960-07-04,344.0,211.0,0.0,0.0,0.0
1960-07-05,317.0,178.0,323.0,0.0,0.0
1960-07-06,306.0,161.0,0.0,0.0,0.0
1960-07-07,306.0,161.0,0.0,0.0,0.0
1960-07-08,294.0,161.0,0.0,0.0,0.0
1960-07-09,333.0,150.0,0.0,0.0,0.0
1960-07-10,350.0,183.0,0.0,0.0,0.0
1960-07-11,361.0,200.0,0.0,0.0,0.0
1960-07-12,367.0,206.0,0.0,0.0,0.0
1960-07-13,372.0,211.0,86.0,0.0,0.0
1960-07-14,300.0,194.0,0.0,0.0,0.0
1960-07-15,300.0,183.0,0.0,0.0,0.0
1960-07-16,322.0,161.0,0.0,0.0,0.0
1960-07-17,322.0,144.0,0.0,0.0,0.0
1960-07-18,333.0,150.0,0.0,0.0,0.0
1960-07-19,350.0,178.0,0.0,0.0,0.0
1960-07-20,328.0,178.0,0.0,0.0,0.0
1960-07-21,328.0,228.0,94.0,0.0,0.0
1960-07-22,356.0,172.0,163.0,0.0,0.0
1960-07-23,333.0,189.0,15.0,0.0,0.0
1960-07-24,356.0,222.0,0.0,0.0,0.0
1960-07-25,361.0,,0.0,0.0,0.0
1960-07-26,367.0,,30.0,0.0,0.0
1960-07-27,361.0,217.0,0.0,0.0,0.0
1960-07-28,339.0,233.0,43.0,0.0,0.0
1960-07-29,339.0,217.0,0.0,0.0,0.0
1960-07-30,356.0,222.0,0.0,0.0,0.0
1960-07-31,339.0,222.0,0.0,0.0,0.0
1960-08-01,356.0,178.0,0.0,0.0,0.0
1960-08-02,356.0,178.0,0.0,0.0,0.0
1960-08-03,350.0,206.0,0.0,0.0,0.0
1960-08-04,367.0,211.0,0.0,0.0,0.0
1960-08-05,383.0,211.0,0.0,0.0,0.0
1960-08-06,378.0,228.0,0.0,0.0,0.0
1960-08-07,367.0,211.0,0.0,0.0,0.0
1960-08-08,372.0,206.0,0.0,0.0,0.0
1960-08-09,367.0,211.0,23.0,0.0,0.0
1960-08-10,300.0,222.0,152.0,0.0,0.0
1960-08-11,300.0,167.0,30.0,0.0,0.0
1960-08-12,294.0,139.0,0.0,0.0,0.0
1960-08-13,317.0,139.0,0.0,0.0,0.0
1960-08-14,283.0,183.0,36.0,0.0,0.0
1960-08-15,322.0,206.0,0.0,0.0,0.0
1960-08-16,339.0,189.0,0.0,0.0,0.0
1960-08-17,350.0,183.0,0.0,0.0,0.0
1960-08-18,322.0,200.0,224.0,0.0,0.0
1960-08-19,328.0,194.0,10.0,0.0,0.0
1960-08-20,333.0,206.0,0.0,0.0,0.0
1960-08-21,306.0,189.0,262.0,0.0,0.0
1960-08-22,317.0,189.0,0.0,0.0,0.0
1960-08-23,339.0,189.0,0.0,0.0,0.0
1960-08-24,344.0,189.0,0.0,0.0,0.0
1960-08-25,333.0,211.0,0.0,0.0,0.0
1960-08-26,322.0,222.0,269.0,0.0,0.0
1960-08-27,322.0,194.0,0.0,0.0,0.0
1960-08-28,322.0,194.0,53.0,0.0,0.0
1960-08-29,311.0,194.0,97.0,0.0,0.0
1960-08-30,294.0,189.0,0.0,0.0,0.0
1960-08-31,328.0,183.0,132.0,0.0,0.0
1960-09-01,333.0,189.0,28.0,0.0,0.0
1960-09-02,339.0,178.0,0.0,0.0,0.0
1960-09-03,333.0,189.0,0.0,0.0,0.0
1960-09-04,350.0,183.0,0.0,0.0,0.0
1960-09-05,350.0,183.0,0.0,0.0,0.0
1960-09-06,344.0,183.0,0.0,0.0,0.0
1960-09-07,344.0,189.0,0.0,0.0,0.0
1960-09-08,328.0,178.0,0.0,0.0,0.0
1960-09-09,300.0,178.0,0.0,0.0,0.0
1960-09-10,267.0,,511.0,0.0,0.0
1960-09-11,261.0,178.0,0.0,0.0,0.0
1960-09-12,306.0,106.0,0.0,0.0,0.0
1960-09-13,272.0,100.0,0.0,0.0,0.0
1960-09-14,267.0,111.0,0.0,0.0,0.0
1960-09-15,289.0,117.0,0.0,0.0,0.0
1960-09-16,272.0,178.0,0.0,0.0,0.0
1960-09-17,294.0,,0.0,0.0,0.0
1960-09-18,311.0,178.0,0.0,0.0,0.0
1960-09-19,328.0,189.0,0.0,0.0,0.0
1960-09-20,311.0,206.0,0.0,0.0,0.0
1960-09-21,300.0,194.0,10.0,0.0,0.0
1960-09-22,311.0,183.0,0.0,0.0,0.0
1960-09-23,306.0,178.0,0.0,0.0,0.0
1960-09-24,306.0,194.0,0.0,0.0,0.0
1960-09-25,278.0,194.0,0.0,0.0,0.0
1960-09-26,256.0,189.0,18.0,0.0,0.0
1960-09-27,211.0,161.0,132.0,0.0,0.0
1960-09-28,244.0,178.0,0.0,0.0,0.0
1960-09-29,278.0,117.0,0.0,0.0,0.0
1960-09-30,294.0,111.0,0.0,0.0,0.0
1960-10-01,311.0,106.0,0.0,0.0,0.0
1960-10-02,322.0,156.0,0.0,0.0,0.0
1960-10-03,311.0,189.0,0.0,0.0,0.0
1960-10-04,278.0,194.0,76.0,0.0,0.0
1960-10-05,272.0,183.0,312.0,0.0,0.0
1960-10-06,256.0,178.0,0.0,0.0,0.0
1960-10-07,222.0,172.0,498.0,0.0,0.0
1960-10-08,233.0,156.0,0.0,0.0,0.0
1960-10-09,,,0.0,0.0,0.0
1960-10-10,261.0,156.0,0.0,0.0,0.0
1960-10-11,256.0,128.0,0.0,0.0,0.0
1960-10-12,267.0,117.0,0.0,0.0,0.0
1960-10-13,278.0,167.0,0.0,0.0,0.0
1960-10-14,256.0,189.0,0.0,0.0,0.0
1960-10-15,261.0,178.0,0.0,0.0,0.0
1960-10-16,233.0,167.0,0.0,0.0,0.0
1960-10-17,267.0,128.0,0.0,0.0,0.0
1960-10-18,256.0,133.0,0.0,0.0,0.0
1960-10-19,239.0,161.0,46.0,0.0,0.0
1960-10-20,161.0,50.0,23.0,0.0,0.0
1960-10-21,189.0,-6.0,0.0,0.0,0.0
1960-10-22,228.0,0.0,0.0,0.0,0.0
1960-10-23,267.0,61.0,0.0,0.0,0.0
1960-10-24,283.0,100.0,0.0,0.0,0.0
1960-10-25,272.0,139.0,0.0,0.0,0.0
1960-10-26,267.0,172.0,0.0,0.0,0.0
1960-10-27,267.0,161.0,0.0,0.0,0.0
1960-10-28,239.0,111.0,0.0,0.0,0.0
1960-10-29,211.0,117.0,28.0,0.0,0.0
1960-10-30,267.0,144.0,76.0,0.0,0.0
1960-10-31,183.0,89.0,0.0,0.0,0.0
1960-11-01,222.0,44.0,0.0,0.0,0.0
1960-11-02,244.0,100.0,0.0,0.0,0.0
1960-11-03,222.0,78.0,0.0,0.0,0.0
1960-11-04,228.0,17.0,0.0,0.0,0.0
1960-11-05,222.0,106.0,0.0,0.0,0.0
1960-11-06,200.0,6.0,0.0,0.0,0.0
1960-11-07,156.0,17.0,0.0,0.0,0.0
1960-11-08,194.0,44.0,0.0,0.0,0.0
1960-11-09,178.0,100.0,503.0,0.0,0.0
1960-11-10,100.0,-11.0,0.0,0.0,0.0
1960-11-11,117.0,-61.0,0.0,0.0,0.0
1960-11-12,,,0.0,0.0,0.0
1960-11-13,233.0,78.0,0.0,0.0,0.0
1960-11-14,256.0,144.0,0.0,0.0,0.0
1960-11-15,267.0,211.0,0.0,0.0,0.0
1960-11-16,244.0,128.0,112.0,0.0,0.0
1960-11-17,200.0,44.0,0.0,0.0,0.0
1960-11-18,206.0,28.0,0.0,0.0,0.0
1960-11-19,211.0,-6.0,0.0,0.0,0.0
1960-11-20,161.0,44.0,0.0,0.0,0.0
1960-11-21,183.0,56.0,0.0,0.0,0.0
1960-11-22,167.0,100.0,15.0,0.0,0.0
1960-11-23,161.0,111.0,0.0,0.0,0.0
1960-11-24,172.0,39.0,0.0,0.0,0.0
1960-11-25,206.0,28.0,0.0,0.0,0.0
1960-11-26,206.0,28.0,0.0,0.0,0.0
1960-11-27,244.0,167.0,0.0,0.0,0.0
1960-11-28,228.0,111.0,157.0,0.0,0.0
1960-11-29,217.0,-17.0,0.0,0.0,0.0
1960-11-30,111.0,-44.0,0.0,0.0,0.0
1960-12-01,61.0,33.0,0.0,0.0,0.0
1960-12-02,100.0,-89.0,0.0,0.0,0.0
1960-12-03,172.0,-44.0,0.0,0.0,0.0
1960-12-04,217.0,28.0,0.0,0.0,0.0
1960-12-05,200.0,139.0,442.0,0.0,0.0
1960-12-06,189.0,94.0,119.0,0.0,0.0
1960-12-07,167.0,44.0,366.0,0.0,0.0
1960-12-08,67.0,33.0,132.0,0.0,0.0
1960-12-09,50.0,-17.0,0.0,0.0,0.0
1960-12-10,128.0,-17.0,173.0,0.0,0.0
1960-12-11,128.0,-6.0,0.0,0.0,0.0
1960-12-12,61.0,17.0,0.0,0.0,0.0
1960-12-13,28.0,-61.0,0.0,0.0,0.0
1960-12-14,67.0,-67.0,0.0,0.0,0.0
1960-12-15,72.0,17.0,25.0,0.0,0.0
1960-12-16,94.0,-56.0,0.0,0.0,0.0
1960-12-17,128.0,-56.0,0.0,0.0,0.0
1960-12-18,144.0,-44.0,0.0,0.0,0.0
1960-12-19,161.0,-11.0,0.0,0.0,0.0
1960-12-20,150.0,44.0,0.0,0.0,0.0
1960-12-21,100.0,-56.0,0.0,0.0,0.0
1960-12-22,11.0,-100.0,0.0,0.0,0.0
1960-12-23,94.0,-111.0,0.0,0.0,0.0
1960-12-24,178.0,11.0,0.0,0.0,0.0
1960-12-25,189.0,11.0,0.0,0.0,0.0
1960-12-26,156.0,94.0,0.0,0.0,0.0
1960-12-27,133.0,17.0,0.0,0.0,0.0
1960-12-28,61.0,28.0,64.0,0.0,0.0
1960-12-29,39.0,17.0,434.0,0.0,0.0
1960-12-30,94.0,-11.0,0.0,0.0,0.0
1960-12-31,78.0,17.0,386.0,0.0,0.0
1961-01-01,33.0,-28.0,0.0,0.0,0.0
1961-01-02,83.0,-17.0,0.0,0.0,0.0
1961-01-03,100.0,-72.0,0.0,0.0,0.0
1961-01-04,139.0,-44.0,0.0,0.0,0.0
1961-01-05,156.0,0.0,0.0,0.0,0.0
1961-01-06,,6.0,0.0,0.0,0.0
1961-01-07,139.0,,66.0,0.0,0.0
1961-01-08,106.0,56.0,0.0,0.0,0.0
1961-01-09,83.0,-28.0,0.0,0.0,0.0
1961-01-10,144.0,-67.0,0.0,0.0,0.0
1961-01-11,172.0,-22.0,0.0,0.0,0.0
1961-01-12,156.0,-11.0,0.0,0.0,0.0
1961-01-13,183.0,11.0,0.0,0.0,0.0
1961-01-14,194.0,56.0,135.0,0.0,0.0
1961-01-15,100.0,61.0,170.0,0.0,0.0
1961-01-16,117.0,-50.0,0.0,0.0,0.0
1961-01-17,194.0,-44.0,0.0,0.0,0.0
1961-01-18,222.0,33.0,0.0,0.0,0.0
1961-01-19,194.0,56.0,135.0,0.0,0.0
1961-01-20,117.0,-44.0,0.0,0.0,0.0
1961-01-21,89.0,-67.0,0.0,0.0,0.0
1961-01-22,117.0,-11.0,0.0,0.0,0.0
1961-01-23,183.0,17.0,0.0,0.0,0.0
1961-01-24,144.0,-33.0,0.0,0.0,0.0
1961-01-25,-28.0,-61.0,0.0,0.0,0.0
1961-01-26,-11.0,-33.0,0.0,0.0,0.0
1961-01-27,-22.0,-78.0,0.0,0.0,0.0
1961-01-28,-11.0,-72.0,0.0,0.0,0.0
1961-01-29,61.0,-111.0,0.0,0.0,0.0
1961-01-30,117.0,-111.0,0.0,0.0,0.0
1961-01-31,161.0,0.0,0.0,0.0,0.0
1961-02-01,144.0,44.0,0.0,0.0,0.0
1961-02-02,133.0,61.0,89.0,0.0,0.0
1961-02-03,78.0,-61.0,0.0,0.0,0.0
1961-02-04,72.0,-39.0,0.0,0.0,0.0
1961-02-05,72.0,-33.0,0.0,0.0,0.0
1961-02-06,72.0,-6.0,20.0,0.0,0.0
1961-02-07,56.0,33.0,94.0,0.0,0.0
1961-02-08,83.0,17.0,0.0,0.0,0.0
1961-02-09,133.0,-17.0,0.0,0.0,0.0
1961-02-10,156.0,-28.0,0.0,0.0,0.0
1961-02-11,222.0,-28.0,0.0,0.0,0.0
1961-02-12,239.0,78.0,0.0,0.0,0.0
1961-02-13,250.0,89.0,0.0,0.0,0.0
1961-02-14,222.0,128.0,0.0,0.0,0.0
1961-02-15,233.0,128.0,0.0,0.0,0.0
1961-02-16,228.0,100.0,0.0,0.0,0.0
1961-02-17,206.0,50.0,531.0,0.0,0.0
1961-02-18,256.0,144.0,198.0,0.0,0.0
1961-02-19,228.0,,48.0,0.0,0.0
1961-02-20,89.0,,0.0,0.0,0.0
1961-02-21,100.0,61.0,897.0,0.0,0.0
1961-02-22,128.0,78.0,218.0,0.0,0.0
1961-02-23,239.0,72.0,145.0,0.0,0.0
1961-02-24,194.0,83.0,218.0,0.0,0.0
1961-02-25,194.0,0.0,142.0,0.0,0.0
1961-02-26,228.0,44.0,0.0,0.0,0.0
1961-02-27,228.0,89.0,0.0,0.0,0.0
1961-02-28,172.0,61.0,81.0,0.0,0.0
1961-03-01,167.0,11.0,0.0,0.0,0.0
1961-03-02,206.0,50.0,0.0,0.0,0.0
1961-03-03,200.0,89.0,10.0,0.0,0.0
1961-03-04,244.0,178.0,0.0,0.0,0.0
1961-03-05,233.0,172.0,211.0,0.0,0.0
1961-03-06,278.0,183.0,338.0,0.0,0.0
1961-03-07,283.0,183.0,74.0,0.0,0.0
1961-03-08,206.0,117.0,0.0,0.0,0.0
1961-03-09,139.0,33.0,0.0,0.0,0.0
1961-03-10,178.0,-17.0,0.0,0.0,0.0
1961-03-11,206.0,61.0,0.0,0.0,0.0
1961-03-12,211.0,106.0,137.0,0.0,0.0
1961-03-13,228.0,156.0,259.0,0.0,0.0
1961-03-14,239.0,28.0,0.0,0.0,0.0
1961-03-15,278.0,122.0,0.0,0.0,0.0
1961-03-16,250.0,156.0,0.0,0.0,0.0
1961-03-17,156.0,39.0,508.0,0.0,0.0
1961-03-18,161.0,78.0,503.0,0.0,0.0
1961-03-19,172.0,17.0,0.0,0.0,0.0
1961-03-20,178.0,72.0,33.0,0.0,0.0
1961-03-21,189.0,50.0,0.0,0.0,0.0
1961-03-22,200.0,67.0,0.0,0.0,0.0
1961-03-23,200.0,56.0,0.0,0.0,0.0
1961-03-24,172.0,44.0,0.0,0.0,0.0
1961-03-25,217.0,144.0,0.0,0.0,0.0
1961-03-26,228.0,100.0,8.0,0.0,0.0
1961-03-27,256.0,139.0,351.0,0.0,0.0
1961-03-28,250.0,133.0,635.0,0.0,0.0
1961-03-29,217.0,133.0,183.0,0.0,0.0
1961-03-30,150.0,94.0,76.0,0.0,0.0
1961-03-31,122.0,83.0,66.0,0.0,0.0
1961-04-01,156.0,17.0,0.0,0.0,0.0
1961-04-02,233.0,17.0,0.0,0.0,0.0
1961-04-03,233.0,72.0,69.0,0.0,0.0
1961-04-04,211.0,33.0,0.0,0.0,0.0
1961-04-05,200.0,139.0,0.0,0.0,0.0
1961-04-06,156.0,50.0,15.0,0.0,0.0
1961-04-07,194.0,11.0,0.0,0.0,0.0
1961-04-08,194.0,133.0,0.0,0.0,0.0
1961-04-09,172.0,89.0,127.0,0.0,0.0
1961-04-10,172.0,11.0,0.0,0.0,0.0
1961-04-11,211.0,,130.0,0.0,0.0
1961-04-12,161.0,94.0,378.0,0.0,0.0
1961-04-13,200.0,28.0,0.0,0.0,0.0
1961-04-14,256.0,133.0,0.0,0.0,0.0
1961-04-15,217.0,83.0,25.0,0.0,0.0
1961-04-16,183.0,-11.0,0.0,0.0,0.0
1961-04-17,,,0.0,0.0,0.0
1961-04-18,222.0,6.0,0.0,0.0,0.0
1961-04-19,272.0,,0.0,0.0,0.0
1961-04-20,278.0,178.0,0.0,0.0,0.0
1961-04-21,278.0,161.0,0.0,0.0,0.0
1961-04-22,289.0,,0.0,0.0,0.0
1961-04-23,267.0,172.0,0.0,0.0,0.0
1961-04-24,289.0,,0.0,0.0,0.0
1961-04-25,283.0,239.0,0.0,0.0,0.0
1961-04-26,267.0,106.0,66.0,0.0,0.0
1961-04-27,267.0,100.0,127.0,0.0,0.0
1961-04-28,250.0,117.0,0.0,0.0,0.0
1961-04-29,267.0,111.0,0.0,0.0,0.0
1961-04-30,278.0,128.0,0.0,0.0,0.0
1961-05-01,283.0,128.0,279.0,0.0,0.0
1961-05-02,194.0,100.0,3.0,0.0,0.0
1961-05-03,228.0,78.0,0.0,0.0,0.0
1961-05-04,256.0,117.0,0.0,0.0,0.0
1961-05-05,294.0,156.0,0.0,0.0,0.0
1961-05-06,300.0,167.0,18.0,0.0,0.0
1961-05-07,294.0,228.0,0.0,0.0,0.0
1961-05-08,294.0,183.0,272.0,0.0,0.0
1961-05-09,194.0,67.0,0.0,0.0,0.0
1961-05-10,211.0,56.0,0.0,0.0,0.0
1961-05-11,244.0,72.0,0.0,0.0,0.0
1961-05-12,289.0,100.0,0.0,0.0,0.0
1961-05-13,278.0,172.0,0.0,0.0,0.0
1961-05-14,272.0,189.0,74.0,0.0,0.0
1961-05-15,283.0,144.0,0.0,0.0,0.0
1961-05-16,256.0,150.0,0.0,0.0,0.0
1961-05-17,311.0,156.0,0.0,0.0,0.0
1961-05-18,283.0,194.0,178.0,0.0,0.0
1961-05-19,272.0,194.0,221.0,0.0,0.0
1961-05-20,283.0,167.0,0.0,0.0,0.0
1961-05-21,294.0,172.0,0.0,0.0,0.0
1961-05-22,300.0,172.0,0.0,0.0,0.0
1961-05-23,283.0,178.0,0.0,0.0,0.0
1961-05-24,239.0,128.0,0.0,0.0,0.0
1961-05-25,311.0,128.0,0.0,0.0,0.0
1961-05-26,294.0,139.0,343.0,0.0,0.0
1961-05-27,206.0,28.0,0.0,0.0,0.0
1961-05-28,250.0,33.0,0.0,0.0,0.0
1961-05-29,300.0,94.0,0.0,0.0,0.0
1961-05-30,317.0,150.0,0.0,0.0,0.0
1961-05-31,317.0,156.0,0.0,0.0,0.0
1961-06-01,311.0,183.0,0.0,0.0,0.0
1961-06-02,306.0,178.0,0.0,0.0,0.0
1961-06-03,311.0,178.0,0.0,0.0,0.0
1961-06-04,317.0,183.0,0.0,0.0,0.0
1961-06-05,317.0,189.0,132.0,0.0,0.0
1961-06-06,311.0,200.0,0.0,0.0,0.0
1961-06-07,311.0,206.0,0.0,0.0,0.0
1961-06-08,317.0,217.0,0.0,0.0,0.0
1961-06-09,311.0,178.0,244.0,0.0,0.0
1961-06-10,317.0,178.0,28.0,0.0,0.0
1961-06-11,317.0,189.0,0.0,0.0,0.0
1961-06-12,317.0,200.0,36.0,0.0,0.0
1961-06-13,322.0,194.0,0.0,0.0,0.0
1961-06-14,322.0,211.0,0.0,0.0,0.0
1961-06-15,294.0,183.0,8.0,0.0,0.0
1961-06-16,,144.0,51.0,0.0,0.0
1961-06-17,,144.0,74.0,0.0,0.0
1961-06-18,233.0,133.0,0.0,0.0,0.0
1961-06-19,228.0,194.0,43.0,0.0,0.0
1961-06-20,256.0,200.0,51.0,0.0,0.0
1961-06-21,261.0,156.0,0.0,0.0,0.0
1961-06-22,294.0,106.0,0.0,0.0,0.0
1961-06-23,317.0,172.0,0.0,0.0,0.0
1961-06-24,317.0,156.0,0.0,0.0,0.0
1961-06-25,289.0,167.0,0.0,0.0,0.0
1961-06-26,294.0,139.0,0.0,0.0,0.0
1961-06-27,306.0,144.0,0.0,0.0,0.0
1961-06-28,311.0,189.0,0.0,0.0,0.0
1961-06-29,322.0,156.0,0.0,0.0,0.0
1961-06-30,328.0,161.0,18.0,0.0,0.0
1961-07-01,328.0,161.0,0.0,0.0,0.0
1961-07-02,328.0,194.0,124.0,0.0,0.0
1961-07-03,311.0,183.0,0.0,0.0,0.0
1961-07-04,317.0,122.0,0.0,0.0,0.0
1961-07-05,339.0,156.0,0.0,0.0,0.0
1961-07-06,328.0,222.0,0.0,0.0,0.0
1961-07-07,339.0,217.0,41.0,0.0,0.0
1961-07-08,339.0,200.0,0.0,0.0,0.0
1961-07-09,283.0,183.0,0.0,0.0,0.0
1961-07-10,283.0,150.0,0.0,0.0,0.0
1961-07-11,289.0,167.0,0.0,0.0,0.0
1961-07-12,289.0,167.0,226.0,0.0,0.0
1961-07-13,322.0,211.0,160.0,0.0,0.0
1961-07-14,294.0,200.0,188.0,0.0,0.0
1961-07-15,322.0,178.0,168.0,0.0,0.0
1961-07-16,272.0,189.0,635.0,0.0,0.0
1961-07-17,322.0,178.0,0.0,0.0,0.0
1961-07-18,339.0,211.0,0.0,0.0,0.0
1961-07-19,339.0,217.0,0.0,0.0,0.0
1961-07-20,344.0,222.0,0.0,0.0,0.0
1961-07-21,328.0,217.0,23.0,0.0,0.0
1961-07-22,328.0,217.0,0.0,0.0,0.0
1961-07-23,311.0,211.0,104.0,0.0,0.0
1961-07-24,311.0,211.0,241.0,0.0,0.0
1961-07-25,339.0,194.0,147.0,0.0,0.0
1961-07-26,339.0,200.0,0.0,0.0,0.0
1961-07-27,339.0,206.0,229.0,0.0,0.0
1961-07-28,328.0,200.0,0.0,0.0,0.0
1961-07-29,328.0,194.0,0.0,0.0,0.0
1961-07-30,328.0,194.0,0.0,0.0,0.0
1961-07-31,333.0,200.0,0.0,0.0,0.0
1961-08-01,339.0,200.0,0.0,0.0,0.0
1961-08-02,344.0,200.0,0.0,0.0,0.0
1961-08-03,344.0,206.0,28.0,0.0,0.0
1961-08-04,344.0,200.0,0.0,0.0,0.0
1961-08-05,350.0,183.0,0.0,0.0,0.0
1961-08-06,344.0,172.0,0.0,0.0,0.0
1961-08-07,344.0,172.0,0.0,0.0,0.0
1961-08-08,344.0,178.0,18.0,0.0,0.0
1961-08-09,344.0,178.0,0.0,0.0,0.0
1961-08-10,344.0,178.0,0.0,0.0,0.0
1961-08-11,311.0,206.0,0.0,0.0,0.0
1961-08-12,339.0,183.0,0.0,0.0,0.0
1961-08-13,294.0,194.0,0.0,0.0,0.0
1961-08-14,278.0,211.0,0.0,0.0,0.0
1961-08-15,272.0,183.0,0.0,0.0,0.0
1961-08-16,272.0,200.0,0.0,0.0,0.0
1961-08-17,289.0,206.0,0.0,0.0,0.0
1961-08-18,294.0,172.0,0.0,0.0,0.0
1961-08-19,294.0,167.0,0.0,0.0,0.0
1961-08-20,289.0,172.0,0.0,0.0,0.0
1961-08-21,256.0,133.0,38.0,0.0,0.0
1961-08-22,239.0,106.0,0.0,0.0,0.0
1961-08-23,233.0,117.0,104.0,0.0,0.0
1961-08-24,222.0,,173.0,0.0,0.0
1961-08-25,267.0,,0.0,0.0,0.0
1961-08-26,278.0,,0.0,0.0,0.0
1961-08-27,294.0,,0.0,0.0,0.0
1961-08-28,300.0,,0.0,0.0,0.0
1961-08-29,300.0,,99.0,0.0,0.0
1961-08-30,311.0,,0.0,0.0,0.0
1961-08-31,311.0,,109.0,0.0,0.0
1961-09-01,311.0,200.0,0.0,0.0,0.0
1961-09-02,311.0,222.0,0.0,0.0,0.0
1961-09-03,294.0,222.0,51.0,0.0,0.0
1961-09-04,311.0,206.0,0.0,0.0,0.0
1961-09-05,311.0,183.0,0.0,0.0,0.0
1961-09-06,306.0,183.0,104.0,0.0,0.0
1961-09-07,300.0,183.0,0.0,0.0,0.0
1961-09-08,300.0,189.0,0.0,0.0,0.0
1961-09-09,289.0,189.0,0.0,0.0,0.0
1961-09-10,289.0,194.0,97.0,0.0,0.0
1961-09-11,283.0,200.0,0.0,0.0,0.0
1961-09-12,278.0,206.0,15.0,0.0,0.0
1961-09-13,250.0,178.0,467.0,0.0,0.0
1961-09-14,244.0,133.0,0.0,0.0,0.0
1961-09-15,200.0,106.0,0.0,0.0,0.0
1961-09-16,211.0,39.0,0.0,0.0,0.0
1961-09-17,233.0,39.0,0.0,0.0,0.0
1961-09-18,228.0,44.0,0.0,0.0,0.0
1961-09-19,228.0,44.0,0.0,0.0,0.0
1961-09-20,267.0,44.0,0.0,0.0,0.0
1961-09-21,289.0,,0.0,0.0,0.0
1961-09-22,300.0,,0.0,0.0,0.0
1961-09-23,283.0,,0.0,0.0,0.0
1961-09-24,317.0,,0.0,0.0,0.0
1961-09-25,278.0,,0.0,0.0,0.0
1961-09-26,267.0,,0.0,0.0,0.0
1961-09-27,311.0,133.0,0.0,0.0,0.0
1961-09-28,289.0,172.0,0.0,0.0,0.0
1961-09-29,300.0,117.0,0.0,0.0,0.0
1961-09-30,306.0,178.0,51.0,0.0,0.0
1961-10-01,239.0,156.0,711.0,0.0,0.0
1961-10-02,194.0,78.0,102.0,0.0,0.0
1961-10-03,178.0,50.0,0.0,0.0,0.0
1961-10-04,222.0,33.0,0.0,0.0,0.0
1961-10-05,239.0,44.0,0.0,0.0,0.0
1961-10-06,250.0,56.0,0.0,0.0,0.0
1961-10-07,267.0,106.0,0.0,0.0,0.0
1961-10-08,250.0,167.0,0.0,0.0,0.0
1961-10-09,267.0,178.0,0.0,0.0,0.0
1961-10-10,283.0,178.0,0.0,0.0,0.0
1961-10-11,294.0,200.0,0.0,0.0,0.0
1961-10-12,289.0,172.0,0.0,0.0,0.0
1961-10-13,289.0,117.0,0.0,0.0,0.0
1961-10-14,256.0,133.0,0.0,0.0,0.0
1961-10-15,200.0,33.0,0.0,0.0,0.0
1961-10-16,244.0,22.0,0.0,0.0,0.0
1961-10-17,250.0,39.0,0.0,0.0,0.0
1961-10-18,267.0,61.0,0.0,0.0,0.0
1961-10-19,239.0,100.0,0.0,0.0,0.0
1961-10-20,194.0,0.0,0.0,0.0,0.0
1961-10-21,228.0,17.0,0.0,0.0,0.0
1961-10-22,233.0,33.0,0.0,0.0,0.0
1961-10-23,256.0,89.0,0.0,0.0,0.0
1961-10-24,256.0,128.0,0.0,0.0,0.0
1961-10-25,233.0,150.0,0.0,0.0,0.0
1961-10-26,217.0,11.0,0.0,0.0,0.0
1961-10-27,211.0,-17.0,0.0,0.0,0.0
1961-10-28,256.0,117.0,0.0,0.0,0.0
1961-10-29,250.0,178.0,81.0,0.0,0.0
1961-10-30,267.0,194.0,18.0,0.0,0.0
1961-10-31,267.0,144.0,0.0,0.0,0.0
1961-11-01,272.0,167.0,0.0,0.0,0.0
1961-11-02,261.0,133.0,239.0,0.0,0.0
1961-11-03,133.0,83.0,538.0,0.0,0.0
1961-11-04,156.0,17.0,25.0,0.0,0.0
1961-11-05,133.0,72.0,0.0,0.0,0.0
1961-11-06,128.0,61.0,23.0,0.0,0.0
1961-11-07,150.0,11.0,0.0,0.0,0.0
1961-11-08,133.0,17.0,0.0,0.0,0.0
1961-11-09,167.0,-50.0,0.0,0.0,0.0
1961-11-10,206.0,39.0,0.0,0.0,0.0
1961-11-11,167.0,83.0,117.0,0.0,0.0
1961-11-12,194.0,83.0,43.0,0.0,0.0
1961-11-13,194.0,178.0,188.0,0.0,0.0
1961-11-14,183.0,122.0,28.0,0.0,0.0
1961-11-15,228.0,128.0,178.0,0.0,0.0
1961-11-16,222.0,78.0,5.0,0.0,0.0
1961-11-17,100.0,33.0,0.0,0.0,0.0
1961-11-18,89.0,22.0,33.0,0.0,0.0
1961-11-19,117.0,6.0,0.0,0.0,0.0
1961-11-20,133.0,28.0,0.0,0.0,0.0
1961-11-21,144.0,28.0,0.0,0.0,0.0
1961-11-22,156.0,111.0,406.0,0.0,0.0
1961-11-23,156.0,94.0,74.0,0.0,0.0
1961-11-24,200.0,-6.0,0.0,0.0,0.0
1961-11-25,211.0,,0.0,0.0,0.0
1961-11-26,183.0,89.0,0.0,0.0,0.0
1961-11-27,183.0,117.0,0.0,0.0,0.0
1961-11-28,122.0,11.0,0.0,0.0,0.0
1961-11-29,78.0,-39.0,0.0,0.0,0.0
1961-11-30,117.0,-67.0,0.0,0.0,0.0
1961-12-01,183.0,22.0,0.0,0.0,0.0
1961-12-02,228.0,128.0,0.0,0.0,0.0
1961-12-03,228.0,100.0,0.0,0.0,0.0
1961-12-04,233.0,144.0,0.0,0.0,0.0
1961-12-05,217.0,72.0,53.0,0.0,0.0
1961-12-06,161.0,56.0,69.0,0.0,0.0
1961-12-07,133.0,17.0,0.0,0.0,0.0
1961-12-08,94.0,50.0,0.0,0.0,0.0
1961-12-09,128.0,44.0,531.0,0.0,0.0
1961-12-10,122.0,89.0,0.0,0.0,0.0
1961-12-11,117.0,67.0,246.0,0.0,0.0
1961-12-12,117.0,6.0,137.0,0.0,0.0
1961-12-13,17.0,-72.0,0.0,0.0,0.0
1961-12-14,39.0,-11.0,69.0,0.0,0.0
1961-12-15,56.0,28.0,107.0,0.0,0.0
1961-12-16,122.0,39.0,282.0,0.0,0.0
1961-12-17,117.0,61.0,274.0,0.0,0.0
1961-12-18,139.0,72.0,15.0,0.0,0.0
1961-12-19,128.0,39.0,0.0,0.0,0.0
1961-12-20,72.0,-50.0,0.0,0.0,0.0
1961-12-21,128.0,-44.0,0.0,0.0,0.0
1961-12-22,139.0,17.0,0.0,0.0,0.0
1961-12-23,133.0,-11.0,0.0,0.0,0.0
1961-12-24,50.0,-56.0,0.0,0.0,0.0
1961-12-25,100.0,-72.0,0.0,0.0,0.0
1961-12-26,144.0,0.0,8.0,0.0,0.0
1961-12-27,133.0,6.0,175.0,0.0,0.0
1961-12-28,61.0,-61.0,0.0,0.0,0.0
1961-12-29,78.0,-83.0,0.0,0.0,0.0
1961-12-30,133.0,-33.0,0.0,0.0,0.0
1961-12-31,122.0,56.0,254.0,0.0,0.0
1962-01-01,61.0,-6.0,0.0,0.0,0.0
1962-01-02,139.0,-39.0,0.0,0.0,0.0
1962-01-03,178.0,0.0,0.0,0.0,0.0
1962-01-04,161.0,89.0,28.0,0.0,0.0
1962-01-05,206.0,133.0,104.0,0.0,0.0
1962-01-06,133.0,-39.0,0.0,0.0,0.0
1962-01-07,117.0,-22.0,0.0,0.0,0.0
1962-01-08,100.0,-50.0,0.0,0.0,0.0
1962-01-09,67.0,-111.0,191.0,,191.0
1962-01-10,-111.0,-178.0,0.0,,0.0
1962-01-11,-94.0,-183.0,0.0,,0.0
1962-01-12,11.0,-200.0,0.0,,0.0
1962-01-13,44.0,-100.0,0.0,0.0,0.0
1962-01-14,128.0,-28.0,20.0,0.0,0.0
1962-01-15,128.0,-22.0,302.0,0.0,0.0
1962-01-16,72.0,-67.0,0.0,0.0,0.0
1962-01-17,89.0,-28.0,0.0,0.0,0.0
1962-01-18,78.0,11.0,25.0,0.0,0.0
1962-01-19,39.0,11.0,0.0,0.0,0.0
1962-01-20,22.0,0.0,0.0,0.0,0.0
1962-01-21,183.0,17.0,0.0,0.0,0.0
1962-01-22,189.0,50.0,109.0,0.0,0.0
1962-01-23,50.0,-22.0,236.0,0.0,0.0
1962-01-24,61.0,-11.0,41.0,0.0,0.0
1962-01-25,172.0,61.0,66.0,0.0,0.0
1962-01-26,172.0,67.0,185.0,0.0,0.0
1962-01-27,122.0,17.0,282.0,0.0,0.0
1962-01-28,133.0,-28.0,0.0,0.0,0.0
1962-01-29,194.0,-17.0,0.0,0.0,0.0
1962-01-30,211.0,33.0,0.0,0.0,0.0
1962-01-31,194.0,6.0,0.0,0.0,0.0
1962-02-01,250.0,50.0,0.0,0.0,0.0
1962-02-02,233.0,39.0,0.0,0.0,0.0
1962-02-03,228.0,67.0,0.0,0.0,0.0
1962-02-04,200.0,94.0,0.0,0.0,0.0
1962-02-05,183.0,94.0,53.0,0.0,0.0
1962-02-06,94.0,-44.0,0.0,0.0,0.0
1962-02-07,83.0,-39.0,0.0,0.0,0.0
1962-02-08,189.0,67.0,0.0,0.0,0.0
1962-02-09,194.0,128.0,0.0,0.0,0.0
1962-02-10,133.0,44.0,0.0,0.0,0.0
1962-02-11,211.0,-11.0,0.0,0.0,0.0
1962-02-12,250.0,94.0,0.0,0.0,0.0
1962-02-13,272.0,122.0,0.0,0.0,0.0
1962-02-14,256.0,83.0,0.0,0.0,0.0
1962-02-15,200.0,111.0,130.0,0.0,0.0
1962-02-16,167.0,72.0,0.0,0.0,0.0
1962-02-17,122.0,17.0,0.0,0.0,0.0
1962-02-18,,,127.0,0.0,0.0
1962-02-19,167.0,-17.0,0.0,0.0,0.0
1962-02-20,156.0,33.0,0.0,0.0,0.0
1962-02-21,200.0,89.0,69.0,0.0,0.0
1962-02-22,217.0,89.0,0.0,0.0,0.0
1962-02-23,189.0,89.0,267.0,0.0,0.0
1962-02-24,172.0,72.0,0.0,0.0,0.0
1962-02-25,189.0,72.0,61.0,0.0,0.0
1962-02-26,261.0,72.0,0.0,0.0,0.0
1962-02-27,200.0,22.0,175.0,0.0,0.0
1962-02-28,22.0,-22.0,0.0,0.0,0.0
1962-03-01,0.0,-39.0,0.0,0.0,0.0
1962-03-02,94.0,-39.0,0.0,0.0,0.0
1962-03-03,139.0,-50.0,0.0,0.0,0.0
1962-03-04,161.0,33.0,0.0,0.0,0.0
1962-03-05,144.0,11.0,0.0,0.0,0.0
1962-03-06,117.0,-56.0,0.0,0.0,0.0
1962-03-07,111.0,-33.0,0.0,0.0,0.0
1962-03-08,111.0,44.0,107.0,0.0,0.0
1962-03-09,139.0,67.0,107.0,0.0,0.0
1962-03-10,122.0,56.0,155.0,0.0,0.0
1962-03-11,194.0,72.0,13.0,0.0,0.0
1962-03-12,167.0,50.0,0.0,0.0,0.0
1962-03-13,139.0,17.0,0.0,0.0,0.0
1962-03-14,122.0,-11.0,0.0,0.0,0.0
1962-03-15,133.0,22.0,0.0,0.0,0.0
1962-03-16,167.0,-28.0,0.0,0.0,0.0
1962-03-17,167.0,0.0,0.0,0.0,0.0
1962-03-18,217.0,67.0,0.0,0.0,0.0
1962-03-19,194.0,28.0,0.0,0.0,0.0
1962-03-20,194.0,100.0,36.0,0.0,0.0
1962-03-21,183.0,128.0,0.0,0.0,0.0
1962-03-22,156.0,56.0,0.0,0.0,0.0
1962-03-23,194.0,17.0,0.0,0.0,0.0
1962-03-24,233.0,39.0,0.0,0.0,0.0
1962-03-25,211.0,89.0,66.0,0.0,0.0
1962-03-26,200.0,61.0,0.0,0.0,0.0
1962-03-27,239.0,22.0,0.0,0.0,0.0
1962-03-28,256.0,100.0,0.0,0.0,0.0
1962-03-29,244.0,117.0,0.0,0.0,0.0
1962-03-30,228.0,61.0,102.0,0.0,0.0
1962-03-31,128.0,39.0,546.0,0.0,0.0
1962-04-01,133.0,6.0,0.0,0.0,0.0
1962-04-02,133.0,17.0,0.0,0.0,0.0
1962-04-03,150.0,-17.0,0.0,0.0,0.0
1962-04-04,172.0,61.0,0.0,0.0,0.0
1962-04-05,144.0,89.0,76.0,0.0,0.0
1962-04-06,156.0,111.0,5.0,0.0,0.0
1962-04-07,200.0,117.0,0.0,0.0,0.0
1962-04-08,211.0,94.0,30.0,0.0,0.0
1962-04-09,200.0,44.0,0.0,0.0,0.0
1962-04-10,272.0,111.0,0.0,0.0,0.0
1962-04-11,244.0,122.0,533.0,0.0,0.0
1962-04-12,222.0,83.0,229.0,0.0,0.0
1962-04-13,189.0,89.0,0.0,0.0,0.0
1962-04-14,267.0,67.0,0.0,0.0,0.0
1962-04-15,233.0,78.0,0.0,0.0,0.0
1962-04-16,167.0,11.0,0.0,0.0,0.0
1962-04-17,139.0,61.0,36.0,0.0,0.0
1962-04-18,256.0,89.0,0.0,0.0,0.0
1962-04-19,289.0,83.0,0.0,0.0,0.0
1962-04-20,283.0,128.0,0.0,0.0,0.0
1962-04-21,272.0,133.0,0.0,0.0,0.0
1962-04-22,272.0,122.0,0.0,0.0,0.0
1962-04-23,233.0,144.0,0.0,0.0,0.0
1962-04-24,239.0,144.0,0.0,0.0,0.0
1962-04-25,256.0,128.0,0.0,0.0,0.0
1962-04-26,267.0,133.0,0.0,0.0,0.0
1962-04-27,244.0,128.0,254.0,0.0,0.0
1962-04-28,267.0,167.0,0.0,0.0,0.0
1962-04-29,300.0,167.0,0.0,0.0,0.0
1962-04-30,278.0,222.0,0.0,0.0,0.0
1962-05-01,250.0,167.0,495.0,0.0,0.0
1962-05-02,244.0,50.0,0.0,0.0,0.0
1962-05-03,261.0,67.0,0.0,0.0,0.0
1962-05-04,272.0,72.0,0.0,0.0,0.0
1962-05-05,289.0,,0.0,0.0,0.0
1962-05-06,294.0,111.0,0.0,0.0,0.0
1962-05-07,311.0,156.0,0.0,0.0,0.0
1962-05-08,306.0,144.0,0.0,0.0,0.0
1962-05-09,306.0,167.0,0.0,0.0,0.0
1962-05-10,306.0,172.0,0.0,0.0,0.0
1962-05-11,300.0,167.0,0.0,0.0,0.0
1962-05-12,306.0,156.0,0.0,0.0,0.0
1962-05-13,328.0,156.0,0.0,0.0,0.0
1962-05-14,311.0,183.0,0.0,0.0,0.0
1962-05-15,317.0,200.0,0.0,0.0,0.0
1962-05-16,317.0,189.0,0.0,0.0,0.0
1962-05-17,339.0,172.0,0.0,0.0,0.0
1962-05-18,311.0,161.0,0.0,0.0,0.0
1962-05-19,317.0,156.0,0.0,0.0,0.0
1962-05-20,333.0,167.0,0.0,0.0,0.0
1962-05-21,328.0,178.0,0.0,0.0,0.0
1962-05-22,300.0,183.0,0.0,0.0,0.0
1962-05-23,306.0,211.0,0.0,0.0,0.0
1962-05-24,317.0,194.0,0.0,0.0,0.0
1962-05-25,322.0,189.0,0.0,0.0,0.0
1962-05-26,311.0,194.0,0.0,0.0,0.0
1962-05-27,317.0,211.0,0.0,0.0,0.0
1962-05-28,339.0,211.0,0.0,0.0,0.0
1962-05-29,294.0,183.0,15.0,0.0,0.0
1962-05-30,239.0,183.0,236.0,0.0,0.0
1962-05-31,306.0,183.0,0.0,0.0,0.0
1962-06-01,278.0,178.0,0.0,0.0,0.0
1962-06-02,278.0,183.0,,0.0,0.0
1962-06-03,283.0,183.0,,0.0,0.0
1962-06-04,306.0,183.0,0.0,0.0,0.0
1962-06-05,317.0,189.0,0.0,0.0,0.0
1962-06-06,306.0,178.0,0.0,0.0,0.0
1962-06-07,283.0,172.0,310.0,0.0,0.0
1962-06-08,294.0,167.0,0.0,0.0,0.0
1962-06-09,294.0,200.0,43.0,0.0,0.0
1962-06-10,328.0,194.0,0.0,0.0,0.0
1962-06-11,306.0,206.0,51.0,0.0,0.0
1962-06-12,311.0,194.0,8.0,0.0,0.0
1962-06-13,261.0,167.0,0.0,0.0,0.0
1962-06-14,272.0,156.0,0.0,0.0,0.0
1962-06-15,272.0,139.0,0.0,0.0,0.0
1962-06-16,328.0,172.0,0.0,0.0,0.0
1962-06-17,333.0,172.0,0.0,0.0,0.0
1962-06-18,322.0,222.0,0.0,0.0,0.0
1962-06-19,317.0,211.0,254.0,0.0,0.0
1962-06-20,300.0,172.0,0.0,0.0,0.0
1962-06-21,333.0,172.0,0.0,0.0,0.0
1962-06-22,333.0,194.0,0.0,0.0,0.0
1962-06-23,339.0,200.0,0.0,0.0,0.0
1962-06-24,333.0,217.0,20.0,0.0,0.0
1962-06-25,283.0,206.0,267.0,0.0,0.0
1962-06-26,311.0,178.0,0.0,0.0,0.0
1962-06-27,311.0,172.0,0.0,0.0,0.0
1962-06-28,317.0,189.0,0.0,0.0,0.0
1962-06-29,272.0,211.0,76.0,0.0,0.0
1962-06-30,306.0,189.0,5.0,0.0,0.0
1962-07-01,322.0,178.0,163.0,0.0,0.0
1962-07-02,328.0,206.0,0.0,0.0,0.0
1962-07-03,328.0,217.0,0.0,0.0,0.0
1962-07-04,339.0,206.0,0.0,0.0,0.0
1962-07-05,350.0,200.0,0.0,0.0,0.0
1962-07-06,350.0,206.0,0.0,0.0,0.0
1962-07-07,344.0,211.0,0.0,0.0,0.0
1962-07-08,356.0,206.0,0.0,0.0,0.0
1962-07-09,356.0,206.0,191.0,0.0,0.0
1962-07-10,350.0,189.0,10.0,0.0,0.0
1962-07-11,344.0,222.0,0.0,0.0,0.0
1962-07-12,389.0,233.0,0.0,0.0,0.0
1962-07-13,367.0,222.0,0.0,0.0,0.0
1962-07-14,344.0,239.0,0.0,0.0,0.0
1962-07-15,350.0,233.0,0.0,0.0,0.0
1962-07-16,333.0,222.0,0.0,0.0,0.0
1962-07-17,322.0,194.0,0.0,0.0,0.0
1962-07-18,317.0,211.0,0.0,0.0,0.0
1962-07-19,328.0,183.0,0.0,0.0,0.0
1962-07-20,350.0,183.0,0.0,0.0,0.0
1962-07-21,333.0,211.0,20.0,0.0,0.0
1962-07-22,356.0,194.0,0.0,0.0,0.0
1962-07-23,356.0,200.0,0.0,0.0,0.0
1962-07-24,350.0,239.0,46.0,0.0,0.0
1962-07-25,317.0,233.0,0.0,0.0,0.0
1962-07-26,267.0,206.0,0.0,0.0,0.0
1962-07-27,256.0,189.0,0.0,0.0,0.0
1962-07-28,300.0,194.0,0.0,0.0,0.0
1962-07-29,361.0,206.0,0.0,0.0,0.0
1962-07-30,361.0,228.0,0.0,0.0,0.0
1962-07-31,356.0,206.0,0.0,0.0,0.0
1962-08-01,339.0,200.0,0.0,0.0,0.0
1962-08-02,306.0,217.0,64.0,0.0,0.0
1962-08-03,328.0,217.0,48.0,0.0,0.0
1962-08-04,339.0,222.0,508.0,0.0,0.0
1962-08-05,350.0,222.0,0.0,0.0,0.0
1962-08-06,361.0,239.0,0.0,0.0,0.0
1962-08-07,367.0,222.0,0.0,0.0,0.0
1962-08-08,350.0,222.0,0.0,0.0,0.0
1962-08-09,350.0,194.0,0.0,0.0,0.0
1962-08-10,344.0,194.0,0.0,0.0,0.0
1962-08-11,361.0,217.0,0.0,0.0,0.0
1962-08-12,389.0,222.0,0.0,0.0,0.0
1962-08-13,339.0,189.0,0.0,0.0,0.0
1962-08-14,317.0,167.0,0.0,0.0,0.0
1962-08-15,322.0,128.0,0.0,0.0,0.0
1962-08-16,350.0,156.0,0.0,0.0,0.0
1962-08-17,339.0,189.0,0.0,0.0,0.0
1962-08-18,339.0,133.0,0.0,0.0,0.0
1962-08-19,378.0,172.0,0.0,0.0,0.0
1962-08-20,350.0,222.0,0.0,0.0,0.0
1962-08-21,344.0,194.0,0.0,0.0,0.0
1962-08-22,333.0,200.0,0.0,0.0,0.0
1962-08-23,328.0,189.0,0.0,0.0,0.0
1962-08-24,339.0,200.0,127.0,0.0,0.0
1962-08-25,289.0,183.0,152.0,0.0,0.0
1962-08-26,294.0,183.0,0.0,0.0,0.0
1962-08-27,322.0,178.0,0.0,0.0,0.0
1962-08-28,333.0,200.0,0.0,0.0,0.0
1962-08-29,294.0,206.0,43.0,0.0,0.0
1962-08-30,311.0,200.0,76.0,0.0,0.0
1962-08-31,328.0,200.0,5.0,0.0,0.0
1962-09-01,322.0,217.0,0.0,0.0,0.0
1962-09-02,333.0,206.0,0.0,0.0,0.0
1962-09-03,339.0,211.0,0.0,0.0,0.0
1962-09-04,333.0,189.0,0.0,0.0,0.0
1962-09-05,311.0,211.0,0.0,0.0,0.0
1962-09-06,256.0,167.0,71.0,0.0,0.0
1962-09-07,267.0,139.0,43.0,0.0,0.0
1962-09-08,294.0,189.0,0.0,0.0,0.0
1962-09-09,311.0,222.0,5.0,0.0,0.0
1962-09-10,300.0,217.0,10.0,0.0,0.0
1962-09-11,317.0,206.0,46.0,0.0,0.0
1962-09-12,344.0,222.0,0.0,0.0,0.0
1962-09-13,350.0,233.0,0.0,0.0,0.0
1962-09-14,339.0,228.0,5.0,0.0,0.0
1962-09-15,294.0,206.0,234.0,0.0,0.0
1962-09-16,294.0,217.0,0.0,0.0,0.0
1962-09-17,289.0,178.0,0.0,0.0,0.0
1962-09-18,300.0,172.0,0.0,0.0,0.0
1962-09-19,311.0,139.0,0.0,0.0,0.0
1962-09-20,272.0,156.0,0.0,0.0,0.0
1962-09-21,256.0,89.0,0.0,0.0,0.0
1962-09-22,283.0,111.0,0.0,0.0,0.0
1962-09-23,283.0,156.0,0.0,0.0,0.0
1962-09-24,317.0,144.0,0.0,0.0,0.0
1962-09-25,278.0,183.0,5.0,0.0,0.0
1962-09-26,239.0,167.0,8.0,0.0,0.0
1962-09-27,267.0,78.0,0.0,0.0,0.0
1962-09-28,239.0,106.0,0.0,0.0,0.0
1962-09-29,256.0,83.0,0.0,0.0,0.0
1962-09-30,283.0,144.0,0.0,0.0,0.0
1962-10-01,256.0,167.0,0.0,0.0,0.0
1962-10-02,244.0,56.0,0.0,0.0,0.0
1962-10-03,261.0,78.0,0.0,0.0,0.0
1962-10-04,289.0,111.0,0.0,0.0,0.0
1962-10-05,317.0,144.0,0.0,0.0,0.0
1962-10-06,306.0,156.0,0.0,0.0,0.0
1962-10-07,328.0,167.0,0.0,0.0,0.0
1962-10-08,306.0,189.0,424.0,0.0,0.0
1962-10-09,300.0,189.0,0.0,0.0,0.0
1962-10-10,306.0,161.0,0.0,0.0,0.0
1962-10-11,306.0,200.0,0.0,0.0,0.0
1962-10-12,311.0,206.0,0.0,0.0,0.0
1962-10-13,311.0,200.0,0.0,0.0,0.0
1962-10-14,294.0,189.0,5.0,0.0,0.0
1962-10-15,294.0,194.0,28.0,0.0,0.0
1962-10-16,272.0,194.0,97.0,0.0,0.0
1962-10-17,233.0,144.0,0.0,0.0,0.0
1962-10-18,244.0,106.0,0.0,0.0,0.0
1962-10-19,278.0,67.0,0.0,0.0,0.0
1962-10-20,289.0,111.0,201.0,0.0,0.0
1962-10-21,233.0,133.0,10.0,0.0,0.0
1962-10-22,244.0,83.0,0.0,0.0,0.0
1962-10-23,217.0,94.0,0.0,0.0,0.0
1962-10-24,156.0,78.0,0.0,0.0,0.0
1962-10-25,150.0,17.0,0.0,0.0,0.0
1962-10-26,178.0,22.0,0.0,0.0,0.0
1962-10-27,233.0,67.0,0.0,0.0,0.0
1962-10-28,250.0,111.0,0.0,0.0,0.0
1962-10-29,211.0,156.0,8.0,0.0,0.0
1962-10-30,206.0,106.0,0.0,0.0,0.0
1962-10-31,183.0,11.0,0.0,0.0,0.0
1962-11-01,167.0,39.0,0.0,0.0,0.0
1962-11-02,178.0,44.0,0.0,0.0,0.0
1962-11-03,122.0,72.0,5.0,0.0,0.0
1962-11-04,150.0,11.0,0.0,0.0,0.0
1962-11-05,128.0,0.0,0.0,0.0,0.0
1962-11-06,189.0,6.0,0.0,0.0,0.0
1962-11-07,211.0,50.0,0.0,0.0,0.0
1962-11-08,156.0,89.0,94.0,0.0,0.0
1962-11-09,133.0,-39.0,0.0,0.0,0.0
1962-11-10,222.0,-17.0,0.0,0.0,0.0
1962-11-11,256.0,78.0,0.0,0.0,0.0
1962-11-12,233.0,67.0,0.0,0.0,0.0
1962-11-13,189.0,-22.0,0.0,0.0,0.0
1962-11-14,222.0,-39.0,0.0,0.0,0.0
1962-11-15,228.0,33.0,0.0,0.0,0.0
1962-11-16,256.0,50.0,0.0,0.0,0.0
1962-11-17,194.0,50.0,51.0,0.0,0.0
1962-11-18,89.0,67.0,124.0,0.0,0.0
1962-11-19,72.0,44.0,43.0,0.0,0.0
1962-11-20,122.0,56.0,0.0,0.0,0.0
1962-11-21,117.0,100.0,109.0,0.0,0.0
1962-11-22,161.0,67.0,0.0,0.0,0.0
1962-11-23,194.0,-11.0,0.0,0.0,0.0
1962-11-24,194.0,67.0,0.0,0.0,0.0
1962-11-25,172.0,94.0,41.0,0.0,0.0
1962-11-26,161.0,83.0,0.0,0.0,0.0
1962-11-27,128.0,61.0,0.0,0.0,0.0
1962-11-28,183.0,61.0,0.0,0.0,0.0
1962-11-29,167.0,61.0,0.0,0.0,0.0
1962-11-30,233.0,106.0,0.0,0.0,0.0
1962-12-01,211.0,61.0,0.0,0.0,0.0
1962-12-02,222.0,61.0,0.0,0.0,0.0
1962-12-03,206.0,83.0,23.0,0.0,0.0
1962-12-04,206.0,50.0,124.0,0.0,0.0
1962-12-05,128.0,11.0,25.0,0.0,0.0
1962-12-06,106.0,-39.0,0.0,0.0,0.0
1962-12-07,156.0,-28.0,0.0,0.0,0.0
1962-12-08,144.0,44.0,0.0,0.0,0.0
1962-12-09,128.0,-22.0,0.0,0.0,0.0
1962-12-10,128.0,-39.0,0.0,0.0,0.0
1962-12-11,111.0,-50.0,0.0,0.0,0.0
1962-12-12,-44.0,-128.0,0.0,0.0,0.0
1962-12-13,44.0,-94.0,0.0,0.0,0.0
1962-12-14,150.0,-111.0,0.0,0.0,0.0
1962-12-15,150.0,6.0,0.0,0.0,0.0
1962-12-16,178.0,0.0,0.0,0.0,0.0
1962-12-17,206.0,-33.0,0.0,0.0,0.0
1962-12-18,217.0,-6.0,0.0,0.0,0.0
1962-12-19,183.0,72.0,0.0,0.0,0.0
1962-12-20,206.0,83.0,0.0,0.0,0.0
1962-12-21,189.0,83.0,79.0,0.0,0.0
1962-12-22,111.0,28.0,0.0,0.0,0.0
1962-12-23,100.0,-28.0,5.0,0.0,0.0
1962-12-24,67.0,-33.0,23.0,0.0,15.0
1962-12-25,39.0,-11.0,142.0,0.0,0.0
1962-12-26,39.0,17.0,38.0,0.0,0.0
1962-12-27,83.0,0.0,10.0,0.0,0.0
1962-12-28,72.0,-28.0,69.0,0.0,0.0
1962-12-29,111.0,44.0,114.0,0.0,0.0
1962-12-30,100.0,-22.0,0.0,0.0,0.0
1962-12-31,150.0,-50.0,0.0,0.0,0.0
1963-01-01,172.0,0.0,0.0,0.0,0.0
1963-01-02,178.0,50.0,0.0,0.0,0.0
1963-01-03,178.0,-17.0,0.0,0.0,0.0
1963-01-04,150.0,33.0,0.0,0.0,0.0
1963-01-05,128.0,72.0,127.0,0.0,0.0
1963-01-06,106.0,44.0,5.0,0.0,0.0
1963-01-07,111.0,-50.0,0.0,0.0,0.0
1963-01-08,172.0,-33.0,0.0,0.0,0.0
1963-01-09,183.0,-28.0,0.0,0.0,0.0
1963-01-10,256.0,,0.0,0.0,0.0
1963-01-11,239.0,67.0,13.0,0.0,0.0
1963-01-12,106.0,-89.0,0.0,0.0,0.0
1963-01-13,-28.0,-128.0,5.0,0.0,0.0
1963-01-14,39.0,-172.0,0.0,0.0,0.0
1963-01-15,78.0,-133.0,0.0,0.0,0.0
1963-01-16,100.0,-122.0,0.0,0.0,0.0
1963-01-17,150.0,-83.0,0.0,0.0,0.0
1963-01-18,167.0,50.0,0.0,0.0,0.0
1963-01-19,144.0,11.0,20.0,0.0,0.0
1963-01-20,11.0,-78.0,20.0,0.0,
1963-01-21,78.0,-133.0,0.0,0.0,0.0
1963-01-22,167.0,-17.0,0.0,0.0,0.0
1963-01-23,144.0,-106.0,8.0,0.0,
1963-01-24,-28.0,-194.0,0.0,0.0,0.0
1963-01-25,0.0,-117.0,0.0,0.0,0.0
1963-01-26,0.0,-44.0,18.0,0.0,
1963-01-27,-22.0,-133.0,0.0,0.0,0.0
1963-01-28,22.0,-150.0,0.0,0.0,0.0
1963-01-29,33.0,-33.0,64.0,0.0,0.0
1963-01-30,50.0,17.0,99.0,0.0,0.0
1963-01-31,50.0,-22.0,0.0,0.0,0.0
1963-02-01,228.0,0.0,0.0,0.0,0.0
1963-02-02,222.0,39.0,66.0,0.0,0.0
1963-02-03,44.0,-72.0,107.0,0.0,0.0
1963-02-04,100.0,-94.0,0.0,0.0,0.0
1963-02-05,194.0,-56.0,0.0,0.0,0.0
1963-02-06,250.0,-44.0,0.0,0.0,0.0
1963-02-07,228.0,56.0,0.0,0.0,0.0
1963-02-08,61.0,22.0,0.0,0.0,0.0
1963-02-09,122.0,-78.0,0.0,0.0,0.0
1963-02-10,144.0,-6.0,61.0,0.0,0.0
1963-02-11,72.0,-17.0,147.0,0.0,0.0
1963-02-12,39.0,-94.0,0.0,0.0,0.0
1963-02-13,139.0,-67.0,0.0,0.0,0.0
1963-02-14,122.0,-22.0,0.0,0.0,0.0
1963-02-15,67.0,-61.0,0.0,0.0,0.0
1963-02-16,83.0,-67.0,0.0,0.0,0.0
1963-02-17,144.0,-50.0,0.0,0.0,0.0
1963-02-18,133.0,0.0,51.0,0.0,0.0
1963-02-19,150.0,11.0,117.0,0.0,0.0
1963-02-20,178.0,-28.0,0.0,0.0,0.0
1963-02-21,167.0,-50.0,0.0,0.0,0.0
1963-02-22,61.0,-128.0,0.0,0.0,0.0
1963-02-23,111.0,-139.0,0.0,0.0,0.0
1963-02-24,161.0,-56.0,36.0,0.0,0.0
1963-02-25,211.0,-89.0,0.0,0.0,0.0
1963-02-26,189.0,-6.0,10.0,0.0,0.0
1963-02-27,189.0,-11.0,0.0,0.0,0.0
1963-02-28,211.0,6.0,0.0,0.0,0.0
1963-03-01,189.0,39.0,358.0,0.0,0.0
1963-03-02,178.0,-17.0,0.0,0.0,0.0
1963-03-03,244.0,67.0,0.0,0.0,0.0
1963-03-04,272.0,156.0,0.0,0.0,0.0
1963-03-05,244.0,61.0,102.0,0.0,0.0
1963-03-06,161.0,-50.0,0.0,0.0,0.0
1963-03-07,183.0,-28.0,0.0,0.0,0.0
1963-03-08,211.0,-11.0,0.0,0.0,0.0
1963-03-09,189.0,78.0,46.0,0.0,0.0
1963-03-10,206.0,-44.0,0.0,0.0,0.0
1963-03-11,239.0,,38.0,0.0,0.0
1963-03-12,294.0,94.0,0.0,0.0,0.0
1963-03-13,272.0,56.0,0.0,0.0,0.0
1963-03-14,211.0,50.0,0.0,0.0,0.0
1963-03-15,128.0,28.0,114.0,0.0,0.0
1963-03-16,250.0,50.0,64.0,0.0,0.0
1963-03-17,289.0,122.0,0.0,0.0,0.0
1963-03-18,278.0,56.0,0.0,0.0,0.0
1963-03-19,278.0,89.0,18.0,0.0,0.0
1963-03-20,222.0,17.0,0.0,0.0,0.0
1963-03-21,178.0,11.0,0.0,0.0,0.0
1963-03-22,178.0,-39.0,0.0,0.0,0.0
1963-03-23,228.0,-22.0,0.0,0.0,0.0
1963-03-24,244.0,44.0,0.0,0.0,0.0
1963-03-25,233.0,-61.0,48.0,0.0,0.0
1963-03-26,239.0,61.0,30.0,0.0,0.0
1963-03-27,250.0,-50.0,0.0,0.0,0.0
1963-03-28,289.0,67.0,0.0,0.0,0.0
1963-03-29,289.0,0.0,0.0,0.0,0.0
1963-03-30,294.0,117.0,0.0,0.0,0.0
1963-03-31,306.0,50.0,0.0,0.0,0.0
1963-04-01,294.0,,0.0,0.0,0.0
1963-04-02,289.0,,0.0,0.0,0.0
1963-04-03,267.0,,0.0,0.0,0.0
1963-04-04,261.0,,0.0,0.0,0.0
1963-04-05,183.0,,48.0,0.0,0.0
1963-04-06,111.0,,450.0,0.0,0.0
1963-04-07,239.0,,8.0,0.0,0.0
1963-04-08,272.0,,0.0,0.0,0.0
1963-04-09,278.0,,0.0,0.0,0.0
1963-04-10,261.0,,0.0,0.0,0.0
1963-04-11,211.0,,0.0,0.0,0.0
1963-04-12,222.0,,0.0,0.0,0.0
1963-04-13,233.0,,0.0,0.0,0.0
1963-04-14,256.0,,0.0,0.0,0.0
1963-04-15,289.0,,0.0,0.0,0.0
1963-04-16,294.0,,0.0,0.0,0.0
1963-04-17,289.0,,0.0,0.0,0.0
1963-04-18,289.0,,0.0,0.0,0.0
1963-04-19,283.0,,216.0,0.0,0.0
1963-04-20,289.0,,5.0,0.0,0.0
1963-04-21,278.0,,0.0,0.0,0.0
1963-04-22,294.0,,0.0,0.0,0.0
1963-04-23,283.0,,5.0,0.0,0.0
1963-04-24,200.0,,0.0,0.0,0.0
1963-04-25,178.0,,10.0,0.0,0.0
1963-04-26,222.0,,0.0,0.0,0.0
1963-04-27,222.0,,10.0,0.0,0.0
1963-04-28,261.0,,147.0,0.0,0.0
1963-04-29,283.0,,450.0,0.0,0.0
1963-04-30,272.0,,99.0,0.0,0.0
1963-05-01,194.0,56.0,0.0,0.0,0.0
1963-05-02,244.0,44.0,0.0,0.0,0.0
1963-05-03,278.0,106.0,0.0,0.0,0.0
1963-05-04,300.0,161.0,0.0,0.0,0.0
1963-05-05,306.0,144.0,221.0,0.0,0.0
1963-05-06,272.0,144.0,0.0,0.0,0.0
1963-05-07,300.0,150.0,0.0,0.0,0.0
1963-05-08,317.0,139.0,0.0,0.0,0.0
1963-05-09,289.0,150.0,0.0,0.0,0.0
1963-05-10,317.0,200.0,0.0,0.0,0.0
1963-05-11,328.0,200.0,0.0,0.0,0.0
1963-05-12,306.0,189.0,0.0,0.0,0.0
1963-05-13,311.0,206.0,0.0,0.0,0.0
1963-05-14,322.0,211.0,0.0,0.0,0.0
1963-05-15,322.0,194.0,0.0,0.0,0.0
1963-05-16,317.0,183.0,0.0,0.0,0.0
1963-05-17,306.0,211.0,0.0,0.0,0.0
1963-05-18,289.0,161.0,0.0,0.0,0.0
1963-05-19,311.0,139.0,0.0,0.0,0.0
1963-05-20,267.0,167.0,0.0,0.0,0.0
1963-05-21,289.0,156.0,0.0,0.0,0.0
1963-05-22,256.0,111.0,76.0,0.0,0.0
1963-05-23,211.0,83.0,5.0,0.0,0.0
1963-05-24,272.0,83.0,0.0,0.0,0.0
1963-05-25,322.0,156.0,0.0,0.0,0.0
1963-05-26,294.0,194.0,18.0,0.0,0.0
1963-05-27,294.0,161.0,483.0,0.0,0.0
1963-05-28,283.0,167.0,196.0,0.0,0.0
1963-05-29,283.0,156.0,0.0,0.0,0.0
1963-05-30,283.0,139.0,0.0,0.0,0.0
1963-05-31,283.0,128.0,0.0,0.0,0.0
1963-06-01,311.0,167.0,0.0,0.0,0.0
1963-06-02,306.0,183.0,0.0,0.0,0.0
1963-06-03,317.0,150.0,0.0,0.0,0.0
1963-06-04,328.0,183.0,0.0,0.0,0.0
1963-06-05,344.0,183.0,0.0,0.0,0.0
1963-06-06,344.0,211.0,0.0,0.0,0.0
1963-06-07,350.0,211.0,0.0,0.0,0.0
1963-06-08,361.0,183.0,0.0,0.0,0.0
1963-06-09,361.0,194.0,0.0,0.0,0.0
1963-06-10,356.0,217.0,0.0,0.0,0.0
1963-06-11,356.0,222.0,0.0,0.0,0.0
1963-06-12,356.0,211.0,13.0,0.0,0.0
1963-06-13,361.0,178.0,0.0,0.0,0.0
1963-06-14,372.0,222.0,0.0,0.0,0.0
1963-06-15,372.0,228.0,0.0,0.0,0.0
1963-06-16,350.0,217.0,221.0,0.0,0.0
1963-06-17,267.0,189.0,0.0,0.0,0.0
1963-06-18,294.0,183.0,0.0,0.0,0.0
1963-06-19,300.0,178.0,406.0,0.0,0.0
1963-06-20,294.0,206.0,81.0,0.0,0.0
1963-06-21,272.0,200.0,56.0,0.0,0.0
1963-06-22,294.0,156.0,0.0,0.0,0.0
1963-06-23,306.0,189.0,0.0,0.0,0.0
1963-06-24,311.0,194.0,0.0,0.0,0.0
1963-06-25,311.0,206.0,0.0,0.0,0.0
1963-06-26,311.0,206.0,0.0,0.0,0.0
1963-06-27,322.0,172.0,0.0,0.0,0.0
1963-06-28,328.0,189.0,0.0,0.0,0.0
1963-06-29,333.0,200.0,5.0,0.0,0.0
1963-06-30,328.0,194.0,0.0,0.0,0.0
1963-07-01,333.0,200.0,0.0,0.0,0.0
1963-07-02,339.0,200.0,102.0,0.0,0.0
1963-07-03,356.0,206.0,0.0,0.0,0.0
1963-07-04,361.0,217.0,0.0,0.0,0.0
1963-07-05,356.0,200.0,0.0,0.0,0.0
1963-07-06,344.0,222.0,0.0,0.0,0.0
1963-07-07,350.0,233.0,8.0,0.0,0.0
1963-07-08,344.0,222.0,38.0,0.0,0.0
1963-07-09,300.0,211.0,0.0,0.0,0.0
1963-07-10,289.0,150.0,0.0,0.0,0.0
1963-07-11,300.0,144.0,0.0,0.0,0.0
1963-07-12,333.0,200.0,64.0,0.0,0.0
1963-07-13,339.0,222.0,0.0,0.0,0.0
1963-07-14,322.0,211.0,254.0,0.0,0.0
1963-07-15,294.0,206.0,246.0,0.0,0.0
1963-07-16,311.0,228.0,229.0,0.0,0.0
1963-07-17,339.0,217.0,0.0,0.0,0.0
1963-07-18,350.0,233.0,13.0,0.0,0.0
1963-07-19,339.0,222.0,0.0,0.0,0.0
1963-07-20,356.0,239.0,0.0,0.0,0.0
1963-07-21,333.0,233.0,84.0,0.0,0.0
1963-07-22,350.0,211.0,208.0,0.0,0.0
1963-07-23,278.0,189.0,10.0,0.0,0.0
1963-07-24,306.0,194.0,30.0,0.0,0.0
1963-07-25,294.0,206.0,0.0,0.0,0.0
1963-07-26,278.0,206.0,246.0,0.0,0.0
1963-07-27,300.0,217.0,208.0,0.0,0.0
1963-07-28,317.0,189.0,368.0,0.0,0.0
1963-07-29,306.0,172.0,191.0,0.0,0.0
1963-07-30,317.0,228.0,307.0,0.0,0.0
1963-07-31,339.0,211.0,71.0,0.0,0.0
1963-08-01,350.0,217.0,0.0,0.0,0.0
1963-08-02,339.0,217.0,0.0,0.0,0.0
1963-08-03,350.0,217.0,0.0,0.0,0.0
1963-08-04,344.0,,0.0,0.0,0.0
1963-08-05,339.0,194.0,0.0,0.0,0.0
1963-08-06,350.0,211.0,0.0,0.0,0.0
1963-08-07,344.0,222.0,0.0,0.0,0.0
1963-08-08,333.0,228.0,0.0,0.0,0.0
1963-08-09,339.0,194.0,0.0,0.0,0.0
1963-08-10,328.0,217.0,0.0,0.0,0.0
1963-08-11,339.0,217.0,10.0,0.0,0.0
1963-08-12,344.0,239.0,0.0,0.0,0.0
1963-08-13,317.0,239.0,20.0,0.0,0.0
1963-08-14,267.0,200.0,0.0,0.0,0.0
1963-08-15,250.0,111.0,0.0,0.0,0.0
1963-08-16,278.0,94.0,0.0,0.0,0.0
1963-08-17,300.0,122.0,0.0,0.0,0.0
1963-08-18,300.0,150.0,0.0,0.0,0.0
1963-08-19,322.0,189.0,211.0,0.0,0.0
1963-08-20,272.0,206.0,15.0,0.0,0.0
1963-08-21,294.0,189.0,0.0,0.0,0.0
1963-08-22,328.0,189.0,0.0,0.0,0.0
1963-08-23,339.0,222.0,0.0,0.0,0.0
1963-08-24,350.0,222.0,0.0,0.0,0.0
1963-08-25,328.0,239.0,0.0,0.0,0.0
1963-08-26,372.0,217.0,0.0,0.0,0.0
1963-08-27,328.0,239.0,43.0,0.0,0.0
1963-08-28,372.0,222.0,0.0,0.0,0.0
1963-08-29,322.0,233.0,0.0,0.0,0.0
1963-08-30,306.0,222.0,221.0,0.0,0.0
1963-08-31,306.0,178.0,0.0,0.0,0.0
1963-09-01,306.0,167.0,0.0,0.0,0.0
1963-09-02,344.0,189.0,0.0,0.0,0.0
1963-09-03,350.0,228.0,0.0,0.0,0.0
1963-09-04,328.0,228.0,0.0,0.0,0.0
1963-09-05,322.0,206.0,0.0,0.0,0.0
1963-09-06,328.0,206.0,0.0,0.0,0.0
1963-09-07,272.0,217.0,58.0,0.0,0.0
1963-09-08,311.0,172.0,0.0,0.0,0.0
1963-09-09,328.0,167.0,0.0,0.0,0.0
1963-09-10,339.0,183.0,0.0,0.0,0.0
1963-09-11,344.0,183.0,0.0,0.0,0.0
1963-09-12,350.0,217.0,15.0,0.0,0.0
1963-09-13,244.0,194.0,0.0,0.0,0.0
1963-09-14,206.0,167.0,157.0,0.0,0.0
1963-09-15,228.0,178.0,0.0,0.0,0.0
1963-09-16,267.0,189.0,0.0,0.0,0.0
1963-09-17,250.0,200.0,8.0,0.0,0.0
1963-09-18,294.0,150.0,3.0,0.0,0.0
1963-09-19,317.0,144.0,0.0,0.0,0.0
1963-09-20,311.0,150.0,0.0,0.0,0.0
1963-09-21,322.0,128.0,0.0,0.0,0.0
1963-09-22,300.0,178.0,0.0,0.0,0.0
1963-09-23,278.0,117.0,0.0,0.0,0.0
1963-09-24,250.0,117.0,0.0,0.0,0.0
1963-09-25,272.0,133.0,0.0,0.0,0.0
1963-09-26,283.0,122.0,0.0,0.0,0.0
1963-09-27,261.0,150.0,0.0,0.0,0.0
1963-09-28,,,0.0,0.0,0.0
1963-09-29,233.0,133.0,0.0,0.0,0.0
1963-09-30,239.0,33.0,0.0,0.0,0.0
1963-10-01,272.0,44.0,0.0,0.0,0.0
1963-10-02,294.0,89.0,0.0,0.0,0.0
1963-10-03,333.0,117.0,0.0,0.0,0.0
1963-10-04,333.0,117.0,0.0,0.0,0.0
1963-10-05,322.0,133.0,0.0,0.0,0.0
1963-10-06,328.0,167.0,0.0,0.0,0.0
1963-10-07,322.0,161.0,0.0,0.0,0.0
1963-10-08,339.0,128.0,0.0,0.0,0.0
1963-10-09,328.0,122.0,0.0,0.0,0.0
1963-10-10,294.0,128.0,0.0,0.0,0.0
1963-10-11,294.0,150.0,0.0,0.0,0.0
1963-10-12,344.0,144.0,0.0,0.0,0.0
1963-10-13,344.0,150.0,0.0,0.0,0.0
1963-10-14,344.0,156.0,0.0,0.0,0.0
1963-10-15,328.0,144.0,0.0,0.0,0.0
1963-10-16,306.0,133.0,0.0,0.0,0.0
1963-10-17,306.0,117.0,0.0,0.0,0.0
1963-10-18,311.0,117.0,0.0,0.0,0.0
1963-10-19,311.0,122.0,0.0,0.0,0.0
1963-10-20,311.0,128.0,0.0,0.0,0.0
1963-10-21,306.0,100.0,0.0,0.0,0.0
1963-10-22,311.0,94.0,0.0,0.0,0.0
1963-10-23,306.0,111.0,0.0,0.0,0.0
1963-10-24,283.0,161.0,0.0,0.0,0.0
1963-10-25,300.0,144.0,0.0,0.0,0.0
1963-10-26,289.0,133.0,0.0,0.0,0.0
1963-10-27,300.0,144.0,0.0,0.0,0.0
1963-10-28,244.0,161.0,0.0,0.0,0.0
1963-10-29,189.0,28.0,0.0,0.0,0.0
1963-10-30,228.0,28.0,0.0,0.0,0.0
1963-10-31,278.0,61.0,0.0,0.0,0.0
1963-11-01,156.0,78.0,0.0,0.0,0.0
1963-11-02,189.0,-61.0,0.0,0.0,0.0
1963-11-03,200.0,39.0,0.0,0.0,0.0
1963-11-04,211.0,94.0,58.0,0.0,0.0
1963-11-05,250.0,144.0,180.0,0.0,0.0
1963-11-06,261.0,94.0,0.0,0.0,0.0
1963-11-07,244.0,39.0,0.0,0.0,0.0
1963-11-08,211.0,100.0,0.0,0.0,0.0
1963-11-09,,,0.0,0.0,0.0
1963-11-10,233.0,50.0,0.0,0.0,0.0
1963-11-11,217.0,83.0,0.0,0.0,0.0
1963-11-12,183.0,61.0,0.0,0.0,0.0
1963-11-13,150.0,-39.0,0.0,0.0,0.0
1963-11-14,128.0,-67.0,0.0,0.0,0.0
1963-11-15,161.0,-22.0,0.0,0.0,0.0
1963-11-16,228.0,100.0,0.0,0.0,0.0
1963-11-17,244.0,117.0,0.0,0.0,0.0
1963-11-18,217.0,117.0,28.0,0.0,0.0
1963-11-19,244.0,117.0,0.0,0.0,0.0
1963-11-20,233.0,156.0,99.0,0.0,0.0
1963-11-21,233.0,139.0,64.0,0.0,0.0
1963-11-22,239.0,156.0,229.0,0.0,0.0
1963-11-23,161.0,33.0,5.0,0.0,0.0
1963-11-24,144.0,-39.0,0.0,0.0,0.0
1963-11-25,183.0,-6.0,0.0,0.0,0.0
1963-11-26,178.0,50.0,0.0,0.0,0.0
1963-11-27,206.0,6.0,0.0,0.0,0.0
1963-11-28,144.0,67.0,277.0,0.0,0.0
1963-11-29,122.0,28.0,13.0,0.0,0.0
1963-11-30,156.0,-17.0,0.0,0.0,0.0
1963-12-01,150.0,-44.0,0.0,,
1963-12-02,178.0,78.0,13.0,,
1963-12-03,156.0,-39.0,3.0,,
1963-12-04,161.0,-28.0,0.0,,
1963-12-05,183.0,-17.0,0.0,,
1963-12-06,183.0,-33.0,0.0,,
1963-12-07,200.0,89.0,0.0,,
1963-12-08,183.0,17.0,99.0,,
1963-12-09,122.0,0.0,0.0,,
1963-12-10,94.0,-17.0,135.0,,
1963-12-11,72.0,39.0,935.0,,
1963-12-12,44.0,0.0,8.0,,
1963-12-13,22.0,6.0,0.0,,
1963-12-14,11.0,-33.0,0.0,,
1963-12-15,22.0,-122.0,0.0,,
1963-12-16,44.0,-83.0,0.0,,
1963-12-17,50.0,-78.0,0.0,,
1963-12-18,39.0,-39.0,0.0,,
1963-12-19,17.0,-67.0,58.0,,
1963-12-20,-28.0,-61.0,0.0,,
1963-12-21,,,0.0,,
1963-12-24,,,0.0,,
1963-12-25,,,0.0,,
1963-12-26,161.0,22.0,0.0,,
1963-12-27,100.0,-28.0,0.0,,
1963-12-28,83.0,-28.0,0.0,,
1963-12-29,67.0,-72.0,0.0,,
1963-12-30,33.0,-39.0,0.0,,
1963-12-31,0.0,-100.0,0.0,,
1964-01-01,83.0,-122.0,0.0,0.0,0.0
1964-01-02,194.0,-11.0,0.0,0.0,0.0
1964-01-03,200.0,56.0,0.0,0.0,0.0
1964-01-04,167.0,39.0,0.0,0.0,0.0
1964-01-05,133.0,-17.0,0.0,0.0,0.0
1964-01-06,122.0,78.0,358.0,0.0,0.0
1964-01-07,106.0,-44.0,0.0,0.0,0.0
1964-01-08,128.0,33.0,262.0,0.0,0.0
1964-01-09,111.0,17.0,13.0,0.0,0.0
1964-01-10,106.0,-78.0,0.0,0.0,0.0
1964-01-11,100.0,-33.0,109.0,0.0,0.0
1964-01-12,50.0,-39.0,64.0,0.0,0.0
1964-01-13,0.0,-89.0,0.0,0.0,0.0
1964-01-14,44.0,-139.0,0.0,0.0,0.0
1964-01-15,61.0,-111.0,0.0,0.0,0.0
1964-01-16,44.0,-39.0,13.0,0.0,0.0
1964-01-17,128.0,-89.0,0.0,0.0,0.0
1964-01-18,172.0,-6.0,0.0,0.0,0.0
1964-01-19,228.0,117.0,0.0,0.0,0.0
1964-01-20,206.0,50.0,0.0,0.0,0.0
1964-01-21,217.0,44.0,0.0,0.0,0.0
1964-01-22,172.0,67.0,0.0,0.0,0.0
1964-01-23,178.0,106.0,3.0,0.0,0.0
1964-01-24,228.0,128.0,46.0,0.0,0.0
1964-01-25,161.0,-6.0,0.0,0.0,0.0
1964-01-26,222.0,6.0,0.0,0.0,0.0
1964-01-27,200.0,0.0,0.0,0.0,0.0
1964-01-28,133.0,0.0,0.0,0.0,0.0
1964-01-29,106.0,-56.0,0.0,0.0,0.0
1964-01-30,106.0,-17.0,5.0,0.0,0.0
1964-01-31,111.0,61.0,99.0,0.0,0.0
1964-02-01,172.0,-17.0,0.0,0.0,0.0
1964-02-02,178.0,17.0,0.0,0.0,0.0
1964-02-03,167.0,22.0,0.0,0.0,0.0
1964-02-04,156.0,22.0,0.0,0.0,0.0
1964-02-05,122.0,56.0,18.0,0.0,0.0
1964-02-06,167.0,33.0,46.0,0.0,0.0
1964-02-07,122.0,28.0,0.0,0.0,0.0
1964-02-08,144.0,-56.0,0.0,0.0,0.0
1964-02-09,156.0,-11.0,0.0,0.0,0.0
1964-02-10,172.0,28.0,0.0,0.0,0.0
1964-02-11,117.0,-44.0,0.0,0.0,0.0
1964-02-12,122.0,-28.0,0.0,0.0,0.0
1964-02-13,133.0,28.0,130.0,0.0,0.0
1964-02-14,106.0,-44.0,0.0,0.0,0.0
1964-02-15,128.0,28.0,165.0,0.0,0.0
1964-02-16,117.0,-33.0,0.0,0.0,0.0
1964-02-17,144.0,-17.0,0.0,0.0,0.0
1964-02-18,122.0,67.0,20.0,0.0,0.0
1964-02-19,106.0,6.0,0.0,0.0,0.0
1964-02-20,106.0,-56.0,0.0,0.0,0.0
1964-02-21,67.0,-17.0,0.0,0.0,0.0
1964-02-22,100.0,-100.0,0.0,0.0,0.0
1964-02-23,144.0,-61.0,0.0,0.0,0.0
1964-02-24,144.0,-39.0,0.0,0.0,0.0
1964-02-25,156.0,17.0,0.0,0.0,0.0
1964-02-26,139.0,44.0,0.0,0.0,0.0
1964-02-27,78.0,22.0,53.0,0.0,0.0
1964-02-28,128.0,-6.0,0.0,0.0,0.0
1964-02-29,117.0,-39.0,0.0,0.0,0.0
1964-03-01,183.0,72.0,0.0,0.0,0.0
1964-03-02,161.0,83.0,584.0,0.0,0.0
1964-03-03,228.0,83.0,8.0,0.0,0.0
1964-03-04,228.0,128.0,251.0,0.0,0.0
1964-03-05,161.0,11.0,0.0,0.0,0.0
1964-03-06,194.0,50.0,0.0,0.0,0.0
1964-03-07,167.0,122.0,51.0,0.0,0.0
1964-03-08,267.0,139.0,0.0,0.0,0.0
1964-03-09,244.0,50.0,170.0,0.0,0.0
1964-03-10,150.0,-6.0,0.0,0.0,0.0
1964-03-11,222.0,33.0,0.0,0.0,0.0
1964-03-12,222.0,0.0,0.0,0.0,0.0
1964-03-13,267.0,89.0,10.0,0.0,0.0
1964-03-14,256.0,122.0,94.0,0.0,0.0
1964-03-15,183.0,22.0,41.0,0.0,0.0
1964-03-16,211.0,0.0,0.0,0.0,0.0
1964-03-17,239.0,17.0,0.0,0.0,0.0
1964-03-18,217.0,33.0,0.0,0.0,0.0
1964-03-19,189.0,44.0,91.0,0.0,0.0
1964-03-20,206.0,56.0,0.0,0.0,0.0
1964-03-21,133.0,44.0,0.0,0.0,0.0
1964-03-22,156.0,-28.0,0.0,0.0,0.0
1964-03-23,211.0,44.0,0.0,0.0,0.0
1964-03-24,228.0,139.0,0.0,0.0,0.0
1964-03-25,233.0,172.0,305.0,0.0,0.0
1964-03-26,172.0,-17.0,0.0,0.0,0.0
1964-03-27,206.0,17.0,0.0,0.0,0.0
1964-03-28,222.0,61.0,0.0,0.0,0.0
1964-03-29,189.0,39.0,0.0,0.0,0.0
1964-03-30,217.0,78.0,0.0,0.0,0.0
1964-03-31,233.0,178.0,36.0,0.0,0.0
1964-04-01,261.0,122.0,0.0,0.0,0.0
1964-04-02,222.0,156.0,0.0,0.0,0.0
1964-04-03,261.0,183.0,0.0,0.0,0.0
1964-04-04,261.0,189.0,0.0,0.0,0.0
1964-04-05,228.0,172.0,1186.0,0.0,0.0
1964-04-06,272.0,106.0,0.0,0.0,0.0
1964-04-07,283.0,183.0,10.0,0.0,0.0
1964-04-08,189.0,72.0,0.0,0.0,0.0
1964-04-09,178.0,-11.0,0.0,0.0,0.0
1964-04-10,228.0,11.0,0.0,0.0,0.0
1964-04-11,239.0,94.0,8.0,0.0,0.0
1964-04-12,222.0,128.0,287.0,0.0,0.0
1964-04-13,222.0,117.0,102.0,0.0,0.0
1964-04-14,244.0,44.0,0.0,0.0,0.0
1964-04-15,261.0,44.0,0.0,0.0,0.0
1964-04-16,278.0,111.0,0.0,0.0,0.0
1964-04-17,267.0,161.0,0.0,0.0,0.0
1964-04-18,272.0,167.0,0.0,0.0,0.0
1964-04-19,272.0,194.0,0.0,0.0,0.0
1964-04-20,283.0,206.0,0.0,0.0,0.0
1964-04-21,250.0,189.0,0.0,0.0,0.0
1964-04-22,244.0,167.0,549.0,0.0,0.0
1964-04-23,289.0,183.0,0.0,0.0,0.0
1964-04-24,239.0,172.0,145.0,0.0,0.0
1964-04-25,256.0,150.0,152.0,0.0,0.0
1964-04-26,228.0,167.0,391.0,0.0,0.0
1964-04-27,289.0,150.0,0.0,0.0,0.0
1964-04-28,256.0,106.0,18.0,0.0,0.0
1964-04-29,233.0,89.0,0.0,0.0,0.0
1964-04-30,239.0,100.0,0.0,0.0,0.0
1964-05-01,267.0,111.0,0.0,0.0,0.0
1964-05-02,283.0,156.0,8.0,0.0,0.0
1964-05-03,267.0,150.0,0.0,0.0,0.0
1964-05-04,272.0,167.0,0.0,0.0,0.0
1964-05-05,272.0,156.0,0.0,0.0,0.0
1964-05-06,272.0,172.0,0.0,0.0,0.0
1964-05-07,278.0,200.0,0.0,0.0,0.0
1964-05-08,289.0,172.0,0.0,0.0,0.0
1964-05-09,256.0,217.0,18.0,0.0,0.0
1964-05-10,283.0,206.0,0.0,0.0,0.0
1964-05-11,283.0,206.0,0.0,0.0,0.0
1964-05-12,283.0,206.0,0.0,0.0,0.0
1964-05-13,250.0,72.0,0.0,0.0,0.0
1964-05-14,222.0,89.0,0.0,0.0,0.0
1964-05-15,267.0,94.0,0.0,0.0,0.0
1964-05-16,289.0,111.0,0.0,0.0,0.0
1964-05-17,306.0,111.0,0.0,0.0,0.0
1964-05-18,311.0,133.0,0.0,0.0,0.0
1964-05-19,328.0,144.0,0.0,0.0,0.0
1964-05-20,328.0,156.0,0.0,0.0,0.0
1964-05-21,339.0,167.0,0.0,0.0,0.0
1964-05-22,317.0,189.0,0.0,0.0,0.0
1964-05-23,294.0,206.0,0.0,0.0,0.0
1964-05-24,306.0,189.0,8.0,0.0,0.0
1964-05-25,333.0,200.0,0.0,0.0,0.0
1964-05-26,344.0,189.0,0.0,0.0,0.0
1964-05-27,339.0,189.0,0.0,0.0,0.0
1964-05-28,294.0,211.0,36.0,0.0,0.0
1964-05-29,250.0,111.0,0.0,0.0,0.0
1964-05-30,233.0,133.0,0.0,0.0,0.0
1964-05-31,250.0,133.0,142.0,0.0,0.0
1964-06-01,256.0,89.0,0.0,0.0,0.0
1964-06-02,272.0,100.0,0.0,0.0,0.0
1964-06-03,272.0,117.0,0.0,0.0,0.0
1964-06-04,289.0,128.0,0.0,0.0,0.0
1964-06-05,317.0,167.0,0.0,0.0,0.0
1964-06-06,328.0,150.0,0.0,0.0,0.0
1964-06-07,333.0,194.0,0.0,0.0,0.0
1964-06-08,328.0,144.0,0.0,0.0,0.0
1964-06-09,339.0,194.0,0.0,0.0,0.0
1964-06-10,344.0,233.0,0.0,0.0,0.0
1964-06-11,356.0,217.0,0.0,0.0,0.0
1964-06-12,350.0,211.0,0.0,0.0,0.0
1964-06-13,344.0,217.0,0.0,0.0,0.0
1964-06-14,344.0,228.0,0.0,0.0,0.0
1964-06-15,339.0,206.0,0.0,0.0,0.0
1964-06-16,306.0,222.0,18.0,0.0,0.0
1964-06-17,328.0,217.0,0.0,0.0,0.0
1964-06-18,333.0,228.0,0.0,0.0,0.0
1964-06-19,344.0,211.0,0.0,0.0,0.0
1964-06-20,350.0,222.0,0.0,0.0,0.0
1964-06-21,356.0,222.0,0.0,0.0,0.0
1964-06-22,361.0,233.0,0.0,0.0,0.0
1964-06-23,317.0,228.0,0.0,0.0,0.0
1964-06-24,328.0,189.0,0.0,0.0,0.0
1964-06-25,333.0,178.0,0.0,0.0,0.0
1964-06-26,339.0,194.0,0.0,0.0,0.0
1964-06-27,344.0,194.0,0.0,0.0,0.0
1964-06-28,350.0,206.0,0.0,0.0,0.0
1964-06-29,300.0,211.0,188.0,0.0,0.0
1964-06-30,317.0,211.0,0.0,0.0,0.0
1964-07-01,328.0,211.0,0.0,0.0,0.0
1964-07-02,311.0,217.0,8.0,0.0,0.0
1964-07-03,306.0,183.0,0.0,0.0,0.0
1964-07-04,339.0,183.0,0.0,0.0,0.0
1964-07-05,367.0,244.0,0.0,0.0,0.0
1964-07-06,372.0,239.0,0.0,0.0,0.0
1964-07-07,378.0,239.0,0.0,0.0,0.0
1964-07-08,389.0,256.0,0.0,0.0,0.0
1964-07-09,361.0,206.0,533.0,0.0,0.0
1964-07-10,322.0,200.0,79.0,0.0,0.0
1964-07-11,328.0,233.0,0.0,0.0,0.0
1964-07-12,322.0,200.0,0.0,0.0,0.0
1964-07-13,272.0,183.0,0.0,0.0,0.0
1964-07-14,317.0,167.0,0.0,0.0,0.0
1964-07-15,339.0,206.0,5.0,0.0,0.0
1964-07-16,328.0,206.0,5.0,0.0,0.0
1964-07-17,339.0,189.0,0.0,0.0,0.0
1964-07-18,344.0,194.0,0.0,0.0,0.0
1964-07-19,356.0,200.0,0.0,0.0,0.0
1964-07-20,367.0,222.0,0.0,0.0,0.0
1964-07-21,356.0,222.0,0.0,0.0,0.0
1964-07-22,344.0,222.0,38.0,0.0,0.0
1964-07-23,344.0,222.0,15.0,0.0,0.0
1964-07-24,356.0,211.0,0.0,0.0,0.0
1964-07-25,350.0,211.0,0.0,0.0,0.0
1964-07-26,317.0,217.0,23.0,0.0,0.0
1964-07-27,339.0,189.0,0.0,0.0,0.0
1964-07-28,344.0,222.0,0.0,0.0,0.0
1964-07-29,344.0,233.0,43.0,0.0,0.0
1964-07-30,356.0,217.0,168.0,0.0,0.0
1964-07-31,344.0,222.0,0.0,0.0,0.0
1964-08-01,356.0,217.0,0.0,0.0,0.0
1964-08-02,361.0,233.0,0.0,0.0,0.0
1964-08-03,372.0,233.0,0.0,0.0,0.0
1964-08-04,400.0,233.0,0.0,0.0,0.0
1964-08-05,339.0,244.0,13.0,0.0,0.0
1964-08-06,350.0,239.0,0.0,0.0,0.0
1964-08-07,356.0,228.0,0.0,0.0,0.0
1964-08-08,339.0,217.0,18.0,0.0,0.0
1964-08-09,333.0,211.0,0.0,0.0,0.0
1964-08-10,350.0,222.0,18.0,0.0,0.0
1964-08-11,372.0,222.0,8.0,0.0,0.0
1964-08-12,283.0,183.0,33.0,0.0,0.0
1964-08-13,261.0,128.0,8.0,0.0,0.0
1964-08-14,294.0,189.0,48.0,0.0,0.0
1964-08-15,306.0,178.0,0.0,0.0,0.0
1964-08-16,322.0,194.0,28.0,0.0,0.0
1964-08-17,339.0,178.0,0.0,0.0,0.0
1964-08-18,306.0,172.0,0.0,0.0,0.0
1964-08-19,322.0,189.0,0.0,0.0,0.0
1964-08-20,344.0,200.0,0.0,0.0,0.0
1964-08-21,350.0,233.0,0.0,0.0,0.0
1964-08-22,322.0,200.0,28.0,0.0,0.0
1964-08-23,339.0,200.0,0.0,0.0,0.0
1964-08-24,333.0,206.0,0.0,0.0,0.0
1964-08-25,344.0,228.0,5.0,0.0,0.0
1964-08-26,317.0,189.0,18.0,0.0,0.0
1964-08-27,339.0,200.0,0.0,0.0,0.0
1964-08-28,350.0,217.0,0.0,0.0,0.0
1964-08-29,361.0,211.0,0.0,0.0,0.0
1964-08-30,356.0,217.0,165.0,0.0,0.0
1964-08-31,350.0,200.0,0.0,0.0,0.0
1964-09-01,333.0,206.0,0.0,0.0,0.0
1964-09-02,344.0,206.0,0.0,0.0,0.0
1964-09-03,350.0,183.0,0.0,0.0,0.0
1964-09-04,361.0,211.0,0.0,0.0,0.0
1964-09-05,344.0,206.0,0.0,0.0,0.0
1964-09-06,328.0,194.0,33.0,0.0,0.0
1964-09-07,311.0,206.0,5.0,0.0,0.0
1964-09-08,339.0,200.0,0.0,0.0,0.0
1964-09-09,339.0,183.0,0.0,0.0,0.0
1964-09-10,344.0,161.0,0.0,0.0,0.0
1964-09-11,328.0,150.0,0.0,0.0,0.0
1964-09-12,278.0,156.0,0.0,0.0,0.0
1964-09-13,261.0,117.0,0.0,0.0,0.0
1964-09-14,306.0,61.0,0.0,0.0,0.0
1964-09-15,328.0,83.0,0.0,0.0,0.0
1964-09-16,294.0,194.0,36.0,0.0,0.0
1964-09-17,256.0,183.0,427.0,0.0,0.0
1964-09-18,311.0,211.0,318.0,0.0,0.0
1964-09-19,333.0,167.0,0.0,0.0,0.0
1964-09-20,322.0,194.0,0.0,0.0,0.0
1964-09-21,322.0,222.0,0.0,0.0,0.0
1964-09-22,322.0,206.0,0.0,0.0,0.0
1964-09-23,283.0,194.0,0.0,0.0,0.0
1964-09-24,267.0,150.0,0.0,0.0,0.0
1964-09-25,283.0,89.0,0.0,0.0,0.0
1964-09-26,311.0,150.0,0.0,0.0,0.0
1964-09-27,272.0,150.0,318.0,0.0,0.0
1964-09-28,156.0,111.0,99.0,0.0,0.0
1964-09-29,189.0,133.0,0.0,0.0,0.0
1964-09-30,200.0,144.0,0.0,0.0,0.0
1964-10-01,278.0,156.0,0.0,0.0,0.0
1964-10-02,300.0,183.0,0.0,0.0,0.0
1964-10-03,250.0,167.0,0.0,0.0,0.0
1964-10-04,228.0,172.0,3.0,0.0,0.0
1964-10-05,183.0,94.0,0.0,0.0,0.0
1964-10-06,183.0,6.0,0.0,0.0,0.0
1964-10-07,211.0,11.0,0.0,0.0,0.0
1964-10-08,250.0,61.0,0.0,0.0,0.0
1964-10-09,200.0,78.0,0.0,0.0,0.0
1964-10-10,183.0,6.0,0.0,0.0,0.0
1964-10-11,211.0,11.0,0.0,0.0,0.0
1964-10-12,244.0,28.0,0.0,0.0,0.0
1964-10-13,239.0,89.0,0.0,0.0,0.0
1964-10-14,189.0,100.0,150.0,0.0,0.0
1964-10-15,200.0,100.0,0.0,0.0,0.0
1964-10-16,256.0,61.0,0.0,0.0,0.0
1964-10-17,289.0,94.0,0.0,0.0,0.0
1964-10-18,278.0,139.0,13.0,0.0,0.0
1964-10-19,178.0,61.0,76.0,0.0,0.0
1964-10-20,183.0,-11.0,0.0,0.0,0.0
1964-10-21,250.0,39.0,5.0,0.0,0.0
1964-10-22,272.0,61.0,0.0,0.0,0.0
1964-10-23,217.0,89.0,0.0,0.0,0.0
1964-10-24,233.0,28.0,0.0,0.0,0.0
1964-10-25,244.0,56.0,0.0,0.0,0.0
1964-10-26,244.0,106.0,0.0,0.0,0.0
1964-10-27,267.0,128.0,0.0,0.0,0.0
1964-10-28,267.0,167.0,20.0,0.0,0.0
1964-10-29,278.0,111.0,0.0,0.0,0.0
1964-10-30,233.0,106.0,0.0,0.0,0.0
1964-10-31,239.0,28.0,0.0,0.0,0.0
1964-11-01,272.0,56.0,0.0,0.0,0.0
1964-11-02,256.0,106.0,0.0,0.0,0.0
1964-11-03,244.0,122.0,0.0,0.0,0.0
1964-11-04,256.0,100.0,0.0,0.0,0.0
1964-11-05,250.0,111.0,0.0,0.0,0.0
1964-11-06,250.0,156.0,0.0,0.0,0.0
1964-11-07,211.0,133.0,363.0,0.0,0.0
1964-11-08,206.0,61.0,8.0,0.0,0.0
1964-11-09,233.0,39.0,0.0,0.0,0.0
1964-11-10,239.0,83.0,0.0,0.0,0.0
1964-11-11,239.0,89.0,0.0,0.0,0.0
1964-11-12,250.0,161.0,3.0,0.0,0.0
1964-11-13,261.0,28.0,0.0,0.0,0.0
1964-11-14,272.0,117.0,0.0,0.0,0.0
1964-11-15,278.0,133.0,0.0,0.0,0.0
1964-11-16,283.0,183.0,0.0,0.0,0.0
1964-11-17,272.0,178.0,0.0,0.0,0.0
1964-11-18,233.0,178.0,406.0,0.0,0.0
1964-11-19,194.0,61.0,312.0,0.0,0.0
1964-11-20,122.0,-17.0,5.0,0.0,0.0
1964-11-21,94.0,-28.0,0.0,0.0,0.0
1964-11-22,50.0,-89.0,0.0,0.0,0.0
1964-11-23,128.0,-83.0,0.0,0.0,0.0
1964-11-24,72.0,-6.0,38.0,0.0,0.0
1964-11-25,94.0,0.0,5.0,0.0,0.0
1964-11-26,206.0,44.0,0.0,0.0,0.0
1964-11-27,206.0,133.0,43.0,0.0,0.0
1964-11-28,183.0,89.0,43.0,0.0,0.0
1964-11-29,189.0,22.0,0.0,0.0,0.0
1964-11-30,150.0,-44.0,0.0,0.0,0.0
1964-12-01,106.0,-78.0,0.0,0.0,0.0
1964-12-02,189.0,44.0,13.0,0.0,0.0
1964-12-03,222.0,139.0,787.0,0.0,0.0
1964-12-04,139.0,44.0,114.0,0.0,0.0
1964-12-05,44.0,6.0,0.0,0.0,0.0
1964-12-06,56.0,-50.0,0.0,0.0,0.0
1964-12-07,117.0,-61.0,8.0,0.0,0.0
1964-12-08,150.0,-22.0,0.0,0.0,0.0
1964-12-09,122.0,11.0,0.0,0.0,0.0
1964-12-10,100.0,67.0,437.0,0.0,0.0
1964-12-11,139.0,89.0,236.0,0.0,0.0
1964-12-12,189.0,94.0,0.0,0.0,0.0
1964-12-13,144.0,50.0,0.0,0.0,0.0
1964-12-14,139.0,-67.0,0.0,0.0,0.0
1964-12-15,156.0,-39.0,0.0,0.0,0.0
1964-12-16,200.0,50.0,0.0,0.0,0.0
1964-12-17,167.0,-22.0,104.0,0.0,0.0
1964-12-18,-11.0,-83.0,0.0,0.0,0.0
1964-12-19,17.0,-61.0,18.0,0.0,0.0
1964-12-20,111.0,-6.0,0.0,0.0,0.0
1964-12-21,106.0,11.0,8.0,0.0,0.0
1964-12-22,183.0,83.0,0.0,0.0,0.0
1964-12-23,250.0,122.0,0.0,0.0,0.0
1964-12-24,250.0,183.0,0.0,0.0,0.0
1964-12-25,228.0,83.0,0.0,0.0,0.0
1964-12-26,194.0,28.0,0.0,0.0,0.0
1964-12-27,28.0,-44.0,0.0,0.0,0.0
1964-12-28,111.0,-6.0,0.0,0.0,0.0
1964-12-29,183.0,22.0,3.0,0.0,0.0
1964-12-30,211.0,67.0,0.0,0.0,0.0
1964-12-31,244.0,117.0,0.0,0.0,0.0
1965-01-01,211.0,117.0,8.0,0.0,0.0
1965-01-02,206.0,117.0,130.0,0.0,0.0
1965-01-03,122.0,33.0,254.0,0.0,0.0
1965-01-04,139.0,-17.0,0.0,0.0,0.0
1965-01-05,189.0,11.0,0.0,0.0,0.0
1965-01-06,194.0,83.0,0.0,0.0,0.0
1965-01-07,217.0,150.0,0.0,0.0,0.0
1965-01-08,239.0,133.0,0.0,0.0,0.0
1965-01-09,228.0,28.0,323.0,0.0,0.0
1965-01-10,56.0,-11.0,5.0,0.0,0.0
1965-01-11,106.0,-39.0,0.0,0.0,0.0
1965-01-12,144.0,-44.0,0.0,0.0,0.0
1965-01-13,161.0,56.0,0.0,0.0,0.0
1965-01-14,117.0,-6.0,0.0,0.0,0.0
1965-01-15,89.0,-11.0,8.0,0.0,0.0
1965-01-16,89.0,-56.0,0.0,0.0,0.0
1965-01-17,50.0,-122.0,0.0,0.0,0.0
1965-01-18,94.0,-61.0,0.0,0.0,0.0
1965-01-19,139.0,-61.0,0.0,0.0,0.0
1965-01-20,183.0,28.0,0.0,0.0,0.0
1965-01-21,217.0,67.0,0.0,0.0,0.0
1965-01-22,178.0,133.0,554.0,0.0,0.0
1965-01-23,206.0,150.0,5.0,0.0,0.0
1965-01-24,167.0,28.0,0.0,0.0,0.0
1965-01-25,211.0,0.0,0.0,0.0,0.0
1965-01-26,200.0,11.0,0.0,0.0,0.0
1965-01-27,94.0,-67.0,0.0,0.0,0.0
1965-01-28,172.0,-11.0,0.0,0.0,0.0
1965-01-29,133.0,-22.0,0.0,0.0,0.0
1965-01-30,39.0,-28.0,0.0,0.0,0.0
1965-01-31,50.0,-100.0,0.0,0.0,0.0
1965-02-01,61.0,6.0,13.0,0.0,0.0
1965-02-02,28.0,-83.0,0.0,0.0,0.0
1965-02-03,78.0,-78.0,0.0,0.0,0.0
1965-02-04,128.0,-56.0,0.0,0.0,0.0
1965-02-05,128.0,6.0,0.0,0.0,0.0
1965-02-06,156.0,78.0,3.0,0.0,0.0
1965-02-07,161.0,94.0,0.0,0.0,0.0
1965-02-08,167.0,117.0,318.0,0.0,0.0
1965-02-09,217.0,133.0,239.0,0.0,0.0
1965-02-10,183.0,72.0,48.0,0.0,0.0
1965-02-11,200.0,106.0,467.0,0.0,0.0
1965-02-12,161.0,-11.0,0.0,0.0,0.0
1965-02-13,50.0,-33.0,0.0,0.0,0.0
1965-02-14,106.0,-67.0,0.0,0.0,0.0
1965-02-15,122.0,-6.0,0.0,0.0,0.0
1965-02-16,106.0,28.0,10.0,0.0,0.0
1965-02-17,156.0,56.0,0.0,0.0,0.0
1965-02-18,183.0,-11.0,0.0,0.0,0.0
1965-02-19,178.0,-11.0,0.0,0.0,0.0
1965-02-20,200.0,22.0,0.0,0.0,0.0
1965-02-21,178.0,33.0,0.0,0.0,0.0
1965-02-22,89.0,-50.0,0.0,0.0,0.0
1965-02-23,167.0,0.0,0.0,0.0,0.0
1965-02-24,139.0,-50.0,206.0,0.0,64.0
1965-02-25,50.0,-94.0,0.0,0.0,0.0
1965-02-26,189.0,-28.0,0.0,0.0,0.0
1965-02-27,200.0,61.0,0.0,0.0,0.0
1965-02-28,178.0,117.0,0.0,0.0,0.0
1965-03-01,211.0,139.0,15.0,0.0,0.0
1965-03-02,167.0,28.0,99.0,0.0,0.0
1965-03-03,33.0,-28.0,79.0,0.0,51.0
1965-03-04,50.0,-39.0,5.0,0.0,0.0
1965-03-05,50.0,6.0,0.0,0.0,0.0
1965-03-06,144.0,28.0,0.0,0.0,0.0
1965-03-07,106.0,-11.0,0.0,0.0,0.0
1965-03-08,156.0,-56.0,0.0,0.0,0.0
1965-03-09,167.0,-11.0,0.0,0.0,0.0
1965-03-10,122.0,44.0,0.0,0.0,0.0
1965-03-11,111.0,61.0,0.0,0.0,0.0
1965-03-12,133.0,56.0,0.0,0.0,0.0
1965-03-13,150.0,22.0,0.0,0.0,0.0
1965-03-14,222.0,28.0,0.0,0.0,0.0
1965-03-15,222.0,67.0,15.0,0.0,0.0
1965-03-16,244.0,89.0,0.0,0.0,0.0
1965-03-17,244.0,128.0,140.0,0.0,0.0
1965-03-18,194.0,11.0,0.0,0.0,0.0
1965-03-19,22.0,-39.0,0.0,0.0,0.0
1965-03-20,44.0,-94.0,3.0,0.0,0.0
1965-03-21,117.0,-78.0,0.0,0.0,0.0
1965-03-22,200.0,0.0,0.0,0.0,0.0
1965-03-23,228.0,117.0,0.0,0.0,0.0
1965-03-24,167.0,22.0,25.0,0.0,0.0
1965-03-25,28.0,6.0,353.0,0.0,0.0
1965-03-26,78.0,6.0,30.0,0.0,0.0
1965-03-27,117.0,11.0,0.0,0.0,0.0
1965-03-28,250.0,67.0,18.0,0.0,0.0
1965-03-29,206.0,156.0,500.0,0.0,0.0
1965-03-30,156.0,56.0,25.0,0.0,0.0
1965-03-31,183.0,56.0,0.0,0.0,0.0
1965-04-01,250.0,39.0,0.0,0.0,0.0
1965-04-02,233.0,106.0,15.0,0.0,0.0
1965-04-03,256.0,156.0,5.0,0.0,0.0
1965-04-04,272.0,189.0,0.0,0.0,0.0
1965-04-05,272.0,167.0,0.0,0.0,0.0
1965-04-06,261.0,200.0,10.0,0.0,0.0
1965-04-07,267.0,183.0,0.0,0.0,0.0
1965-04-08,300.0,200.0,0.0,0.0,0.0
1965-04-09,322.0,211.0,0.0,0.0,0.0
1965-04-10,289.0,178.0,0.0,0.0,0.0
1965-04-11,300.0,194.0,0.0,0.0,0.0
1965-04-12,294.0,133.0,175.0,0.0,0.0
1965-04-13,233.0,122.0,0.0,0.0,0.0
1965-04-14,256.0,144.0,0.0,0.0,0.0
1965-04-15,294.0,189.0,10.0,0.0,0.0
1965-04-16,228.0,44.0,0.0,0.0,0.0
1965-04-17,278.0,89.0,0.0,0.0,0.0
1965-04-18,272.0,133.0,0.0,0.0,0.0
1965-04-19,239.0,122.0,137.0,0.0,0.0
1965-04-20,272.0,67.0,0.0,0.0,0.0
1965-04-21,289.0,106.0,0.0,0.0,0.0
1965-04-22,311.0,100.0,0.0,0.0,0.0
1965-04-23,311.0,144.0,0.0,0.0,0.0
1965-04-24,306.0,144.0,0.0,0.0,0.0
1965-04-25,294.0,111.0,0.0,0.0,0.0
1965-04-26,256.0,100.0,84.0,0.0,0.0
1965-04-27,156.0,89.0,0.0,0.0,0.0
1965-04-28,194.0,56.0,0.0,0.0,0.0
1965-04-29,211.0,17.0,0.0,0.0,0.0
1965-04-30,272.0,33.0,0.0,0.0,0.0
1965-05-01,283.0,72.0,0.0,0.0,0.0
1965-05-02,267.0,94.0,0.0,0.0,0.0
1965-05-03,272.0,128.0,0.0,0.0,0.0
1965-05-04,289.0,183.0,0.0,0.0,0.0
1965-05-05,289.0,189.0,0.0,0.0,0.0
1965-05-06,283.0,167.0,0.0,0.0,0.0
1965-05-07,294.0,183.0,0.0,0.0,0.0
1965-05-08,283.0,156.0,0.0,0.0,0.0
1965-05-09,300.0,178.0,0.0,0.0,0.0
1965-05-10,278.0,172.0,0.0,0.0,0.0
1965-05-11,289.0,189.0,18.0,0.0,0.0
1965-05-12,289.0,150.0,0.0,0.0,0.0
1965-05-13,294.0,128.0,0.0,0.0,0.0
1965-05-14,294.0,161.0,150.0,0.0,0.0
1965-05-15,294.0,178.0,48.0,0.0,0.0
1965-05-16,289.0,183.0,28.0,0.0,0.0
1965-05-17,272.0,200.0,30.0,0.0,0.0
1965-05-18,294.0,194.0,0.0,0.0,0.0
1965-05-19,289.0,178.0,8.0,0.0,0.0
1965-05-20,261.0,172.0,213.0,0.0,0.0
1965-05-21,294.0,178.0,0.0,0.0,0.0
1965-05-22,289.0,172.0,51.0,0.0,0.0
1965-05-23,278.0,206.0,0.0,0.0,0.0
1965-05-24,294.0,183.0,25.0,0.0,0.0
1965-05-25,306.0,206.0,0.0,0.0,0.0
1965-05-26,311.0,200.0,0.0,0.0,0.0
1965-05-27,306.0,189.0,226.0,0.0,0.0
1965-05-28,256.0,194.0,43.0,0.0,0.0
1965-05-29,272.0,139.0,0.0,0.0,0.0
1965-05-30,294.0,122.0,0.0,0.0,0.0
1965-05-31,306.0,150.0,0.0,0.0,0.0
1965-06-01,311.0,189.0,0.0,0.0,0.0
1965-06-02,311.0,211.0,0.0,0.0,0.0
1965-06-03,322.0,217.0,0.0,0.0,0.0
1965-06-04,322.0,200.0,0.0,0.0,0.0
1965-06-05,306.0,200.0,0.0,0.0,0.0
1965-06-06,306.0,189.0,0.0,0.0,0.0
1965-06-07,311.0,178.0,0.0,0.0,0.0
1965-06-08,322.0,178.0,8.0,0.0,0.0
1965-06-09,333.0,156.0,213.0,0.0,0.0
1965-06-10,322.0,178.0,0.0,0.0,0.0
1965-06-11,289.0,211.0,0.0,0.0,0.0
1965-06-12,311.0,183.0,30.0,0.0,0.0
1965-06-13,322.0,183.0,30.0,0.0,0.0
1965-06-14,267.0,194.0,206.0,0.0,0.0
1965-06-15,283.0,183.0,0.0,0.0,0.0
1965-06-16,278.0,161.0,0.0,0.0,0.0
1965-06-17,278.0,156.0,0.0,0.0,0.0
1965-06-18,283.0,178.0,0.0,0.0,0.0
1965-06-19,283.0,144.0,0.0,0.0,0.0
1965-06-20,300.0,122.0,0.0,0.0,0.0
1965-06-21,317.0,156.0,0.0,0.0,0.0
1965-06-22,317.0,194.0,0.0,0.0,0.0
1965-06-23,294.0,222.0,23.0,0.0,0.0
1965-06-24,311.0,189.0,213.0,0.0,0.0
1965-06-25,317.0,183.0,33.0,0.0,0.0
1965-06-26,328.0,206.0,91.0,0.0,0.0
1965-06-27,322.0,194.0,0.0,0.0,0.0
1965-06-28,311.0,217.0,0.0,0.0,0.0
1965-06-29,333.0,222.0,0.0,0.0,0.0
1965-06-30,344.0,222.0,0.0,0.0,0.0
1965-07-01,333.0,222.0,0.0,0.0,0.0
1965-07-02,350.0,217.0,0.0,0.0,0.0
1965-07-03,350.0,222.0,0.0,0.0,0.0
1965-07-04,344.0,222.0,0.0,0.0,0.0
1965-07-05,339.0,222.0,0.0,0.0,0.0
1965-07-06,328.0,200.0,104.0,0.0,0.0
1965-07-07,328.0,217.0,0.0,0.0,0.0
1965-07-08,344.0,222.0,0.0,0.0,0.0
1965-07-09,344.0,211.0,0.0,0.0,0.0
1965-07-10,356.0,250.0,0.0,0.0,0.0
1965-07-11,356.0,206.0,0.0,0.0,0.0
1965-07-12,328.0,194.0,0.0,0.0,0.0
1965-07-13,333.0,183.0,0.0,0.0,0.0
1965-07-14,339.0,200.0,0.0,0.0,0.0
1965-07-15,328.0,211.0,64.0,0.0,0.0
1965-07-16,328.0,206.0,43.0,0.0,0.0
1965-07-17,350.0,200.0,0.0,0.0,0.0
1965-07-18,361.0,222.0,0.0,0.0,0.0
1965-07-19,344.0,200.0,8.0,0.0,0.0
1965-07-20,344.0,194.0,0.0,0.0,0.0
1965-07-21,356.0,217.0,0.0,0.0,0.0
1965-07-22,339.0,222.0,18.0,0.0,0.0
1965-07-23,350.0,228.0,0.0,0.0,0.0
1965-07-24,361.0,239.0,0.0,0.0,0.0
1965-07-25,322.0,211.0,51.0,0.0,0.0
1965-07-26,339.0,217.0,254.0,0.0,0.0
1965-07-27,317.0,200.0,8.0,0.0,0.0
1965-07-28,322.0,211.0,0.0,0.0,0.0
1965-07-29,306.0,217.0,0.0,0.0,0.0
1965-07-30,294.0,178.0,0.0,0.0,0.0
1965-07-31,300.0,128.0,0.0,0.0,0.0
1965-08-01,294.0,183.0,0.0,0.0,0.0
1965-08-02,322.0,150.0,0.0,0.0,0.0
1965-08-03,344.0,167.0,0.0,0.0,0.0
1965-08-04,339.0,178.0,0.0,0.0,0.0
1965-08-05,322.0,200.0,0.0,0.0,0.0
1965-08-06,328.0,211.0,0.0,0.0,0.0
1965-08-07,317.0,206.0,104.0,0.0,0.0
1965-08-08,322.0,200.0,152.0,0.0,0.0
1965-08-09,328.0,194.0,0.0,0.0,0.0
1965-08-10,306.0,194.0,0.0,0.0,0.0
1965-08-11,306.0,183.0,0.0,0.0,0.0
1965-08-12,300.0,167.0,13.0,0.0,0.0
1965-08-13,306.0,194.0,0.0,0.0,0.0
1965-08-14,339.0,211.0,0.0,0.0,0.0
1965-08-15,350.0,200.0,0.0,0.0,0.0
1965-08-16,356.0,206.0,0.0,0.0,0.0
1965-08-17,378.0,206.0,0.0,0.0,0.0
1965-08-18,372.0,233.0,0.0,0.0,0.0
1965-08-19,389.0,239.0,0.0,0.0,0.0
1965-08-20,344.0,233.0,89.0,0.0,0.0
1965-08-21,361.0,228.0,0.0,0.0,0.0
1965-08-22,344.0,206.0,0.0,0.0,0.0
1965-08-23,289.0,217.0,597.0,0.0,0.0
1965-08-24,328.0,211.0,0.0,0.0,0.0
1965-08-25,344.0,217.0,0.0,0.0,0.0
1965-08-26,350.0,217.0,0.0,0.0,0.0
1965-08-27,356.0,233.0,0.0,0.0,0.0
1965-08-28,317.0,217.0,0.0,0.0,0.0
1965-08-29,322.0,172.0,0.0,0.0,0.0
1965-08-30,356.0,172.0,0.0,0.0,0.0
1965-08-31,350.0,228.0,0.0,0.0,0.0
1965-09-01,289.0,200.0,231.0,0.0,0.0
1965-09-02,289.0,139.0,0.0,0.0,0.0
1965-09-03,328.0,161.0,0.0,0.0,0.0
1965-09-04,328.0,206.0,0.0,0.0,0.0
1965-09-05,344.0,217.0,0.0,0.0,0.0
1965-09-06,344.0,217.0,0.0,0.0,0.0
1965-09-07,344.0,244.0,0.0,0.0,0.0
1965-09-08,339.0,189.0,0.0,0.0,0.0
1965-09-09,339.0,206.0,0.0,0.0,0.0
1965-09-10,300.0,228.0,902.0,0.0,0.0
1965-09-11,256.0,217.0,597.0,0.0,0.0
1965-09-12,317.0,178.0,0.0,0.0,0.0
1965-09-13,344.0,211.0,0.0,0.0,0.0
1965-09-14,350.0,228.0,0.0,0.0,0.0
1965-09-15,344.0,217.0,0.0,0.0,0.0
1965-09-16,328.0,217.0,0.0,0.0,0.0
1965-09-17,333.0,222.0,0.0,0.0,0.0
1965-09-18,328.0,217.0,0.0,0.0,0.0
1965-09-19,328.0,217.0,0.0,0.0,0.0
1965-09-20,311.0,211.0,51.0,0.0,0.0
1965-09-21,311.0,206.0,79.0,0.0,0.0
1965-09-22,244.0,183.0,295.0,0.0,0.0
1965-09-23,222.0,194.0,5.0,0.0,0.0
1965-09-24,217.0,128.0,0.0,0.0,0.0
1965-09-25,217.0,56.0,0.0,0.0,0.0
1965-09-26,217.0,117.0,0.0,0.0,0.0
1965-09-27,278.0,111.0,0.0,0.0,0.0
1965-09-28,283.0,144.0,0.0,0.0,0.0
1965-09-29,272.0,161.0,33.0,0.0,0.0
1965-09-30,289.0,183.0,0.0,0.0,0.0
1965-10-01,228.0,117.0,0.0,0.0,0.0
1965-10-02,250.0,139.0,0.0,0.0,0.0
1965-10-03,267.0,111.0,0.0,0.0,0.0
1965-10-04,244.0,111.0,0.0,0.0,0.0
1965-10-05,228.0,117.0,0.0,0.0,0.0
1965-10-06,200.0,144.0,36.0,0.0,0.0
1965-10-07,256.0,117.0,0.0,0.0,0.0
1965-10-08,294.0,117.0,0.0,0.0,0.0
1965-10-09,322.0,122.0,0.0,0.0,0.0
1965-10-10,300.0,122.0,0.0,0.0,0.0
1965-10-11,267.0,128.0,0.0,0.0,0.0
1965-10-12,250.0,106.0,0.0,0.0,0.0
1965-10-13,272.0,100.0,0.0,0.0,0.0
1965-10-14,300.0,150.0,0.0,0.0,0.0
1965-10-15,278.0,167.0,0.0,0.0,0.0
1965-10-16,289.0,178.0,0.0,0.0,0.0
1965-10-17,306.0,144.0,0.0,0.0,0.0
1965-10-18,300.0,128.0,0.0,0.0,0.0
1965-10-19,239.0,133.0,0.0,0.0,0.0
1965-10-20,261.0,111.0,0.0,0.0,0.0
1965-10-21,228.0,89.0,0.0,0.0,0.0
1965-10-22,178.0,67.0,0.0,0.0,0.0
1965-10-23,261.0,39.0,0.0,0.0,0.0
1965-10-24,172.0,50.0,0.0,0.0,0.0
1965-10-25,194.0,-11.0,0.0,0.0,0.0
1965-10-26,244.0,33.0,0.0,0.0,0.0
1965-10-27,244.0,50.0,0.0,0.0,0.0
1965-10-28,244.0,33.0,0.0,0.0,0.0
1965-10-29,228.0,56.0,0.0,0.0,0.0
1965-10-30,250.0,33.0,0.0,0.0,0.0
1965-10-31,272.0,72.0,0.0,0.0,0.0
1965-11-01,244.0,39.0,0.0,0.0,0.0
1965-11-02,261.0,50.0,0.0,0.0,0.0
1965-11-03,233.0,89.0,0.0,0.0,0.0
1965-11-04,228.0,144.0,28.0,0.0,0.0
1965-11-05,194.0,144.0,81.0,0.0,0.0
1965-11-06,194.0,150.0,33.0,0.0,0.0
1965-11-07,228.0,133.0,28.0,0.0,0.0
1965-11-08,228.0,133.0,0.0,0.0,0.0
1965-11-09,194.0,139.0,0.0,0.0,0.0
1965-11-10,222.0,83.0,0.0,0.0,0.0
1965-11-11,233.0,67.0,0.0,0.0,0.0
1965-11-12,217.0,128.0,183.0,0.0,0.0
1965-11-13,206.0,106.0,0.0,0.0,0.0
1965-11-14,233.0,133.0,0.0,0.0,0.0
1965-11-15,250.0,117.0,0.0,0.0,0.0
1965-11-16,278.0,178.0,0.0,0.0,0.0
1965-11-17,233.0,61.0,0.0,0.0,0.0
1965-11-18,139.0,6.0,0.0,0.0,0.0
1965-11-19,222.0,83.0,0.0,0.0,0.0
1965-11-20,222.0,56.0,0.0,0.0,0.0
1965-11-21,244.0,161.0,0.0,0.0,0.0
1965-11-22,233.0,106.0,48.0,0.0,0.0
1965-11-23,222.0,50.0,0.0,0.0,0.0
1965-11-24,211.0,139.0,0.0,0.0,0.0
1965-11-25,261.0,106.0,0.0,0.0,0.0
1965-11-26,294.0,167.0,0.0,0.0,0.0
1965-11-27,267.0,17.0,0.0,0.0,0.0
1965-11-28,189.0,50.0,0.0,0.0,0.0
1965-11-29,150.0,11.0,0.0,0.0,0.0
1965-11-30,117.0,-28.0,0.0,0.0,0.0
1965-12-01,122.0,-44.0,0.0,0.0,0.0
1965-12-02,128.0,28.0,0.0,0.0,0.0
1965-12-03,122.0,67.0,0.0,0.0,0.0
1965-12-04,183.0,6.0,0.0,0.0,0.0
1965-12-05,244.0,56.0,0.0,0.0,0.0
1965-12-06,217.0,56.0,0.0,0.0,0.0
1965-12-07,117.0,-44.0,0.0,0.0,0.0
1965-12-08,172.0,-33.0,0.0,0.0,0.0
1965-12-09,228.0,-11.0,0.0,0.0,0.0
1965-12-10,222.0,122.0,0.0,0.0,0.0
1965-12-11,189.0,133.0,175.0,0.0,0.0
1965-12-12,211.0,144.0,191.0,0.0,0.0
1965-12-13,183.0,28.0,0.0,0.0,0.0
1965-12-14,128.0,78.0,107.0,0.0,0.0
1965-12-15,111.0,83.0,104.0,0.0,0.0
1965-12-16,89.0,61.0,0.0,0.0,0.0
1965-12-17,133.0,56.0,0.0,0.0,0.0
1965-12-18,100.0,56.0,0.0,0.0,0.0
1965-12-19,117.0,-6.0,0.0,0.0,0.0
1965-12-20,167.0,-11.0,0.0,0.0,0.0
1965-12-21,189.0,0.0,0.0,0.0,0.0
1965-12-22,200.0,22.0,0.0,0.0,0.0
1965-12-23,206.0,106.0,0.0,0.0,0.0
1965-12-24,183.0,100.0,84.0,0.0,0.0
1965-12-25,111.0,33.0,0.0,0.0,0.0
1965-12-26,100.0,-39.0,0.0,0.0,0.0
1965-12-27,117.0,-44.0,0.0,0.0,0.0
1965-12-28,111.0,-17.0,0.0,0.0,0.0
1965-12-29,200.0,-28.0,0.0,0.0,0.0
1965-12-30,211.0,106.0,0.0,0.0,0.0
1965-12-31,217.0,139.0,0.0,0.0,0.0
1966-01-01,217.0,172.0,0.0,0.0,0.0
1966-01-02,217.0,150.0,140.0,0.0,0.0
1966-01-03,167.0,17.0,0.0,0.0,0.0
1966-01-04,67.0,-6.0,0.0,0.0,0.0
1966-01-05,94.0,44.0,155.0,0.0,0.0
1966-01-06,167.0,39.0,0.0,0.0,0.0
1966-01-07,194.0,-6.0,0.0,0.0,0.0
1966-01-08,133.0,-28.0,0.0,0.0,0.0
1966-01-09,156.0,-11.0,0.0,0.0,0.0
1966-01-10,167.0,61.0,0.0,0.0,0.0
1966-01-11,161.0,33.0,0.0,0.0,0.0
1966-01-12,161.0,83.0,0.0,0.0,0.0
1966-01-13,150.0,39.0,53.0,0.0,0.0
1966-01-14,44.0,6.0,0.0,0.0,0.0
1966-01-15,117.0,17.0,0.0,0.0,0.0
1966-01-16,111.0,-6.0,0.0,0.0,0.0
1966-01-17,61.0,-44.0,0.0,0.0,0.0
1966-01-18,39.0,-17.0,0.0,0.0,0.0
1966-01-19,39.0,-44.0,0.0,0.0,0.0
1966-01-20,44.0,-28.0,36.0,0.0,0.0
1966-01-21,44.0,-6.0,0.0,0.0,0.0
1966-01-22,39.0,-17.0,74.0,,25.0
1966-01-23,39.0,-72.0,0.0,,0.0
1966-01-24,11.0,-67.0,102.0,,76.0
1966-01-25,0.0,-33.0,117.0,,51.0
1966-01-26,56.0,-28.0,0.0,,0.0
1966-01-27,100.0,-61.0,0.0,,0.0
1966-01-28,78.0,-33.0,0.0,,0.0
1966-01-29,-11.0,-111.0,229.0,,127.0
1966-01-30,0.0,-189.0,0.0,,0.0
1966-01-31,67.0,,0.0,,0.0
1966-02-01,94.0,17.0,185.0,0.0,0.0
1966-02-02,44.0,-39.0,0.0,0.0,0.0
1966-02-03,72.0,-83.0,0.0,0.0,0.0
1966-02-04,111.0,-61.0,0.0,0.0,0.0
1966-02-05,161.0,-39.0,0.0,0.0,0.0
1966-02-06,,17.0,0.0,0.0,0.0
1966-02-07,233.0,28.0,0.0,0.0,0.0
1966-02-08,228.0,133.0,0.0,0.0,0.0
1966-02-09,200.0,144.0,1044.0,0.0,0.0
1966-02-10,183.0,106.0,361.0,0.0,0.0
1966-02-11,189.0,50.0,0.0,0.0,0.0
1966-02-12,150.0,72.0,229.0,0.0,0.0
1966-02-13,178.0,33.0,0.0,0.0,0.0
1966-02-14,144.0,33.0,0.0,0.0,0.0
1966-02-15,117.0,39.0,140.0,0.0,0.0
1966-02-16,94.0,44.0,15.0,0.0,0.0
1966-02-17,111.0,-39.0,0.0,0.0,0.0
1966-02-18,156.0,-33.0,0.0,0.0,0.0
1966-02-19,189.0,-17.0,0.0,0.0,0.0
1966-02-20,139.0,-17.0,0.0,0.0,0.0
1966-02-21,111.0,-22.0,0.0,0.0,0.0
1966-02-22,67.0,-22.0,0.0,0.0,0.0
1966-02-23,22.0,-6.0,97.0,0.0,0.0
1966-02-24,83.0,-6.0,0.0,0.0,0.0
1966-02-25,167.0,-28.0,0.0,0.0,0.0
1966-02-26,128.0,17.0,0.0,0.0,0.0
1966-02-27,111.0,56.0,0.0,0.0,0.0
1966-02-28,122.0,56.0,89.0,0.0,0.0
1966-03-01,189.0,6.0,0.0,0.0,0.0
1966-03-02,206.0,6.0,0.0,0.0,0.0
1966-03-03,211.0,144.0,584.0,0.0,0.0
1966-03-04,194.0,72.0,0.0,0.0,0.0
1966-03-05,100.0,11.0,0.0,0.0,0.0
1966-03-06,106.0,-39.0,0.0,0.0,0.0
1966-03-07,122.0,-39.0,0.0,0.0,0.0
1966-03-08,133.0,-6.0,0.0,0.0,0.0
1966-03-09,161.0,-11.0,0.0,0.0,0.0
1966-03-10,211.0,50.0,0.0,0.0,0.0
1966-03-11,217.0,50.0,0.0,0.0,0.0
1966-03-12,239.0,106.0,0.0,0.0,0.0
1966-03-13,194.0,133.0,0.0,0.0,0.0
1966-03-14,189.0,122.0,38.0,0.0,0.0
1966-03-15,206.0,89.0,0.0,0.0,0.0
1966-03-16,256.0,72.0,0.0,0.0,0.0
1966-03-17,267.0,100.0,0.0,0.0,0.0
1966-03-18,233.0,133.0,0.0,0.0,0.0
1966-03-19,267.0,33.0,0.0,0.0,0.0
1966-03-20,267.0,122.0,0.0,0.0,0.0
1966-03-21,289.0,117.0,0.0,0.0,0.0
1966-03-22,278.0,156.0,0.0,0.0,0.0
1966-03-23,244.0,83.0,0.0,0.0,0.0
1966-03-24,128.0,-22.0,0.0,0.0,0.0
1966-03-25,167.0,-39.0,0.0,0.0,0.0
1966-03-26,222.0,61.0,0.0,0.0,0.0
1966-03-27,222.0,28.0,0.0,0.0,0.0
1966-03-28,189.0,33.0,0.0,0.0,0.0
1966-03-29,200.0,33.0,0.0,0.0,0.0
1966-03-30,244.0,33.0,0.0,0.0,0.0
1966-03-31,317.0,33.0,0.0,0.0,0.0
1966-04-01,267.0,122.0,0.0,0.0,0.0
1966-04-02,272.0,39.0,0.0,0.0,0.0
1966-04-03,233.0,117.0,0.0,0.0,0.0
1966-04-04,183.0,67.0,38.0,0.0,0.0
1966-04-05,289.0,11.0,0.0,0.0,0.0
1966-04-06,228.0,22.0,0.0,0.0,0.0
1966-04-07,278.0,78.0,0.0,0.0,0.0
1966-04-08,217.0,128.0,0.0,0.0,0.0
1966-04-09,217.0,56.0,0.0,0.0,0.0
1966-04-10,233.0,39.0,0.0,0.0,0.0
1966-04-11,233.0,133.0,0.0,0.0,0.0
1966-04-12,278.0,172.0,0.0,0.0,0.0
1966-04-13,244.0,133.0,20.0,0.0,0.0
1966-04-14,161.0,72.0,188.0,0.0,0.0
1966-04-15,239.0,44.0,0.0,0.0,0.0
1966-04-16,272.0,78.0,0.0,0.0,0.0
1966-04-17,272.0,111.0,0.0,0.0,0.0
1966-04-18,217.0,156.0,25.0,0.0,0.0
1966-04-19,267.0,172.0,0.0,0.0,0.0
1966-04-20,256.0,167.0,155.0,0.0,0.0
1966-04-21,183.0,61.0,81.0,0.0,0.0
1966-04-22,267.0,61.0,0.0,0.0,0.0
1966-04-23,217.0,183.0,64.0,0.0,0.0
1966-04-24,211.0,178.0,89.0,0.0,0.0
1966-04-25,200.0,144.0,175.0,0.0,0.0
1966-04-26,272.0,172.0,46.0,0.0,0.0
1966-04-27,306.0,139.0,30.0,0.0,0.0
1966-04-28,306.0,189.0,15.0,0.0,0.0
1966-04-29,239.0,167.0,137.0,0.0,0.0
1966-04-30,256.0,178.0,246.0,0.0,0.0
1966-05-01,217.0,133.0,432.0,0.0,0.0
1966-05-02,206.0,89.0,56.0,0.0,0.0
1966-05-03,244.0,67.0,0.0,0.0,0.0
1966-05-04,278.0,106.0,0.0,0.0,0.0
1966-05-05,283.0,117.0,0.0,0.0,0.0
1966-05-06,272.0,144.0,0.0,0.0,0.0
1966-05-07,294.0,122.0,0.0,0.0,0.0
1966-05-08,317.0,139.0,0.0,0.0,0.0
1966-05-09,267.0,128.0,0.0,0.0,0.0
1966-05-10,194.0,61.0,0.0,0.0,0.0
1966-05-11,272.0,117.0,0.0,0.0,0.0
1966-05-12,306.0,200.0,0.0,0.0,0.0
1966-05-13,250.0,172.0,18.0,0.0,0.0
1966-05-14,256.0,117.0,0.0,0.0,0.0
1966-05-15,311.0,122.0,0.0,0.0,0.0
1966-05-16,317.0,167.0,264.0,0.0,0.0
1966-05-17,294.0,217.0,0.0,0.0,0.0
1966-05-18,294.0,172.0,145.0,0.0,0.0
1966-05-19,250.0,156.0,114.0,0.0,0.0
1966-05-20,289.0,139.0,0.0,0.0,0.0
1966-05-21,311.0,206.0,0.0,0.0,0.0
1966-05-22,317.0,183.0,0.0,0.0,0.0
1966-05-23,294.0,211.0,0.0,0.0,0.0
1966-05-24,267.0,144.0,0.0,0.0,0.0
1966-05-25,289.0,133.0,0.0,0.0,0.0
1966-05-26,300.0,144.0,0.0,0.0,0.0
1966-05-27,311.0,156.0,0.0,0.0,0.0
1966-05-28,317.0,150.0,0.0,0.0,0.0
1966-05-29,322.0,161.0,0.0,0.0,0.0
1966-05-30,300.0,161.0,0.0,0.0,0.0
1966-05-31,267.0,128.0,0.0,0.0,0.0
1966-06-01,267.0,89.0,0.0,0.0,0.0
1966-06-02,283.0,117.0,0.0,0.0,0.0
1966-06-03,306.0,144.0,0.0,0.0,0.0
1966-06-04,300.0,183.0,0.0,0.0,0.0
1966-06-05,283.0,206.0,0.0,0.0,0.0
1966-06-06,322.0,228.0,0.0,0.0,0.0
1966-06-07,333.0,206.0,0.0,0.0,0.0
1966-06-08,333.0,194.0,0.0,0.0,0.0
1966-06-09,344.0,194.0,0.0,0.0,0.0
1966-06-10,294.0,167.0,0.0,0.0,0.0
1966-06-11,317.0,128.0,0.0,0.0,0.0
1966-06-12,339.0,194.0,0.0,0.0,0.0
1966-06-13,294.0,211.0,0.0,0.0,0.0
1966-06-14,322.0,194.0,0.0,0.0,0.0
1966-06-15,333.0,167.0,0.0,0.0,0.0
1966-06-16,328.0,194.0,0.0,0.0,0.0
1966-06-17,306.0,167.0,0.0,0.0,0.0
1966-06-18,300.0,183.0,0.0,0.0,0.0
1966-06-19,322.0,139.0,0.0,0.0,0.0
1966-06-20,322.0,150.0,0.0,0.0,0.0
1966-06-21,322.0,161.0,0.0,0.0,0.0
1966-06-22,317.0,161.0,0.0,0.0,0.0
1966-06-23,322.0,183.0,0.0,0.0,0.0
1966-06-24,333.0,200.0,0.0,0.0,0.0
1966-06-25,339.0,206.0,0.0,0.0,0.0
1966-06-26,356.0,172.0,0.0,0.0,0.0
1966-06-27,333.0,200.0,0.0,0.0,0.0
1966-06-28,367.0,217.0,0.0,0.0,0.0
1966-06-29,361.0,217.0,0.0,0.0,0.0
1966-06-30,339.0,189.0,0.0,0.0,0.0
1966-07-01,339.0,194.0,104.0,0.0,0.0
1966-07-02,256.0,194.0,584.0,0.0,0.0
1966-07-03,311.0,206.0,0.0,0.0,0.0
1966-07-04,339.0,206.0,0.0,0.0,0.0
1966-07-05,344.0,206.0,0.0,0.0,0.0
1966-07-06,350.0,206.0,0.0,0.0,0.0
1966-07-07,356.0,217.0,0.0,0.0,0.0
1966-07-08,361.0,228.0,0.0,0.0,0.0
1966-07-09,372.0,233.0,0.0,0.0,0.0
1966-07-10,367.0,239.0,0.0,0.0,0.0
1966-07-11,367.0,222.0,0.0,0.0,0.0
1966-07-12,372.0,222.0,0.0,0.0,0.0
1966-07-13,367.0,222.0,0.0,0.0,0.0
1966-07-14,367.0,217.0,0.0,0.0,0.0
1966-07-15,383.0,228.0,0.0,0.0,0.0
1966-07-16,333.0,244.0,0.0,0.0,0.0
1966-07-17,328.0,206.0,0.0,0.0,0.0
1966-07-18,378.0,222.0,0.0,0.0,0.0
1966-07-19,378.0,250.0,0.0,0.0,0.0
1966-07-20,300.0,217.0,119.0,0.0,0.0
1966-07-21,317.0,217.0,0.0,0.0,0.0
1966-07-22,356.0,189.0,0.0,0.0,0.0
1966-07-23,344.0,206.0,0.0,0.0,0.0
1966-07-24,339.0,222.0,0.0,0.0,0.0
1966-07-25,350.0,200.0,0.0,0.0,0.0
1966-07-26,356.0,200.0,0.0,0.0,0.0
1966-07-27,367.0,222.0,0.0,0.0,0.0
1966-07-28,378.0,228.0,417.0,0.0,0.0
1966-07-29,367.0,256.0,0.0,0.0,0.0
1966-07-30,361.0,233.0,0.0,0.0,0.0
1966-07-31,344.0,211.0,0.0,0.0,0.0
1966-08-01,361.0,189.0,0.0,0.0,0.0
1966-08-02,306.0,217.0,460.0,0.0,0.0
1966-08-03,267.0,200.0,272.0,0.0,0.0
1966-08-04,306.0,172.0,0.0,0.0,0.0
1966-08-05,306.0,167.0,0.0,0.0,0.0
1966-08-06,328.0,156.0,0.0,0.0,0.0
1966-08-07,317.0,161.0,0.0,0.0,0.0
1966-08-08,344.0,194.0,0.0,0.0,0.0
1966-08-09,333.0,200.0,0.0,0.0,0.0
1966-08-10,333.0,211.0,0.0,0.0,0.0
1966-08-11,300.0,217.0,140.0,0.0,0.0
1966-08-12,289.0,206.0,152.0,0.0,0.0
1966-08-13,317.0,206.0,0.0,0.0,0.0
1966-08-14,333.0,206.0,0.0,0.0,0.0
1966-08-15,344.0,222.0,0.0,0.0,0.0
1966-08-16,356.0,233.0,0.0,0.0,0.0
1966-08-17,356.0,222.0,0.0,0.0,0.0
1966-08-18,350.0,206.0,188.0,0.0,0.0
1966-08-19,344.0,200.0,102.0,0.0,0.0
1966-08-20,317.0,206.0,185.0,0.0,0.0
1966-08-21,317.0,206.0,145.0,0.0,0.0
1966-08-22,322.0,200.0,0.0,0.0,0.0
1966-08-23,278.0,178.0,0.0,0.0,0.0
1966-08-24,267.0,144.0,0.0,0.0,0.0
1966-08-25,283.0,122.0,0.0,0.0,0.0
1966-08-26,294.0,128.0,0.0,0.0,0.0
1966-08-27,294.0,128.0,0.0,0.0,0.0
1966-08-28,300.0,183.0,0.0,0.0,0.0
1966-08-29,317.0,172.0,0.0,0.0,0.0
1966-08-30,317.0,178.0,0.0,0.0,0.0
1966-08-31,328.0,183.0,0.0,0.0,0.0
1966-09-01,333.0,178.0,0.0,0.0,0.0
1966-09-02,333.0,200.0,0.0,0.0,0.0
1966-09-03,339.0,206.0,0.0,0.0,0.0
1966-09-04,300.0,222.0,46.0,0.0,0.0
1966-09-05,333.0,194.0,0.0,0.0,0.0
1966-09-06,328.0,161.0,0.0,0.0,0.0
1966-09-07,300.0,178.0,0.0,0.0,0.0
1966-09-08,306.0,161.0,0.0,0.0,0.0
1966-09-09,311.0,156.0,0.0,0.0,0.0
1966-09-10,256.0,194.0,0.0,0.0,0.0
1966-09-11,233.0,189.0,114.0,0.0,0.0
1966-09-12,289.0,178.0,0.0,0.0,0.0
1966-09-13,306.0,161.0,0.0,0.0,0.0
1966-09-14,322.0,167.0,0.0,0.0,0.0
1966-09-15,261.0,189.0,0.0,0.0,0.0
1966-09-16,211.0,144.0,0.0,0.0,0.0
1966-09-17,278.0,111.0,0.0,0.0,0.0
1966-09-18,256.0,189.0,130.0,0.0,0.0
1966-09-19,261.0,183.0,0.0,0.0,0.0
1966-09-20,222.0,133.0,0.0,0.0,0.0
1966-09-21,267.0,128.0,0.0,0.0,0.0
1966-09-22,300.0,128.0,0.0,0.0,0.0
1966-09-23,306.0,156.0,0.0,0.0,0.0
1966-09-24,322.0,128.0,0.0,0.0,0.0
1966-09-25,322.0,183.0,0.0,0.0,0.0
1966-09-26,322.0,189.0,0.0,0.0,0.0
1966-09-27,294.0,200.0,0.0,0.0,0.0
1966-09-28,256.0,172.0,0.0,0.0,0.0
1966-09-29,278.0,128.0,0.0,0.0,0.0
1966-09-30,289.0,139.0,130.0,0.0,0.0
1966-10-01,217.0,94.0,0.0,0.0,0.0
1966-10-02,233.0,56.0,0.0,0.0,0.0
1966-10-03,283.0,111.0,0.0,0.0,0.0
1966-10-04,256.0,183.0,1219.0,0.0,0.0
1966-10-05,233.0,144.0,0.0,0.0,0.0
1966-10-06,222.0,89.0,0.0,0.0,0.0
1966-10-07,244.0,72.0,0.0,0.0,0.0
1966-10-08,294.0,106.0,0.0,0.0,0.0
1966-10-09,300.0,178.0,0.0,0.0,0.0
1966-10-10,267.0,189.0,0.0,0.0,0.0
1966-10-11,289.0,78.0,0.0,0.0,0.0
1966-10-12,294.0,122.0,0.0,0.0,0.0
1966-10-13,244.0,161.0,0.0,0.0,0.0
1966-10-14,289.0,206.0,0.0,0.0,0.0
1966-10-15,261.0,94.0,353.0,0.0,0.0
1966-10-16,200.0,61.0,0.0,0.0,0.0
1966-10-17,150.0,56.0,0.0,0.0,0.0
1966-10-18,150.0,78.0,404.0,0.0,0.0
1966-10-19,178.0,72.0,127.0,0.0,0.0
1966-10-20,206.0,33.0,0.0,0.0,0.0
1966-10-21,211.0,78.0,0.0,0.0,0.0
1966-10-22,261.0,122.0,0.0,0.0,0.0
1966-10-23,217.0,128.0,0.0,0.0,0.0
1966-10-24,222.0,122.0,0.0,0.0,0.0
1966-10-25,233.0,39.0,0.0,0.0,0.0
1966-10-26,222.0,33.0,0.0,0.0,0.0
1966-10-27,222.0,33.0,0.0,0.0,0.0
1966-10-28,244.0,50.0,0.0,0.0,0.0
1966-10-29,267.0,78.0,0.0,0.0,0.0
1966-10-30,228.0,67.0,0.0,0.0,0.0
1966-10-31,261.0,89.0,0.0,0.0,0.0
1966-11-01,194.0,67.0,94.0,0.0,0.0
1966-11-02,72.0,11.0,0.0,0.0,0.0
1966-11-03,122.0,-61.0,0.0,0.0,0.0
1966-11-04,194.0,17.0,0.0,0.0,0.0
1966-11-05,233.0,100.0,0.0,0.0,0.0
1966-11-06,261.0,100.0,0.0,0.0,0.0
1966-11-07,261.0,150.0,0.0,0.0,0.0
1966-11-08,244.0,172.0,0.0,0.0,0.0
1966-11-09,256.0,161.0,0.0,0.0,0.0
1966-11-10,228.0,111.0,371.0,0.0,0.0
1966-11-11,150.0,72.0,0.0,0.0,0.0
1966-11-12,189.0,78.0,0.0,0.0,0.0
1966-11-13,172.0,39.0,0.0,0.0,0.0
1966-11-14,200.0,56.0,0.0,0.0,0.0
1966-11-15,217.0,39.0,0.0,0.0,0.0
1966-11-16,233.0,83.0,0.0,0.0,0.0
1966-11-17,244.0,122.0,0.0,0.0,0.0
1966-11-18,261.0,156.0,0.0,0.0,0.0
1966-11-19,206.0,100.0,470.0,0.0,0.0
1966-11-20,161.0,100.0,0.0,0.0,0.0
1966-11-21,256.0,106.0,0.0,0.0,0.0
1966-11-22,261.0,133.0,0.0,0.0,0.0
1966-11-23,222.0,139.0,0.0,0.0,0.0
1966-11-24,211.0,117.0,0.0,0.0,0.0
1966-11-25,239.0,128.0,0.0,0.0,0.0
1966-11-26,233.0,161.0,0.0,0.0,0.0
1966-11-27,206.0,106.0,127.0,0.0,0.0
1966-11-28,133.0,11.0,0.0,0.0,0.0
1966-11-29,156.0,-17.0,0.0,0.0,0.0
1966-11-30,189.0,22.0,0.0,0.0,0.0
1966-12-01,183.0,11.0,0.0,0.0,0.0
1966-12-02,156.0,0.0,0.0,0.0,0.0
1966-12-03,28.0,-17.0,0.0,0.0,0.0
1966-12-04,144.0,17.0,0.0,0.0,0.0
1966-12-05,211.0,117.0,0.0,0.0,0.0
1966-12-06,222.0,150.0,0.0,0.0,0.0
1966-12-07,267.0,189.0,0.0,0.0,0.0
1966-12-08,239.0,156.0,394.0,0.0,0.0
1966-12-09,161.0,67.0,203.0,0.0,0.0
1966-12-10,72.0,28.0,33.0,0.0,0.0
1966-12-11,44.0,-6.0,0.0,0.0,0.0
1966-12-12,28.0,-6.0,0.0,0.0,0.0
1966-12-13,67.0,-6.0,0.0,0.0,0.0
1966-12-14,128.0,-33.0,0.0,0.0,0.0
1966-12-15,117.0,-22.0,0.0,0.0,0.0
1966-12-16,117.0,33.0,0.0,0.0,0.0
1966-12-17,161.0,72.0,0.0,0.0,0.0
1966-12-18,167.0,94.0,71.0,0.0,0.0
1966-12-19,161.0,39.0,0.0,0.0,0.0
1966-12-20,206.0,39.0,0.0,0.0,0.0
1966-12-21,178.0,72.0,0.0,0.0,0.0
1966-12-22,139.0,72.0,0.0,0.0,0.0
1966-12-23,117.0,-17.0,0.0,0.0,0.0
1966-12-24,44.0,-78.0,0.0,0.0,0.0
1966-12-25,139.0,-44.0,0.0,0.0,0.0
1966-12-26,67.0,22.0,0.0,0.0,0.0
1966-12-27,150.0,44.0,89.0,0.0,0.0
1966-12-28,172.0,6.0,254.0,0.0,0.0
1966-12-29,89.0,-56.0,0.0,0.0,0.0
1966-12-30,56.0,-17.0,30.0,0.0,0.0
1966-12-31,72.0,22.0,81.0,0.0,0.0
1967-01-01,106.0,39.0,0.0,0.0,0.0
1967-01-02,122.0,-22.0,0.0,0.0,0.0
1967-01-03,94.0,0.0,0.0,0.0,0.0
1967-01-04,133.0,-56.0,0.0,0.0,0.0
1967-01-05,167.0,-11.0,0.0,0.0,0.0
1967-01-06,178.0,56.0,0.0,0.0,0.0
1967-01-07,172.0,-6.0,0.0,0.0,0.0
1967-01-08,61.0,-33.0,0.0,0.0,0.0
1967-01-09,56.0,-28.0,0.0,0.0,0.0
1967-01-10,94.0,0.0,0.0,0.0,0.0
1967-01-11,78.0,-33.0,0.0,0.0,0.0
1967-01-12,122.0,-22.0,0.0,0.0,0.0
1967-01-13,78.0,56.0,97.0,0.0,0.0
1967-01-14,161.0,61.0,51.0,0.0,0.0
1967-01-15,122.0,28.0,0.0,0.0,0.0
1967-01-16,117.0,-33.0,0.0,0.0,0.0
1967-01-17,94.0,-61.0,33.0,0.0,0.0
1967-01-18,,-83.0,0.0,0.0,0.0
1967-01-19,50.0,-56.0,0.0,0.0,0.0
1967-01-20,50.0,-44.0,0.0,0.0,0.0
1967-01-21,161.0,11.0,0.0,0.0,0.0
1967-01-22,217.0,144.0,0.0,0.0,0.0
1967-01-23,233.0,167.0,0.0,0.0,0.0
1967-01-24,239.0,172.0,0.0,0.0,0.0
1967-01-25,211.0,156.0,0.0,0.0,0.0
1967-01-26,189.0,,208.0,0.0,0.0
1967-01-27,106.0,-28.0,0.0,0.0,0.0
1967-01-28,150.0,-28.0,0.0,0.0,0.0
1967-01-29,200.0,33.0,0.0,0.0,0.0
1967-01-30,194.0,83.0,0.0,0.0,0.0
1967-01-31,217.0,122.0,0.0,0.0,0.0
1967-02-01,222.0,122.0,0.0,0.0,0.0
1967-02-02,183.0,67.0,25.0,0.0,0.0
1967-02-03,67.0,22.0,0.0,0.0,0.0
1967-02-04,183.0,6.0,0.0,0.0,0.0
1967-02-05,206.0,56.0,0.0,0.0,0.0
1967-02-06,150.0,-6.0,13.0,0.0,0.0
1967-02-07,33.0,-72.0,0.0,0.0,0.0
1967-02-08,72.0,-78.0,0.0,0.0,0.0
1967-02-09,133.0,-133.0,0.0,0.0,0.0
1967-02-10,178.0,22.0,0.0,0.0,0.0
1967-02-11,133.0,44.0,0.0,0.0,0.0
1967-02-12,133.0,6.0,38.0,0.0,0.0
1967-02-13,200.0,6.0,0.0,0.0,0.0
1967-02-14,206.0,50.0,0.0,0.0,0.0
1967-02-15,233.0,150.0,0.0,0.0,0.0
1967-02-16,200.0,-6.0,0.0,0.0,0.0
1967-02-17,17.0,-22.0,104.0,0.0,0.0
1967-02-18,72.0,-22.0,0.0,0.0,0.0
1967-02-19,117.0,11.0,46.0,0.0,0.0
1967-02-20,117.0,67.0,323.0,0.0,0.0
1967-02-21,89.0,-22.0,0.0,0.0,0.0
1967-02-22,128.0,28.0,5.0,0.0,0.0
1967-02-23,156.0,-39.0,0.0,0.0,0.0
1967-02-24,111.0,-39.0,0.0,0.0,0.0
1967-02-25,50.0,-50.0,0.0,0.0,0.0
1967-02-26,94.0,0.0,0.0,0.0,0.0
1967-02-27,133.0,56.0,130.0,0.0,0.0
1967-02-28,150.0,-6.0,0.0,0.0,0.0
1967-03-01,206.0,39.0,0.0,0.0,0.0
1967-03-02,261.0,67.0,0.0,0.0,0.0
1967-03-03,244.0,106.0,0.0,0.0,0.0
1967-03-04,267.0,156.0,0.0,0.0,0.0
1967-03-05,239.0,172.0,0.0,0.0,0.0
1967-03-06,228.0,17.0,8.0,0.0,0.0
1967-03-07,128.0,-33.0,376.0,0.0,0.0
1967-03-08,178.0,0.0,0.0,0.0,0.0
1967-03-09,217.0,22.0,0.0,0.0,0.0
1967-03-10,222.0,122.0,0.0,0.0,0.0
1967-03-11,311.0,178.0,0.0,0.0,0.0
1967-03-12,306.0,167.0,0.0,0.0,0.0
1967-03-13,306.0,167.0,0.0,0.0,0.0
1967-03-14,300.0,178.0,0.0,0.0,0.0
1967-03-15,250.0,106.0,0.0,0.0,0.0
1967-03-16,206.0,28.0,0.0,0.0,0.0
1967-03-17,133.0,28.0,0.0,0.0,0.0
1967-03-18,106.0,-11.0,0.0,0.0,0.0
1967-03-19,206.0,22.0,0.0,0.0,0.0
1967-03-20,206.0,117.0,0.0,0.0,0.0
1967-03-21,200.0,72.0,30.0,0.0,0.0
1967-03-22,222.0,28.0,0.0,0.0,0.0
1967-03-23,283.0,78.0,0.0,0.0,0.0
1967-03-24,272.0,122.0,0.0,0.0,0.0
1967-03-25,217.0,133.0,0.0,0.0,0.0
1967-03-26,194.0,150.0,86.0,0.0,0.0
1967-03-27,256.0,133.0,193.0,0.0,0.0
1967-03-28,289.0,139.0,0.0,0.0,0.0
1967-03-29,294.0,139.0,0.0,0.0,0.0
1967-03-30,317.0,167.0,0.0,0.0,0.0
1967-03-31,272.0,139.0,0.0,0.0,0.0
1967-05-01,,,,0.0,0.0
1967-05-02,,,,0.0,0.0
1967-05-03,,,,0.0,0.0
1967-05-04,,,,0.0,0.0
1967-05-05,,,,0.0,0.0
1967-05-06,,,,0.0,0.0
1967-05-07,,,,0.0,0.0
1967-05-08,,,0.0,0.0,0.0
1967-05-09,278.0,117.0,0.0,0.0,0.0
1967-05-10,283.0,150.0,0.0,0.0,0.0
1967-05-11,339.0,217.0,0.0,0.0,0.0
1967-05-12,333.0,222.0,0.0,0.0,0.0
1967-05-13,317.0,222.0,0.0,0.0,0.0
1967-05-14,306.0,217.0,0.0,0.0,0.0
1967-05-15,267.0,117.0,107.0,0.0,0.0
1967-05-16,256.0,89.0,0.0,0.0,0.0
1967-05-17,289.0,128.0,0.0,0.0,0.0
1967-05-18,306.0,150.0,0.0,0.0,0.0
1967-05-19,306.0,172.0,0.0,0.0,0.0
1967-05-20,261.0,178.0,10.0,0.0,0.0
1967-05-21,239.0,117.0,358.0,0.0,0.0
1967-05-22,244.0,122.0,0.0,0.0,0.0
1967-05-23,256.0,89.0,0.0,0.0,0.0
1967-05-24,294.0,100.0,0.0,0.0,0.0
1967-05-25,311.0,144.0,0.0,0.0,0.0
1967-05-26,311.0,167.0,0.0,0.0,0.0
1967-05-27,294.0,183.0,0.0,0.0,0.0
1967-05-28,289.0,189.0,0.0,0.0,0.0
1967-05-29,300.0,178.0,0.0,0.0,0.0
1967-05-30,272.0,178.0,147.0,0.0,0.0
1967-05-31,256.0,189.0,249.0,0.0,0.0
1967-06-01,261.0,139.0,0.0,0.0,0.0
1967-06-02,272.0,144.0,0.0,0.0,0.0
1967-06-03,267.0,133.0,0.0,0.0,0.0
1967-06-04,283.0,133.0,0.0,0.0,0.0
1967-06-05,306.0,144.0,0.0,0.0,0.0
1967-06-06,306.0,189.0,0.0,0.0,0.0
1967-06-07,311.0,200.0,0.0,0.0,0.0
1967-06-08,322.0,217.0,0.0,0.0,0.0
1967-06-09,322.0,211.0,0.0,0.0,0.0
1967-06-10,328.0,206.0,0.0,0.0,0.0
1967-06-11,317.0,,41.0,0.0,0.0
1967-06-12,322.0,211.0,0.0,0.0,0.0
1967-06-13,333.0,206.0,0.0,0.0,0.0
1967-06-14,339.0,206.0,0.0,0.0,0.0
1967-06-15,333.0,211.0,5.0,0.0,0.0
1967-06-16,333.0,206.0,0.0,0.0,0.0
1967-06-17,339.0,200.0,0.0,0.0,0.0
1967-06-18,350.0,211.0,0.0,0.0,0.0
1967-06-19,361.0,211.0,0.0,0.0,0.0
1967-06-20,344.0,222.0,310.0,0.0,0.0
1967-06-21,333.0,228.0,0.0,0.0,0.0
1967-06-22,317.0,239.0,0.0,0.0,0.0
1967-06-23,339.0,228.0,0.0,0.0,0.0
1967-06-24,339.0,233.0,0.0,0.0,0.0
1967-06-25,333.0,194.0,0.0,0.0,0.0
1967-06-26,294.0,206.0,132.0,0.0,0.0
1967-06-27,344.0,233.0,0.0,0.0,0.0
1967-06-28,344.0,233.0,0.0,0.0,0.0
1967-06-29,344.0,228.0,5.0,0.0,0.0
1967-06-30,328.0,211.0,33.0,0.0,0.0
1967-08-01,350.0,222.0,0.0,0.0,0.0
1967-08-02,333.0,239.0,0.0,0.0,0.0
1967-08-03,350.0,233.0,0.0,0.0,0.0
1967-08-04,311.0,222.0,0.0,0.0,0.0
1967-08-05,322.0,222.0,0.0,0.0,0.0
1967-08-06,333.0,211.0,0.0,0.0,0.0
1967-08-07,356.0,178.0,0.0,0.0,0.0
1967-08-08,350.0,239.0,0.0,0.0,0.0
1967-08-09,356.0,239.0,0.0,0.0,0.0
1967-08-10,333.0,217.0,28.0,0.0,0.0
1967-08-11,272.0,167.0,0.0,0.0,0.0
1967-08-12,272.0,128.0,0.0,0.0,0.0
1967-08-13,289.0,128.0,0.0,0.0,0.0
1967-08-14,300.0,122.0,0.0,0.0,0.0
1967-08-15,306.0,128.0,0.0,0.0,0.0
1967-08-16,311.0,178.0,0.0,0.0,0.0
1967-08-17,322.0,167.0,0.0,0.0,0.0
1967-08-18,311.0,172.0,218.0,0.0,0.0
1967-08-19,311.0,200.0,0.0,0.0,0.0
1967-08-20,311.0,189.0,0.0,0.0,0.0
1967-08-21,317.0,189.0,0.0,0.0,0.0
1967-08-22,294.0,200.0,0.0,0.0,0.0
1967-08-23,311.0,189.0,0.0,0.0,0.0
1967-08-24,322.0,206.0,0.0,0.0,0.0
1967-08-25,311.0,206.0,0.0,0.0,0.0
1967-08-26,322.0,211.0,0.0,0.0,0.0
1967-08-27,,,0.0,0.0,0.0
1967-08-28,306.0,,0.0,0.0,0.0
1967-08-29,322.0,,0.0,0.0,0.0
1967-08-30,344.0,,0.0,0.0,0.0
1967-08-31,300.0,,0.0,0.0,0.0
1967-10-01,267.0,111.0,0.0,0.0,0.0
1967-10-02,289.0,111.0,0.0,0.0,0.0
1967-10-03,294.0,122.0,0.0,0.0,0.0
1967-10-04,311.0,144.0,0.0,0.0,0.0
1967-10-05,311.0,139.0,0.0,0.0,0.0
1967-10-06,306.0,139.0,0.0,0.0,0.0
1967-10-07,317.0,144.0,0.0,0.0,0.0
1967-10-08,294.0,161.0,81.0,0.0,0.0
1967-10-09,211.0,50.0,0.0,0.0,0.0
1967-10-10,206.0,67.0,0.0,0.0,0.0
1967-10-11,200.0,44.0,0.0,0.0,0.0
1967-10-12,189.0,72.0,0.0,0.0,0.0
1967-10-13,256.0,100.0,0.0,0.0,0.0
1967-10-14,294.0,144.0,0.0,0.0,0.0
1967-10-15,300.0,167.0,0.0,0.0,0.0
1967-10-16,294.0,139.0,64.0,0.0,0.0
1967-10-17,194.0,78.0,28.0,0.0,0.0
1967-10-18,128.0,56.0,0.0,0.0,0.0
1967-10-19,200.0,6.0,0.0,0.0,0.0
1967-10-20,217.0,17.0,0.0,0.0,0.0
1967-10-21,272.0,61.0,0.0,0.0,0.0
1967-10-22,272.0,67.0,0.0,0.0,0.0
1967-10-23,278.0,122.0,0.0,0.0,0.0
1967-10-24,272.0,133.0,0.0,0.0,0.0
1967-10-25,267.0,22.0,0.0,0.0,0.0
1967-10-26,211.0,28.0,0.0,0.0,0.0
1967-10-27,239.0,94.0,0.0,0.0,0.0
1967-10-28,189.0,6.0,0.0,0.0,0.0
1967-10-29,222.0,17.0,0.0,0.0,0.0
1967-10-30,267.0,156.0,71.0,0.0,0.0
1967-10-31,206.0,83.0,15.0,0.0,0.0
1967-11-01,144.0,83.0,0.0,0.0,0.0
1967-11-02,139.0,17.0,15.0,0.0,0.0
1967-11-03,178.0,44.0,36.0,0.0,0.0
1967-11-04,83.0,-28.0,51.0,0.0,0.0
1967-11-05,106.0,-33.0,0.0,0.0,0.0
1967-11-06,106.0,-17.0,0.0,0.0,0.0
1967-11-07,150.0,-22.0,0.0,0.0,0.0
1967-11-08,156.0,-11.0,0.0,0.0,0.0
1967-11-09,178.0,-11.0,0.0,0.0,0.0
1967-11-10,217.0,61.0,0.0,0.0,0.0
1967-11-11,233.0,133.0,173.0,0.0,0.0
1967-11-12,200.0,89.0,25.0,0.0,0.0
1967-11-13,256.0,56.0,0.0,0.0,0.0
1967-11-14,261.0,50.0,0.0,0.0,0.0
1967-11-15,178.0,22.0,0.0,0.0,0.0
1967-11-16,200.0,17.0,0.0,0.0,0.0
1967-11-17,206.0,39.0,0.0,0.0,0.0
1967-11-18,194.0,17.0,0.0,0.0,0.0
1967-11-19,189.0,6.0,0.0,0.0,0.0
1967-11-20,183.0,67.0,0.0,0.0,0.0
1967-11-21,194.0,100.0,0.0,0.0,0.0
1967-11-22,267.0,156.0,0.0,0.0,0.0
1967-11-23,161.0,28.0,0.0,0.0,0.0
1967-11-24,183.0,72.0,0.0,0.0,0.0
1967-11-25,233.0,17.0,0.0,0.0,0.0
1967-11-26,239.0,50.0,0.0,0.0,0.0
1967-11-27,222.0,83.0,0.0,0.0,0.0
1967-11-28,94.0,22.0,8.0,0.0,0.0
1967-11-29,44.0,11.0,142.0,0.0,0.0
1967-11-30,150.0,33.0,132.0,0.0,0.0
1967-12-01,144.0,28.0,0.0,0.0,0.0
1967-12-02,211.0,39.0,0.0,0.0,0.0
1967-12-03,206.0,-11.0,64.0,0.0,0.0
1967-12-04,100.0,-44.0,0.0,0.0,0.0
1967-12-05,144.0,6.0,0.0,0.0,0.0
1967-12-06,167.0,61.0,20.0,0.0,0.0
1967-12-07,200.0,72.0,0.0,0.0,0.0
1967-12-08,211.0,72.0,0.0,0.0,0.0
1967-12-09,156.0,100.0,0.0,0.0,0.0
1967-12-10,156.0,94.0,203.0,0.0,0.0
1967-12-11,144.0,72.0,259.0,0.0,0.0
1967-12-12,78.0,22.0,89.0,0.0,0.0
1967-12-13,189.0,28.0,0.0,0.0,0.0
1967-12-14,233.0,106.0,185.0,0.0,0.0
1967-12-15,106.0,11.0,170.0,0.0,0.0
1967-12-16,28.0,6.0,183.0,0.0,0.0
1967-12-17,122.0,22.0,79.0,0.0,0.0
1967-12-18,128.0,83.0,117.0,0.0,0.0
1967-12-19,200.0,11.0,0.0,0.0,0.0
1967-12-20,222.0,22.0,18.0,0.0,0.0
1967-12-21,239.0,178.0,0.0,0.0,0.0
1967-12-22,222.0,0.0,53.0,0.0,0.0
1967-12-23,72.0,-78.0,0.0,0.0,0.0
1967-12-24,144.0,-17.0,0.0,0.0,0.0
1967-12-25,156.0,11.0,0.0,0.0,0.0
1967-12-26,139.0,-56.0,0.0,0.0,0.0
1967-12-27,50.0,-39.0,0.0,0.0,0.0
1967-12-28,22.0,-50.0,8.0,25.0,13.0
1967-12-29,28.0,-61.0,0.0,0.0,0.0
1967-12-30,-6.0,-67.0,0.0,0.0,0.0
1967-12-31,61.0,-22.0,279.0,0.0,0.0
1968-01-01,33.0,-39.0,8.0,0.0,5.0
1968-01-02,6.0,-39.0,0.0,0.0,0.0
1968-01-03,44.0,6.0,183.0,0.0,0.0
1968-01-04,39.0,6.0,325.0,0.0,0.0
1968-01-05,33.0,-17.0,0.0,0.0,0.0
1968-01-06,17.0,-11.0,485.0,0.0,0.0
1968-01-07,17.0,-100.0,0.0,0.0,0.0
1968-01-08,-56.0,-100.0,0.0,0.0,0.0
1968-01-09,6.0,-89.0,262.0,0.0,0.0
1968-01-10,11.0,0.0,411.0,0.0,0.0
1968-01-11,17.0,-44.0,0.0,0.0,0.0
1968-01-12,11.0,-22.0,0.0,0.0,0.0
1968-01-13,17.0,-67.0,25.0,0.0,0.0
1968-01-14,-33.0,-72.0,0.0,0.0,0.0
1968-01-15,33.0,-56.0,0.0,0.0,0.0
1968-01-16,78.0,-56.0,0.0,0.0,0.0
1968-01-17,106.0,-50.0,0.0,0.0,0.0
1968-01-18,150.0,22.0,0.0,0.0,0.0
1968-01-19,172.0,28.0,0.0,0.0,0.0
1968-01-20,200.0,22.0,0.0,0.0,0.0
1968-01-21,200.0,6.0,0.0,0.0,0.0
1968-01-22,200.0,6.0,0.0,0.0,0.0
1968-01-23,183.0,56.0,183.0,0.0,0.0
1968-01-24,56.0,-50.0,0.0,0.0,0.0
1968-01-25,56.0,-44.0,0.0,0.0,0.0
1968-01-26,117.0,-44.0,0.0,0.0,0.0
1968-01-27,206.0,50.0,0.0,0.0,0.0
1968-01-28,200.0,100.0,0.0,0.0,0.0
1968-01-29,183.0,117.0,0.0,0.0,0.0
1968-01-30,217.0,122.0,0.0,0.0,0.0
1968-01-31,172.0,150.0,312.0,0.0,0.0
1968-02-01,183.0,144.0,140.0,,
1968-02-02,183.0,11.0,295.0,,
1968-02-03,144.0,-22.0,0.0,,
1968-02-04,139.0,-6.0,0.0,,
1968-02-05,156.0,0.0,0.0,,
1968-02-06,144.0,-33.0,0.0,,
1968-02-07,144.0,-22.0,0.0,,
1968-02-08,83.0,-72.0,0.0,,
1968-02-09,83.0,-56.0,0.0,,
1968-02-10,150.0,-44.0,0.0,,
1968-02-11,167.0,-44.0,0.0,,
1968-02-12,28.0,-89.0,0.0,,
1968-02-13,83.0,-67.0,0.0,,
1968-02-14,39.0,-50.0,0.0,,
1968-02-15,17.0,-17.0,84.0,,
1968-02-16,39.0,6.0,0.0,,
1968-02-17,50.0,0.0,0.0,,
1968-02-18,67.0,-11.0,0.0,,
1968-02-19,72.0,0.0,0.0,,
1968-02-20,117.0,17.0,0.0,,
1968-02-21,200.0,-17.0,0.0,,
1968-02-22,-17.0,-94.0,3.0,,
1968-02-23,6.0,-72.0,0.0,,
1968-02-24,33.0,-78.0,0.0,,
1968-02-25,117.0,-22.0,0.0,,
1968-02-26,178.0,-22.0,0.0,,
1968-02-27,150.0,-22.0,0.0,,
1968-02-28,144.0,11.0,69.0,,
1968-02-29,50.0,-33.0,147.0,,
1968-03-01,56.0,-67.0,0.0,0.0,0.0
1968-03-02,139.0,-28.0,0.0,0.0,0.0
1968-03-03,144.0,6.0,0.0,0.0,0.0
1968-03-04,67.0,-83.0,0.0,0.0,0.0
1968-03-05,139.0,-39.0,0.0,0.0,0.0
1968-03-06,156.0,11.0,0.0,0.0,0.0
1968-03-07,178.0,28.0,0.0,0.0,0.0
1968-03-08,178.0,50.0,0.0,0.0,0.0
1968-03-09,239.0,106.0,91.0,0.0,0.0
1968-03-10,161.0,100.0,526.0,0.0,0.0
1968-03-11,178.0,83.0,107.0,0.0,0.0
1968-03-12,94.0,33.0,257.0,0.0,0.0
1968-03-13,39.0,-39.0,0.0,0.0,0.0
1968-03-14,94.0,-6.0,0.0,0.0,0.0
1968-03-15,156.0,33.0,0.0,0.0,0.0
1968-03-16,167.0,89.0,0.0,0.0,0.0
1968-03-17,228.0,89.0,0.0,0.0,0.0
1968-03-18,228.0,117.0,0.0,0.0,0.0
1968-03-19,244.0,133.0,0.0,0.0,0.0
1968-03-20,250.0,156.0,0.0,0.0,0.0
1968-03-21,261.0,33.0,254.0,0.0,0.0
1968-03-22,39.0,-6.0,691.0,203.0,191.0
1968-03-23,61.0,-17.0,8.0,76.0,76.0
1968-03-24,78.0,-17.0,0.0,,0.0
1968-03-25,156.0,17.0,0.0,0.0,0.0
1968-03-26,206.0,17.0,0.0,0.0,0.0
1968-03-27,217.0,83.0,0.0,0.0,0.0
1968-03-28,222.0,111.0,0.0,0.0,0.0
1968-03-29,256.0,144.0,0.0,0.0,0.0
1968-03-30,256.0,128.0,0.0,0.0,0.0
1968-03-31,233.0,144.0,58.0,0.0,0.0
1968-04-01,200.0,111.0,20.0,0.0,0.0
1968-04-02,189.0,106.0,84.0,0.0,0.0
1968-04-03,206.0,117.0,20.0,0.0,0.0
1968-04-04,239.0,178.0,43.0,0.0,0.0
1968-04-05,183.0,33.0,0.0,0.0,0.0
1968-04-06,139.0,17.0,0.0,0.0,0.0
1968-04-07,178.0,67.0,0.0,0.0,0.0
1968-04-08,222.0,122.0,427.0,0.0,0.0
1968-04-09,161.0,133.0,33.0,0.0,0.0
1968-04-10,167.0,111.0,36.0,0.0,0.0
1968-04-11,228.0,56.0,0.0,0.0,0.0
1968-04-12,267.0,111.0,0.0,0.0,0.0
1968-04-13,267.0,150.0,3.0,0.0,0.0
1968-04-14,244.0,156.0,665.0,0.0,0.0
1968-04-15,278.0,72.0,0.0,0.0,0.0
1968-04-16,217.0,67.0,0.0,0.0,0.0
1968-04-17,267.0,161.0,0.0,0.0,0.0
1968-04-18,261.0,194.0,0.0,0.0,0.0
1968-04-19,289.0,156.0,0.0,0.0,0.0
1968-04-20,289.0,194.0,0.0,0.0,0.0
1968-04-21,261.0,144.0,0.0,0.0,0.0
1968-04-22,200.0,150.0,117.0,0.0,0.0
1968-04-23,244.0,144.0,0.0,0.0,0.0
1968-04-24,200.0,44.0,0.0,0.0,0.0
1968-04-25,217.0,44.0,0.0,0.0,0.0
1968-04-26,256.0,100.0,0.0,0.0,0.0
1968-04-27,267.0,139.0,0.0,0.0,0.0
1968-04-28,233.0,144.0,201.0,0.0,0.0
1968-04-29,228.0,150.0,401.0,0.0,0.0
1968-04-30,233.0,72.0,0.0,0.0,0.0
1968-05-01,261.0,89.0,0.0,0.0,0.0
1968-05-02,272.0,128.0,0.0,0.0,0.0
1968-05-03,283.0,144.0,0.0,0.0,0.0
1968-05-04,272.0,150.0,142.0,0.0,0.0
1968-05-05,250.0,83.0,0.0,0.0,0.0
1968-05-06,228.0,94.0,0.0,0.0,0.0
1968-05-07,222.0,117.0,0.0,0.0,0.0
1968-05-08,250.0,144.0,13.0,0.0,0.0
1968-05-09,267.0,144.0,0.0,0.0,0.0
1968-05-10,222.0,167.0,282.0,0.0,0.0
1968-05-11,222.0,167.0,117.0,0.0,0.0
1968-05-12,278.0,178.0,25.0,0.0,0.0
1968-05-13,244.0,183.0,71.0,0.0,0.0
1968-05-14,256.0,189.0,193.0,0.0,0.0
1968-05-15,300.0,211.0,0.0,0.0,0.0
1968-05-16,294.0,206.0,168.0,0.0,0.0
1968-05-17,300.0,156.0,782.0,0.0,0.0
1968-05-18,178.0,139.0,236.0,0.0,0.0
1968-05-19,244.0,111.0,0.0,0.0,0.0
1968-05-20,239.0,78.0,0.0,0.0,0.0
1968-05-21,228.0,111.0,0.0,0.0,0.0
1968-05-22,239.0,150.0,0.0,0.0,0.0
1968-05-23,283.0,183.0,0.0,0.0,0.0
1968-05-24,300.0,183.0,0.0,0.0,0.0
1968-05-25,311.0,206.0,0.0,0.0,0.0
1968-05-26,306.0,161.0,295.0,0.0,0.0
1968-05-27,267.0,128.0,0.0,0.0,0.0
1968-05-28,239.0,133.0,0.0,0.0,0.0
1968-05-29,256.0,128.0,0.0,0.0,0.0
1968-05-30,300.0,178.0,0.0,0.0,0.0
1968-05-31,300.0,167.0,0.0,0.0,0.0
1968-06-01,306.0,200.0,0.0,0.0,0.0
1968-06-02,294.0,200.0,51.0,0.0,0.0
1968-06-03,294.0,183.0,0.0,0.0,0.0
1968-06-04,311.0,189.0,0.0,0.0,0.0
1968-06-05,322.0,189.0,0.0,0.0,0.0
1968-06-06,322.0,217.0,0.0,0.0,0.0
1968-06-07,322.0,200.0,0.0,0.0,0.0
1968-06-08,322.0,189.0,0.0,0.0,0.0
1968-06-09,322.0,200.0,0.0,0.0,0.0
1968-06-10,333.0,211.0,0.0,0.0,0.0
1968-06-11,333.0,217.0,0.0,0.0,0.0
1968-06-12,339.0,200.0,0.0,0.0,0.0
1968-06-13,328.0,183.0,0.0,0.0,0.0
1968-06-14,322.0,167.0,0.0,0.0,0.0
1968-06-15,328.0,178.0,0.0,0.0,0.0
1968-06-16,333.0,206.0,0.0,0.0,0.0
1968-06-17,317.0,211.0,64.0,0.0,0.0
1968-06-18,300.0,200.0,0.0,0.0,0.0
1968-06-19,306.0,206.0,0.0,0.0,0.0
1968-06-20,322.0,183.0,0.0,0.0,0.0
1968-06-21,306.0,206.0,0.0,0.0,0.0
1968-06-22,322.0,217.0,0.0,0.0,0.0
1968-06-23,294.0,211.0,0.0,0.0,0.0
1968-06-24,306.0,222.0,10.0,0.0,0.0
1968-06-25,311.0,228.0,36.0,0.0,0.0
1968-06-26,311.0,189.0,411.0,0.0,0.0
1968-06-27,256.0,117.0,15.0,0.0,0.0
1968-06-28,272.0,156.0,0.0,0.0,0.0
1968-06-29,317.0,194.0,0.0,0.0,0.0
1968-06-30,328.0,211.0,0.0,0.0,0.0
1968-07-01,333.0,211.0,0.0,0.0,0.0
1968-07-02,339.0,206.0,0.0,0.0,0.0
1968-07-03,333.0,211.0,23.0,0.0,0.0
1968-07-04,289.0,150.0,0.0,0.0,0.0
1968-07-05,289.0,133.0,0.0,0.0,0.0
1968-07-06,294.0,167.0,0.0,0.0,0.0
1968-07-07,306.0,183.0,0.0,0.0,0.0
1968-07-08,317.0,217.0,0.0,0.0,0.0
1968-07-09,317.0,200.0,137.0,0.0,0.0
1968-07-10,300.0,189.0,0.0,0.0,0.0
1968-07-11,322.0,206.0,0.0,0.0,0.0
1968-07-12,333.0,189.0,8.0,0.0,0.0
1968-07-13,328.0,211.0,0.0,0.0,0.0
1968-07-14,317.0,211.0,10.0,0.0,0.0
1968-07-15,317.0,222.0,0.0,0.0,0.0
1968-07-16,322.0,228.0,0.0,0.0,0.0
1968-07-17,322.0,222.0,0.0,0.0,0.0
1968-07-18,328.0,217.0,0.0,0.0,0.0
1968-07-19,339.0,211.0,0.0,0.0,0.0
1968-07-20,322.0,211.0,259.0,0.0,0.0
1968-07-21,306.0,228.0,56.0,0.0,0.0
1968-07-22,311.0,233.0,13.0,0.0,0.0
1968-07-23,306.0,222.0,18.0,0.0,0.0
1968-07-24,294.0,222.0,5.0,0.0,0.0
1968-07-25,306.0,217.0,76.0,0.0,0.0
1968-07-26,322.0,217.0,0.0,0.0,0.0
1968-07-27,328.0,228.0,0.0,0.0,0.0
1968-07-28,333.0,222.0,0.0,0.0,0.0
1968-07-29,333.0,200.0,295.0,0.0,0.0
1968-07-30,267.0,211.0,157.0,0.0,0.0
1968-07-31,306.0,222.0,0.0,0.0,0.0
1968-08-01,328.0,222.0,0.0,0.0,0.0
1968-08-02,328.0,217.0,0.0,0.0,0.0
1968-08-03,339.0,217.0,0.0,0.0,0.0
1968-08-04,339.0,222.0,51.0,0.0,0.0
1968-08-05,328.0,222.0,0.0,0.0,0.0
1968-08-06,350.0,217.0,0.0,0.0,0.0
1968-08-07,333.0,233.0,0.0,0.0,0.0
1968-08-08,267.0,217.0,244.0,0.0,0.0
1968-08-09,317.0,217.0,0.0,0.0,0.0
1968-08-10,322.0,217.0,0.0,0.0,0.0
1968-08-11,306.0,211.0,122.0,0.0,0.0
1968-08-12,294.0,211.0,0.0,0.0,0.0
1968-08-13,311.0,222.0,165.0,0.0,0.0
1968-08-14,256.0,211.0,236.0,0.0,0.0
1968-08-15,311.0,217.0,71.0,0.0,0.0
1968-08-16,317.0,222.0,0.0,0.0,0.0
1968-08-17,333.0,222.0,0.0,0.0,0.0
1968-08-18,333.0,222.0,0.0,0.0,0.0
1968-08-19,333.0,217.0,0.0,0.0,0.0
1968-08-20,339.0,222.0,0.0,0.0,0.0
1968-08-21,328.0,217.0,0.0,0.0,0.0
1968-08-22,328.0,211.0,0.0,0.0,0.0
1968-08-23,350.0,211.0,0.0,0.0,0.0
1968-08-24,333.0,211.0,0.0,0.0,0.0
1968-08-25,344.0,194.0,0.0,0.0,0.0
1968-08-26,322.0,194.0,0.0,0.0,0.0
1968-08-27,322.0,161.0,0.0,0.0,0.0
1968-08-28,283.0,139.0,0.0,0.0,0.0
1968-08-29,272.0,133.0,0.0,0.0,0.0
1968-08-30,306.0,133.0,0.0,0.0,0.0
1968-08-31,294.0,139.0,0.0,0.0,0.0
1968-09-01,300.0,133.0,0.0,0.0,0.0
1968-09-02,311.0,133.0,0.0,0.0,0.0
1968-09-03,317.0,133.0,0.0,0.0,0.0
1968-09-04,233.0,133.0,511.0,0.0,0.0
1968-09-05,272.0,133.0,102.0,0.0,0.0
1968-09-06,256.0,161.0,28.0,0.0,0.0
1968-09-07,278.0,128.0,0.0,0.0,0.0
1968-09-08,283.0,133.0,0.0,0.0,0.0
1968-09-09,306.0,178.0,43.0,0.0,0.0
1968-09-10,289.0,122.0,0.0,0.0,0.0
1968-09-11,250.0,111.0,0.0,0.0,0.0
1968-09-12,261.0,106.0,0.0,0.0,0.0
1968-09-13,267.0,106.0,0.0,0.0,0.0
1968-09-14,278.0,117.0,0.0,0.0,0.0
1968-09-15,283.0,178.0,8.0,0.0,0.0
1968-09-16,233.0,189.0,1245.0,0.0,0.0
1968-09-17,306.0,228.0,0.0,0.0,0.0
1968-09-18,267.0,111.0,163.0,0.0,0.0
1968-09-19,272.0,128.0,0.0,0.0,0.0
1968-09-20,283.0,144.0,0.0,0.0,0.0
1968-09-21,294.0,156.0,0.0,0.0,0.0
1968-09-22,306.0,194.0,0.0,0.0,0.0
1968-09-23,317.0,206.0,0.0,0.0,0.0
1968-09-24,311.0,178.0,0.0,0.0,0.0
1968-09-25,300.0,189.0,0.0,0.0,0.0
1968-09-26,206.0,111.0,53.0,0.0,0.0
1968-09-27,256.0,100.0,0.0,0.0,0.0
1968-09-28,278.0,100.0,0.0,0.0,0.0
1968-09-29,272.0,139.0,0.0,0.0,0.0
1968-09-30,278.0,144.0,0.0,0.0,0.0
1968-10-01,294.0,156.0,0.0,0.0,0.0
1968-10-02,300.0,161.0,0.0,0.0,0.0
1968-10-03,294.0,194.0,0.0,0.0,0.0
1968-10-04,217.0,89.0,38.0,0.0,0.0
1968-10-05,194.0,89.0,0.0,0.0,0.0
1968-10-06,206.0,111.0,419.0,0.0,0.0
1968-10-07,156.0,89.0,0.0,0.0,0.0
1968-10-08,200.0,56.0,0.0,0.0,0.0
1968-10-09,256.0,67.0,0.0,0.0,0.0
1968-10-10,256.0,139.0,84.0,0.0,0.0
1968-10-11,217.0,133.0,0.0,0.0,0.0
1968-10-12,222.0,144.0,0.0,0.0,0.0
1968-10-13,294.0,172.0,71.0,0.0,0.0
1968-10-14,272.0,161.0,58.0,0.0,0.0
1968-10-15,300.0,189.0,0.0,0.0,0.0
1968-10-16,289.0,161.0,0.0,0.0,0.0
1968-10-17,289.0,161.0,198.0,0.0,0.0
1968-10-18,222.0,78.0,3.0,0.0,0.0
1968-10-19,206.0,39.0,0.0,0.0,0.0
1968-10-20,228.0,61.0,0.0,0.0,0.0
1968-10-21,256.0,67.0,0.0,0.0,0.0
1968-10-22,256.0,72.0,0.0,0.0,0.0
1968-10-23,250.0,72.0,0.0,0.0,0.0
1968-10-24,217.0,67.0,0.0,0.0,0.0
1968-10-25,189.0,0.0,0.0,0.0,0.0
1968-10-26,161.0,6.0,0.0,0.0,0.0
1968-10-27,239.0,67.0,0.0,0.0,0.0
1968-10-28,244.0,6.0,0.0,0.0,0.0
1968-10-29,161.0,6.0,0.0,0.0,0.0
1968-10-30,206.0,39.0,0.0,0.0,0.0
1968-10-31,283.0,122.0,0.0,0.0,0.0
1968-11-01,272.0,139.0,0.0,0.0,0.0
1968-11-02,267.0,117.0,0.0,0.0,0.0
1968-11-03,256.0,139.0,8.0,0.0,0.0
1968-11-04,178.0,78.0,124.0,0.0,0.0
1968-11-05,128.0,83.0,0.0,0.0,0.0
1968-11-06,167.0,106.0,0.0,0.0,0.0
1968-11-07,156.0,83.0,3.0,0.0,0.0
1968-11-08,122.0,11.0,0.0,0.0,0.0
1968-11-09,100.0,11.0,36.0,0.0,0.0
1968-11-10,117.0,-6.0,0.0,0.0,0.0
1968-11-11,117.0,44.0,51.0,0.0,0.0
1968-11-12,56.0,-33.0,0.0,0.0,0.0
1968-11-13,100.0,-11.0,0.0,0.0,0.0
1968-11-14,167.0,33.0,0.0,0.0,0.0
1968-11-15,189.0,128.0,0.0,0.0,0.0
1968-11-16,200.0,89.0,135.0,0.0,0.0
1968-11-17,200.0,94.0,0.0,0.0,0.0
1968-11-18,211.0,11.0,0.0,0.0,0.0
1968-11-19,111.0,-50.0,0.0,0.0,0.0
1968-11-20,106.0,-11.0,0.0,0.0,0.0
1968-11-21,122.0,17.0,0.0,0.0,0.0
1968-11-22,194.0,39.0,0.0,0.0,0.0
1968-11-23,222.0,89.0,0.0,0.0,0.0
1968-11-24,239.0,100.0,135.0,0.0,0.0
1968-11-25,178.0,-11.0,0.0,0.0,0.0
1968-11-26,183.0,11.0,0.0,0.0,0.0
1968-11-27,211.0,83.0,236.0,0.0,0.0
1968-11-28,183.0,61.0,455.0,0.0,0.0
1968-11-29,89.0,-6.0,0.0,0.0,0.0
1968-11-30,128.0,33.0,0.0,0.0,0.0
1968-12-01,83.0,39.0,348.0,0.0,0.0
1968-12-02,78.0,44.0,0.0,0.0,0.0
1968-12-03,128.0,56.0,8.0,0.0,0.0
1968-12-04,100.0,-39.0,76.0,0.0,0.0
1968-12-05,139.0,-6.0,0.0,0.0,0.0
1968-12-06,139.0,17.0,0.0,0.0,0.0
1968-12-07,106.0,-17.0,0.0,0.0,0.0
1968-12-08,100.0,-56.0,0.0,0.0,0.0
1968-12-09,67.0,-28.0,0.0,0.0,0.0
1968-12-10,100.0,-11.0,0.0,0.0,0.0
1968-12-11,161.0,44.0,0.0,0.0,0.0
1968-12-12,183.0,72.0,0.0,0.0,0.0
1968-12-13,161.0,33.0,439.0,0.0,0.0
1968-12-14,139.0,-50.0,0.0,0.0,0.0
1968-12-15,61.0,-72.0,0.0,0.0,0.0
1968-12-16,22.0,-83.0,0.0,0.0,0.0
1968-12-17,72.0,-56.0,0.0,0.0,0.0
1968-12-18,133.0,61.0,0.0,0.0,0.0
1968-12-19,194.0,22.0,119.0,0.0,0.0
1968-12-20,133.0,-17.0,0.0,0.0,0.0
1968-12-21,128.0,0.0,89.0,0.0,0.0
1968-12-22,139.0,67.0,244.0,0.0,0.0
1968-12-23,100.0,-28.0,5.0,0.0,0.0
1968-12-24,56.0,-67.0,0.0,0.0,0.0
1968-12-25,89.0,-17.0,0.0,0.0,0.0
1968-12-26,117.0,-11.0,0.0,0.0,0.0
1968-12-27,183.0,117.0,8.0,0.0,0.0
1968-12-28,211.0,11.0,81.0,0.0,0.0
1968-12-29,94.0,-39.0,0.0,0.0,0.0
1968-12-30,111.0,17.0,0.0,0.0,0.0
1968-12-31,117.0,-22.0,0.0,0.0,0.0
1969-01-01,17.0,-78.0,0.0,0.0,0.0
1969-01-02,50.0,-33.0,0.0,0.0,0.0
1969-01-03,106.0,22.0,61.0,0.0,0.0
1969-01-04,67.0,-78.0,0.0,0.0,0.0
1969-01-05,-11.0,-111.0,0.0,0.0,0.0
1969-01-06,56.0,-44.0,0.0,0.0,0.0
1969-01-07,133.0,-17.0,0.0,0.0,0.0
1969-01-08,128.0,0.0,0.0,0.0,0.0
1969-01-09,239.0,28.0,0.0,0.0,0.0
1969-01-10,72.0,-67.0,0.0,0.0,0.0
1969-01-11,6.0,-72.0,0.0,0.0,0.0
1969-01-12,56.0,-61.0,0.0,0.0,0.0
1969-01-13,50.0,-44.0,0.0,0.0,0.0
1969-01-14,133.0,-17.0,0.0,0.0,0.0
1969-01-15,161.0,17.0,0.0,0.0,0.0
1969-01-16,183.0,56.0,0.0,0.0,0.0
1969-01-17,167.0,111.0,188.0,0.0,0.0
1969-01-18,178.0,144.0,84.0,0.0,0.0
1969-01-19,189.0,44.0,5.0,0.0,0.0
1969-01-20,117.0,33.0,0.0,0.0,0.0
1969-01-21,128.0,44.0,0.0,0.0,0.0
1969-01-22,133.0,100.0,53.0,0.0,0.0
1969-01-23,178.0,128.0,0.0,0.0,0.0
1969-01-24,206.0,-22.0,0.0,0.0,0.0
1969-01-25,44.0,-56.0,0.0,0.0,0.0
1969-01-26,56.0,-17.0,0.0,0.0,0.0
1969-01-27,50.0,11.0,13.0,0.0,0.0
1969-01-28,167.0,33.0,0.0,0.0,0.0
1969-01-29,206.0,150.0,0.0,0.0,0.0
1969-01-30,228.0,150.0,122.0,0.0,0.0
1969-01-31,150.0,50.0,86.0,0.0,0.0
1969-02-01,67.0,50.0,546.0,0.0,0.0
1969-02-02,89.0,67.0,335.0,0.0,0.0
1969-02-03,178.0,6.0,0.0,0.0,0.0
1969-02-04,111.0,-50.0,0.0,0.0,0.0
1969-02-05,144.0,6.0,0.0,0.0,0.0
1969-02-06,144.0,33.0,33.0,0.0,0.0
1969-02-07,211.0,33.0,0.0,0.0,0.0
1969-02-08,200.0,39.0,20.0,0.0,0.0
1969-02-09,139.0,-22.0,0.0,0.0,0.0
1969-02-10,67.0,-17.0,0.0,0.0,0.0
1969-02-11,150.0,6.0,0.0,0.0,0.0
1969-02-12,172.0,22.0,0.0,0.0,0.0
1969-02-13,89.0,-17.0,0.0,0.0,0.0
1969-02-14,94.0,0.0,0.0,0.0,0.0
1969-02-15,56.0,28.0,244.0,0.0,0.0
1969-02-16,39.0,0.0,5.0,0.0,0.0
1969-02-17,33.0,0.0,0.0,0.0,0.0
1969-02-18,61.0,-56.0,0.0,0.0,0.0
1969-02-19,111.0,-50.0,0.0,0.0,0.0
1969-02-20,122.0,-17.0,0.0,0.0,0.0
1969-02-21,106.0,44.0,0.0,0.0,0.0
1969-02-22,128.0,67.0,196.0,0.0,0.0
1969-02-23,100.0,-17.0,0.0,0.0,0.0
1969-02-24,128.0,6.0,0.0,0.0,0.0
1969-02-25,133.0,6.0,0.0,0.0,0.0
1969-02-26,144.0,39.0,0.0,0.0,0.0
1969-02-27,183.0,61.0,0.0,0.0,0.0
1969-02-28,206.0,33.0,13.0,0.0,0.0
1969-03-01,161.0,-17.0,0.0,0.0,0.0
1969-03-02,72.0,-33.0,0.0,0.0,0.0
1969-03-03,111.0,0.0,79.0,25.0,13.0
1969-03-04,44.0,-39.0,8.0,0.0,0.0
1969-03-05,117.0,11.0,0.0,0.0,0.0
1969-03-06,106.0,11.0,86.0,0.0,0.0
1969-03-07,56.0,-28.0,5.0,0.0,0.0
1969-03-08,133.0,22.0,13.0,0.0,0.0
1969-03-09,156.0,-39.0,0.0,0.0,0.0
1969-03-10,83.0,-39.0,0.0,0.0,0.0
1969-03-11,83.0,-67.0,0.0,0.0,0.0
1969-03-12,100.0,-33.0,0.0,0.0,0.0
1969-03-13,122.0,-6.0,0.0,0.0,0.0
1969-03-14,133.0,39.0,0.0,0.0,0.0
1969-03-15,122.0,44.0,0.0,0.0,0.0
1969-03-16,83.0,39.0,0.0,0.0,0.0
1969-03-17,133.0,61.0,0.0,0.0,0.0
1969-03-18,189.0,106.0,300.0,0.0,0.0
1969-03-19,200.0,72.0,163.0,0.0,0.0
1969-03-20,256.0,133.0,0.0,0.0,0.0
1969-03-21,233.0,44.0,0.0,0.0,0.0
1969-03-22,200.0,33.0,0.0,0.0,0.0
1969-03-23,206.0,117.0,48.0,0.0,0.0
1969-03-24,183.0,117.0,328.0,0.0,0.0
1969-03-25,128.0,61.0,0.0,0.0,0.0
1969-03-26,139.0,6.0,0.0,0.0,0.0
1969-03-27,133.0,-11.0,0.0,0.0,0.0
1969-03-28,167.0,50.0,0.0,0.0,0.0
1969-03-29,244.0,100.0,0.0,0.0,0.0
1969-03-30,172.0,39.0,127.0,0.0,0.0
1969-03-31,117.0,50.0,0.0,0.0,0.0
1969-04-01,156.0,50.0,18.0,0.0,0.0
1969-04-02,272.0,144.0,0.0,0.0,0.0
1969-04-03,244.0,122.0,0.0,0.0,0.0
1969-04-04,278.0,172.0,0.0,0.0,0.0
1969-04-05,261.0,133.0,335.0,0.0,0.0
1969-04-06,267.0,78.0,0.0,0.0,0.0
1969-04-07,206.0,83.0,0.0,0.0,0.0
1969-04-08,222.0,128.0,0.0,0.0,0.0
1969-04-09,278.0,178.0,0.0,0.0,0.0
1969-04-10,267.0,161.0,0.0,0.0,0.0
1969-04-11,256.0,128.0,0.0,0.0,0.0
1969-04-12,228.0,111.0,0.0,0.0,0.0
1969-04-13,200.0,133.0,99.0,0.0,0.0
1969-04-14,200.0,106.0,119.0,0.0,0.0
1969-04-15,211.0,94.0,0.0,0.0,0.0
1969-04-16,272.0,161.0,0.0,0.0,0.0
1969-04-17,278.0,144.0,0.0,0.0,0.0
1969-04-18,200.0,111.0,178.0,0.0,0.0
1969-04-19,161.0,106.0,0.0,0.0,0.0
1969-04-20,183.0,44.0,0.0,0.0,0.0
1969-04-21,200.0,50.0,0.0,0.0,0.0
1969-04-22,261.0,106.0,0.0,0.0,0.0
1969-04-23,272.0,117.0,0.0,0.0,0.0
1969-04-24,222.0,44.0,0.0,0.0,0.0
1969-04-25,194.0,39.0,0.0,0.0,0.0
1969-04-26,244.0,122.0,0.0,0.0,0.0
1969-04-27,267.0,161.0,0.0,0.0,0.0
1969-04-28,233.0,106.0,160.0,0.0,0.0
1969-04-29,211.0,67.0,0.0,0.0,0.0
1969-04-30,206.0,72.0,0.0,0.0,0.0
1969-05-01,228.0,72.0,0.0,0.0,0.0
1969-05-02,206.0,72.0,0.0,0.0,0.0
1969-05-03,283.0,156.0,0.0,0.0,0.0
1969-05-04,267.0,172.0,0.0,0.0,0.0
1969-05-05,267.0,183.0,0.0,0.0,0.0
1969-05-06,261.0,172.0,0.0,0.0,0.0
1969-05-07,267.0,178.0,25.0,0.0,0.0
1969-05-08,244.0,194.0,376.0,0.0,0.0
1969-05-09,261.0,94.0,3.0,0.0,0.0
1969-05-10,239.0,106.0,0.0,0.0,0.0
1969-05-11,272.0,111.0,0.0,0.0,0.0
1969-05-12,244.0,122.0,0.0,0.0,0.0
1969-05-13,278.0,161.0,0.0,0.0,0.0
1969-05-14,278.0,200.0,0.0,0.0,0.0
1969-05-15,278.0,150.0,0.0,0.0,0.0
1969-05-16,294.0,178.0,0.0,0.0,0.0
1969-05-17,272.0,189.0,43.0,0.0,0.0
1969-05-18,244.0,183.0,424.0,0.0,0.0
1969-05-19,228.0,161.0,0.0,0.0,0.0
1969-05-20,278.0,156.0,0.0,0.0,0.0
1969-05-21,289.0,156.0,0.0,0.0,0.0
1969-05-22,306.0,150.0,0.0,0.0,0.0
1969-05-23,322.0,183.0,0.0,0.0,0.0
1969-05-24,317.0,178.0,36.0,0.0,0.0
1969-05-25,306.0,167.0,147.0,0.0,0.0
1969-05-26,278.0,161.0,18.0,0.0,0.0
1969-05-27,294.0,139.0,0.0,0.0,0.0
1969-05-28,300.0,139.0,0.0,0.0,0.0
1969-05-29,311.0,139.0,0.0,0.0,0.0
1969-05-30,311.0,133.0,5.0,0.0,0.0
1969-05-31,311.0,133.0,0.0,0.0,0.0
1969-06-01,311.0,189.0,0.0,0.0,0.0
1969-06-02,272.0,161.0,157.0,0.0,0.0
1969-06-03,283.0,78.0,0.0,0.0,0.0
1969-06-04,256.0,156.0,3.0,0.0,0.0
1969-06-05,239.0,100.0,0.0,0.0,0.0
1969-06-06,289.0,117.0,0.0,0.0,0.0
1969-06-07,317.0,161.0,0.0,0.0,0.0
1969-06-08,317.0,178.0,0.0,0.0,0.0
1969-06-09,328.0,156.0,0.0,0.0,0.0
1969-06-10,317.0,172.0,0.0,0.0,0.0
1969-06-11,317.0,183.0,0.0,0.0,0.0
1969-06-12,328.0,217.0,0.0,0.0,0.0
1969-06-13,322.0,206.0,0.0,0.0,0.0
1969-06-14,339.0,189.0,0.0,0.0,0.0
1969-06-15,333.0,172.0,0.0,0.0,0.0
1969-06-16,267.0,139.0,0.0,0.0,0.0
1969-06-17,267.0,117.0,0.0,0.0,0.0
1969-06-18,300.0,156.0,0.0,0.0,0.0
1969-06-19,317.0,206.0,104.0,0.0,0.0
1969-06-20,317.0,178.0,711.0,0.0,0.0
1969-06-21,300.0,228.0,150.0,0.0,0.0
1969-06-22,339.0,233.0,0.0,0.0,0.0
1969-06-23,344.0,250.0,0.0,0.0,0.0
1969-06-24,328.0,228.0,229.0,0.0,0.0
1969-06-25,339.0,228.0,0.0,0.0,0.0
1969-06-26,339.0,239.0,0.0,0.0,0.0
1969-06-27,344.0,244.0,0.0,0.0,0.0
1969-06-28,344.0,233.0,0.0,0.0,0.0
1969-06-29,361.0,239.0,0.0,0.0,0.0
1969-06-30,361.0,239.0,0.0,0.0,0.0
1969-07-01,372.0,233.0,0.0,0.0,0.0
1969-07-02,356.0,233.0,0.0,0.0,0.0
1969-07-03,356.0,206.0,0.0,0.0,0.0
1969-07-04,361.0,233.0,0.0,0.0,0.0
1969-07-05,367.0,244.0,0.0,0.0,0.0
1969-07-06,356.0,239.0,0.0,0.0,0.0
1969-07-07,350.0,239.0,0.0,0.0,0.0
1969-07-08,350.0,244.0,0.0,0.0,0.0
1969-07-09,367.0,228.0,0.0,0.0,0.0
1969-07-10,372.0,233.0,0.0,0.0,0.0
1969-07-11,383.0,233.0,0.0,0.0,0.0
1969-07-12,372.0,228.0,0.0,0.0,0.0
1969-07-13,372.0,233.0,0.0,0.0,0.0
1969-07-14,372.0,217.0,406.0,0.0,0.0
1969-07-15,372.0,222.0,0.0,0.0,0.0
1969-07-16,367.0,233.0,0.0,0.0,0.0
1969-07-17,350.0,217.0,0.0,0.0,0.0
1969-07-18,339.0,228.0,0.0,0.0,0.0
1969-07-19,300.0,233.0,244.0,0.0,0.0
1969-07-20,289.0,206.0,0.0,0.0,0.0
1969-07-21,333.0,211.0,0.0,0.0,0.0
1969-07-22,350.0,228.0,0.0,0.0,0.0
1969-07-23,356.0,228.0,0.0,0.0,0.0
1969-07-24,339.0,206.0,51.0,0.0,0.0
1969-07-25,361.0,217.0,584.0,0.0,0.0
1969-07-26,306.0,222.0,305.0,0.0,0.0
1969-07-27,283.0,222.0,163.0,0.0,0.0
1969-07-28,339.0,200.0,140.0,0.0,0.0
1969-07-29,322.0,200.0,0.0,0.0,0.0
1969-07-30,294.0,189.0,0.0,0.0,0.0
1969-07-31,283.0,183.0,0.0,0.0,0.0
1969-08-01,311.0,161.0,0.0,0.0,0.0
1969-08-02,322.0,183.0,0.0,0.0,0.0
1969-08-03,333.0,183.0,0.0,0.0,0.0
1969-08-04,294.0,161.0,0.0,0.0,0.0
1969-08-05,294.0,144.0,0.0,0.0,0.0
1969-08-06,278.0,150.0,0.0,0.0,0.0
1969-08-07,322.0,183.0,0.0,0.0,0.0
1969-08-08,333.0,206.0,0.0,0.0,0.0
1969-08-09,344.0,228.0,0.0,0.0,0.0
1969-08-10,356.0,233.0,0.0,0.0,0.0
1969-08-11,317.0,172.0,0.0,0.0,0.0
1969-08-12,317.0,172.0,0.0,0.0,0.0
1969-08-13,311.0,178.0,0.0,0.0,0.0
1969-08-14,333.0,206.0,0.0,0.0,0.0
1969-08-15,322.0,206.0,0.0,0.0,0.0
1969-08-16,322.0,222.0,102.0,0.0,0.0
1969-08-17,333.0,194.0,536.0,0.0,0.0
1969-08-18,328.0,222.0,0.0,0.0,0.0
1969-08-19,256.0,228.0,119.0,0.0,0.0
1969-08-20,339.0,228.0,0.0,0.0,0.0
1969-08-21,344.0,239.0,0.0,0.0,0.0
1969-08-22,339.0,217.0,99.0,0.0,0.0
1969-08-23,278.0,194.0,0.0,0.0,0.0
1969-08-24,278.0,194.0,0.0,0.0,0.0
1969-08-25,289.0,194.0,0.0,0.0,0.0
1969-08-26,300.0,178.0,0.0,0.0,0.0
1969-08-27,311.0,200.0,0.0,0.0,0.0
1969-08-28,317.0,189.0,0.0,0.0,0.0
1969-08-29,328.0,217.0,0.0,0.0,0.0
1969-08-30,317.0,161.0,0.0,0.0,0.0
1969-08-31,311.0,178.0,0.0,0.0,0.0
1969-09-01,300.0,189.0,5.0,0.0,0.0
1969-09-02,294.0,189.0,20.0,0.0,0.0
1969-09-03,289.0,206.0,3.0,0.0,0.0
1969-09-04,289.0,211.0,168.0,0.0,0.0
1969-09-05,300.0,217.0,193.0,0.0,0.0
1969-09-06,317.0,211.0,0.0,0.0,0.0
1969-09-07,333.0,211.0,0.0,0.0,0.0
1969-09-08,322.0,156.0,0.0,0.0,0.0
1969-09-09,300.0,161.0,0.0,0.0,0.0
1969-09-10,283.0,139.0,0.0,0.0,0.0
1969-09-11,244.0,111.0,0.0,0.0,0.0
1969-09-12,250.0,117.0,0.0,0.0,0.0
1969-09-13,289.0,144.0,0.0,0.0,0.0
1969-09-14,289.0,144.0,0.0,0.0,0.0
1969-09-15,289.0,172.0,0.0,0.0,0.0
1969-09-16,317.0,172.0,0.0,0.0,0.0
1969-09-17,,194.0,0.0,0.0,0.0
1969-09-18,,178.0,0.0,0.0,0.0
1969-09-19,,183.0,89.0,0.0,0.0
1969-09-20,244.0,183.0,30.0,0.0,0.0
1969-09-21,289.0,189.0,0.0,0.0,0.0
1969-09-22,228.0,178.0,3.0,0.0,0.0
1969-09-23,278.0,161.0,0.0,0.0,0.0
1969-09-24,267.0,178.0,3.0,0.0,0.0
1969-09-25,272.0,106.0,0.0,0.0,0.0
1969-09-26,278.0,106.0,0.0,0.0,0.0
1969-09-27,289.0,111.0,0.0,0.0,0.0
1969-09-28,306.0,139.0,0.0,0.0,0.0
1969-09-29,283.0,106.0,0.0,0.0,0.0
1969-09-30,283.0,117.0,0.0,0.0,0.0
1969-10-01,300.0,139.0,0.0,0.0,0.0
1969-10-02,261.0,100.0,0.0,0.0,0.0
1969-10-03,317.0,139.0,0.0,0.0,0.0
1969-10-04,317.0,150.0,0.0,0.0,0.0
1969-10-05,322.0,150.0,0.0,0.0,0.0
1969-10-06,317.0,172.0,0.0,0.0,0.0
1969-10-07,289.0,172.0,439.0,0.0,0.0
1969-10-08,261.0,83.0,0.0,0.0,0.0
1969-10-09,278.0,100.0,0.0,0.0,0.0
1969-10-10,300.0,178.0,0.0,0.0,0.0
1969-10-11,283.0,211.0,69.0,0.0,0.0
1969-10-12,306.0,222.0,3.0,0.0,0.0
1969-10-13,311.0,217.0,97.0,0.0,0.0
1969-10-14,217.0,78.0,15.0,0.0,0.0
1969-10-15,150.0,6.0,0.0,0.0,0.0
1969-10-16,183.0,11.0,0.0,0.0,0.0
1969-10-17,211.0,94.0,0.0,0.0,0.0
1969-10-18,183.0,72.0,0.0,0.0,0.0
1969-10-19,217.0,100.0,0.0,0.0,0.0
1969-10-20,289.0,128.0,0.0,0.0,0.0
1969-10-21,244.0,150.0,36.0,0.0,0.0
1969-10-22,244.0,67.0,0.0,0.0,0.0
1969-10-23,217.0,56.0,0.0,0.0,0.0
1969-10-24,178.0,39.0,0.0,0.0,0.0
1969-10-25,178.0,44.0,0.0,0.0,0.0
1969-10-26,250.0,100.0,0.0,0.0,0.0
1969-10-27,194.0,122.0,0.0,0.0,0.0
1969-10-28,178.0,44.0,0.0,0.0,0.0
1969-10-29,172.0,67.0,0.0,0.0,0.0
1969-10-30,167.0,78.0,0.0,0.0,0.0
1969-10-31,161.0,111.0,269.0,0.0,0.0
1969-11-01,161.0,33.0,5.0,0.0,0.0
1969-11-02,150.0,6.0,0.0,0.0,0.0
1969-11-03,150.0,44.0,28.0,0.0,0.0
1969-11-04,139.0,11.0,0.0,0.0,0.0
1969-11-05,150.0,-17.0,0.0,0.0,0.0
1969-11-06,189.0,17.0,0.0,0.0,0.0
1969-11-07,211.0,83.0,0.0,0.0,0.0
1969-11-08,261.0,117.0,0.0,0.0,0.0
1969-11-09,183.0,78.0,0.0,0.0,0.0
1969-11-10,233.0,61.0,0.0,0.0,0.0
1969-11-11,233.0,78.0,0.0,0.0,0.0
1969-11-12,272.0,94.0,201.0,0.0,0.0
1969-11-13,194.0,83.0,8.0,0.0,0.0
1969-11-14,194.0,-17.0,0.0,0.0,0.0
1969-11-15,56.0,-61.0,0.0,0.0,0.0
1969-11-16,156.0,-22.0,0.0,0.0,0.0
1969-11-17,211.0,56.0,61.0,0.0,0.0
1969-11-18,172.0,128.0,1118.0,0.0,0.0
1969-11-19,178.0,-17.0,490.0,0.0,0.0
1969-11-20,94.0,-33.0,0.0,0.0,0.0
1969-11-21,167.0,-6.0,8.0,0.0,0.0
1969-11-22,194.0,11.0,0.0,0.0,0.0
1969-11-23,200.0,67.0,0.0,0.0,0.0
1969-11-24,228.0,106.0,0.0,0.0,0.0
1969-11-25,211.0,106.0,0.0,0.0,0.0
1969-11-26,222.0,61.0,0.0,0.0,0.0
1969-11-27,200.0,72.0,0.0,0.0,0.0
1969-11-28,117.0,-6.0,5.0,0.0,0.0
1969-11-29,83.0,-44.0,0.0,0.0,0.0
1969-11-30,133.0,-61.0,0.0,0.0,0.0
1969-12-01,156.0,17.0,0.0,0.0,0.0
1969-12-02,206.0,-22.0,0.0,0.0,0.0
1969-12-03,172.0,-6.0,0.0,0.0,0.0
1969-12-04,178.0,-11.0,0.0,0.0,0.0
1969-12-05,100.0,28.0,0.0,0.0,0.0
1969-12-06,67.0,22.0,117.0,0.0,0.0
1969-12-07,94.0,39.0,94.0,0.0,0.0
1969-12-08,61.0,-28.0,0.0,0.0,0.0
1969-12-09,100.0,-22.0,0.0,0.0,0.0
1969-12-10,117.0,28.0,0.0,0.0,0.0
1969-12-11,161.0,28.0,0.0,0.0,0.0
1969-12-12,122.0,-39.0,0.0,0.0,0.0
1969-12-13,156.0,-33.0,0.0,0.0,0.0
1969-12-14,217.0,56.0,0.0,0.0,0.0
1969-12-15,161.0,6.0,0.0,0.0,0.0
1969-12-16,183.0,-11.0,0.0,0.0,0.0
1969-12-17,94.0,-28.0,0.0,0.0,0.0
1969-12-18,144.0,-28.0,0.0,0.0,0.0
1969-12-19,200.0,50.0,18.0,0.0,0.0
1969-12-20,111.0,-6.0,3.0,0.0,0.0
1969-12-21,106.0,28.0,320.0,0.0,0.0
1969-12-22,72.0,6.0,0.0,0.0,0.0
1969-12-23,89.0,11.0,0.0,0.0,0.0
1969-12-24,122.0,-22.0,0.0,0.0,0.0
1969-12-25,78.0,-17.0,206.0,0.0,0.0
1969-12-26,78.0,-33.0,3.0,0.0,0.0
1969-12-27,122.0,17.0,0.0,0.0,0.0
1969-12-28,150.0,61.0,0.0,0.0,0.0
1969-12-29,161.0,39.0,655.0,0.0,0.0
1969-12-30,44.0,6.0,279.0,0.0,0.0
1969-12-31,106.0,-6.0,117.0,0.0,0.0
1970-01-01,11.0,-50.0,0.0,0.0,0.0
1970-01-02,100.0,-17.0,3.0,0.0,0.0
1970-01-03,61.0,-89.0,0.0,0.0,0.0
1970-01-04,61.0,-89.0,10.0,0.0,0.0
1970-01-05,111.0,11.0,0.0,0.0,0.0
1970-01-06,94.0,-39.0,124.0,25.0,13.0
1970-01-07,-33.0,-128.0,5.0,0.0,0.0
1970-01-08,11.0,-128.0,0.0,0.0,0.0
1970-01-09,-11.0,-150.0,0.0,0.0,0.0
1970-01-10,17.0,-144.0,0.0,0.0,0.0
1970-01-11,39.0,-56.0,112.0,0.0,0.0
1970-01-12,72.0,0.0,0.0,0.0,0.0
1970-01-13,39.0,-39.0,0.0,0.0,0.0
1970-01-14,78.0,-39.0,0.0,0.0,0.0
1970-01-15,144.0,0.0,0.0,0.0,0.0
1970-01-16,167.0,50.0,0.0,0.0,0.0
1970-01-17,128.0,50.0,0.0,0.0,0.0
1970-01-18,156.0,11.0,0.0,0.0,0.0
1970-01-19,17.0,-56.0,0.0,0.0,8.0
1970-01-20,-22.0,-61.0,0.0,0.0,0.0
1970-01-21,-6.0,-83.0,0.0,0.0,0.0
1970-01-22,-28.0,-94.0,0.0,0.0,0.0
1970-01-23,17.0,-89.0,15.0,0.0,0.0
1970-01-24,117.0,-28.0,0.0,0.0,0.0
1970-01-25,183.0,22.0,18.0,0.0,0.0
1970-01-26,250.0,22.0,3.0,0.0,0.0
1970-01-27,228.0,22.0,0.0,0.0,0.0
1970-01-28,244.0,100.0,0.0,0.0,0.0
1970-01-29,250.0,111.0,53.0,0.0,0.0
1970-01-30,144.0,-50.0,0.0,0.0,0.0
1970-01-31,106.0,-67.0,0.0,0.0,0.0
1970-02-01,100.0,22.0,0.0,0.0,0.0
1970-02-02,144.0,22.0,361.0,0.0,0.0
1970-02-03,78.0,-94.0,8.0,0.0,0.0
1970-02-04,0.0,-83.0,0.0,0.0,0.0
1970-02-05,122.0,-44.0,0.0,0.0,0.0
1970-02-06,167.0,72.0,0.0,0.0,0.0
1970-02-07,183.0,61.0,0.0,0.0,0.0
1970-02-08,206.0,61.0,0.0,0.0,0.0
1970-02-09,128.0,-28.0,28.0,0.0,0.0
1970-02-10,106.0,-67.0,0.0,0.0,0.0
1970-02-11,156.0,-11.0,0.0,0.0,0.0
1970-02-12,200.0,-39.0,0.0,0.0,0.0
1970-02-13,111.0,-11.0,0.0,0.0,0.0
1970-02-14,161.0,6.0,0.0,0.0,0.0
1970-02-15,194.0,0.0,218.0,0.0,0.0
1970-02-16,44.0,-11.0,284.0,0.0,0.0
1970-02-17,83.0,-50.0,0.0,0.0,0.0
1970-02-18,178.0,22.0,3.0,0.0,0.0
1970-02-19,233.0,-6.0,0.0,0.0,0.0
1970-02-20,83.0,-61.0,0.0,0.0,0.0
1970-02-21,122.0,-33.0,0.0,0.0,0.0
1970-02-22,194.0,6.0,0.0,0.0,0.0
1970-02-23,183.0,72.0,23.0,0.0,0.0
1970-02-24,150.0,72.0,5.0,0.0,0.0
1970-02-25,117.0,83.0,371.0,0.0,0.0
1970-02-26,111.0,-56.0,0.0,0.0,0.0
1970-02-27,122.0,-6.0,0.0,0.0,0.0
1970-02-28,189.0,61.0,0.0,0.0,0.0
1970-03-01,139.0,100.0,71.0,0.0,0.0
1970-03-02,211.0,128.0,137.0,0.0,0.0
1970-03-03,206.0,144.0,251.0,0.0,0.0
1970-03-04,183.0,128.0,320.0,0.0,0.0
1970-03-05,189.0,78.0,0.0,0.0,0.0
1970-03-06,150.0,11.0,3.0,0.0,0.0
1970-03-07,167.0,61.0,0.0,0.0,0.0
1970-03-08,144.0,56.0,112.0,0.0,0.0
1970-03-09,194.0,28.0,0.0,0.0,0.0
1970-03-10,228.0,72.0,0.0,0.0,0.0
1970-03-11,178.0,72.0,0.0,0.0,0.0
1970-03-12,83.0,17.0,206.0,0.0,0.0
1970-03-13,50.0,-17.0,0.0,0.0,0.0
1970-03-14,106.0,-44.0,0.0,0.0,0.0
1970-03-15,139.0,-39.0,0.0,0.0,0.0
1970-03-16,139.0,-11.0,3.0,0.0,0.0
1970-03-17,139.0,39.0,251.0,0.0,0.0
1970-03-18,150.0,56.0,10.0,0.0,0.0
1970-03-19,139.0,61.0,511.0,0.0,0.0
1970-03-20,111.0,39.0,224.0,0.0,0.0
1970-03-21,94.0,17.0,178.0,0.0,0.0
1970-03-22,50.0,-6.0,10.0,0.0,0.0
1970-03-23,139.0,11.0,0.0,0.0,0.0
1970-03-24,200.0,50.0,0.0,0.0,0.0
1970-03-25,256.0,139.0,0.0,0.0,0.0
1970-03-26,244.0,28.0,38.0,0.0,0.0
1970-03-27,133.0,-6.0,0.0,0.0,0.0
1970-03-28,156.0,56.0,0.0,0.0,0.0
1970-03-29,200.0,50.0,99.0,0.0,0.0
1970-03-30,83.0,39.0,0.0,0.0,0.0
1970-03-31,139.0,44.0,0.0,0.0,0.0
1970-04-01,211.0,83.0,5.0,0.0,0.0
1970-04-02,239.0,33.0,91.0,0.0,0.0
1970-04-03,156.0,6.0,0.0,0.0,0.0
1970-04-04,200.0,39.0,0.0,0.0,0.0
1970-04-05,211.0,39.0,0.0,0.0,0.0
1970-04-06,217.0,50.0,0.0,0.0,0.0
1970-04-07,267.0,72.0,0.0,0.0,0.0
1970-04-08,250.0,94.0,0.0,0.0,0.0
1970-04-09,272.0,156.0,0.0,0.0,0.0
1970-04-10,244.0,144.0,0.0,0.0,0.0
1970-04-11,256.0,89.0,0.0,0.0,0.0
1970-04-12,200.0,144.0,0.0,0.0,0.0
1970-04-13,256.0,83.0,0.0,0.0,0.0
1970-04-14,261.0,61.0,0.0,0.0,0.0
1970-04-15,239.0,106.0,0.0,0.0,0.0
1970-04-16,256.0,122.0,399.0,0.0,0.0
1970-04-17,228.0,139.0,218.0,0.0,0.0
1970-04-18,239.0,172.0,13.0,0.0,0.0
1970-04-19,283.0,161.0,254.0,0.0,0.0
1970-04-20,239.0,100.0,107.0,0.0,0.0
1970-04-21,294.0,89.0,0.0,0.0,0.0
1970-04-22,250.0,161.0,0.0,0.0,0.0
1970-04-23,294.0,211.0,0.0,0.0,0.0
1970-04-24,289.0,133.0,229.0,0.0,0.0
1970-04-25,244.0,133.0,196.0,0.0,0.0
1970-04-26,222.0,156.0,221.0,0.0,0.0
1970-04-27,228.0,156.0,0.0,0.0,0.0
1970-04-28,278.0,217.0,0.0,0.0,0.0
1970-04-29,289.0,228.0,0.0,0.0,0.0
1970-04-30,306.0,222.0,0.0,0.0,0.0
1970-05-01,306.0,128.0,457.0,0.0,0.0
1970-05-02,150.0,94.0,300.0,0.0,0.0
1970-05-03,194.0,89.0,0.0,0.0,0.0
1970-05-04,206.0,56.0,28.0,0.0,0.0
1970-05-05,267.0,100.0,0.0,0.0,0.0
1970-05-06,294.0,106.0,0.0,0.0,0.0
1970-05-07,294.0,122.0,0.0,0.0,0.0
1970-05-08,289.0,150.0,0.0,0.0,0.0
1970-05-09,289.0,167.0,0.0,0.0,0.0
1970-05-10,283.0,183.0,0.0,0.0,0.0
1970-05-11,283.0,194.0,0.0,0.0,0.0
1970-05-12,306.0,183.0,0.0,0.0,0.0
1970-05-13,294.0,183.0,0.0,0.0,0.0
1970-05-14,294.0,178.0,0.0,0.0,0.0
1970-05-15,300.0,178.0,0.0,0.0,0.0
1970-05-16,294.0,122.0,76.0,0.0,0.0
1970-05-17,228.0,83.0,0.0,0.0,0.0
1970-05-18,239.0,150.0,0.0,0.0,0.0
1970-05-19,283.0,150.0,0.0,0.0,0.0
1970-05-20,311.0,150.0,0.0,0.0,0.0
1970-05-21,233.0,178.0,0.0,0.0,0.0
1970-05-22,233.0,161.0,0.0,0.0,0.0
1970-05-23,322.0,167.0,0.0,0.0,0.0
1970-05-24,311.0,167.0,0.0,0.0,0.0
1970-05-25,317.0,178.0,0.0,0.0,0.0
1970-05-26,322.0,156.0,8.0,0.0,0.0
1970-05-27,294.0,172.0,0.0,0.0,0.0
1970-05-28,294.0,161.0,0.0,0.0,0.0
1970-05-29,300.0,200.0,0.0,0.0,0.0
1970-05-30,306.0,178.0,0.0,0.0,0.0
1970-05-31,294.0,194.0,0.0,0.0,0.0
1970-06-01,311.0,200.0,48.0,0.0,0.0
1970-06-02,272.0,189.0,244.0,0.0,0.0
1970-06-03,256.0,100.0,20.0,0.0,0.0
1970-06-04,250.0,133.0,3.0,0.0,0.0
1970-06-05,250.0,139.0,0.0,0.0,0.0
1970-06-06,239.0,128.0,0.0,0.0,0.0
1970-06-07,267.0,128.0,0.0,0.0,0.0
1970-06-08,289.0,128.0,0.0,0.0,0.0
1970-06-09,300.0,150.0,0.0,0.0,0.0
1970-06-10,306.0,178.0,0.0,0.0,0.0
1970-06-11,306.0,194.0,0.0,0.0,0.0
1970-06-12,311.0,211.0,0.0,0.0,0.0
1970-06-13,328.0,233.0,0.0,0.0,0.0
1970-06-14,317.0,222.0,0.0,0.0,0.0
1970-06-15,317.0,211.0,0.0,0.0,0.0
1970-06-16,328.0,217.0,0.0,0.0,0.0
1970-06-17,344.0,222.0,0.0,0.0,0.0
1970-06-18,317.0,211.0,0.0,0.0,0.0
1970-06-19,311.0,211.0,0.0,0.0,0.0
1970-06-20,311.0,222.0,0.0,0.0,0.0
1970-06-21,306.0,217.0,0.0,0.0,0.0
1970-06-22,289.0,206.0,0.0,0.0,0.0
1970-06-23,278.0,211.0,0.0,0.0,0.0
1970-06-24,289.0,211.0,0.0,0.0,0.0
1970-06-25,267.0,206.0,0.0,0.0,0.0
1970-06-26,294.0,211.0,0.0,0.0,0.0
1970-06-27,367.0,222.0,3.0,0.0,0.0
1970-06-28,317.0,194.0,0.0,0.0,0.0
1970-06-29,328.0,211.0,0.0,0.0,0.0
1970-06-30,361.0,228.0,0.0,0.0,0.0
1970-07-01,350.0,189.0,0.0,0.0,0.0
1970-07-02,367.0,194.0,0.0,0.0,0.0
1970-07-03,383.0,211.0,0.0,0.0,0.0
1970-07-04,394.0,239.0,0.0,0.0,0.0
1970-07-05,333.0,167.0,66.0,0.0,0.0
1970-07-06,283.0,128.0,0.0,0.0,0.0
1970-07-07,306.0,178.0,0.0,0.0,0.0
1970-07-08,344.0,211.0,0.0,0.0,0.0
1970-07-09,267.0,222.0,99.0,0.0,0.0
1970-07-10,289.0,222.0,206.0,0.0,0.0
1970-07-11,356.0,206.0,208.0,0.0,0.0
1970-07-12,272.0,200.0,0.0,0.0,0.0
1970-07-13,322.0,217.0,0.0,0.0,0.0
1970-07-14,317.0,206.0,0.0,0.0,0.0
1970-07-15,311.0,206.0,0.0,0.0,0.0
1970-07-16,328.0,217.0,0.0,0.0,0.0
1970-07-17,317.0,222.0,33.0,0.0,0.0
1970-07-18,339.0,183.0,0.0,0.0,0.0
1970-07-19,333.0,222.0,0.0,0.0,0.0
1970-07-20,356.0,239.0,0.0,0.0,0.0
1970-07-21,328.0,161.0,43.0,0.0,0.0
1970-07-22,217.0,161.0,81.0,0.0,0.0
1970-07-23,228.0,172.0,3.0,0.0,0.0
1970-07-24,283.0,161.0,0.0,0.0,0.0
1970-07-25,300.0,189.0,0.0,0.0,0.0
1970-07-26,322.0,222.0,5.0,0.0,0.0
1970-07-27,306.0,217.0,46.0,0.0,0.0
1970-07-28,300.0,211.0,23.0,0.0,0.0
1970-07-29,333.0,211.0,0.0,0.0,0.0
1970-07-30,350.0,222.0,0.0,0.0,0.0
1970-07-31,356.0,233.0,0.0,0.0,0.0
1970-08-01,350.0,233.0,0.0,0.0,0.0
1970-08-02,333.0,228.0,51.0,0.0,0.0
1970-08-03,350.0,239.0,43.0,0.0,0.0
1970-08-04,344.0,233.0,0.0,0.0,0.0
1970-08-05,344.0,233.0,0.0,0.0,0.0
1970-08-06,367.0,228.0,0.0,0.0,0.0
1970-08-07,372.0,206.0,91.0,0.0,0.0
1970-08-08,322.0,228.0,5.0,0.0,0.0
1970-08-09,328.0,250.0,0.0,0.0,0.0
1970-08-10,350.0,239.0,56.0,0.0,0.0
1970-08-11,272.0,200.0,43.0,0.0,0.0
1970-08-12,278.0,200.0,0.0,0.0,0.0
1970-08-13,306.0,183.0,0.0,0.0,0.0
1970-08-14,311.0,194.0,0.0,0.0,0.0
1970-08-15,328.0,200.0,0.0,0.0,0.0
1970-08-16,339.0,206.0,0.0,0.0,0.0
1970-08-17,344.0,211.0,0.0,0.0,0.0
1970-08-18,344.0,211.0,0.0,0.0,0.0
1970-08-19,350.0,217.0,0.0,0.0,0.0
1970-08-20,344.0,233.0,0.0,0.0,0.0
1970-08-21,322.0,239.0,0.0,0.0,0.0
1970-08-22,311.0,228.0,0.0,0.0,0.0
1970-08-23,361.0,222.0,46.0,0.0,0.0
1970-08-24,283.0,178.0,41.0,0.0,0.0
1970-08-25,294.0,156.0,0.0,0.0,0.0
1970-08-26,289.0,156.0,0.0,0.0,0.0
1970-08-27,294.0,161.0,0.0,0.0,0.0
1970-08-28,322.0,167.0,0.0,0.0,0.0
1970-08-29,328.0,222.0,0.0,0.0,0.0
1970-08-30,322.0,217.0,0.0,0.0,0.0
1970-08-31,344.0,211.0,0.0,0.0,0.0
1970-09-01,339.0,211.0,0.0,0.0,0.0
1970-09-02,317.0,222.0,0.0,0.0,0.0
1970-09-03,333.0,239.0,170.0,0.0,0.0
1970-09-04,339.0,233.0,0.0,0.0,0.0
1970-09-05,344.0,239.0,0.0,0.0,0.0
1970-09-06,344.0,233.0,0.0,0.0,0.0
1970-09-07,356.0,211.0,0.0,0.0,0.0
1970-09-08,356.0,228.0,48.0,0.0,0.0
1970-09-09,350.0,228.0,0.0,0.0,0.0
1970-09-10,294.0,161.0,0.0,0.0,0.0
1970-09-11,306.0,167.0,0.0,0.0,0.0
1970-09-12,356.0,194.0,0.0,0.0,0.0
1970-09-13,356.0,228.0,0.0,0.0,0.0
1970-09-14,344.0,217.0,0.0,0.0,0.0
1970-09-15,339.0,222.0,0.0,0.0,0.0
1970-09-16,333.0,211.0,43.0,0.0,0.0
1970-09-17,333.0,206.0,0.0,0.0,0.0
1970-09-18,322.0,200.0,0.0,0.0,0.0
1970-09-19,344.0,211.0,0.0,0.0,0.0
1970-09-20,344.0,222.0,0.0,0.0,0.0
1970-09-21,339.0,222.0,0.0,0.0,0.0
1970-09-22,350.0,222.0,0.0,0.0,0.0
1970-09-23,289.0,200.0,0.0,0.0,0.0
1970-09-24,300.0,194.0,25.0,0.0,0.0
1970-09-25,311.0,194.0,86.0,0.0,0.0
1970-09-26,278.0,122.0,53.0,0.0,0.0
1970-09-27,206.0,50.0,0.0,0.0,0.0
1970-09-28,250.0,56.0,0.0,0.0,0.0
1970-09-29,278.0,106.0,0.0,0.0,0.0
1970-09-30,294.0,111.0,0.0,0.0,0.0
1970-10-01,306.0,128.0,0.0,0.0,0.0
1970-10-02,322.0,150.0,0.0,0.0,0.0
1970-10-03,294.0,128.0,0.0,0.0,0.0
1970-10-04,272.0,139.0,0.0,0.0,0.0
1970-10-05,311.0,161.0,0.0,0.0,0.0
1970-10-06,283.0,178.0,0.0,0.0,0.0
1970-10-07,256.0,183.0,38.0,0.0,0.0
1970-10-08,289.0,167.0,0.0,0.0,0.0
1970-10-09,,6.0,660.0,0.0,0.0
1970-10-10,183.0,28.0,0.0,0.0,0.0
1970-10-11,211.0,78.0,0.0,0.0,0.0
1970-10-12,228.0,167.0,508.0,0.0,0.0
1970-10-13,222.0,128.0,137.0,0.0,0.0
1970-10-14,217.0,133.0,0.0,0.0,0.0
1970-10-15,194.0,67.0,0.0,0.0,0.0
1970-10-16,178.0,56.0,0.0,0.0,0.0
1970-10-17,178.0,72.0,0.0,0.0,0.0
1970-10-18,172.0,122.0,0.0,0.0,0.0
1970-10-19,150.0,117.0,18.0,0.0,0.0
1970-10-20,206.0,72.0,262.0,0.0,0.0
1970-10-21,206.0,72.0,0.0,0.0,0.0
1970-10-22,244.0,111.0,0.0,0.0,0.0
1970-10-23,200.0,111.0,0.0,0.0,0.0
1970-10-24,228.0,83.0,122.0,0.0,0.0
1970-10-25,261.0,144.0,0.0,0.0,0.0
1970-10-26,272.0,167.0,0.0,0.0,0.0
1970-10-27,250.0,106.0,18.0,0.0,0.0
1970-10-28,200.0,61.0,117.0,0.0,0.0
1970-10-29,189.0,17.0,0.0,0.0,0.0
1970-10-30,217.0,22.0,0.0,0.0,0.0
1970-10-31,233.0,44.0,0.0,0.0,0.0
1970-11-01,228.0,44.0,0.0,0.0,0.0
1970-11-02,222.0,44.0,0.0,0.0,0.0
1970-11-03,139.0,0.0,0.0,0.0,0.0
1970-11-04,128.0,-6.0,0.0,0.0,0.0
1970-11-05,111.0,11.0,0.0,0.0,0.0
1970-11-06,167.0,0.0,0.0,0.0,0.0
1970-11-07,206.0,33.0,0.0,0.0,0.0
1970-11-08,233.0,111.0,0.0,0.0,0.0
1970-11-09,233.0,106.0,279.0,0.0,0.0
1970-11-10,156.0,22.0,0.0,0.0,0.0
1970-11-11,178.0,50.0,0.0,0.0,0.0
1970-11-12,178.0,67.0,13.0,0.0,0.0
1970-11-13,111.0,11.0,0.0,0.0,0.0
1970-11-14,111.0,61.0,292.0,0.0,0.0
1970-11-15,94.0,39.0,0.0,0.0,0.0
1970-11-16,56.0,-61.0,0.0,0.0,0.0
1970-11-17,111.0,-28.0,0.0,0.0,0.0
1970-11-18,156.0,33.0,0.0,0.0,0.0
1970-11-19,194.0,44.0,0.0,0.0,0.0
1970-11-20,217.0,67.0,25.0,0.0,0.0
1970-11-21,167.0,17.0,0.0,0.0,0.0
1970-11-22,183.0,50.0,0.0,0.0,0.0
1970-11-23,194.0,6.0,0.0,0.0,0.0
1970-11-24,56.0,-111.0,0.0,0.0,0.0
1970-11-25,33.0,-67.0,0.0,0.0,0.0
1970-11-26,144.0,-50.0,0.0,0.0,0.0
1970-11-27,233.0,144.0,0.0,0.0,0.0
1970-11-28,239.0,156.0,0.0,0.0,0.0
1970-11-29,250.0,122.0,0.0,0.0,0.0
1970-11-30,233.0,139.0,0.0,0.0,0.0
1970-12-01,233.0,133.0,0.0,0.0,0.0
1970-12-02,217.0,167.0,0.0,0.0,0.0
1970-12-03,250.0,156.0,0.0,0.0,0.0
1970-12-04,239.0,67.0,0.0,0.0,0.0
1970-12-05,200.0,67.0,0.0,0.0,0.0
1970-12-06,211.0,11.0,18.0,0.0,0.0
1970-12-07,100.0,-39.0,0.0,0.0,0.0
1970-12-08,128.0,-6.0,0.0,0.0,0.0
1970-12-09,178.0,56.0,0.0,0.0,0.0
1970-12-10,194.0,122.0,0.0,0.0,0.0
1970-12-11,233.0,150.0,0.0,0.0,0.0
1970-12-12,211.0,-22.0,79.0,0.0,0.0
1970-12-13,83.0,-22.0,0.0,0.0,0.0
1970-12-14,117.0,-50.0,0.0,0.0,0.0
1970-12-15,122.0,-44.0,0.0,0.0,0.0
1970-12-16,122.0,44.0,160.0,0.0,0.0
1970-12-17,94.0,-33.0,0.0,0.0,0.0
1970-12-18,144.0,-6.0,0.0,0.0,0.0
1970-12-19,183.0,72.0,0.0,0.0,0.0
1970-12-20,239.0,50.0,157.0,0.0,0.0
1970-12-21,211.0,44.0,25.0,0.0,0.0
1970-12-22,183.0,50.0,38.0,0.0,0.0
1970-12-23,206.0,,0.0,0.0,0.0
1970-12-24,239.0,-22.0,0.0,0.0,0.0
1970-12-25,89.0,-6.0,0.0,0.0,0.0
1970-12-26,94.0,-56.0,0.0,0.0,0.0
1970-12-27,72.0,-67.0,0.0,0.0,0.0
1970-12-28,111.0,-39.0,0.0,0.0,0.0
1970-12-29,122.0,61.0,109.0,0.0,0.0
1970-12-30,128.0,11.0,0.0,0.0,0.0
1970-12-31,61.0,28.0,86.0,0.0,0.0
1971-01-01,89.0,-6.0,0.0,0.0,0.0
1971-01-02,128.0,6.0,0.0,0.0,0.0
1971-01-03,139.0,33.0,8.0,0.0,0.0
1971-01-04,189.0,11.0,254.0,0.0,0.0
1971-01-05,28.0,-67.0,0.0,0.0,0.0
1971-01-06,-11.0,-50.0,0.0,0.0,0.0
1971-01-07,0.0,-83.0,0.0,0.0,0.0
1971-01-08,-11.0,-56.0,0.0,0.0,0.0
1971-01-09,17.0,-83.0,0.0,0.0,0.0
1971-01-10,72.0,-67.0,0.0,0.0,0.0
1971-01-11,156.0,72.0,0.0,0.0,0.0
1971-01-12,217.0,117.0,0.0,0.0,0.0
1971-01-13,178.0,117.0,0.0,0.0,0.0
1971-01-14,233.0,94.0,0.0,0.0,0.0
1971-01-15,233.0,-50.0,43.0,0.0,0.0
1971-01-16,106.0,-11.0,0.0,0.0,0.0
1971-01-17,128.0,-11.0,0.0,0.0,0.0
1971-01-18,156.0,0.0,0.0,0.0,0.0
1971-01-19,56.0,-44.0,0.0,0.0,0.0
1971-01-20,17.0,-83.0,0.0,0.0,0.0
1971-01-21,78.0,-67.0,0.0,0.0,0.0
1971-01-22,133.0,33.0,25.0,0.0,0.0
1971-01-23,222.0,33.0,48.0,0.0,0.0
1971-01-24,133.0,56.0,389.0,0.0,0.0
1971-01-25,128.0,72.0,0.0,0.0,0.0
1971-01-26,211.0,17.0,25.0,0.0,0.0
1971-01-27,144.0,-28.0,0.0,0.0,0.0
1971-01-28,44.0,-28.0,0.0,0.0,0.0
1971-01-29,167.0,-22.0,0.0,0.0,0.0
1971-01-30,194.0,72.0,0.0,0.0,0.0
1971-01-31,233.0,-11.0,0.0,0.0,0.0
1971-02-01,17.0,-44.0,0.0,0.0,0.0
1971-02-02,33.0,-39.0,0.0,0.0,0.0
1971-02-03,39.0,-11.0,25.0,0.0,0.0
1971-02-04,178.0,39.0,0.0,0.0,0.0
1971-02-05,233.0,-33.0,74.0,0.0,0.0
1971-02-06,117.0,-33.0,15.0,0.0,0.0
1971-02-07,133.0,0.0,0.0,0.0,0.0
1971-02-08,72.0,-67.0,30.0,0.0,41.0
1971-02-09,11.0,-94.0,0.0,0.0,0.0
1971-02-10,6.0,-94.0,0.0,0.0,0.0
1971-02-11,128.0,-56.0,0.0,0.0,0.0
1971-02-12,161.0,28.0,56.0,0.0,0.0
1971-02-13,83.0,-33.0,0.0,0.0,0.0
1971-02-14,50.0,-39.0,0.0,0.0,0.0
1971-02-15,144.0,-11.0,13.0,0.0,0.0
1971-02-16,117.0,50.0,18.0,0.0,0.0
1971-02-17,228.0,106.0,0.0,0.0,0.0
1971-02-18,222.0,106.0,0.0,0.0,0.0
1971-02-19,228.0,117.0,0.0,0.0,0.0
1971-02-20,183.0,44.0,246.0,0.0,0.0
1971-02-21,189.0,67.0,23.0,0.0,0.0
1971-02-22,206.0,-6.0,147.0,0.0,0.0
1971-02-23,56.0,-17.0,0.0,0.0,0.0
1971-02-24,139.0,-17.0,0.0,0.0,0.0
1971-02-25,200.0,6.0,0.0,0.0,0.0
1971-02-26,222.0,117.0,119.0,0.0,0.0
1971-02-27,239.0,0.0,0.0,0.0,0.0
1971-02-28,189.0,6.0,0.0,0.0,0.0
1971-03-01,178.0,50.0,0.0,0.0,0.0
1971-03-02,228.0,50.0,0.0,0.0,0.0
1971-03-03,139.0,-22.0,53.0,51.0,51.0
1971-03-04,72.0,-106.0,0.0,0.0,0.0
1971-03-05,106.0,-11.0,0.0,0.0,0.0
1971-03-06,178.0,44.0,0.0,0.0,0.0
1971-03-07,206.0,-44.0,0.0,0.0,0.0
1971-03-08,106.0,-56.0,0.0,0.0,0.0
1971-03-09,150.0,-6.0,0.0,0.0,0.0
1971-03-10,172.0,50.0,109.0,0.0,0.0
1971-03-11,183.0,56.0,0.0,0.0,0.0
1971-03-12,144.0,61.0,102.0,0.0,0.0
1971-03-13,233.0,100.0,310.0,0.0,0.0
1971-03-14,211.0,111.0,20.0,0.0,0.0
1971-03-15,272.0,94.0,0.0,0.0,0.0
1971-03-16,217.0,28.0,0.0,0.0,0.0
1971-03-17,206.0,11.0,0.0,0.0,0.0
1971-03-18,189.0,72.0,0.0,0.0,0.0
1971-03-19,172.0,17.0,183.0,0.0,0.0
1971-03-20,128.0,6.0,0.0,0.0,0.0
1971-03-21,133.0,33.0,0.0,0.0,0.0
1971-03-22,133.0,78.0,0.0,0.0,0.0
1971-03-23,217.0,44.0,0.0,0.0,0.0
1971-03-24,94.0,6.0,0.0,0.0,0.0
1971-03-25,111.0,17.0,112.0,0.0,0.0
1971-03-26,50.0,17.0,20.0,0.0,0.0
1971-03-27,117.0,17.0,0.0,0.0,0.0
1971-03-28,211.0,39.0,0.0,0.0,0.0
1971-03-29,233.0,72.0,132.0,0.0,0.0
1971-03-30,167.0,-11.0,0.0,0.0,0.0
1971-03-31,211.0,39.0,0.0,0.0,0.0
1971-04-01,217.0,117.0,0.0,0.0,0.0
1971-04-02,194.0,-6.0,66.0,0.0,0.0
1971-04-03,228.0,0.0,0.0,0.0,0.0
1971-04-04,233.0,11.0,0.0,0.0,0.0
1971-04-05,222.0,56.0,0.0,0.0,0.0
1971-04-06,122.0,-56.0,0.0,0.0,0.0
1971-04-07,83.0,-50.0,0.0,0.0,0.0
1971-04-08,217.0,11.0,0.0,0.0,0.0
1971-04-09,244.0,22.0,0.0,0.0,0.0
1971-04-10,244.0,100.0,0.0,0.0,0.0
1971-04-11,267.0,100.0,0.0,0.0,0.0
1971-04-12,278.0,122.0,0.0,0.0,0.0
1971-04-13,272.0,133.0,0.0,0.0,0.0
1971-04-14,250.0,89.0,0.0,0.0,0.0
1971-04-15,261.0,61.0,0.0,0.0,0.0
1971-04-16,244.0,50.0,0.0,0.0,0.0
1971-04-17,278.0,133.0,0.0,0.0,0.0
1971-04-18,250.0,167.0,18.0,0.0,0.0
1971-04-19,244.0,150.0,23.0,0.0,0.0
1971-04-20,294.0,183.0,0.0,0.0,0.0
1971-04-21,256.0,133.0,427.0,0.0,0.0
1971-04-22,256.0,106.0,0.0,0.0,0.0
1971-04-23,250.0,150.0,0.0,0.0,0.0
1971-04-24,256.0,50.0,0.0,0.0,0.0
1971-04-25,272.0,56.0,0.0,0.0,0.0
1971-04-26,278.0,72.0,0.0,0.0,0.0
1971-04-27,294.0,167.0,0.0,0.0,0.0
1971-04-28,289.0,150.0,0.0,0.0,0.0
1971-04-29,256.0,128.0,66.0,0.0,0.0
1971-04-30,172.0,100.0,208.0,0.0,0.0
1971-05-01,194.0,61.0,0.0,0.0,0.0
1971-05-02,250.0,94.0,0.0,0.0,0.0
1971-05-03,256.0,83.0,0.0,0.0,0.0
1971-05-04,183.0,44.0,0.0,0.0,0.0
1971-05-05,239.0,89.0,0.0,0.0,0.0
1971-05-06,256.0,161.0,5.0,0.0,0.0
1971-05-07,261.0,156.0,132.0,0.0,0.0
1971-05-08,283.0,156.0,0.0,0.0,0.0
1971-05-09,256.0,150.0,0.0,0.0,0.0
1971-05-10,244.0,172.0,290.0,0.0,0.0
1971-05-11,228.0,161.0,208.0,0.0,0.0
1971-05-12,250.0,161.0,69.0,0.0,0.0
1971-05-13,178.0,67.0,373.0,0.0,0.0
1971-05-14,194.0,56.0,0.0,0.0,0.0
1971-05-15,222.0,72.0,0.0,0.0,0.0
1971-05-16,250.0,94.0,0.0,0.0,0.0
1971-05-17,289.0,133.0,0.0,0.0,0.0
1971-05-18,278.0,156.0,0.0,0.0,0.0
1971-05-19,278.0,183.0,0.0,0.0,0.0
1971-05-20,283.0,139.0,0.0,0.0,0.0
1971-05-21,272.0,106.0,0.0,0.0,0.0
1971-05-22,289.0,156.0,0.0,0.0,0.0
1971-05-23,289.0,183.0,0.0,0.0,0.0
1971-05-24,294.0,206.0,0.0,0.0,0.0
1971-05-25,278.0,100.0,0.0,0.0,0.0
1971-05-26,294.0,133.0,0.0,0.0,0.0
1971-05-27,311.0,189.0,0.0,0.0,0.0
1971-05-28,239.0,144.0,10.0,0.0,0.0
1971-05-29,239.0,94.0,0.0,0.0,0.0
1971-05-30,250.0,94.0,0.0,0.0,0.0
1971-05-31,278.0,139.0,0.0,0.0,0.0
1971-06-01,306.0,183.0,61.0,0.0,0.0
1971-06-02,322.0,167.0,0.0,0.0,0.0
1971-06-03,311.0,172.0,13.0,0.0,0.0
1971-06-04,294.0,183.0,0.0,0.0,0.0
1971-06-05,322.0,167.0,0.0,0.0,0.0
1971-06-06,328.0,183.0,0.0,0.0,0.0
1971-06-07,333.0,206.0,18.0,0.0,0.0
1971-06-08,306.0,200.0,0.0,0.0,0.0
1971-06-09,306.0,161.0,109.0,0.0,0.0
1971-06-10,306.0,183.0,0.0,0.0,0.0
1971-06-11,333.0,211.0,0.0,0.0,0.0
1971-06-12,333.0,211.0,0.0,0.0,0.0
1971-06-13,339.0,217.0,0.0,0.0,0.0
1971-06-14,344.0,200.0,0.0,0.0,0.0
1971-06-15,350.0,206.0,0.0,0.0,0.0
1971-06-16,328.0,189.0,0.0,0.0,0.0
1971-06-17,328.0,200.0,0.0,0.0,0.0
1971-06-18,344.0,217.0,0.0,0.0,0.0
1971-06-19,344.0,194.0,0.0,0.0,0.0
1971-06-20,322.0,206.0,0.0,0.0,0.0
1971-06-21,322.0,200.0,0.0,0.0,0.0
1971-06-22,322.0,206.0,0.0,0.0,0.0
1971-06-23,333.0,200.0,0.0,0.0,0.0
1971-06-24,344.0,194.0,0.0,0.0,0.0
1971-06-25,361.0,222.0,0.0,0.0,0.0
1971-06-26,356.0,222.0,0.0,0.0,0.0
1971-06-27,350.0,217.0,0.0,0.0,0.0
1971-06-28,344.0,206.0,61.0,0.0,0.0
1971-06-29,317.0,206.0,130.0,0.0,0.0
1971-06-30,322.0,200.0,0.0,0.0,0.0
1971-07-01,317.0,200.0,53.0,0.0,0.0
1971-07-02,300.0,211.0,511.0,0.0,0.0
1971-07-03,289.0,194.0,0.0,0.0,0.0
1971-07-04,322.0,217.0,0.0,0.0,0.0
1971-07-05,333.0,217.0,53.0,0.0,0.0
1971-07-06,339.0,233.0,3.0,0.0,0.0
1971-07-07,328.0,211.0,0.0,0.0,0.0
1971-07-08,328.0,228.0,0.0,0.0,0.0
1971-07-09,333.0,222.0,0.0,0.0,0.0
1971-07-10,333.0,217.0,0.0,0.0,0.0
1971-07-11,328.0,217.0,0.0,0.0,0.0
1971-07-12,333.0,228.0,0.0,0.0,0.0
1971-07-13,350.0,228.0,0.0,0.0,0.0
1971-07-14,350.0,233.0,0.0,0.0,0.0
1971-07-15,361.0,239.0,0.0,0.0,0.0
1971-07-16,361.0,239.0,0.0,0.0,0.0
1971-07-17,361.0,211.0,20.0,0.0,0.0
1971-07-18,294.0,211.0,0.0,0.0,0.0
1971-07-19,350.0,222.0,0.0,0.0,0.0
1971-07-20,350.0,206.0,46.0,0.0,0.0
1971-07-21,272.0,150.0,0.0,0.0,0.0
1971-07-22,306.0,156.0,0.0,0.0,0.0
1971-07-23,317.0,183.0,0.0,0.0,0.0
1971-07-24,322.0,217.0,330.0,0.0,0.0
1971-07-25,244.0,211.0,610.0,0.0,0.0
1971-07-26,272.0,206.0,41.0,0.0,0.0
1971-07-27,300.0,206.0,15.0,0.0,0.0
1971-07-28,250.0,211.0,0.0,0.0,0.0
1971-07-29,289.0,206.0,5.0,0.0,0.0
1971-07-30,294.0,194.0,244.0,0.0,0.0
1971-07-31,233.0,133.0,0.0,0.0,0.0
1971-08-01,261.0,150.0,0.0,0.0,0.0
1971-08-02,278.0,206.0,0.0,0.0,0.0
1971-08-03,272.0,211.0,320.0,0.0,0.0
1971-08-04,289.0,211.0,635.0,0.0,0.0
1971-08-05,272.0,206.0,8.0,0.0,0.0
1971-08-06,294.0,200.0,198.0,0.0,0.0
1971-08-07,300.0,211.0,79.0,0.0,0.0
1971-08-08,306.0,206.0,0.0,0.0,0.0
1971-08-09,322.0,228.0,23.0,0.0,0.0
1971-08-10,317.0,211.0,3.0,0.0,0.0
1971-08-11,333.0,217.0,0.0,0.0,0.0
1971-08-12,333.0,200.0,274.0,0.0,0.0
1971-08-13,300.0,194.0,0.0,0.0,0.0
1971-08-14,306.0,172.0,0.0,0.0,0.0
1971-08-15,300.0,206.0,0.0,0.0,0.0
1971-08-16,311.0,189.0,0.0,0.0,0.0
1971-08-17,317.0,211.0,0.0,0.0,0.0
1971-08-18,311.0,189.0,0.0,0.0,0.0
1971-08-19,322.0,189.0,0.0,0.0,0.0
1971-08-20,311.0,200.0,0.0,0.0,0.0
1971-08-21,333.0,217.0,0.0,0.0,0.0
1971-08-22,322.0,228.0,104.0,0.0,0.0
1971-08-23,294.0,200.0,351.0,0.0,0.0
1971-08-24,317.0,206.0,0.0,0.0,0.0
1971-08-25,328.0,206.0,0.0,0.0,0.0
1971-08-26,328.0,189.0,28.0,0.0,0.0
1971-08-27,322.0,172.0,0.0,0.0,0.0
1971-08-28,322.0,178.0,0.0,0.0,0.0
1971-08-29,278.0,161.0,0.0,0.0,0.0
1971-08-30,278.0,194.0,0.0,0.0,0.0
1971-08-31,317.0,211.0,0.0,0.0,0.0
1971-09-01,322.0,217.0,0.0,0.0,0.0
1971-09-02,289.0,217.0,10.0,0.0,0.0
1971-09-03,306.0,206.0,0.0,0.0,0.0
1971-09-04,317.0,211.0,0.0,0.0,0.0
1971-09-05,317.0,217.0,0.0,0.0,0.0
1971-09-06,306.0,217.0,0.0,0.0,0.0
1971-09-07,322.0,206.0,0.0,0.0,0.0
1971-09-08,328.0,217.0,0.0,0.0,0.0
1971-09-09,322.0,211.0,0.0,0.0,0.0
1971-09-10,317.0,211.0,0.0,0.0,0.0
1971-09-11,317.0,211.0,0.0,0.0,0.0
1971-09-12,328.0,200.0,0.0,0.0,0.0
1971-09-13,311.0,144.0,0.0,0.0,0.0
1971-09-14,317.0,150.0,0.0,0.0,0.0
1971-09-15,339.0,167.0,0.0,0.0,0.0
1971-09-16,317.0,189.0,20.0,0.0,0.0
1971-09-17,250.0,183.0,58.0,0.0,0.0
1971-09-18,289.0,161.0,0.0,0.0,0.0
1971-09-19,306.0,178.0,33.0,0.0,0.0
1971-09-20,256.0,128.0,229.0,0.0,0.0
1971-09-21,183.0,100.0,0.0,0.0,0.0
1971-09-22,211.0,122.0,76.0,0.0,0.0
1971-09-23,200.0,156.0,132.0,0.0,0.0
1971-09-24,267.0,167.0,0.0,0.0,0.0
1971-09-25,244.0,183.0,0.0,0.0,0.0
1971-09-26,306.0,222.0,0.0,0.0,0.0
1971-09-27,311.0,206.0,0.0,0.0,0.0
1971-09-28,311.0,206.0,0.0,0.0,0.0
1971-09-29,317.0,183.0,0.0,0.0,0.0
1971-09-30,317.0,183.0,0.0,0.0,0.0
1971-10-01,306.0,178.0,0.0,0.0,0.0
1971-10-02,311.0,172.0,0.0,0.0,0.0
1971-10-03,306.0,189.0,0.0,0.0,0.0
1971-10-04,300.0,189.0,0.0,0.0,0.0
1971-10-05,289.0,161.0,79.0,0.0,0.0
1971-10-06,239.0,122.0,0.0,0.0,0.0
1971-10-07,283.0,94.0,0.0,0.0,0.0
1971-10-08,267.0,106.0,0.0,0.0,0.0
1971-10-09,256.0,156.0,0.0,0.0,0.0
1971-10-10,239.0,33.0,0.0,0.0,0.0
1971-10-11,200.0,50.0,0.0,0.0,0.0
1971-10-12,222.0,67.0,0.0,0.0,0.0
1971-10-13,272.0,106.0,0.0,0.0,0.0
1971-10-14,272.0,117.0,0.0,0.0,0.0
1971-10-15,278.0,133.0,0.0,0.0,0.0
1971-10-16,283.0,167.0,0.0,0.0,0.0
1971-10-17,289.0,183.0,0.0,0.0,0.0
1971-10-18,283.0,183.0,0.0,0.0,0.0
1971-10-19,289.0,200.0,0.0,0.0,0.0
1971-10-20,278.0,128.0,0.0,0.0,0.0
1971-10-21,261.0,139.0,0.0,0.0,0.0
1971-10-22,261.0,144.0,0.0,0.0,0.0
1971-10-23,267.0,150.0,0.0,0.0,0.0
1971-10-24,217.0,122.0,218.0,0.0,0.0
1971-10-25,233.0,100.0,0.0,0.0,0.0
1971-10-26,261.0,100.0,0.0,0.0,0.0
1971-10-27,261.0,122.0,0.0,0.0,0.0
1971-10-28,267.0,117.0,0.0,0.0,0.0
1971-10-29,289.0,117.0,0.0,0.0,0.0
1971-10-30,289.0,167.0,0.0,0.0,0.0
1971-10-31,283.0,150.0,0.0,0.0,0.0
1971-11-01,261.0,156.0,0.0,0.0,0.0
1971-11-02,283.0,178.0,0.0,0.0,0.0
1971-11-03,283.0,94.0,0.0,0.0,0.0
1971-11-04,183.0,6.0,0.0,0.0,0.0
1971-11-05,194.0,44.0,0.0,0.0,0.0
1971-11-06,217.0,83.0,0.0,0.0,0.0
1971-11-07,206.0,50.0,48.0,0.0,0.0
1971-11-08,161.0,-17.0,0.0,0.0,0.0
1971-11-09,156.0,-17.0,15.0,0.0,0.0
1971-11-10,178.0,-11.0,0.0,0.0,0.0
1971-11-11,183.0,6.0,0.0,0.0,0.0
1971-11-12,222.0,50.0,0.0,0.0,0.0
1971-11-13,244.0,94.0,0.0,0.0,0.0
1971-11-14,261.0,122.0,0.0,0.0,0.0
1971-11-15,256.0,150.0,0.0,0.0,0.0
1971-11-16,239.0,56.0,0.0,0.0,0.0
1971-11-17,233.0,83.0,0.0,0.0,0.0
1971-11-18,250.0,150.0,211.0,0.0,0.0
1971-11-19,167.0,67.0,267.0,0.0,0.0
1971-11-20,117.0,0.0,0.0,0.0,0.0
1971-11-21,189.0,11.0,0.0,0.0,0.0
1971-11-22,167.0,-17.0,0.0,0.0,0.0
1971-11-23,78.0,6.0,66.0,0.0,0.0
1971-11-24,72.0,17.0,0.0,0.0,0.0
1971-11-25,106.0,-6.0,0.0,0.0,0.0
1971-11-26,111.0,28.0,5.0,0.0,0.0
1971-11-27,128.0,22.0,0.0,0.0,0.0
1971-11-28,150.0,6.0,0.0,0.0,0.0
1971-11-29,139.0,22.0,58.0,0.0,0.0
1971-11-30,133.0,28.0,0.0,0.0,0.0
1971-12-01,106.0,33.0,0.0,0.0,0.0
1971-12-02,111.0,22.0,15.0,0.0,0.0
1971-12-03,44.0,17.0,333.0,0.0,0.0
1971-12-04,50.0,33.0,0.0,0.0,0.0
1971-12-05,67.0,44.0,0.0,0.0,0.0
1971-12-06,94.0,56.0,97.0,0.0,0.0
1971-12-07,150.0,72.0,290.0,0.0,0.0
1971-12-08,122.0,22.0,8.0,0.0,0.0
1971-12-09,144.0,56.0,203.0,0.0,0.0
1971-12-10,233.0,111.0,0.0,0.0,0.0
1971-12-11,194.0,22.0,8.0,0.0,0.0
1971-12-12,172.0,78.0,61.0,0.0,0.0
1971-12-13,222.0,44.0,0.0,0.0,0.0
1971-12-14,172.0,44.0,28.0,0.0,0.0
1971-12-15,222.0,100.0,94.0,0.0,0.0
1971-12-16,194.0,67.0,0.0,0.0,0.0
1971-12-17,194.0,83.0,0.0,0.0,0.0
1971-12-18,117.0,0.0,0.0,0.0,0.0
1971-12-19,122.0,0.0,0.0,0.0,0.0
1971-12-20,161.0,67.0,0.0,0.0,0.0
1971-12-21,244.0,44.0,0.0,0.0,0.0
1971-12-22,167.0,39.0,0.0,0.0,0.0
1971-12-23,133.0,28.0,0.0,0.0,0.0
1971-12-24,194.0,78.0,0.0,0.0,0.0
1971-12-25,194.0,72.0,0.0,0.0,0.0
1971-12-26,217.0,94.0,0.0,0.0,0.0
1971-12-27,178.0,117.0,0.0,0.0,0.0
1971-12-28,233.0,106.0,61.0,0.0,0.0
1971-12-29,111.0,72.0,71.0,0.0,0.0
1971-12-30,206.0,78.0,56.0,0.0,0.0
1971-12-31,200.0,50.0,0.0,0.0,0.0
1972-01-01,83.0,56.0,478.0,0.0,0.0
1972-01-02,83.0,56.0,340.0,0.0,0.0
1972-01-03,139.0,22.0,0.0,0.0,0.0
1972-01-04,122.0,50.0,328.0,0.0,0.0
1972-01-05,78.0,-67.0,58.0,0.0,0.0
1972-01-06,33.0,-67.0,0.0,0.0,0.0
1972-01-07,61.0,-83.0,0.0,0.0,0.0
1972-01-08,150.0,-50.0,0.0,0.0,0.0
1972-01-09,161.0,28.0,91.0,0.0,0.0
1972-01-10,178.0,117.0,0.0,0.0,0.0
1972-01-11,211.0,94.0,0.0,0.0,0.0
1972-01-12,172.0,22.0,0.0,0.0,0.0
1972-01-13,156.0,28.0,0.0,0.0,0.0
1972-01-14,228.0,-33.0,0.0,0.0,0.0
1972-01-15,50.0,-111.0,0.0,0.0,0.0
1972-01-16,-39.0,-111.0,0.0,0.0,0.0
1972-01-17,11.0,-106.0,0.0,0.0,0.0
1972-01-18,122.0,-39.0,0.0,0.0,0.0
1972-01-19,194.0,67.0,5.0,0.0,0.0
1972-01-20,183.0,133.0,30.0,0.0,0.0
1972-01-21,222.0,133.0,0.0,0.0,0.0
1972-01-22,206.0,139.0,0.0,0.0,0.0
1972-01-23,222.0,139.0,0.0,0.0,0.0
1972-01-24,244.0,161.0,0.0,0.0,0.0
1972-01-25,283.0,17.0,0.0,0.0,0.0
1972-01-26,100.0,-22.0,0.0,0.0,0.0
1972-01-27,150.0,-11.0,20.0,0.0,0.0
1972-01-28,228.0,39.0,264.0,0.0,0.0
1972-01-29,44.0,-6.0,135.0,0.0,0.0
1972-01-30,17.0,-17.0,91.0,0.0,0.0
1972-01-31,28.0,-72.0,0.0,0.0,0.0
1972-02-01,83.0,-61.0,15.0,0.0,0.0
1972-02-02,56.0,22.0,0.0,0.0,0.0
1972-02-03,100.0,-44.0,0.0,0.0,0.0
1972-02-04,39.0,-89.0,0.0,0.0,0.0
1972-02-05,72.0,-83.0,0.0,0.0,0.0
1972-02-06,128.0,0.0,64.0,0.0,0.0
1972-02-07,167.0,-17.0,8.0,0.0,0.0
1972-02-08,39.0,-67.0,0.0,0.0,0.0
1972-02-09,122.0,-44.0,0.0,0.0,0.0
1972-02-10,150.0,11.0,0.0,0.0,0.0
1972-02-11,144.0,28.0,0.0,0.0,0.0
1972-02-12,167.0,61.0,30.0,0.0,0.0
1972-02-13,128.0,-17.0,0.0,0.0,0.0
1972-02-14,161.0,6.0,0.0,0.0,0.0
1972-02-15,206.0,78.0,13.0,0.0,0.0
1972-02-16,150.0,61.0,0.0,0.0,0.0
1972-02-17,139.0,-6.0,0.0,0.0,0.0
1972-02-18,200.0,11.0,15.0,0.0,0.0
1972-02-19,128.0,-28.0,0.0,0.0,0.0
1972-02-20,122.0,0.0,0.0,0.0,0.0
1972-02-21,128.0,56.0,0.0,0.0,0.0
1972-02-22,233.0,56.0,8.0,0.0,0.0
1972-02-23,89.0,39.0,28.0,0.0,0.0
1972-02-24,233.0,83.0,0.0,0.0,0.0
1972-02-25,222.0,89.0,0.0,0.0,0.0
1972-02-26,256.0,28.0,0.0,0.0,0.0
1972-02-27,172.0,28.0,0.0,0.0,0.0
1972-02-28,183.0,22.0,0.0,0.0,0.0
1972-02-29,261.0,94.0,0.0,0.0,0.0
1972-03-01,239.0,139.0,124.0,0.0,0.0
1972-03-02,267.0,22.0,140.0,0.0,0.0
1972-03-03,39.0,-44.0,0.0,0.0,0.0
1972-03-04,100.0,-11.0,0.0,0.0,0.0
1972-03-05,83.0,-6.0,28.0,0.0,0.0
1972-03-06,128.0,-11.0,0.0,0.0,0.0
1972-03-07,183.0,39.0,0.0,0.0,0.0
1972-03-08,211.0,67.0,183.0,0.0,0.0
1972-03-09,139.0,17.0,0.0,0.0,0.0
1972-03-10,178.0,28.0,0.0,0.0,0.0
1972-03-11,233.0,67.0,0.0,0.0,0.0
1972-03-12,250.0,122.0,0.0,0.0,0.0
1972-03-13,267.0,139.0,15.0,0.0,0.0
1972-03-14,222.0,72.0,8.0,0.0,0.0
1972-03-15,217.0,83.0,0.0,0.0,0.0
1972-03-16,250.0,89.0,246.0,0.0,0.0
1972-03-17,206.0,33.0,0.0,0.0,0.0
1972-03-18,217.0,83.0,0.0,0.0,0.0
1972-03-19,200.0,28.0,0.0,0.0,0.0
1972-03-20,233.0,111.0,0.0,0.0,0.0
1972-03-21,244.0,133.0,165.0,0.0,0.0
1972-03-22,239.0,44.0,0.0,0.0,0.0
1972-03-23,239.0,61.0,0.0,0.0,0.0
1972-03-24,211.0,83.0,0.0,0.0,0.0
1972-03-25,167.0,44.0,117.0,0.0,0.0
1972-03-26,133.0,11.0,0.0,0.0,0.0
1972-03-27,189.0,67.0,0.0,0.0,0.0
1972-03-28,283.0,139.0,130.0,0.0,0.0
1972-03-29,233.0,89.0,269.0,0.0,0.0
1972-03-30,133.0,33.0,0.0,0.0,0.0
1972-03-31,111.0,17.0,0.0,0.0,0.0
1972-04-01,178.0,44.0,0.0,0.0,0.0
1972-04-02,156.0,28.0,0.0,0.0,0.0
1972-04-03,261.0,128.0,0.0,0.0,0.0
1972-04-04,267.0,56.0,43.0,0.0,0.0
1972-04-05,144.0,28.0,0.0,0.0,0.0
1972-04-06,228.0,100.0,0.0,0.0,0.0
1972-04-07,272.0,156.0,0.0,0.0,0.0
1972-04-08,283.0,17.0,0.0,0.0,0.0
1972-04-09,111.0,-11.0,0.0,0.0,0.0
1972-04-10,200.0,72.0,0.0,0.0,0.0
1972-04-11,261.0,150.0,0.0,0.0,0.0
1972-04-12,289.0,200.0,0.0,0.0,0.0
1972-04-13,294.0,189.0,0.0,0.0,0.0
1972-04-14,306.0,161.0,0.0,0.0,0.0
1972-04-15,294.0,194.0,0.0,0.0,0.0
1972-04-16,306.0,133.0,292.0,0.0,0.0
1972-04-17,244.0,72.0,0.0,0.0,0.0
1972-04-18,250.0,67.0,0.0,0.0,0.0
1972-04-19,272.0,156.0,0.0,0.0,0.0
1972-04-20,278.0,189.0,0.0,0.0,0.0
1972-04-21,283.0,189.0,69.0,0.0,0.0
1972-04-22,256.0,72.0,0.0,0.0,0.0
1972-04-23,250.0,83.0,0.0,0.0,0.0
1972-04-24,278.0,117.0,0.0,0.0,0.0
1972-04-25,222.0,67.0,0.0,0.0,0.0
1972-04-26,189.0,72.0,0.0,0.0,0.0
1972-04-27,194.0,106.0,0.0,0.0,0.0
1972-04-28,217.0,144.0,0.0,0.0,0.0
1972-04-29,211.0,139.0,226.0,0.0,0.0
1972-04-30,239.0,167.0,0.0,0.0,0.0
1972-05-01,289.0,167.0,0.0,0.0,0.0
1972-05-02,244.0,150.0,218.0,0.0,0.0
1972-05-03,211.0,94.0,28.0,0.0,0.0
1972-05-04,233.0,72.0,0.0,0.0,0.0
1972-05-05,250.0,111.0,0.0,0.0,0.0
1972-05-06,267.0,144.0,0.0,0.0,0.0
1972-05-07,272.0,178.0,0.0,0.0,0.0
1972-05-08,244.0,178.0,8.0,0.0,0.0
1972-05-09,250.0,94.0,0.0,0.0,0.0
1972-05-10,167.0,83.0,0.0,0.0,0.0
1972-05-11,222.0,89.0,0.0,0.0,0.0
1972-05-12,267.0,150.0,0.0,0.0,0.0
1972-05-13,233.0,167.0,114.0,0.0,0.0
1972-05-14,272.0,150.0,0.0,0.0,0.0
1972-05-15,272.0,94.0,0.0,0.0,0.0
1972-05-16,272.0,128.0,0.0,0.0,0.0
1972-05-17,306.0,128.0,0.0,0.0,0.0
1972-05-18,289.0,139.0,0.0,0.0,0.0
1972-05-19,289.0,133.0,0.0,0.0,0.0
1972-05-20,294.0,150.0,0.0,0.0,0.0
1972-05-21,317.0,133.0,0.0,0.0,0.0
1972-05-22,322.0,144.0,0.0,0.0,0.0
1972-05-23,322.0,139.0,0.0,0.0,0.0
1972-05-24,328.0,150.0,0.0,0.0,0.0
1972-05-25,311.0,139.0,0.0,0.0,0.0
1972-05-26,322.0,144.0,0.0,0.0,0.0
1972-05-27,328.0,183.0,0.0,0.0,0.0
1972-05-28,328.0,183.0,0.0,0.0,0.0
1972-05-29,317.0,200.0,0.0,0.0,0.0
1972-05-30,300.0,178.0,0.0,0.0,0.0
1972-05-31,289.0,144.0,0.0,0.0,0.0
1972-06-01,256.0,106.0,0.0,0.0,0.0
1972-06-02,283.0,133.0,0.0,0.0,0.0
1972-06-03,300.0,139.0,0.0,0.0,0.0
1972-06-04,311.0,139.0,0.0,0.0,0.0
1972-06-05,322.0,156.0,0.0,0.0,0.0
1972-06-06,333.0,167.0,0.0,0.0,0.0
1972-06-07,344.0,161.0,0.0,0.0,0.0
1972-06-08,356.0,172.0,406.0,0.0,0.0
1972-06-09,356.0,206.0,0.0,0.0,0.0
1972-06-10,339.0,200.0,0.0,0.0,0.0
1972-06-11,311.0,194.0,0.0,0.0,0.0
1972-06-12,289.0,194.0,0.0,0.0,0.0
1972-06-13,322.0,189.0,0.0,0.0,0.0
1972-06-14,322.0,217.0,0.0,0.0,0.0
1972-06-15,306.0,211.0,432.0,0.0,0.0
1972-06-16,300.0,206.0,0.0,0.0,0.0
1972-06-17,294.0,167.0,0.0,0.0,0.0
1972-06-18,322.0,194.0,0.0,0.0,0.0
1972-06-19,322.0,200.0,0.0,0.0,0.0
1972-06-20,328.0,200.0,119.0,0.0,0.0
1972-06-21,361.0,206.0,0.0,0.0,0.0
1972-06-22,300.0,189.0,0.0,0.0,0.0
1972-06-23,283.0,150.0,0.0,0.0,0.0
1972-06-24,294.0,189.0,0.0,0.0,0.0
1972-06-25,317.0,189.0,0.0,0.0,0.0
1972-06-26,283.0,200.0,300.0,0.0,0.0
1972-06-27,317.0,206.0,0.0,0.0,0.0
1972-06-28,322.0,200.0,117.0,0.0,0.0
1972-06-29,328.0,200.0,13.0,0.0,0.0
1972-06-30,322.0,211.0,0.0,0.0,0.0
1972-07-01,333.0,211.0,10.0,0.0,0.0
1972-07-02,322.0,211.0,0.0,0.0,0.0
1972-07-03,322.0,211.0,0.0,0.0,0.0
1972-07-04,322.0,200.0,437.0,0.0,0.0
1972-07-05,317.0,172.0,135.0,0.0,0.0
1972-07-06,261.0,150.0,0.0,0.0,0.0
1972-07-07,256.0,111.0,0.0,0.0,0.0
1972-07-08,272.0,111.0,0.0,0.0,0.0
1972-07-09,294.0,150.0,411.0,0.0,0.0
1972-07-10,294.0,161.0,0.0,0.0,0.0
1972-07-11,306.0,183.0,5.0,0.0,0.0
1972-07-12,311.0,189.0,0.0,0.0,0.0
1972-07-13,322.0,183.0,0.0,0.0,0.0
1972-07-14,311.0,200.0,0.0,0.0,0.0
1972-07-15,322.0,194.0,0.0,0.0,0.0
1972-07-16,317.0,194.0,0.0,0.0,0.0
1972-07-17,333.0,206.0,0.0,0.0,0.0
1972-07-18,328.0,200.0,30.0,0.0,0.0
1972-07-19,322.0,217.0,0.0,0.0,0.0
1972-07-20,339.0,222.0,0.0,0.0,0.0
1972-07-21,328.0,206.0,0.0,0.0,0.0
1972-07-22,328.0,211.0,0.0,0.0,0.0
1972-07-23,344.0,206.0,0.0,0.0,0.0
1972-07-24,344.0,222.0,0.0,0.0,0.0
1972-07-25,356.0,222.0,0.0,0.0,0.0
1972-07-26,361.0,217.0,51.0,0.0,0.0
1972-07-27,367.0,239.0,0.0,0.0,0.0
1972-07-28,361.0,233.0,0.0,0.0,0.0
1972-07-29,333.0,206.0,114.0,0.0,0.0
1972-07-30,333.0,183.0,0.0,0.0,0.0
1972-07-31,333.0,178.0,0.0,0.0,0.0
1972-08-01,306.0,189.0,0.0,0.0,0.0
1972-08-02,322.0,217.0,0.0,0.0,0.0
1972-08-03,328.0,211.0,0.0,0.0,0.0
1972-08-04,339.0,211.0,0.0,0.0,0.0
1972-08-05,350.0,211.0,0.0,0.0,0.0
1972-08-06,361.0,211.0,0.0,0.0,0.0
1972-08-07,361.0,233.0,0.0,0.0,0.0
1972-08-08,356.0,211.0,0.0,0.0,0.0
1972-08-09,367.0,211.0,0.0,0.0,0.0
1972-08-10,344.0,194.0,267.0,0.0,0.0
1972-08-11,344.0,194.0,0.0,0.0,0.0
1972-08-12,333.0,222.0,0.0,0.0,0.0
1972-08-13,339.0,206.0,76.0,0.0,0.0
1972-08-14,322.0,200.0,41.0,0.0,0.0
1972-08-15,333.0,194.0,0.0,0.0,0.0
1972-08-16,322.0,200.0,0.0,0.0,0.0
1972-08-17,339.0,211.0,0.0,0.0,0.0
1972-08-18,350.0,217.0,0.0,0.0,0.0
1972-08-19,350.0,211.0,0.0,0.0,0.0
1972-08-20,356.0,217.0,38.0,0.0,0.0
1972-08-21,356.0,211.0,13.0,0.0,0.0
1972-08-22,367.0,211.0,0.0,0.0,0.0
1972-08-23,361.0,211.0,198.0,0.0,0.0
1972-08-24,317.0,211.0,0.0,0.0,0.0
1972-08-25,306.0,200.0,18.0,0.0,0.0
1972-08-26,322.0,200.0,8.0,0.0,0.0
1972-08-27,328.0,194.0,0.0,0.0,0.0
1972-08-28,317.0,183.0,0.0,0.0,0.0
1972-08-29,289.0,144.0,0.0,0.0,0.0
1972-08-30,311.0,161.0,0.0,0.0,0.0
1972-08-31,322.0,172.0,0.0,0.0,0.0
1972-09-01,322.0,222.0,0.0,0.0,0.0
1972-09-02,328.0,217.0,8.0,0.0,0.0
1972-09-03,339.0,194.0,0.0,0.0,0.0
1972-09-04,322.0,206.0,584.0,0.0,0.0
1972-09-05,244.0,183.0,53.0,0.0,0.0
1972-09-06,272.0,172.0,0.0,0.0,0.0
1972-09-07,306.0,178.0,0.0,0.0,0.0
1972-09-08,333.0,228.0,0.0,0.0,0.0
1972-09-09,328.0,211.0,0.0,0.0,0.0
1972-09-10,339.0,178.0,0.0,0.0,0.0
1972-09-11,311.0,178.0,0.0,0.0,0.0
1972-09-12,317.0,211.0,0.0,0.0,0.0
1972-09-13,322.0,200.0,0.0,0.0,0.0
1972-09-14,339.0,178.0,0.0,0.0,0.0
1972-09-15,339.0,200.0,0.0,0.0,0.0
1972-09-16,339.0,194.0,0.0,0.0,0.0
1972-09-17,289.0,211.0,10.0,0.0,0.0
1972-09-18,317.0,206.0,97.0,0.0,0.0
1972-09-19,328.0,222.0,0.0,0.0,0.0
1972-09-20,344.0,206.0,284.0,0.0,0.0
1972-09-21,328.0,211.0,0.0,0.0,0.0
1972-09-22,294.0,150.0,79.0,0.0,0.0
1972-09-23,256.0,150.0,0.0,0.0,0.0
1972-09-24,311.0,150.0,152.0,0.0,0.0
1972-09-25,300.0,211.0,81.0,0.0,0.0
1972-09-26,300.0,211.0,0.0,0.0,0.0
1972-09-27,300.0,206.0,0.0,0.0,0.0
1972-09-28,289.0,211.0,0.0,0.0,0.0
1972-09-29,300.0,206.0,0.0,0.0,0.0
1972-09-30,300.0,89.0,38.0,0.0,0.0
1972-11-01,272.0,200.0,0.0,0.0,0.0
1972-11-02,267.0,50.0,69.0,0.0,0.0
1972-11-03,217.0,94.0,8.0,0.0,0.0
1972-11-04,183.0,50.0,0.0,0.0,0.0
1972-11-05,194.0,56.0,0.0,0.0,0.0
1972-11-06,200.0,83.0,0.0,0.0,0.0
1972-11-07,233.0,122.0,1006.0,0.0,0.0
1972-11-08,206.0,39.0,0.0,0.0,0.0
1972-11-09,178.0,56.0,0.0,0.0,0.0
1972-11-10,178.0,56.0,0.0,0.0,0.0
1972-11-11,167.0,11.0,0.0,0.0,0.0
1972-11-12,161.0,28.0,0.0,0.0,0.0
1972-11-13,189.0,61.0,229.0,0.0,0.0
1972-11-14,211.0,61.0,0.0,0.0,0.0
1972-11-15,161.0,44.0,0.0,0.0,0.0
1972-11-16,78.0,39.0,0.0,0.0,0.0
1972-11-17,83.0,0.0,0.0,0.0,0.0
1972-11-18,100.0,11.0,254.0,0.0,0.0
1972-11-19,72.0,22.0,533.0,0.0,0.0
1972-11-20,67.0,33.0,0.0,0.0,0.0
1972-11-21,56.0,11.0,0.0,0.0,0.0
1972-11-22,44.0,-39.0,8.0,0.0,0.0
1972-11-23,83.0,-28.0,0.0,0.0,0.0
1972-11-24,78.0,-11.0,0.0,0.0,0.0
1972-11-25,83.0,-22.0,272.0,0.0,0.0
1972-11-26,83.0,-22.0,0.0,0.0,0.0
1972-11-27,122.0,-22.0,0.0,0.0,0.0
1972-11-28,167.0,17.0,20.0,0.0,0.0
1972-11-29,117.0,-17.0,0.0,0.0,0.0
1972-11-30,72.0,-17.0,0.0,0.0,0.0
1972-12-01,72.0,-17.0,0.0,0.0,0.0
1972-12-02,161.0,11.0,0.0,0.0,0.0
1972-12-03,194.0,50.0,0.0,0.0,0.0
1972-12-04,211.0,106.0,0.0,0.0,0.0
1972-12-05,161.0,94.0,5.0,0.0,0.0
1972-12-06,200.0,-17.0,51.0,0.0,0.0
1972-12-07,22.0,-44.0,0.0,0.0,0.0
1972-12-08,28.0,-39.0,48.0,0.0,0.0
1972-12-09,72.0,17.0,254.0,0.0,0.0
1972-12-10,67.0,17.0,409.0,0.0,0.0
1972-12-11,28.0,-28.0,56.0,0.0,0.0
1972-12-12,139.0,-28.0,5.0,0.0,0.0
1972-12-13,156.0,-6.0,61.0,0.0,0.0
1972-12-14,39.0,6.0,152.0,0.0,0.0
1972-12-15,33.0,6.0,437.0,0.0,0.0
1972-12-16,44.0,-61.0,0.0,0.0,0.0
1972-12-17,56.0,-83.0,0.0,0.0,0.0
1972-12-18,67.0,-39.0,0.0,0.0,0.0
1972-12-19,133.0,-22.0,23.0,0.0,0.0
1972-12-20,189.0,28.0,41.0,0.0,0.0
1972-12-21,122.0,56.0,66.0,0.0,0.0
1972-12-22,83.0,22.0,23.0,0.0,0.0
1972-12-23,28.0,11.0,0.0,0.0,0.0
1972-12-24,100.0,17.0,0.0,0.0,0.0
1972-12-25,122.0,-6.0,0.0,0.0,0.0
1972-12-26,117.0,-39.0,0.0,0.0,0.0
1972-12-27,122.0,-44.0,0.0,0.0,0.0
1972-12-28,156.0,-44.0,0.0,0.0,0.0
1972-12-29,133.0,-44.0,0.0,0.0,0.0
1972-12-30,178.0,111.0,91.0,0.0,0.0
1972-12-31,172.0,-17.0,61.0,0.0,0.0
1973-01-01,128.0,-11.0,0.0,0.0,0.0
1973-01-02,56.0,11.0,13.0,0.0,0.0
1973-01-03,122.0,22.0,109.0,0.0,0.0
1973-01-04,117.0,-6.0,38.0,0.0,0.0
1973-01-05,106.0,6.0,51.0,0.0,0.0
1973-01-06,44.0,-6.0,292.0,0.0,0.0
1973-01-07,11.0,-28.0,221.0,0.0,0.0
1973-01-08,0.0,-39.0,8.0,0.0,0.0
1973-01-09,0.0,-44.0,0.0,0.0,0.0
1973-01-10,-22.0,-67.0,0.0,0.0,0.0
1973-01-11,-28.0,-67.0,0.0,0.0,0.0
1973-01-12,-11.0,-83.0,0.0,0.0,0.0
1973-01-13,17.0,-50.0,0.0,0.0,0.0
1973-01-14,50.0,-56.0,0.0,0.0,0.0
1973-01-15,117.0,6.0,0.0,0.0,0.0
1973-01-16,183.0,28.0,0.0,0.0,0.0
1973-01-17,206.0,78.0,0.0,0.0,0.0
1973-01-18,211.0,83.0,0.0,0.0,0.0
1973-01-19,211.0,33.0,13.0,0.0,0.0
1973-01-20,211.0,28.0,0.0,0.0,0.0
1973-01-21,200.0,56.0,790.0,0.0,0.0
1973-01-22,178.0,11.0,3.0,0.0,0.0
1973-01-23,139.0,-22.0,0.0,0.0,0.0
1973-01-24,117.0,-50.0,0.0,0.0,0.0
1973-01-25,161.0,-39.0,0.0,0.0,0.0
1973-01-26,117.0,28.0,150.0,0.0,0.0
1973-01-27,78.0,56.0,5.0,0.0,0.0
1973-01-28,133.0,28.0,51.0,0.0,0.0
1973-01-29,106.0,-56.0,0.0,0.0,0.0
1973-01-30,56.0,-61.0,0.0,0.0,0.0
1973-01-31,133.0,-22.0,0.0,0.0,0.0
1973-02-01,161.0,78.0,343.0,0.0,0.0
1973-02-02,194.0,67.0,0.0,0.0,0.0
1973-02-03,139.0,-6.0,0.0,0.0,0.0
1973-02-04,161.0,17.0,0.0,0.0,0.0
1973-02-05,206.0,50.0,0.0,0.0,0.0
1973-02-06,233.0,83.0,0.0,0.0,0.0
1973-02-07,200.0,56.0,0.0,0.0,0.0
1973-02-08,156.0,-6.0,457.0,0.0,0.0
1973-02-09,6.0,-50.0,0.0,0.0,0.0
1973-02-10,-11.0,-89.0,0.0,0.0,0.0
1973-02-11,56.0,-78.0,0.0,0.0,0.0
1973-02-12,94.0,-17.0,0.0,0.0,0.0
1973-02-13,156.0,33.0,104.0,0.0,0.0
1973-02-14,161.0,89.0,89.0,0.0,0.0
1973-02-15,106.0,-33.0,0.0,0.0,0.0
1973-02-16,78.0,-44.0,0.0,0.0,0.0
1973-02-17,44.0,-50.0,0.0,0.0,0.0
1973-02-18,33.0,-44.0,0.0,0.0,0.0
1973-02-19,94.0,-28.0,0.0,0.0,0.0
1973-02-20,156.0,-22.0,0.0,0.0,0.0
1973-02-21,128.0,-17.0,0.0,0.0,0.0
1973-02-22,161.0,-33.0,0.0,0.0,0.0
1973-02-23,106.0,28.0,0.0,0.0,0.0
1973-02-24,178.0,6.0,0.0,0.0,0.0
1973-02-25,167.0,17.0,0.0,0.0,0.0
1973-02-26,183.0,67.0,0.0,0.0,0.0
1973-02-27,111.0,22.0,30.0,0.0,0.0
1973-02-28,100.0,22.0,0.0,0.0,0.0
1973-03-01,128.0,17.0,0.0,0.0,0.0
1973-03-02,200.0,72.0,224.0,0.0,0.0
1973-03-03,200.0,50.0,0.0,0.0,0.0
1973-03-04,228.0,111.0,185.0,0.0,0.0
1973-03-05,217.0,28.0,0.0,0.0,0.0
1973-03-06,211.0,22.0,0.0,0.0,0.0
1973-03-07,194.0,78.0,297.0,0.0,0.0
1973-03-08,233.0,122.0,0.0,0.0,0.0
1973-03-09,244.0,122.0,13.0,0.0,0.0
1973-03-10,233.0,106.0,0.0,0.0,0.0
1973-03-11,233.0,83.0,635.0,0.0,0.0
1973-03-12,244.0,72.0,0.0,0.0,0.0
1973-03-13,272.0,78.0,0.0,0.0,0.0
1973-03-14,250.0,122.0,0.0,0.0,0.0
1973-03-15,167.0,117.0,198.0,0.0,0.0
1973-03-16,156.0,94.0,643.0,0.0,0.0
1973-03-17,117.0,28.0,109.0,0.0,0.0
1973-03-18,144.0,11.0,0.0,0.0,0.0
1973-03-19,233.0,94.0,0.0,0.0,0.0
1973-03-20,222.0,100.0,0.0,0.0,0.0
1973-03-21,122.0,67.0,0.0,0.0,0.0
1973-03-22,167.0,44.0,0.0,0.0,0.0
1973-03-23,183.0,61.0,0.0,0.0,0.0
1973-03-24,211.0,100.0,0.0,0.0,0.0
1973-03-25,156.0,94.0,660.0,0.0,0.0
1973-03-26,133.0,72.0,0.0,0.0,0.0
1973-03-27,133.0,44.0,0.0,0.0,0.0
1973-03-28,178.0,67.0,0.0,0.0,0.0
1973-03-29,228.0,122.0,109.0,0.0,0.0
1973-03-30,233.0,128.0,0.0,0.0,0.0
1973-03-31,211.0,139.0,53.0,0.0,0.0
1973-04-01,244.0,50.0,0.0,0.0,0.0
1973-04-02,239.0,44.0,0.0,0.0,0.0
1973-04-03,228.0,67.0,10.0,0.0,0.0
1973-04-04,206.0,50.0,3.0,0.0,0.0
1973-04-05,144.0,11.0,0.0,0.0,0.0
1973-04-06,189.0,50.0,0.0,0.0,0.0
1973-04-07,178.0,72.0,127.0,0.0,0.0
1973-04-08,144.0,22.0,10.0,0.0,0.0
1973-04-09,194.0,0.0,89.0,0.0,0.0
1973-04-10,178.0,-11.0,0.0,0.0,0.0
1973-04-11,183.0,0.0,0.0,0.0,0.0
1973-04-12,183.0,83.0,0.0,0.0,0.0
1973-04-13,239.0,39.0,0.0,0.0,0.0
1973-04-14,156.0,72.0,3.0,0.0,0.0
1973-04-15,256.0,144.0,0.0,0.0,0.0
1973-04-16,222.0,150.0,351.0,0.0,0.0
1973-04-17,211.0,111.0,0.0,0.0,0.0
1973-04-18,200.0,128.0,378.0,0.0,0.0
1973-04-19,239.0,150.0,3.0,0.0,0.0
1973-04-20,272.0,183.0,71.0,0.0,0.0
1973-04-21,261.0,183.0,0.0,0.0,0.0
1973-04-22,250.0,189.0,0.0,0.0,0.0
1973-04-23,250.0,189.0,180.0,0.0,0.0
1973-04-24,233.0,156.0,671.0,0.0,0.0
1973-04-25,189.0,139.0,262.0,0.0,0.0
1973-04-26,239.0,128.0,5.0,0.0,0.0
1973-04-27,194.0,89.0,13.0,0.0,0.0
1973-04-28,206.0,44.0,0.0,0.0,0.0
1973-04-29,217.0,106.0,0.0,0.0,0.0
1973-04-30,256.0,150.0,0.0,0.0,0.0
1973-05-01,250.0,156.0,0.0,0.0,0.0
1973-05-02,261.0,156.0,234.0,0.0,0.0
1973-05-03,278.0,72.0,51.0,0.0,0.0
1973-05-04,222.0,72.0,0.0,0.0,0.0
1973-05-05,233.0,78.0,0.0,0.0,0.0
1973-05-06,250.0,133.0,13.0,0.0,0.0
1973-05-07,217.0,139.0,127.0,0.0,0.0
1973-05-08,250.0,128.0,10.0,0.0,0.0
1973-05-09,267.0,100.0,0.0,0.0,0.0
1973-05-10,306.0,94.0,0.0,0.0,0.0
1973-05-11,317.0,161.0,0.0,0.0,0.0
1973-05-12,294.0,156.0,356.0,0.0,0.0
1973-05-13,261.0,94.0,0.0,0.0,0.0
1973-05-14,239.0,94.0,0.0,0.0,0.0
1973-05-15,239.0,89.0,0.0,0.0,0.0
1973-05-16,217.0,56.0,0.0,0.0,0.0
1973-05-17,261.0,72.0,0.0,0.0,0.0
1973-05-18,233.0,94.0,0.0,0.0,0.0
1973-05-19,267.0,100.0,0.0,0.0,0.0
1973-05-20,294.0,156.0,206.0,0.0,0.0
1973-05-21,283.0,128.0,0.0,0.0,0.0
1973-05-22,294.0,178.0,0.0,0.0,0.0
1973-05-23,300.0,183.0,0.0,0.0,0.0
1973-05-24,294.0,128.0,130.0,0.0,0.0
1973-05-25,283.0,144.0,15.0,0.0,0.0
1973-05-26,294.0,144.0,89.0,0.0,0.0
1973-05-27,300.0,183.0,127.0,0.0,0.0
1973-05-28,261.0,106.0,0.0,0.0,0.0
1973-05-29,261.0,100.0,0.0,0.0,0.0
1973-05-30,278.0,122.0,0.0,0.0,0.0
1973-05-31,289.0,139.0,0.0,0.0,0.0
1973-06-01,306.0,156.0,0.0,0.0,0.0
1973-06-02,294.0,194.0,0.0,0.0,0.0
1973-06-03,317.0,189.0,0.0,0.0,0.0
1973-06-04,300.0,206.0,0.0,0.0,0.0
1973-06-05,300.0,178.0,43.0,0.0,0.0
1973-06-06,261.0,156.0,0.0,0.0,0.0
1973-06-07,289.0,128.0,0.0,0.0,0.0
1973-06-08,306.0,150.0,0.0,0.0,0.0
1973-06-09,311.0,183.0,0.0,0.0,0.0
1973-06-10,328.0,183.0,0.0,0.0,0.0
1973-06-11,322.0,189.0,0.0,0.0,0.0
1973-06-12,311.0,200.0,0.0,0.0,0.0
1973-06-13,311.0,206.0,0.0,0.0,0.0
1973-06-14,317.0,211.0,0.0,0.0,0.0
1973-06-15,300.0,206.0,25.0,0.0,0.0
1973-06-16,311.0,211.0,0.0,0.0,0.0
1973-06-17,322.0,183.0,33.0,0.0,0.0
1973-06-18,311.0,206.0,13.0,0.0,0.0
1973-06-19,328.0,206.0,0.0,0.0,0.0
1973-06-20,328.0,189.0,43.0,0.0,0.0
1973-06-21,306.0,194.0,0.0,0.0,0.0
1973-06-22,294.0,172.0,0.0,0.0,0.0
1973-06-23,311.0,150.0,0.0,0.0,0.0
1973-06-24,322.0,183.0,0.0,0.0,0.0
1973-06-25,322.0,189.0,0.0,0.0,0.0
1973-06-26,328.0,200.0,0.0,0.0,0.0
1973-06-27,333.0,206.0,0.0,0.0,0.0
1973-06-28,328.0,200.0,0.0,0.0,0.0
1973-06-29,328.0,183.0,0.0,0.0,0.0
1973-06-30,328.0,200.0,274.0,0.0,0.0
1973-07-01,322.0,200.0,0.0,0.0,0.0
1973-07-02,322.0,217.0,0.0,0.0,0.0
1973-07-03,333.0,228.0,0.0,0.0,0.0
1973-07-04,344.0,211.0,0.0,0.0,0.0
1973-07-05,344.0,217.0,38.0,0.0,0.0
1973-07-06,339.0,211.0,0.0,0.0,0.0
1973-07-07,306.0,211.0,267.0,0.0,0.0
1973-07-08,311.0,211.0,51.0,0.0,0.0
1973-07-09,306.0,217.0,30.0,0.0,0.0
1973-07-10,322.0,222.0,0.0,0.0,0.0
1973-07-11,328.0,211.0,89.0,0.0,0.0
1973-07-12,322.0,156.0,0.0,0.0,0.0
1973-07-13,300.0,156.0,0.0,0.0,0.0
1973-07-14,311.0,172.0,0.0,0.0,0.0
1973-07-15,317.0,178.0,0.0,0.0,0.0
1973-07-16,300.0,200.0,155.0,0.0,0.0
1973-07-17,306.0,211.0,10.0,0.0,0.0
1973-07-18,311.0,211.0,122.0,0.0,0.0
1973-07-19,333.0,222.0,8.0,0.0,0.0
1973-07-20,344.0,233.0,0.0,0.0,0.0
1973-07-21,344.0,233.0,0.0,0.0,0.0
1973-07-22,344.0,228.0,0.0,0.0,0.0
1973-07-23,333.0,222.0,0.0,0.0,0.0
1973-07-24,333.0,222.0,0.0,0.0,0.0
1973-07-25,344.0,217.0,0.0,0.0,0.0
1973-07-26,333.0,228.0,0.0,0.0,0.0
1973-07-27,328.0,228.0,0.0,0.0,0.0
1973-07-28,344.0,200.0,0.0,0.0,0.0
1973-07-29,344.0,217.0,0.0,0.0,0.0
1973-07-30,311.0,222.0,0.0,0.0,0.0
1973-07-31,283.0,217.0,503.0,0.0,0.0
1973-08-01,300.0,217.0,51.0,0.0,0.0
1973-08-02,289.0,172.0,0.0,0.0,0.0
1973-08-03,278.0,144.0,0.0,0.0,0.0
1973-08-04,289.0,150.0,0.0,0.0,0.0
1973-08-05,294.0,161.0,0.0,0.0,0.0
1973-08-06,300.0,178.0,0.0,0.0,0.0
1973-08-07,322.0,217.0,0.0,0.0,0.0
1973-08-08,322.0,200.0,0.0,0.0,0.0
1973-08-09,328.0,206.0,0.0,0.0,0.0
1973-08-10,328.0,189.0,0.0,0.0,0.0
1973-08-11,339.0,200.0,427.0,0.0,0.0
1973-08-12,333.0,211.0,0.0,0.0,0.0
1973-08-13,339.0,222.0,0.0,0.0,0.0
1973-08-14,344.0,222.0,0.0,0.0,0.0
1973-08-15,339.0,183.0,28.0,0.0,0.0
1973-08-16,322.0,183.0,0.0,0.0,0.0
1973-08-17,322.0,206.0,0.0,0.0,0.0
1973-08-18,311.0,217.0,0.0,0.0,0.0
1973-08-19,317.0,206.0,0.0,0.0,0.0
1973-08-20,322.0,194.0,0.0,0.0,0.0
1973-08-21,339.0,200.0,0.0,0.0,0.0
1973-08-22,322.0,156.0,0.0,0.0,0.0
1973-08-23,311.0,150.0,0.0,0.0,0.0
1973-08-24,328.0,189.0,0.0,0.0,0.0
1973-08-25,333.0,200.0,0.0,0.0,0.0
1973-08-26,339.0,200.0,0.0,0.0,0.0
1973-08-27,333.0,194.0,0.0,0.0,0.0
1973-08-28,328.0,183.0,0.0,0.0,0.0
1973-08-29,339.0,183.0,5.0,0.0,0.0
1973-08-30,300.0,189.0,13.0,0.0,0.0
1973-08-31,311.0,194.0,0.0,0.0,0.0
1973-09-01,328.0,217.0,0.0,0.0,0.0
1973-09-02,311.0,222.0,0.0,0.0,0.0
1973-09-03,250.0,222.0,51.0,0.0,0.0
1973-09-04,294.0,211.0,183.0,0.0,0.0
1973-09-05,283.0,194.0,254.0,0.0,0.0
1973-09-06,244.0,206.0,249.0,0.0,0.0
1973-09-07,267.0,228.0,51.0,0.0,0.0
1973-09-08,283.0,228.0,175.0,0.0,0.0
1973-09-09,311.0,217.0,0.0,0.0,0.0
1973-09-10,328.0,222.0,0.0,0.0,0.0
1973-09-11,333.0,211.0,0.0,0.0,0.0
1973-09-12,289.0,194.0,0.0,0.0,0.0
1973-09-13,289.0,189.0,23.0,0.0,0.0
1973-09-14,306.0,194.0,0.0,0.0,0.0
1973-09-15,311.0,178.0,0.0,0.0,0.0
1973-09-16,317.0,156.0,0.0,0.0,0.0
1973-09-17,289.0,150.0,0.0,0.0,0.0
1973-09-18,289.0,144.0,0.0,0.0,0.0
1973-09-19,217.0,111.0,0.0,0.0,0.0
1973-09-20,256.0,128.0,0.0,0.0,0.0
1973-09-21,294.0,167.0,0.0,0.0,0.0
1973-09-22,311.0,172.0,0.0,0.0,0.0
1973-09-23,311.0,172.0,0.0,0.0,0.0
1973-09-24,300.0,167.0,0.0,0.0,0.0
1973-09-25,300.0,189.0,71.0,0.0,0.0
1973-09-26,317.0,206.0,0.0,0.0,0.0
1973-09-27,300.0,200.0,0.0,0.0,0.0
1973-09-28,294.0,200.0,0.0,0.0,0.0
1973-09-29,289.0,150.0,155.0,0.0,0.0
1973-09-30,283.0,150.0,0.0,0.0,0.0
1973-10-01,283.0,167.0,0.0,0.0,0.0
1973-10-02,283.0,156.0,0.0,0.0,0.0
1973-10-03,306.0,172.0,0.0,0.0,0.0
1973-10-04,306.0,183.0,0.0,0.0,0.0
1973-10-05,317.0,183.0,0.0,0.0,0.0
1973-10-06,256.0,167.0,0.0,0.0,0.0
1973-10-07,278.0,178.0,0.0,0.0,0.0
1973-10-08,289.0,194.0,56.0,0.0,0.0
1973-10-09,306.0,189.0,0.0,0.0,0.0
1973-10-10,311.0,200.0,18.0,0.0,0.0
1973-10-11,300.0,206.0,0.0,0.0,0.0
1973-10-12,300.0,194.0,384.0,0.0,0.0
1973-10-13,267.0,178.0,0.0,0.0,0.0
1973-10-14,261.0,172.0,0.0,0.0,0.0
1973-10-15,267.0,183.0,188.0,0.0,0.0
1973-10-16,222.0,178.0,1196.0,0.0,0.0
1973-10-17,211.0,89.0,107.0,0.0,0.0
1973-10-18,211.0,50.0,0.0,0.0,0.0
1973-10-19,239.0,50.0,0.0,0.0,0.0
1973-10-20,250.0,61.0,0.0,0.0,0.0
1973-10-21,256.0,61.0,0.0,0.0,0.0
1973-10-22,267.0,67.0,0.0,0.0,0.0
1973-10-23,278.0,106.0,0.0,0.0,0.0
1973-10-24,283.0,106.0,0.0,0.0,0.0
1973-10-25,272.0,122.0,0.0,0.0,0.0
1973-10-26,272.0,128.0,0.0,0.0,0.0
1973-10-27,278.0,111.0,0.0,0.0,0.0
1973-10-28,272.0,78.0,33.0,0.0,0.0
1973-10-29,217.0,11.0,0.0,0.0,0.0
1973-10-30,194.0,11.0,0.0,0.0,0.0
1973-10-31,200.0,61.0,257.0,0.0,0.0
1973-11-01,211.0,44.0,0.0,0.0,0.0
1973-11-02,228.0,33.0,0.0,0.0,0.0
1973-11-03,256.0,144.0,0.0,0.0,0.0
1973-11-04,189.0,122.0,0.0,0.0,0.0
1973-11-05,167.0,83.0,396.0,0.0,0.0
1973-11-06,94.0,22.0,0.0,0.0,0.0
1973-11-07,144.0,33.0,18.0,0.0,0.0
1973-11-08,150.0,78.0,69.0,0.0,0.0
1973-11-09,167.0,106.0,0.0,0.0,0.0
1973-11-10,156.0,11.0,0.0,0.0,0.0
1973-11-11,144.0,0.0,0.0,0.0,0.0
1973-11-12,200.0,22.0,0.0,0.0,0.0
1973-11-13,206.0,28.0,0.0,0.0,0.0
1973-11-14,239.0,111.0,0.0,0.0,0.0
1973-11-15,244.0,172.0,0.0,0.0,0.0
1973-11-16,261.0,44.0,0.0,0.0,0.0
1973-11-17,183.0,44.0,0.0,0.0,0.0
1973-11-18,189.0,89.0,0.0,0.0,0.0
1973-11-19,194.0,106.0,0.0,0.0,0.0
1973-11-20,222.0,161.0,0.0,0.0,0.0
1973-11-21,222.0,44.0,241.0,0.0,0.0
1973-11-22,206.0,61.0,0.0,0.0,0.0
1973-11-23,217.0,94.0,0.0,0.0,0.0
1973-11-24,244.0,156.0,0.0,0.0,0.0
1973-11-25,272.0,111.0,94.0,0.0,0.0
1973-11-26,228.0,100.0,340.0,0.0,0.0
1973-11-27,222.0,144.0,183.0,0.0,0.0
1973-11-28,200.0,67.0,315.0,0.0,0.0
1973-11-29,72.0,-11.0,0.0,0.0,0.0
1973-11-30,183.0,-11.0,0.0,0.0,0.0
1973-12-01,211.0,44.0,0.0,0.0,0.0
1973-12-02,217.0,39.0,0.0,0.0,0.0
1973-12-03,211.0,56.0,0.0,0.0,0.0
1973-12-04,211.0,61.0,559.0,0.0,0.0
1973-12-05,144.0,11.0,0.0,0.0,0.0
1973-12-06,117.0,-11.0,0.0,0.0,0.0
1973-12-07,94.0,-22.0,0.0,0.0,0.0
1973-12-08,67.0,-56.0,0.0,0.0,0.0
1973-12-09,117.0,-33.0,0.0,0.0,0.0
1973-12-10,128.0,-44.0,0.0,0.0,0.0
1973-12-11,128.0,-33.0,0.0,0.0,0.0
1973-12-12,133.0,-22.0,0.0,0.0,0.0
1973-12-13,183.0,0.0,0.0,0.0,0.0
1973-12-14,233.0,6.0,0.0,0.0,0.0
1973-12-15,128.0,22.0,0.0,0.0,0.0
1973-12-16,61.0,-39.0,0.0,0.0,0.0
1973-12-17,11.0,-72.0,0.0,0.0,0.0
1973-12-18,67.0,-78.0,0.0,0.0,0.0
1973-12-19,161.0,22.0,15.0,0.0,0.0
1973-12-20,122.0,-22.0,249.0,0.0,0.0
1973-12-21,44.0,-89.0,0.0,0.0,0.0
1973-12-22,56.0,-67.0,0.0,0.0,0.0
1973-12-23,144.0,-22.0,0.0,0.0,0.0
1973-12-24,189.0,0.0,295.0,0.0,0.0
1973-12-25,133.0,33.0,173.0,0.0,0.0
1973-12-26,100.0,22.0,127.0,0.0,0.0
1973-12-27,133.0,11.0,10.0,0.0,0.0
1973-12-28,117.0,11.0,0.0,0.0,0.0
1973-12-29,150.0,11.0,0.0,0.0,0.0
1973-12-30,189.0,11.0,0.0,0.0,0.0
1973-12-31,150.0,11.0,0.0,0.0,0.0
1974-01-01,39.0,-83.0,0.0,0.0,0.0
1974-01-02,-17.0,-78.0,0.0,0.0,0.0
1974-01-03,0.0,-39.0,432.0,0.0,0.0
1974-01-04,-6.0,-50.0,41.0,0.0,0.0
1974-01-05,6.0,-50.0,0.0,0.0,0.0
1974-01-06,11.0,0.0,8.0,0.0,0.0
1974-01-07,33.0,-17.0,28.0,0.0,0.0
1974-01-08,44.0,-22.0,0.0,0.0,0.0
1974-01-09,189.0,11.0,226.0,0.0,0.0
1974-01-10,117.0,22.0,483.0,0.0,0.0
1974-01-11,56.0,22.0,470.0,0.0,0.0
1974-01-12,28.0,-28.0,0.0,0.0,0.0
1974-01-13,28.0,-44.0,0.0,0.0,0.0
1974-01-14,94.0,0.0,124.0,0.0,0.0
1974-01-15,100.0,94.0,10.0,0.0,0.0
1974-01-16,150.0,94.0,0.0,0.0,0.0
1974-01-17,228.0,144.0,5.0,0.0,0.0
1974-01-18,217.0,167.0,0.0,0.0,0.0
1974-01-19,233.0,167.0,0.0,0.0,0.0
1974-01-20,194.0,94.0,180.0,0.0,0.0
1974-01-21,144.0,22.0,0.0,0.0,0.0
1974-01-22,183.0,22.0,0.0,0.0,0.0
1974-01-23,194.0,67.0,51.0,0.0,0.0
1974-01-24,78.0,44.0,320.0,0.0,0.0
1974-01-25,72.0,39.0,89.0,0.0,0.0
1974-01-26,106.0,44.0,132.0,0.0,0.0
1974-01-27,156.0,89.0,46.0,0.0,0.0
1974-01-28,217.0,89.0,196.0,0.0,0.0
1974-01-29,167.0,33.0,0.0,0.0,0.0
1974-01-30,178.0,28.0,0.0,0.0,0.0
1974-01-31,206.0,61.0,0.0,0.0,0.0
1974-02-01,211.0,72.0,0.0,0.0,0.0
1974-02-02,256.0,89.0,0.0,0.0,0.0
1974-02-03,256.0,44.0,0.0,0.0,0.0
1974-02-04,89.0,-17.0,0.0,0.0,0.0
1974-02-05,144.0,-11.0,0.0,0.0,0.0
1974-02-06,172.0,39.0,8.0,0.0,0.0
1974-02-07,244.0,22.0,0.0,0.0,0.0
1974-02-08,111.0,-11.0,0.0,0.0,0.0
1974-02-09,39.0,-61.0,0.0,0.0,0.0
1974-02-10,100.0,-17.0,0.0,0.0,0.0
1974-02-11,128.0,-39.0,0.0,0.0,0.0
1974-02-12,156.0,11.0,0.0,0.0,0.0
1974-02-13,217.0,50.0,0.0,0.0,0.0
1974-02-14,228.0,56.0,0.0,0.0,0.0
1974-02-15,183.0,72.0,122.0,0.0,0.0
1974-02-16,89.0,44.0,36.0,0.0,0.0
1974-02-17,117.0,-6.0,0.0,0.0,0.0
1974-02-18,167.0,-11.0,0.0,0.0,0.0
1974-02-19,150.0,6.0,262.0,0.0,0.0
1974-02-20,156.0,11.0,0.0,0.0,0.0
1974-02-21,189.0,50.0,0.0,0.0,0.0
1974-02-22,172.0,39.0,569.0,0.0,0.0
1974-02-23,183.0,-22.0,0.0,0.0,0.0
1974-02-24,156.0,28.0,0.0,0.0,0.0
1974-02-25,89.0,-56.0,0.0,0.0,0.0
1974-02-26,67.0,-67.0,0.0,0.0,0.0
1974-02-27,133.0,-39.0,0.0,0.0,0.0
1974-02-28,178.0,6.0,0.0,0.0,0.0
1974-03-01,228.0,111.0,0.0,0.0,0.0
1974-03-02,228.0,139.0,0.0,0.0,0.0
1974-03-03,244.0,172.0,0.0,0.0,0.0
1974-03-04,267.0,144.0,0.0,0.0,0.0
1974-03-05,244.0,156.0,0.0,0.0,0.0
1974-03-06,256.0,161.0,0.0,0.0,0.0
1974-03-07,267.0,161.0,0.0,0.0,0.0
1974-03-08,283.0,161.0,0.0,0.0,0.0
1974-03-09,278.0,156.0,0.0,0.0,0.0
1974-03-10,278.0,161.0,0.0,0.0,0.0
1974-03-11,272.0,167.0,5.0,0.0,0.0
1974-03-12,217.0,144.0,163.0,0.0,0.0
1974-03-13,200.0,56.0,0.0,0.0,0.0
1974-03-14,133.0,11.0,0.0,0.0,0.0
1974-03-15,200.0,22.0,0.0,0.0,0.0
1974-03-16,239.0,67.0,8.0,0.0,0.0
1974-03-17,211.0,33.0,0.0,0.0,0.0
1974-03-18,206.0,11.0,0.0,0.0,0.0
1974-03-19,250.0,156.0,0.0,0.0,0.0
1974-03-20,300.0,72.0,0.0,0.0,0.0
1974-03-21,133.0,39.0,185.0,0.0,0.0
1974-03-22,133.0,-17.0,0.0,0.0,0.0
1974-03-23,194.0,0.0,0.0,0.0,0.0
1974-03-24,156.0,-17.0,0.0,0.0,0.0
1974-03-25,89.0,-11.0,48.0,0.0,0.0
1974-03-26,111.0,11.0,0.0,0.0,0.0
1974-03-27,200.0,83.0,3.0,0.0,0.0
1974-03-28,211.0,89.0,3.0,0.0,0.0
1974-03-29,244.0,111.0,155.0,0.0,0.0
1974-03-30,278.0,94.0,0.0,0.0,0.0
1974-03-31,289.0,144.0,0.0,0.0,0.0
1974-04-01,322.0,144.0,0.0,0.0,0.0
1974-04-02,267.0,72.0,66.0,0.0,0.0
1974-04-03,289.0,83.0,0.0,0.0,0.0
1974-04-04,300.0,94.0,0.0,0.0,0.0
1974-04-05,139.0,0.0,0.0,0.0,0.0
1974-04-06,156.0,0.0,0.0,0.0,0.0
1974-04-07,211.0,33.0,0.0,0.0,0.0
1974-04-08,222.0,67.0,0.0,0.0,0.0
1974-04-09,189.0,11.0,0.0,0.0,0.0
1974-04-10,194.0,78.0,0.0,0.0,0.0
1974-04-11,222.0,122.0,0.0,0.0,0.0
1974-04-12,239.0,139.0,467.0,0.0,0.0
1974-04-13,233.0,144.0,5.0,0.0,0.0
1974-04-14,222.0,144.0,0.0,0.0,0.0
1974-04-15,222.0,83.0,0.0,0.0,0.0
1974-04-16,194.0,61.0,0.0,0.0,0.0
1974-04-17,211.0,22.0,0.0,0.0,0.0
1974-04-18,233.0,56.0,0.0,0.0,0.0
1974-04-19,250.0,78.0,5.0,0.0,0.0
1974-04-20,267.0,106.0,0.0,0.0,0.0
1974-04-21,272.0,178.0,0.0,0.0,0.0
1974-04-22,267.0,161.0,610.0,0.0,0.0
1974-04-23,250.0,144.0,84.0,0.0,0.0
1974-04-24,244.0,94.0,0.0,0.0,0.0
1974-04-25,233.0,50.0,0.0,0.0,0.0
1974-04-26,228.0,78.0,0.0,0.0,0.0
1974-04-27,267.0,128.0,0.0,0.0,0.0
1974-04-28,267.0,128.0,0.0,0.0,0.0
1974-04-29,272.0,156.0,0.0,0.0,0.0
1974-04-30,278.0,167.0,0.0,0.0,0.0
1974-05-01,278.0,178.0,0.0,0.0,0.0
1974-05-02,211.0,178.0,0.0,0.0,0.0
1974-05-03,289.0,178.0,0.0,0.0,0.0
1974-05-04,306.0,189.0,0.0,0.0,0.0
1974-05-05,261.0,156.0,13.0,0.0,0.0
1974-05-06,233.0,78.0,0.0,0.0,0.0
1974-05-07,256.0,100.0,0.0,0.0,0.0
1974-05-08,267.0,122.0,0.0,0.0,0.0
1974-05-09,283.0,144.0,0.0,0.0,0.0
1974-05-10,283.0,156.0,0.0,0.0,0.0
1974-05-11,294.0,161.0,0.0,0.0,0.0
1974-05-12,306.0,128.0,152.0,0.0,0.0
1974-05-13,311.0,128.0,0.0,0.0,0.0
1974-05-14,306.0,150.0,0.0,0.0,0.0
1974-05-15,289.0,178.0,28.0,0.0,0.0
1974-05-16,272.0,206.0,3.0,0.0,0.0
1974-05-17,306.0,211.0,0.0,0.0,0.0
1974-05-18,311.0,206.0,0.0,0.0,0.0
1974-05-19,317.0,194.0,0.0,0.0,0.0
1974-05-20,333.0,183.0,0.0,0.0,0.0
1974-05-21,322.0,211.0,0.0,0.0,0.0
1974-05-22,272.0,172.0,368.0,0.0,0.0
1974-05-23,250.0,139.0,13.0,0.0,0.0
1974-05-24,283.0,156.0,0.0,0.0,0.0
1974-05-25,311.0,183.0,0.0,0.0,0.0
1974-05-26,300.0,172.0,417.0,0.0,0.0
1974-05-27,239.0,133.0,13.0,0.0,0.0
1974-05-28,256.0,139.0,0.0,0.0,0.0
1974-05-29,294.0,211.0,0.0,0.0,0.0
1974-05-30,311.0,217.0,0.0,0.0,0.0
1974-05-31,311.0,228.0,20.0,0.0,0.0
1974-06-01,267.0,183.0,584.0,0.0,0.0
1974-06-02,256.0,139.0,3.0,0.0,0.0
1974-06-03,272.0,156.0,0.0,0.0,0.0
1974-06-04,289.0,178.0,0.0,0.0,0.0
1974-06-05,300.0,172.0,117.0,0.0,0.0
1974-06-06,261.0,178.0,114.0,0.0,0.0
1974-06-07,306.0,222.0,0.0,0.0,0.0
1974-06-08,272.0,194.0,1003.0,0.0,0.0
1974-06-09,333.0,233.0,3.0,0.0,0.0
1974-06-10,306.0,189.0,97.0,0.0,0.0
1974-06-11,278.0,150.0,0.0,0.0,0.0
1974-06-12,300.0,189.0,0.0,0.0,0.0
1974-06-13,278.0,161.0,0.0,0.0,0.0
1974-06-14,294.0,178.0,0.0,0.0,0.0
1974-06-15,311.0,200.0,0.0,0.0,0.0
1974-06-16,311.0,206.0,28.0,0.0,0.0
1974-06-17,283.0,144.0,0.0,0.0,0.0
1974-06-18,278.0,189.0,0.0,0.0,0.0
1974-06-19,278.0,206.0,43.0,0.0,0.0
1974-06-20,322.0,222.0,0.0,0.0,0.0
1974-06-21,328.0,222.0,0.0,0.0,0.0
1974-06-22,328.0,222.0,0.0,0.0,0.0
1974-06-23,322.0,217.0,53.0,0.0,0.0
1974-06-24,294.0,150.0,0.0,0.0,0.0
1974-06-25,244.0,106.0,0.0,0.0,0.0
1974-06-26,250.0,128.0,0.0,0.0,0.0
1974-06-27,261.0,117.0,0.0,0.0,0.0
1974-06-28,278.0,133.0,0.0,0.0,0.0
1974-06-29,294.0,133.0,0.0,0.0,0.0
1974-06-30,300.0,172.0,0.0,0.0,0.0
1974-07-01,300.0,194.0,0.0,0.0,0.0
1974-07-02,317.0,206.0,0.0,0.0,0.0
1974-07-03,322.0,206.0,0.0,0.0,0.0
1974-07-04,328.0,222.0,0.0,0.0,0.0
1974-07-05,317.0,206.0,0.0,0.0,0.0
1974-07-06,333.0,189.0,36.0,0.0,0.0
1974-07-07,322.0,217.0,0.0,0.0,0.0
1974-07-08,317.0,200.0,0.0,0.0,0.0
1974-07-09,294.0,194.0,0.0,0.0,0.0
1974-07-10,317.0,211.0,0.0,0.0,0.0
1974-07-11,339.0,183.0,0.0,0.0,0.0
1974-07-12,344.0,194.0,0.0,0.0,0.0
1974-07-13,350.0,211.0,0.0,0.0,0.0
1974-07-14,350.0,206.0,56.0,0.0,0.0
1974-07-15,350.0,194.0,236.0,0.0,0.0
1974-07-16,333.0,194.0,0.0,0.0,0.0
1974-07-17,328.0,200.0,0.0,0.0,0.0
1974-07-18,339.0,228.0,0.0,0.0,0.0
1974-07-19,339.0,211.0,0.0,0.0,0.0
1974-07-20,350.0,217.0,0.0,0.0,0.0
1974-07-21,361.0,211.0,0.0,0.0,0.0
1974-07-22,361.0,211.0,28.0,0.0,0.0
1974-07-23,367.0,233.0,0.0,0.0,0.0
1974-07-24,339.0,211.0,74.0,0.0,0.0
1974-07-25,289.0,206.0,0.0,0.0,0.0
1974-07-26,333.0,200.0,668.0,0.0,0.0
1974-07-27,322.0,200.0,0.0,0.0,0.0
1974-07-28,311.0,200.0,0.0,0.0,0.0
1974-07-29,328.0,206.0,0.0,0.0,0.0
1974-07-30,339.0,178.0,0.0,0.0,0.0
1974-07-31,289.0,200.0,0.0,0.0,0.0
1974-08-01,283.0,183.0,0.0,0.0,0.0
1974-08-02,311.0,194.0,0.0,0.0,0.0
1974-08-03,300.0,200.0,0.0,0.0,0.0
1974-08-04,306.0,156.0,0.0,0.0,0.0
1974-08-05,300.0,133.0,0.0,0.0,0.0
1974-08-06,311.0,161.0,0.0,0.0,0.0
1974-08-07,300.0,189.0,0.0,0.0,0.0
1974-08-08,311.0,200.0,0.0,0.0,0.0
1974-08-09,317.0,211.0,0.0,0.0,0.0
1974-08-10,322.0,222.0,38.0,0.0,0.0
1974-08-11,333.0,133.0,0.0,0.0,0.0
1974-08-12,328.0,239.0,0.0,0.0,0.0
1974-08-13,333.0,206.0,0.0,0.0,0.0
1974-08-14,328.0,172.0,76.0,0.0,0.0
1974-08-15,311.0,194.0,8.0,0.0,0.0
1974-08-16,328.0,217.0,8.0,0.0,0.0
1974-08-17,328.0,206.0,224.0,0.0,0.0
1974-08-18,350.0,200.0,0.0,0.0,0.0
1974-08-19,294.0,189.0,0.0,0.0,0.0
1974-08-20,344.0,189.0,0.0,0.0,0.0
1974-08-21,328.0,183.0,0.0,0.0,0.0
1974-08-22,333.0,189.0,0.0,0.0,0.0
1974-08-23,333.0,200.0,0.0,0.0,0.0
1974-08-24,333.0,200.0,0.0,0.0,0.0
1974-08-25,333.0,194.0,0.0,0.0,0.0
1974-08-26,328.0,206.0,122.0,0.0,0.0
1974-08-27,328.0,189.0,0.0,0.0,0.0
1974-08-28,311.0,217.0,0.0,0.0,0.0
1974-08-29,322.0,222.0,178.0,0.0,0.0
1974-08-30,272.0,194.0,925.0,0.0,0.0
1974-08-31,239.0,194.0,282.0,0.0,0.0
1974-09-01,217.0,189.0,353.0,0.0,0.0
1974-09-02,261.0,200.0,0.0,0.0,0.0
1974-09-03,267.0,133.0,79.0,0.0,0.0
1974-09-04,206.0,94.0,0.0,0.0,0.0
1974-09-05,217.0,122.0,0.0,0.0,0.0
1974-09-06,228.0,139.0,0.0,0.0,0.0
1974-09-07,222.0,178.0,0.0,0.0,0.0
1974-09-08,267.0,183.0,0.0,0.0,0.0
1974-09-09,233.0,200.0,48.0,0.0,0.0
1974-09-10,300.0,206.0,0.0,0.0,0.0
1974-09-11,306.0,217.0,0.0,0.0,0.0
1974-09-12,306.0,211.0,112.0,0.0,0.0
1974-09-13,294.0,211.0,0.0,0.0,0.0
1974-09-14,228.0,144.0,254.0,0.0,0.0
1974-09-15,228.0,139.0,0.0,0.0,0.0
1974-09-16,261.0,144.0,0.0,0.0,0.0
1974-09-17,272.0,172.0,0.0,0.0,0.0
1974-09-18,250.0,161.0,0.0,0.0,0.0
1974-09-19,272.0,150.0,0.0,0.0,0.0
1974-09-20,300.0,172.0,0.0,0.0,0.0
1974-09-21,311.0,189.0,38.0,0.0,0.0
1974-09-22,228.0,128.0,0.0,0.0,0.0
1974-09-23,222.0,72.0,0.0,0.0,0.0
1974-09-24,206.0,94.0,0.0,0.0,0.0
1974-09-25,194.0,117.0,584.0,0.0,0.0
1974-09-26,156.0,117.0,48.0,0.0,0.0
1974-09-27,172.0,150.0,36.0,0.0,0.0
1974-09-28,239.0,167.0,0.0,0.0,0.0
1974-09-29,278.0,83.0,66.0,0.0,0.0
1974-09-30,228.0,67.0,0.0,0.0,0.0
1974-10-01,267.0,94.0,0.0,0.0,0.0
1974-10-02,261.0,100.0,0.0,0.0,0.0
1974-10-03,194.0,72.0,0.0,0.0,0.0
1974-10-04,206.0,89.0,0.0,0.0,0.0
1974-10-05,228.0,78.0,0.0,0.0,0.0
1974-10-06,250.0,72.0,0.0,0.0,0.0
1974-10-07,267.0,122.0,0.0,0.0,0.0
1974-10-08,200.0,94.0,0.0,0.0,0.0
1974-10-09,194.0,117.0,0.0,0.0,0.0
1974-10-10,250.0,94.0,0.0,0.0,0.0
1974-10-11,267.0,100.0,0.0,0.0,0.0
1974-10-12,278.0,117.0,0.0,0.0,0.0
1974-10-13,283.0,156.0,0.0,0.0,0.0
1974-10-14,267.0,161.0,0.0,0.0,0.0
1974-10-15,272.0,111.0,81.0,0.0,0.0
1974-10-16,167.0,17.0,10.0,0.0,0.0
1974-10-17,194.0,33.0,0.0,0.0,0.0
1974-10-18,261.0,67.0,0.0,0.0,0.0
1974-10-19,283.0,100.0,0.0,0.0,0.0
1974-10-20,200.0,39.0,0.0,0.0,0.0
1974-10-21,217.0,44.0,0.0,0.0,0.0
1974-10-22,189.0,61.0,0.0,0.0,0.0
1974-10-23,233.0,89.0,0.0,0.0,0.0
1974-10-24,250.0,61.0,0.0,0.0,0.0
1974-10-25,250.0,72.0,0.0,0.0,0.0
1974-10-26,222.0,106.0,0.0,0.0,0.0
1974-10-27,267.0,83.0,0.0,0.0,0.0
1974-10-28,267.0,106.0,0.0,0.0,0.0
1974-10-29,211.0,167.0,767.0,0.0,0.0
1974-10-30,272.0,194.0,0.0,0.0,0.0
1974-10-31,278.0,183.0,0.0,0.0,0.0
1974-11-01,256.0,161.0,112.0,0.0,0.0
1974-11-02,244.0,183.0,20.0,0.0,0.0
1974-11-03,256.0,178.0,0.0,0.0,0.0
1974-11-04,261.0,200.0,18.0,0.0,0.0
1974-11-05,222.0,39.0,191.0,0.0,0.0
1974-11-06,178.0,33.0,0.0,0.0,0.0
1974-11-07,156.0,50.0,0.0,0.0,0.0
1974-11-08,100.0,72.0,41.0,0.0,0.0
1974-11-09,161.0,33.0,0.0,0.0,0.0
1974-11-10,167.0,111.0,18.0,0.0,0.0
1974-11-11,172.0,56.0,325.0,0.0,0.0
1974-11-12,167.0,11.0,0.0,0.0,0.0
1974-11-13,150.0,28.0,0.0,0.0,0.0
1974-11-14,206.0,50.0,0.0,0.0,0.0
1974-11-15,106.0,-33.0,0.0,0.0,0.0
1974-11-16,128.0,33.0,0.0,0.0,0.0
1974-11-17,106.0,22.0,71.0,0.0,0.0
1974-11-18,122.0,94.0,0.0,0.0,0.0
1974-11-19,200.0,100.0,13.0,0.0,0.0
1974-11-20,261.0,94.0,3.0,0.0,0.0
1974-11-21,200.0,17.0,0.0,0.0,0.0
1974-11-22,228.0,44.0,0.0,0.0,0.0
1974-11-23,239.0,106.0,0.0,0.0,0.0
1974-11-24,244.0,156.0,145.0,0.0,0.0
1974-11-25,167.0,-17.0,132.0,0.0,0.0
1974-11-26,111.0,-11.0,0.0,0.0,0.0
1974-11-27,144.0,0.0,0.0,0.0,0.0
1974-11-28,139.0,-22.0,0.0,0.0,0.0
1974-11-29,161.0,56.0,0.0,0.0,0.0
1974-11-30,161.0,-6.0,91.0,0.0,0.0
1974-12-01,44.0,-11.0,0.0,0.0,0.0
1974-12-02,44.0,-28.0,0.0,0.0,0.0
1974-12-03,100.0,-50.0,0.0,0.0,0.0
1974-12-04,106.0,-56.0,0.0,0.0,0.0
1974-12-05,128.0,-17.0,0.0,0.0,0.0
1974-12-06,167.0,50.0,150.0,0.0,0.0
1974-12-07,133.0,83.0,5.0,0.0,0.0
1974-12-08,128.0,67.0,0.0,0.0,0.0
1974-12-09,78.0,-72.0,0.0,0.0,0.0
1974-12-10,50.0,-44.0,0.0,0.0,0.0
1974-12-11,128.0,-6.0,130.0,0.0,0.0
1974-12-12,94.0,33.0,0.0,0.0,0.0
1974-12-13,111.0,17.0,0.0,0.0,0.0
1974-12-14,150.0,22.0,0.0,0.0,0.0
1974-12-15,189.0,33.0,338.0,0.0,0.0
1974-12-16,122.0,-17.0,0.0,0.0,0.0
1974-12-17,83.0,-22.0,0.0,0.0,0.0
1974-12-18,94.0,6.0,0.0,0.0,0.0
1974-12-19,172.0,6.0,5.0,0.0,0.0
1974-12-20,139.0,11.0,0.0,0.0,0.0
1974-12-21,156.0,-28.0,0.0,0.0,0.0
1974-12-22,194.0,17.0,0.0,0.0,0.0
1974-12-23,217.0,100.0,0.0,0.0,0.0
1974-12-24,217.0,128.0,51.0,0.0,0.0
1974-12-25,233.0,50.0,0.0,0.0,0.0
1974-12-26,122.0,17.0,183.0,0.0,0.0
1974-12-27,67.0,22.0,66.0,0.0,0.0
1974-12-28,89.0,33.0,18.0,0.0,0.0
1974-12-29,83.0,61.0,13.0,0.0,0.0
1974-12-30,150.0,83.0,175.0,0.0,0.0
1974-12-31,183.0,100.0,25.0,0.0,0.0
1975-01-01,250.0,72.0,43.0,0.0,0.0
1975-01-02,106.0,39.0,0.0,0.0,0.0
1975-01-03,106.0,39.0,160.0,0.0,0.0
1975-01-04,72.0,-44.0,8.0,0.0,0.0
1975-01-05,111.0,-33.0,0.0,0.0,0.0
1975-01-06,111.0,0.0,0.0,0.0,0.0
1975-01-07,117.0,33.0,0.0,0.0,0.0
1975-01-08,161.0,44.0,84.0,0.0,0.0
1975-01-09,200.0,11.0,0.0,0.0,0.0
1975-01-10,206.0,106.0,295.0,0.0,0.0
1975-01-11,139.0,0.0,13.0,0.0,0.0
1975-01-12,89.0,-28.0,107.0,,102.0
1975-01-13,-11.0,-111.0,0.0,,0.0
1975-01-14,17.0,-78.0,0.0,,0.0
1975-01-15,83.0,-44.0,0.0,,0.0
1975-01-16,156.0,44.0,0.0,,0.0
1975-01-17,100.0,-6.0,0.0,,0.0
1975-01-18,122.0,22.0,51.0,0.0,0.0
1975-01-19,167.0,111.0,122.0,0.0,0.0
1975-01-20,161.0,-22.0,84.0,0.0,0.0
1975-01-21,61.0,-22.0,0.0,0.0,0.0
1975-01-22,106.0,-6.0,0.0,0.0,0.0
1975-01-23,106.0,-6.0,0.0,0.0,0.0
1975-01-24,139.0,11.0,0.0,0.0,0.0
1975-01-25,122.0,56.0,13.0,0.0,0.0
1975-01-26,183.0,6.0,0.0,0.0,0.0
1975-01-27,167.0,33.0,0.0,0.0,0.0
1975-01-28,261.0,167.0,0.0,0.0,0.0
1975-01-29,256.0,167.0,0.0,0.0,0.0
1975-01-30,267.0,128.0,0.0,0.0,0.0
1975-01-31,261.0,106.0,0.0,0.0,0.0
1975-02-01,200.0,-11.0,919.0,0.0,0.0
1975-02-02,194.0,-44.0,165.0,0.0,0.0
1975-02-03,106.0,-67.0,51.0,0.0,0.0
1975-02-04,100.0,39.0,0.0,0.0,0.0
1975-02-05,150.0,56.0,0.0,0.0,0.0
1975-02-06,156.0,-17.0,0.0,0.0,0.0
1975-02-07,17.0,-83.0,0.0,0.0,0.0
1975-02-08,128.0,-44.0,0.0,0.0,0.0
1975-02-09,56.0,-44.0,0.0,0.0,0.0
1975-02-10,100.0,-61.0,0.0,0.0,0.0
1975-02-11,144.0,-28.0,0.0,0.0,0.0
1975-02-12,228.0,56.0,0.0,0.0,0.0
1975-02-13,83.0,-39.0,0.0,0.0,0.0
1975-02-14,156.0,-22.0,0.0,0.0,0.0
1975-02-15,206.0,89.0,0.0,0.0,0.0
1975-02-16,200.0,106.0,175.0,0.0,0.0
1975-02-17,161.0,6.0,254.0,0.0,0.0
1975-02-18,144.0,22.0,0.0,0.0,0.0
1975-02-19,161.0,-17.0,0.0,0.0,0.0
1975-02-20,156.0,-22.0,0.0,0.0,0.0
1975-02-21,150.0,17.0,0.0,0.0,0.0
1975-02-22,222.0,111.0,0.0,0.0,0.0
1975-02-23,244.0,33.0,404.0,0.0,0.0
1975-02-24,50.0,-22.0,5.0,0.0,0.0
1975-02-25,89.0,-11.0,0.0,0.0,0.0
1975-02-26,206.0,0.0,0.0,0.0,0.0
1975-02-27,161.0,22.0,142.0,0.0,0.0
1975-02-28,150.0,28.0,0.0,0.0,0.0
1975-03-01,194.0,72.0,0.0,0.0,0.0
1975-03-02,233.0,78.0,0.0,0.0,0.0
1975-03-03,156.0,0.0,0.0,0.0,0.0
1975-03-04,44.0,6.0,5.0,0.0,0.0
1975-03-05,83.0,-22.0,0.0,0.0,0.0
1975-03-06,156.0,17.0,0.0,0.0,0.0
1975-03-07,222.0,106.0,0.0,0.0,0.0
1975-03-08,256.0,22.0,0.0,0.0,0.0
1975-03-09,106.0,17.0,0.0,0.0,0.0
1975-03-10,111.0,28.0,119.0,0.0,0.0
1975-03-11,117.0,33.0,107.0,0.0,0.0
1975-03-12,200.0,33.0,287.0,0.0,0.0
1975-03-13,211.0,17.0,643.0,0.0,0.0
1975-03-14,17.0,-28.0,58.0,0.0,0.0
1975-03-15,56.0,-17.0,0.0,0.0,0.0
1975-03-16,100.0,-6.0,38.0,0.0,0.0
1975-03-17,117.0,11.0,0.0,0.0,0.0
1975-03-18,167.0,67.0,295.0,0.0,0.0
1975-03-19,183.0,67.0,18.0,0.0,0.0
1975-03-20,217.0,83.0,0.0,0.0,0.0
1975-03-21,261.0,106.0,0.0,0.0,0.0
1975-03-22,256.0,144.0,0.0,0.0,0.0
1975-03-23,256.0,194.0,0.0,0.0,0.0
1975-03-24,272.0,111.0,13.0,0.0,0.0
1975-03-25,200.0,22.0,0.0,0.0,0.0
1975-03-26,211.0,44.0,0.0,0.0,0.0
1975-03-27,189.0,89.0,46.0,0.0,0.0
1975-03-28,250.0,156.0,10.0,0.0,0.0
1975-03-29,228.0,67.0,366.0,0.0,0.0
1975-03-30,89.0,-6.0,79.0,0.0,0.0
1975-03-31,117.0,6.0,0.0,0.0,0.0
1975-04-01,122.0,44.0,0.0,0.0,0.0
1975-04-02,222.0,83.0,0.0,0.0,0.0
1975-04-03,233.0,-22.0,0.0,0.0,0.0
1975-04-04,111.0,-22.0,0.0,0.0,0.0
1975-04-05,167.0,56.0,0.0,0.0,0.0
1975-04-06,183.0,72.0,0.0,0.0,0.0
1975-04-07,211.0,89.0,0.0,0.0,0.0
1975-04-08,178.0,100.0,69.0,0.0,0.0
1975-04-09,161.0,111.0,465.0,0.0,0.0
1975-04-10,233.0,106.0,0.0,0.0,0.0
1975-04-11,228.0,106.0,0.0,0.0,0.0
1975-04-12,161.0,17.0,0.0,0.0,0.0
1975-04-13,172.0,67.0,0.0,0.0,0.0
1975-04-14,128.0,83.0,208.0,0.0,0.0
1975-04-15,150.0,39.0,0.0,0.0,0.0
1975-04-16,244.0,67.0,0.0,0.0,0.0
1975-04-17,239.0,89.0,0.0,0.0,0.0
1975-04-18,239.0,156.0,0.0,0.0,0.0
1975-04-19,294.0,106.0,33.0,0.0,0.0
1975-04-20,222.0,61.0,0.0,0.0,0.0
1975-04-21,228.0,72.0,0.0,0.0,0.0
1975-04-22,244.0,100.0,0.0,0.0,0.0
1975-04-23,239.0,156.0,30.0,0.0,0.0
1975-04-24,256.0,172.0,0.0,0.0,0.0
1975-04-25,306.0,161.0,310.0,0.0,0.0
1975-04-26,294.0,156.0,0.0,0.0,0.0
1975-04-27,289.0,167.0,0.0,0.0,0.0
1975-04-28,261.0,167.0,0.0,0.0,0.0
1975-04-29,233.0,161.0,109.0,0.0,0.0
1975-04-30,228.0,161.0,452.0,0.0,0.0
1975-05-01,206.0,139.0,180.0,0.0,0.0
1975-05-02,239.0,139.0,0.0,0.0,0.0
1975-05-03,211.0,156.0,612.0,0.0,0.0
1975-05-04,256.0,133.0,0.0,0.0,0.0
1975-05-05,272.0,172.0,23.0,0.0,0.0
1975-05-06,283.0,172.0,8.0,0.0,0.0
1975-05-07,278.0,183.0,99.0,0.0,0.0
1975-05-08,267.0,189.0,0.0,0.0,0.0
1975-05-09,289.0,172.0,66.0,0.0,0.0
1975-05-10,217.0,128.0,671.0,0.0,0.0
1975-05-11,278.0,144.0,0.0,0.0,0.0
1975-05-12,267.0,150.0,5.0,0.0,0.0
1975-05-13,283.0,156.0,0.0,0.0,0.0
1975-05-14,261.0,161.0,0.0,0.0,0.0
1975-05-15,261.0,178.0,363.0,0.0,0.0
1975-05-16,222.0,144.0,124.0,0.0,0.0
1975-05-17,222.0,144.0,64.0,0.0,0.0
1975-05-18,222.0,122.0,0.0,0.0,0.0
1975-05-19,294.0,167.0,0.0,0.0,0.0
1975-05-20,300.0,206.0,0.0,0.0,0.0
1975-05-21,300.0,206.0,0.0,0.0,0.0
1975-05-22,306.0,206.0,0.0,0.0,0.0
1975-05-23,317.0,183.0,0.0,0.0,0.0
1975-05-24,300.0,200.0,0.0,0.0,0.0
1975-05-25,311.0,194.0,10.0,0.0,0.0
1975-05-26,311.0,200.0,0.0,0.0,0.0
1975-05-27,311.0,167.0,0.0,0.0,0.0
1975-05-28,306.0,200.0,0.0,0.0,0.0
1975-05-29,300.0,194.0,114.0,0.0,0.0
1975-05-30,283.0,189.0,30.0,0.0,0.0
1975-05-31,283.0,178.0,28.0,0.0,0.0
1975-06-01,267.0,128.0,0.0,0.0,0.0
1975-06-02,278.0,128.0,0.0,0.0,0.0
1975-06-03,294.0,161.0,0.0,0.0,0.0
1975-06-04,306.0,189.0,0.0,0.0,0.0
1975-06-05,317.0,206.0,0.0,0.0,0.0
1975-06-06,317.0,228.0,8.0,0.0,0.0
1975-06-07,311.0,178.0,117.0,0.0,0.0
1975-06-08,283.0,172.0,58.0,0.0,0.0
1975-06-09,294.0,194.0,132.0,0.0,0.0
1975-06-10,283.0,194.0,483.0,0.0,0.0
1975-06-11,256.0,211.0,117.0,0.0,0.0
1975-06-12,300.0,167.0,5.0,0.0,0.0
1975-06-13,289.0,133.0,0.0,0.0,0.0
1975-06-14,306.0,161.0,5.0,0.0,0.0
1975-06-15,289.0,178.0,155.0,0.0,0.0
1975-06-16,294.0,178.0,0.0,0.0,0.0
1975-06-17,300.0,233.0,0.0,0.0,0.0
1975-06-18,311.0,233.0,0.0,0.0,0.0
1975-06-19,328.0,211.0,0.0,0.0,0.0
1975-06-20,328.0,189.0,51.0,0.0,0.0
1975-06-21,322.0,200.0,0.0,0.0,0.0
1975-06-22,317.0,206.0,8.0,0.0,0.0
1975-06-23,306.0,211.0,13.0,0.0,0.0
1975-06-24,311.0,211.0,0.0,0.0,0.0
1975-06-25,322.0,217.0,5.0,0.0,0.0
1975-06-26,317.0,183.0,0.0,0.0,0.0
1975-06-27,328.0,206.0,0.0,0.0,0.0
1975-06-28,333.0,200.0,3.0,0.0,0.0
1975-06-29,322.0,200.0,137.0,0.0,0.0
1975-06-30,311.0,217.0,0.0,0.0,0.0
1975-07-01,328.0,217.0,0.0,0.0,0.0
1975-07-02,333.0,211.0,0.0,0.0,0.0
1975-07-03,333.0,206.0,8.0,0.0,0.0
1975-07-04,322.0,217.0,0.0,0.0,0.0
1975-07-05,333.0,217.0,0.0,0.0,0.0
1975-07-06,339.0,222.0,0.0,0.0,0.0
1975-07-07,339.0,233.0,0.0,0.0,0.0
1975-07-08,339.0,206.0,208.0,0.0,0.0
1975-07-09,317.0,211.0,0.0,0.0,0.0
1975-07-10,344.0,211.0,0.0,0.0,0.0
1975-07-11,306.0,211.0,8.0,0.0,0.0
1975-07-12,300.0,172.0,0.0,0.0,0.0
1975-07-13,294.0,161.0,0.0,0.0,0.0
1975-07-14,294.0,172.0,0.0,0.0,0.0
1975-07-15,306.0,167.0,0.0,0.0,0.0
1975-07-16,317.0,183.0,0.0,0.0,0.0
1975-07-17,333.0,200.0,0.0,0.0,0.0
1975-07-18,333.0,233.0,0.0,0.0,0.0
1975-07-19,339.0,217.0,0.0,0.0,0.0
1975-07-20,333.0,217.0,0.0,0.0,0.0
1975-07-21,344.0,206.0,135.0,0.0,0.0
1975-07-22,317.0,222.0,0.0,0.0,0.0
1975-07-23,350.0,222.0,0.0,0.0,0.0
1975-07-24,339.0,228.0,0.0,0.0,0.0
1975-07-25,333.0,217.0,0.0,0.0,0.0
1975-07-26,328.0,217.0,150.0,0.0,0.0
1975-07-27,317.0,211.0,53.0,0.0,0.0
1975-07-28,333.0,206.0,122.0,0.0,0.0
1975-07-29,317.0,211.0,30.0,0.0,0.0
1975-07-30,322.0,228.0,15.0,0.0,0.0
1975-07-31,278.0,217.0,0.0,0.0,0.0
1975-08-01,267.0,217.0,30.0,0.0,0.0
1975-08-02,294.0,217.0,38.0,0.0,0.0
1975-08-03,294.0,217.0,0.0,0.0,0.0
1975-08-04,306.0,211.0,109.0,0.0,0.0
1975-08-05,294.0,206.0,0.0,0.0,0.0
1975-08-06,294.0,183.0,0.0,0.0,0.0
1975-08-07,322.0,189.0,53.0,0.0,0.0
1975-08-08,278.0,183.0,8.0,0.0,0.0
1975-08-09,300.0,206.0,165.0,0.0,0.0
1975-08-10,300.0,206.0,0.0,0.0,0.0
1975-08-11,311.0,211.0,0.0,0.0,0.0
1975-08-12,322.0,217.0,0.0,0.0,0.0
1975-08-13,333.0,228.0,0.0,0.0,0.0
1975-08-14,339.0,233.0,0.0,0.0,0.0
1975-08-15,339.0,222.0,0.0,0.0,0.0
1975-08-16,350.0,217.0,0.0,0.0,0.0
1975-08-17,339.0,217.0,53.0,0.0,0.0
1975-08-18,300.0,206.0,955.0,0.0,0.0
1975-08-19,294.0,228.0,229.0,0.0,0.0
1975-08-20,322.0,217.0,0.0,0.0,0.0
1975-08-21,328.0,206.0,0.0,0.0,0.0
1975-08-22,328.0,228.0,0.0,0.0,0.0
1975-08-23,322.0,228.0,0.0,0.0,0.0
1975-08-24,322.0,222.0,0.0,0.0,0.0
1975-08-25,317.0,206.0,0.0,0.0,0.0
1975-08-26,317.0,200.0,13.0,0.0,0.0
1975-08-27,317.0,211.0,0.0,0.0,0.0
1975-08-28,328.0,211.0,0.0,0.0,0.0
1975-08-29,339.0,211.0,0.0,0.0,0.0
1975-08-30,344.0,211.0,0.0,0.0,0.0
1975-08-31,328.0,206.0,0.0,0.0,0.0
1975-09-01,328.0,194.0,15.0,0.0,0.0
1975-09-02,333.0,194.0,0.0,0.0,0.0
1975-09-03,344.0,217.0,0.0,0.0,0.0
1975-09-04,350.0,211.0,0.0,0.0,0.0
1975-09-05,339.0,228.0,0.0,0.0,0.0
1975-09-06,322.0,189.0,38.0,0.0,0.0
1975-09-07,317.0,150.0,66.0,0.0,0.0
1975-09-08,278.0,167.0,0.0,0.0,0.0
1975-09-09,311.0,211.0,0.0,0.0,0.0
1975-09-10,322.0,222.0,0.0,0.0,0.0
1975-09-11,322.0,217.0,0.0,0.0,0.0
1975-09-12,317.0,206.0,25.0,0.0,0.0
1975-09-13,228.0,128.0,5.0,0.0,0.0
1975-09-14,211.0,122.0,0.0,0.0,0.0
1975-09-15,233.0,128.0,0.0,0.0,0.0
1975-09-16,267.0,156.0,5.0,0.0,0.0
1975-09-17,239.0,128.0,117.0,0.0,0.0
1975-09-18,267.0,161.0,0.0,0.0,0.0
1975-09-19,294.0,194.0,0.0,0.0,0.0
1975-09-20,306.0,156.0,56.0,0.0,0.0
1975-09-21,250.0,133.0,0.0,0.0,0.0
1975-09-22,256.0,128.0,28.0,0.0,0.0
1975-09-23,189.0,89.0,0.0,0.0,0.0
1975-09-24,217.0,111.0,28.0,0.0,0.0
1975-09-25,228.0,61.0,0.0,0.0,0.0
1975-09-26,211.0,44.0,0.0,0.0,0.0
1975-09-27,233.0,61.0,0.0,0.0,0.0
1975-09-28,244.0,89.0,0.0,0.0,0.0
1975-09-29,244.0,100.0,0.0,0.0,0.0
1975-09-30,272.0,117.0,0.0,0.0,0.0
1975-10-01,289.0,150.0,0.0,0.0,0.0
1975-10-02,250.0,72.0,0.0,0.0,0.0
1975-10-03,189.0,50.0,0.0,0.0,0.0
1975-10-04,206.0,56.0,0.0,0.0,0.0
1975-10-05,217.0,83.0,0.0,0.0,0.0
1975-10-06,244.0,94.0,0.0,0.0,0.0
1975-10-07,222.0,128.0,0.0,0.0,0.0
1975-10-08,267.0,128.0,0.0,0.0,0.0
1975-10-09,267.0,144.0,0.0,0.0,0.0
1975-10-10,294.0,139.0,0.0,0.0,0.0
1975-10-11,306.0,150.0,0.0,0.0,0.0
1975-10-12,306.0,150.0,0.0,0.0,0.0
1975-10-13,322.0,150.0,0.0,0.0,0.0
1975-10-14,300.0,128.0,0.0,0.0,0.0
1975-10-15,300.0,161.0,0.0,0.0,0.0
1975-10-16,294.0,178.0,0.0,0.0,0.0
1975-10-17,200.0,128.0,20.0,0.0,0.0
1975-10-18,233.0,72.0,0.0,0.0,0.0
1975-10-19,194.0,11.0,0.0,0.0,0.0
1975-10-20,211.0,22.0,0.0,0.0,0.0
1975-10-21,261.0,39.0,0.0,0.0,0.0
1975-10-22,267.0,100.0,0.0,0.0,0.0
1975-10-23,256.0,128.0,0.0,0.0,0.0
1975-10-24,267.0,156.0,0.0,0.0,0.0
1975-10-25,278.0,100.0,470.0,0.0,0.0
1975-10-26,172.0,72.0,201.0,0.0,0.0
1975-10-27,183.0,67.0,0.0,0.0,0.0
1975-10-28,206.0,128.0,0.0,0.0,0.0
1975-10-29,278.0,144.0,0.0,0.0,0.0
1975-10-30,272.0,78.0,0.0,0.0,0.0
1975-10-31,200.0,56.0,0.0,0.0,0.0
1975-11-01,239.0,128.0,0.0,0.0,0.0
1975-11-02,267.0,94.0,0.0,0.0,0.0
1975-11-03,256.0,128.0,0.0,0.0,0.0
1975-11-04,211.0,167.0,0.0,0.0,0.0
1975-11-05,250.0,167.0,43.0,0.0,0.0
1975-11-06,256.0,161.0,8.0,0.0,0.0
1975-11-07,244.0,172.0,0.0,0.0,0.0
1975-11-08,261.0,156.0,0.0,0.0,0.0
1975-11-09,256.0,144.0,0.0,0.0,0.0
1975-11-10,250.0,128.0,25.0,0.0,0.0
1975-11-11,189.0,72.0,0.0,0.0,0.0
1975-11-12,222.0,106.0,0.0,0.0,0.0
1975-11-13,172.0,-6.0,0.0,0.0,0.0
1975-11-14,122.0,-44.0,0.0,0.0,0.0
1975-11-15,128.0,-17.0,0.0,0.0,0.0
1975-11-16,211.0,11.0,0.0,0.0,0.0
1975-11-17,217.0,39.0,0.0,0.0,0.0
1975-11-18,217.0,50.0,0.0,0.0,0.0
1975-11-19,222.0,72.0,0.0,0.0,0.0
1975-11-20,250.0,61.0,86.0,0.0,0.0
1975-11-21,128.0,-11.0,0.0,0.0,0.0
1975-11-22,83.0,-50.0,0.0,0.0,0.0
1975-11-23,44.0,-33.0,36.0,,
1975-11-24,61.0,-28.0,0.0,0.0,0.0
1975-11-25,122.0,-50.0,0.0,0.0,0.0
1975-11-26,89.0,-11.0,53.0,0.0,0.0
1975-11-27,78.0,-78.0,191.0,0.0,0.0
1975-11-28,111.0,-11.0,0.0,0.0,0.0
1975-11-29,217.0,56.0,10.0,0.0,0.0
1975-11-30,222.0,100.0,396.0,0.0,0.0
1975-12-01,133.0,-67.0,0.0,0.0,0.0
1975-12-02,100.0,-39.0,0.0,0.0,0.0
1975-12-03,167.0,0.0,0.0,0.0,0.0
1975-12-04,211.0,33.0,0.0,0.0,0.0
1975-12-05,211.0,83.0,0.0,0.0,0.0
1975-12-06,233.0,139.0,282.0,0.0,0.0
1975-12-07,183.0,67.0,0.0,0.0,0.0
1975-12-08,94.0,17.0,0.0,0.0,0.0
1975-12-09,106.0,0.0,0.0,0.0,0.0
1975-12-10,100.0,-28.0,0.0,0.0,0.0
1975-12-11,139.0,50.0,0.0,0.0,0.0
1975-12-12,211.0,89.0,0.0,0.0,0.0
1975-12-13,228.0,128.0,0.0,0.0,0.0
1975-12-14,233.0,156.0,0.0,0.0,0.0
1975-12-15,244.0,178.0,0.0,0.0,0.0
1975-12-16,206.0,-11.0,58.0,0.0,0.0
1975-12-17,78.0,-28.0,0.0,0.0,0.0
1975-12-18,56.0,-78.0,0.0,0.0,0.0
1975-12-19,39.0,-100.0,0.0,0.0,0.0
1975-12-20,94.0,-17.0,0.0,0.0,0.0
1975-12-21,122.0,-39.0,0.0,0.0,0.0
1975-12-22,122.0,-33.0,0.0,0.0,0.0
1975-12-23,72.0,-28.0,0.0,0.0,0.0
1975-12-24,117.0,-6.0,0.0,0.0,0.0
1975-12-25,111.0,-6.0,112.0,0.0,0.0
1975-12-26,111.0,6.0,13.0,0.0,0.0
1975-12-27,78.0,-11.0,0.0,0.0,0.0
1975-12-28,117.0,0.0,0.0,0.0,0.0
1975-12-29,172.0,61.0,61.0,0.0,0.0
1975-12-30,128.0,44.0,10.0,0.0,0.0
1975-12-31,61.0,33.0,0.0,0.0,0.0
1976-01-01,128.0,33.0,0.0,0.0,0.0
1976-01-02,194.0,89.0,305.0,0.0,0.0
1976-01-03,133.0,-6.0,170.0,0.0,0.0
1976-01-04,56.0,-67.0,0.0,0.0,0.0
1976-01-05,0.0,-94.0,0.0,0.0,0.0
1976-01-06,44.0,-61.0,0.0,0.0,0.0
1976-01-07,117.0,17.0,99.0,0.0,0.0
1976-01-08,111.0,-117.0,0.0,0.0,0.0
1976-01-09,-56.0,-117.0,0.0,0.0,0.0
1976-01-10,33.0,-78.0,0.0,0.0,0.0
1976-01-11,144.0,6.0,36.0,0.0,0.0
1976-01-12,144.0,-6.0,0.0,0.0,0.0
1976-01-13,189.0,44.0,0.0,0.0,0.0
1976-01-14,222.0,-17.0,41.0,0.0,0.0
1976-01-15,106.0,-39.0,0.0,0.0,0.0
1976-01-16,133.0,44.0,0.0,0.0,0.0
1976-01-17,89.0,11.0,0.0,0.0,0.0
1976-01-18,72.0,-67.0,0.0,0.0,0.0
1976-01-19,100.0,0.0,0.0,0.0,0.0
1976-01-20,172.0,22.0,86.0,0.0,0.0
1976-01-21,94.0,-44.0,0.0,0.0,0.0
1976-01-22,156.0,-39.0,0.0,0.0,0.0
1976-01-23,172.0,44.0,0.0,0.0,0.0
1976-01-24,200.0,72.0,0.0,0.0,0.0
1976-01-25,183.0,128.0,343.0,0.0,0.0
1976-01-26,178.0,22.0,25.0,0.0,0.0
1976-01-27,33.0,-50.0,0.0,0.0,0.0
1976-01-28,72.0,-28.0,0.0,0.0,0.0
1976-01-29,144.0,-17.0,0.0,0.0,0.0
1976-01-30,172.0,17.0,0.0,0.0,0.0
1976-01-31,222.0,11.0,0.0,0.0,0.0
1976-02-01,139.0,-39.0,0.0,0.0,0.0
1976-02-02,133.0,-6.0,0.0,0.0,0.0
1976-02-03,172.0,-6.0,0.0,0.0,0.0
1976-02-04,178.0,44.0,0.0,0.0,0.0
1976-02-05,211.0,122.0,0.0,0.0,0.0
1976-02-06,189.0,22.0,488.0,0.0,0.0
1976-02-07,72.0,-56.0,0.0,0.0,0.0
1976-02-08,83.0,-44.0,0.0,0.0,0.0
1976-02-09,167.0,22.0,0.0,0.0,0.0
1976-02-10,228.0,89.0,0.0,0.0,0.0
1976-02-11,244.0,117.0,13.0,0.0,0.0
1976-02-12,133.0,83.0,0.0,0.0,0.0
1976-02-13,228.0,111.0,0.0,0.0,0.0
1976-02-14,239.0,117.0,0.0,0.0,0.0
1976-02-15,228.0,139.0,0.0,0.0,0.0
1976-02-16,256.0,150.0,0.0,0.0,0.0
1976-02-17,217.0,172.0,25.0,0.0,0.0
1976-02-18,239.0,122.0,523.0,0.0,0.0
1976-02-19,200.0,39.0,0.0,0.0,0.0
1976-02-20,250.0,61.0,0.0,0.0,0.0
1976-02-21,222.0,122.0,368.0,0.0,0.0
1976-02-22,156.0,-22.0,0.0,0.0,0.0
1976-02-23,161.0,6.0,0.0,0.0,0.0
1976-02-24,200.0,44.0,0.0,0.0,0.0
1976-02-25,233.0,89.0,0.0,0.0,0.0
1976-02-26,189.0,83.0,0.0,0.0,0.0
1976-02-27,250.0,50.0,0.0,0.0,0.0
1976-02-28,261.0,72.0,0.0,0.0,0.0
1976-02-29,239.0,106.0,0.0,0.0,0.0
1976-03-01,233.0,106.0,0.0,0.0,0.0
1976-03-02,250.0,167.0,0.0,0.0,0.0
1976-03-03,278.0,194.0,0.0,0.0,0.0
1976-03-04,261.0,189.0,0.0,0.0,0.0
1976-03-05,256.0,122.0,208.0,0.0,0.0
1976-03-06,161.0,44.0,122.0,0.0,0.0
1976-03-07,139.0,56.0,0.0,0.0,0.0
1976-03-08,144.0,72.0,300.0,0.0,0.0
1976-03-09,89.0,72.0,521.0,0.0,0.0
1976-03-10,111.0,0.0,5.0,0.0,0.0
1976-03-11,183.0,56.0,0.0,0.0,0.0
1976-03-12,217.0,100.0,0.0,0.0,0.0
1976-03-13,256.0,39.0,0.0,0.0,0.0
1976-03-14,,44.0,23.0,0.0,0.0
1976-03-15,172.0,72.0,0.0,0.0,0.0
1976-03-16,122.0,67.0,0.0,0.0,0.0
1976-03-17,139.0,-6.0,0.0,0.0,0.0
1976-03-18,183.0,61.0,0.0,0.0,0.0
1976-03-19,217.0,94.0,0.0,0.0,0.0
1976-03-20,228.0,150.0,0.0,0.0,0.0
1976-03-21,211.0,33.0,333.0,0.0,0.0
1976-03-22,217.0,44.0,0.0,0.0,0.0
1976-03-23,222.0,83.0,0.0,0.0,0.0
1976-03-24,233.0,67.0,18.0,0.0,0.0
1976-03-25,161.0,111.0,36.0,0.0,0.0
1976-03-26,217.0,139.0,8.0,0.0,0.0
1976-03-27,256.0,56.0,135.0,0.0,0.0
1976-03-28,206.0,94.0,0.0,0.0,0.0
1976-03-29,217.0,144.0,483.0,0.0,0.0
1976-03-30,256.0,144.0,20.0,0.0,0.0
1976-03-31,183.0,72.0,64.0,0.0,0.0
1976-04-01,183.0,67.0,0.0,0.0,0.0
1976-04-02,217.0,39.0,0.0,0.0,0.0
1976-04-03,267.0,117.0,0.0,0.0,0.0
1976-04-04,261.0,139.0,0.0,0.0,0.0
1976-04-05,233.0,72.0,0.0,0.0,0.0
1976-04-06,194.0,39.0,0.0,0.0,0.0
1976-04-07,239.0,61.0,0.0,0.0,0.0
1976-04-08,256.0,111.0,0.0,0.0,0.0
1976-04-09,239.0,67.0,0.0,0.0,0.0
1976-04-10,250.0,72.0,0.0,0.0,0.0
1976-04-11,256.0,83.0,0.0,0.0,0.0
1976-04-12,278.0,100.0,0.0,0.0,0.0
1976-04-13,183.0,122.0,0.0,0.0,0.0
1976-04-14,233.0,128.0,0.0,0.0,0.0
1976-04-15,272.0,156.0,0.0,0.0,0.0
1976-04-16,283.0,183.0,0.0,0.0,0.0
1976-04-17,272.0,178.0,0.0,0.0,0.0
1976-04-18,272.0,172.0,0.0,0.0,0.0
1976-04-19,283.0,167.0,0.0,0.0,0.0
1976-04-20,272.0,161.0,0.0,0.0,0.0
1976-04-21,233.0,111.0,81.0,0.0,0.0
1976-04-22,239.0,72.0,0.0,0.0,0.0
1976-04-23,278.0,133.0,0.0,0.0,0.0
1976-04-24,294.0,194.0,0.0,0.0,0.0
1976-04-25,267.0,156.0,175.0,0.0,0.0
1976-04-26,211.0,56.0,0.0,0.0,0.0
1976-04-27,183.0,56.0,0.0,0.0,0.0
1976-04-28,222.0,106.0,0.0,0.0,0.0
1976-04-29,244.0,106.0,0.0,0.0,0.0
1976-04-30,128.0,111.0,97.0,0.0,0.0
1976-05-01,156.0,89.0,0.0,0.0,0.0
1976-05-02,222.0,44.0,0.0,0.0,0.0
1976-05-03,250.0,56.0,0.0,0.0,0.0
1976-05-04,194.0,61.0,0.0,0.0,0.0
1976-05-05,244.0,139.0,0.0,0.0,0.0
1976-05-06,261.0,167.0,0.0,0.0,0.0
1976-05-07,233.0,128.0,30.0,0.0,0.0
1976-05-08,233.0,100.0,25.0,0.0,0.0
1976-05-09,206.0,72.0,0.0,0.0,0.0
1976-05-10,250.0,128.0,0.0,0.0,0.0
1976-05-11,250.0,156.0,81.0,0.0,0.0
1976-05-12,267.0,117.0,0.0,0.0,0.0
1976-05-13,294.0,156.0,127.0,0.0,0.0
1976-05-14,211.0,117.0,51.0,0.0,0.0
1976-05-15,239.0,122.0,157.0,0.0,0.0
1976-05-16,200.0,133.0,30.0,0.0,0.0
1976-05-17,222.0,111.0,0.0,0.0,0.0
1976-05-18,200.0,61.0,0.0,0.0,0.0
1976-05-19,228.0,61.0,0.0,0.0,0.0
1976-05-20,244.0,72.0,0.0,0.0,0.0
1976-05-21,267.0,78.0,0.0,0.0,0.0
1976-05-22,289.0,128.0,0.0,0.0,0.0
1976-05-23,300.0,172.0,0.0,0.0,0.0
1976-05-24,300.0,117.0,0.0,0.0,0.0
1976-05-25,244.0,133.0,25.0,0.0,0.0
1976-05-26,256.0,133.0,0.0,0.0,0.0
1976-05-27,222.0,139.0,224.0,0.0,0.0
1976-05-28,211.0,144.0,0.0,0.0,0.0
1976-05-29,267.0,111.0,0.0,0.0,0.0
1976-05-30,300.0,122.0,0.0,0.0,0.0
1976-05-31,289.0,206.0,0.0,0.0,0.0
1976-06-01,267.0,178.0,102.0,0.0,0.0
1976-06-02,256.0,161.0,0.0,0.0,0.0
1976-06-03,272.0,139.0,0.0,0.0,0.0
1976-06-04,278.0,144.0,0.0,0.0,0.0
1976-06-05,278.0,144.0,0.0,0.0,0.0
1976-06-06,272.0,172.0,203.0,0.0,0.0
1976-06-07,317.0,128.0,0.0,0.0,0.0
1976-06-08,283.0,133.0,0.0,0.0,0.0
1976-06-09,300.0,156.0,0.0,0.0,0.0
1976-06-10,294.0,156.0,0.0,0.0,0.0
1976-06-11,311.0,150.0,0.0,0.0,0.0
1976-06-12,311.0,161.0,0.0,0.0,0.0
1976-06-13,317.0,172.0,0.0,0.0,0.0
1976-06-14,311.0,178.0,0.0,0.0,0.0
1976-06-15,311.0,211.0,0.0,0.0,0.0
1976-06-16,322.0,211.0,343.0,0.0,0.0
1976-06-17,283.0,200.0,0.0,0.0,0.0
1976-06-18,278.0,211.0,53.0,0.0,0.0
1976-06-19,267.0,183.0,221.0,0.0,0.0
1976-06-20,256.0,133.0,13.0,0.0,0.0
1976-06-21,261.0,117.0,0.0,0.0,0.0
1976-06-22,278.0,139.0,0.0,0.0,0.0
1976-06-23,272.0,167.0,0.0,0.0,0.0
1976-06-24,300.0,194.0,0.0,0.0,0.0
1976-06-25,317.0,167.0,312.0,0.0,0.0
1976-06-26,289.0,172.0,51.0,0.0,0.0
1976-06-27,311.0,217.0,25.0,0.0,0.0
1976-06-28,294.0,206.0,76.0,0.0,0.0
1976-06-29,322.0,194.0,0.0,0.0,0.0
1976-06-30,333.0,217.0,0.0,0.0,0.0
1976-07-01,289.0,156.0,0.0,0.0,0.0
1976-07-02,283.0,167.0,0.0,0.0,0.0
1976-07-03,317.0,183.0,0.0,0.0,0.0
1976-07-04,300.0,194.0,330.0,0.0,0.0
1976-07-05,244.0,161.0,325.0,0.0,0.0
1976-07-06,283.0,156.0,0.0,0.0,0.0
1976-07-07,294.0,167.0,0.0,0.0,0.0
1976-07-08,322.0,194.0,0.0,0.0,0.0
1976-07-09,311.0,167.0,0.0,0.0,0.0
1976-07-10,311.0,172.0,0.0,0.0,0.0
1976-07-11,333.0,194.0,0.0,0.0,0.0
1976-07-12,328.0,200.0,0.0,0.0,0.0
1976-07-13,333.0,194.0,0.0,0.0,0.0
1976-07-14,339.0,211.0,0.0,0.0,0.0
1976-07-15,344.0,206.0,0.0,0.0,0.0
1976-07-16,339.0,211.0,0.0,0.0,0.0
1976-07-17,333.0,217.0,0.0,0.0,0.0
1976-07-18,317.0,161.0,0.0,0.0,0.0
1976-07-19,328.0,172.0,0.0,0.0,0.0
1976-07-20,333.0,183.0,0.0,0.0,0.0
1976-07-21,344.0,200.0,0.0,0.0,0.0
1976-07-22,333.0,189.0,0.0,0.0,0.0
1976-07-23,350.0,194.0,0.0,0.0,0.0
1976-07-24,350.0,211.0,0.0,0.0,0.0
1976-07-25,361.0,200.0,0.0,0.0,0.0
1976-07-26,361.0,194.0,0.0,0.0,0.0
1976-07-27,361.0,211.0,0.0,0.0,0.0
1976-07-28,350.0,217.0,0.0,0.0,0.0
1976-07-29,350.0,222.0,0.0,0.0,0.0
1976-07-30,350.0,206.0,0.0,0.0,0.0
1976-07-31,356.0,211.0,0.0,0.0,0.0
1976-08-01,356.0,211.0,0.0,0.0,0.0
1976-08-02,333.0,183.0,0.0,0.0,0.0
1976-08-03,294.0,150.0,0.0,0.0,0.0
1976-08-04,300.0,167.0,0.0,0.0,0.0
1976-08-05,322.0,183.0,0.0,0.0,0.0
1976-08-06,339.0,194.0,0.0,0.0,0.0
1976-08-07,350.0,194.0,0.0,0.0,0.0
1976-08-08,311.0,128.0,0.0,0.0,0.0
1976-08-09,306.0,139.0,0.0,0.0,0.0
1976-08-10,306.0,139.0,0.0,0.0,0.0
1976-08-11,344.0,156.0,0.0,0.0,0.0
1976-08-12,350.0,178.0,0.0,0.0,0.0
1976-08-13,350.0,172.0,0.0,0.0,0.0
1976-08-14,361.0,200.0,0.0,0.0,0.0
1976-08-15,356.0,206.0,0.0,0.0,0.0
1976-08-16,367.0,194.0,173.0,0.0,0.0
1976-08-17,361.0,178.0,0.0,0.0,0.0
1976-08-18,333.0,167.0,0.0,0.0,0.0
1976-08-19,311.0,178.0,0.0,0.0,0.0
1976-08-20,328.0,172.0,0.0,0.0,0.0
1976-08-21,328.0,156.0,0.0,0.0,0.0
1976-08-22,339.0,156.0,0.0,0.0,0.0
1976-08-23,344.0,156.0,8.0,0.0,0.0
1976-08-24,333.0,144.0,320.0,0.0,0.0
1976-08-25,344.0,144.0,0.0,0.0,0.0
1976-08-26,344.0,,0.0,0.0,0.0
1976-08-27,350.0,,0.0,0.0,0.0
1976-08-28,356.0,,0.0,0.0,0.0
1976-08-29,350.0,217.0,0.0,0.0,0.0
1976-08-30,272.0,183.0,0.0,0.0,0.0
1976-08-31,294.0,178.0,0.0,0.0,0.0
1976-09-01,294.0,194.0,0.0,0.0,0.0
1976-09-02,294.0,194.0,56.0,0.0,0.0
1976-09-03,294.0,194.0,0.0,0.0,0.0
1976-09-04,239.0,167.0,516.0,0.0,0.0
1976-09-05,278.0,167.0,0.0,0.0,0.0
1976-09-06,278.0,178.0,0.0,0.0,0.0
1976-09-07,289.0,156.0,20.0,0.0,0.0
1976-09-08,311.0,172.0,0.0,0.0,0.0
1976-09-09,294.0,178.0,0.0,0.0,0.0
1976-09-10,300.0,122.0,76.0,0.0,0.0
1976-09-11,228.0,61.0,0.0,0.0,0.0
1976-09-12,261.0,100.0,0.0,0.0,0.0
1976-09-13,289.0,167.0,0.0,0.0,0.0
1976-09-14,306.0,178.0,0.0,0.0,0.0
1976-09-15,311.0,144.0,0.0,0.0,0.0
1976-09-16,311.0,144.0,84.0,0.0,0.0
1976-09-17,267.0,167.0,183.0,0.0,0.0
1976-09-18,300.0,167.0,13.0,0.0,0.0
1976-09-19,294.0,167.0,0.0,0.0,0.0
1976-09-20,294.0,161.0,0.0,0.0,0.0
1976-09-21,294.0,83.0,0.0,0.0,0.0
1976-09-22,294.0,89.0,0.0,0.0,0.0
1976-09-23,289.0,100.0,0.0,0.0,0.0
1976-09-24,294.0,106.0,0.0,0.0,0.0
1976-09-25,294.0,128.0,0.0,0.0,0.0
1976-09-26,306.0,178.0,0.0,0.0,0.0
1976-09-27,311.0,189.0,10.0,0.0,0.0
1976-09-28,294.0,150.0,0.0,0.0,0.0
1976-09-29,233.0,133.0,97.0,0.0,0.0
1976-09-30,233.0,78.0,0.0,0.0,0.0
1976-10-01,233.0,72.0,0.0,0.0,0.0
1976-10-02,267.0,94.0,0.0,0.0,0.0
1976-10-03,278.0,100.0,0.0,0.0,0.0
1976-10-04,311.0,128.0,0.0,0.0,0.0
1976-10-05,294.0,167.0,0.0,0.0,0.0
1976-10-06,233.0,72.0,71.0,0.0,0.0
1976-10-07,194.0,56.0,0.0,0.0,0.0
1976-10-08,189.0,67.0,178.0,0.0,0.0
1976-10-09,150.0,67.0,23.0,0.0,0.0
1976-10-10,211.0,78.0,0.0,0.0,0.0
1976-10-11,267.0,78.0,0.0,0.0,0.0
1976-10-12,272.0,72.0,0.0,0.0,0.0
1976-10-13,278.0,83.0,0.0,0.0,0.0
1976-10-14,278.0,100.0,0.0,0.0,0.0
1976-10-15,283.0,106.0,0.0,0.0,0.0
1976-10-16,278.0,78.0,10.0,0.0,0.0
1976-10-17,156.0,6.0,48.0,0.0,0.0
1976-10-18,150.0,0.0,0.0,0.0,0.0
1976-10-19,189.0,17.0,0.0,0.0,0.0
1976-10-20,200.0,-6.0,71.0,0.0,0.0
1976-10-21,106.0,-33.0,0.0,0.0,0.0
1976-10-22,194.0,17.0,0.0,0.0,0.0
1976-10-23,222.0,39.0,0.0,0.0,0.0
1976-10-24,222.0,94.0,53.0,0.0,0.0
1976-10-25,183.0,100.0,470.0,0.0,0.0
1976-10-26,122.0,33.0,13.0,0.0,0.0
1976-10-27,144.0,6.0,0.0,0.0,0.0
1976-10-28,128.0,-22.0,0.0,0.0,0.0
1976-10-29,128.0,11.0,0.0,0.0,0.0
1976-10-30,89.0,39.0,262.0,0.0,0.0
1976-10-31,117.0,44.0,0.0,0.0,0.0
1976-11-01,144.0,-22.0,0.0,0.0,0.0
1976-11-02,167.0,-28.0,0.0,0.0,0.0
1976-11-03,161.0,17.0,0.0,0.0,0.0
1976-11-04,189.0,-22.0,0.0,0.0,0.0
1976-11-05,156.0,-44.0,0.0,0.0,0.0
1976-11-06,139.0,-33.0,0.0,0.0,0.0
1976-11-07,211.0,50.0,0.0,0.0,0.0
1976-11-08,156.0,-39.0,0.0,0.0,0.0
1976-11-09,128.0,-39.0,0.0,0.0,0.0
1976-11-10,222.0,39.0,0.0,0.0,0.0
1976-11-11,222.0,78.0,0.0,0.0,0.0
1976-11-12,78.0,-28.0,74.0,0.0,0.0
1976-11-13,67.0,-39.0,0.0,0.0,0.0
1976-11-14,50.0,-11.0,53.0,0.0,0.0
1976-11-15,33.0,0.0,0.0,0.0,0.0
1976-11-16,89.0,-39.0,0.0,0.0,0.0
1976-11-17,122.0,-11.0,0.0,0.0,0.0
1976-11-18,161.0,-17.0,0.0,0.0,0.0
1976-11-19,211.0,61.0,0.0,0.0,0.0
1976-11-20,111.0,,160.0,0.0,0.0
1976-11-21,144.0,,0.0,0.0,0.0
1976-11-22,128.0,,0.0,0.0,0.0
1976-11-23,144.0,,0.0,0.0,0.0
1976-11-24,89.0,,0.0,0.0,0.0
1976-11-25,189.0,,0.0,0.0,0.0
1976-11-26,189.0,,152.0,0.0,0.0
1976-11-27,189.0,,25.0,0.0,0.0
1976-11-28,117.0,,64.0,0.0,0.0
1976-11-29,-22.0,,33.0,0.0,0.0
1976-11-30,-17.0,,0.0,0.0,0.0
1976-12-01,100.0,-56.0,0.0,0.0,0.0
1976-12-02,133.0,-11.0,0.0,0.0,0.0
1976-12-03,,-28.0,0.0,0.0,0.0
1976-12-04,150.0,-17.0,0.0,0.0,0.0
1976-12-05,150.0,-11.0,0.0,0.0,0.0
1976-12-06,172.0,44.0,61.0,0.0,0.0
1976-12-07,,-11.0,183.0,0.0,0.0
1976-12-08,61.0,-67.0,8.0,0.0,0.0
1976-12-09,72.0,-61.0,0.0,0.0,0.0
1976-12-10,128.0,-11.0,0.0,0.0,0.0
1976-12-11,156.0,78.0,109.0,0.0,0.0
1976-12-12,161.0,50.0,46.0,0.0,0.0
1976-12-13,150.0,22.0,0.0,0.0,0.0
1976-12-14,122.0,-17.0,0.0,0.0,0.0
1976-12-15,,0.0,0.0,0.0,0.0
1976-12-16,100.0,-11.0,0.0,0.0,0.0
1976-12-17,161.0,-6.0,0.0,0.0,0.0
1976-12-18,217.0,0.0,0.0,0.0,0.0
1976-12-19,211.0,67.0,0.0,0.0,0.0
1976-12-20,200.0,-28.0,0.0,0.0,0.0
1976-12-21,,-89.0,0.0,0.0,0.0
1976-12-22,33.0,-83.0,0.0,0.0,0.0
1976-12-23,78.0,-67.0,0.0,0.0,0.0
1976-12-24,150.0,-22.0,0.0,0.0,0.0
1976-12-25,161.0,-17.0,135.0,0.0,0.0
1976-12-26,139.0,-61.0,0.0,0.0,0.0
1976-12-27,128.0,6.0,0.0,0.0,0.0
1976-12-28,178.0,17.0,0.0,0.0,0.0
1976-12-29,161.0,-11.0,0.0,0.0,0.0
1976-12-30,167.0,-67.0,0.0,0.0,0.0
1976-12-31,139.0,-128.0,86.0,0.0,0.0
1977-01-01,-44.0,-117.0,0.0,0.0,0.0
1977-01-02,0.0,-83.0,0.0,0.0,0.0
1977-01-03,0.0,-44.0,33.0,0.0,0.0
1977-01-04,22.0,-50.0,0.0,0.0,0.0
1977-01-05,78.0,-22.0,3.0,0.0,0.0
1977-01-06,72.0,-11.0,76.0,0.0,0.0
1977-01-07,28.0,-39.0,0.0,0.0,0.0
1977-01-08,122.0,-11.0,0.0,0.0,0.0
1977-01-09,128.0,-17.0,216.0,0.0,0.0
1977-01-10,-11.0,-144.0,3.0,0.0,8.0
1977-01-11,-11.0,-144.0,0.0,0.0,0.0
1977-01-12,39.0,-67.0,0.0,0.0,0.0
1977-01-13,44.0,-28.0,0.0,0.0,0.0
1977-01-14,56.0,0.0,424.0,0.0,0.0
1977-01-15,78.0,-61.0,0.0,0.0,0.0
1977-01-16,106.0,-78.0,0.0,0.0,0.0
1977-01-17,-33.0,-150.0,0.0,0.0,0.0
1977-01-18,-39.0,-133.0,15.0,25.0,25.0
1977-01-19,-17.0,-183.0,0.0,,0.0
1977-01-20,39.0,-61.0,0.0,,0.0
1977-01-21,167.0,-33.0,0.0,,0.0
1977-01-22,122.0,-11.0,0.0,,0.0
1977-01-23,39.0,6.0,0.0,,0.0
1977-01-24,67.0,-11.0,127.0,,0.0
1977-01-25,94.0,-56.0,0.0,,0.0
1977-01-26,150.0,-44.0,0.0,,0.0
1977-01-27,178.0,0.0,0.0,,0.0
1977-01-28,172.0,6.0,0.0,,0.0
1977-01-29,67.0,-122.0,0.0,,0.0
1977-01-30,33.0,-122.0,0.0,,0.0
1977-01-31,22.0,-67.0,0.0,,0.0
1977-02-01,39.0,-89.0,0.0,0.0,0.0
1977-02-02,100.0,-56.0,0.0,0.0,0.0
1977-02-03,117.0,17.0,33.0,0.0,0.0
1977-02-04,111.0,-28.0,28.0,0.0,0.0
1977-02-05,172.0,-22.0,0.0,0.0,0.0
1977-02-06,100.0,-67.0,0.0,0.0,0.0
1977-02-07,94.0,-78.0,0.0,0.0,0.0
1977-02-08,72.0,-39.0,0.0,0.0,0.0
1977-02-09,122.0,-44.0,0.0,0.0,0.0
1977-02-10,189.0,0.0,0.0,0.0,0.0
1977-02-11,200.0,0.0,0.0,0.0,0.0
1977-02-12,133.0,56.0,284.0,0.0,0.0
1977-02-13,139.0,-11.0,0.0,0.0,0.0
1977-02-14,200.0,39.0,0.0,0.0,0.0
1977-02-15,172.0,-44.0,0.0,0.0,0.0
1977-02-16,94.0,-83.0,0.0,0.0,0.0
1977-02-17,133.0,-11.0,0.0,0.0,0.0
1977-02-18,200.0,22.0,0.0,0.0,0.0
1977-02-19,206.0,-11.0,0.0,0.0,0.0
1977-02-20,144.0,-72.0,0.0,0.0,0.0
1977-02-21,178.0,-44.0,0.0,0.0,0.0
1977-02-22,222.0,0.0,0.0,0.0,0.0
1977-02-23,211.0,94.0,5.0,0.0,0.0
1977-02-24,189.0,72.0,180.0,0.0,0.0
1977-02-25,206.0,61.0,0.0,0.0,0.0
1977-02-26,278.0,44.0,0.0,0.0,0.0
1977-02-27,211.0,11.0,0.0,0.0,0.0
1977-02-28,194.0,-39.0,0.0,0.0,0.0
1977-03-01,161.0,-11.0,0.0,0.0,0.0
1977-03-02,167.0,-22.0,0.0,0.0,0.0
1977-03-03,178.0,33.0,56.0,0.0,0.0
1977-03-04,167.0,83.0,538.0,0.0,0.0
1977-03-05,156.0,39.0,0.0,0.0,0.0
1977-03-06,161.0,-11.0,0.0,0.0,0.0
1977-03-07,144.0,-17.0,0.0,0.0,0.0
1977-03-08,194.0,17.0,0.0,0.0,0.0
1977-03-09,217.0,44.0,0.0,0.0,0.0
1977-03-10,183.0,111.0,0.0,0.0,0.0
1977-03-11,222.0,150.0,0.0,0.0,0.0
1977-03-12,211.0,61.0,323.0,0.0,0.0
1977-03-13,194.0,106.0,0.0,0.0,0.0
1977-03-14,256.0,72.0,0.0,0.0,0.0
1977-03-15,289.0,128.0,0.0,0.0,0.0
1977-03-16,283.0,100.0,0.0,0.0,0.0
1977-03-17,239.0,94.0,0.0,0.0,0.0
1977-03-18,233.0,128.0,0.0,0.0,0.0
1977-03-19,239.0,94.0,0.0,0.0,0.0
1977-03-20,211.0,33.0,0.0,0.0,0.0
1977-03-21,211.0,94.0,0.0,0.0,0.0
1977-03-22,244.0,39.0,0.0,0.0,0.0
1977-03-23,156.0,39.0,0.0,0.0,0.0
1977-03-24,217.0,50.0,0.0,0.0,0.0
1977-03-25,183.0,72.0,0.0,0.0,0.0
1977-03-26,211.0,122.0,0.0,0.0,0.0
1977-03-27,222.0,144.0,28.0,0.0,0.0
1977-03-28,183.0,83.0,536.0,0.0,0.0
1977-03-29,239.0,111.0,0.0,0.0,0.0
1977-03-30,256.0,128.0,0.0,0.0,0.0
1977-03-31,283.0,61.0,0.0,0.0,0.0
1977-04-01,194.0,100.0,46.0,0.0,0.0
1977-04-02,228.0,128.0,0.0,0.0,0.0
1977-04-03,228.0,117.0,64.0,0.0,0.0
1977-04-04,222.0,117.0,521.0,0.0,0.0
1977-04-05,183.0,61.0,28.0,0.0,0.0
1977-04-06,167.0,22.0,0.0,0.0,0.0
1977-04-07,239.0,100.0,0.0,0.0,0.0
1977-04-08,278.0,144.0,0.0,0.0,0.0
1977-04-09,294.0,111.0,0.0,0.0,0.0
1977-04-10,289.0,100.0,0.0,0.0,0.0
1977-04-11,272.0,100.0,0.0,0.0,0.0
1977-04-12,278.0,106.0,0.0,0.0,0.0
1977-04-13,289.0,117.0,0.0,0.0,0.0
1977-04-14,283.0,122.0,0.0,0.0,0.0
1977-04-15,272.0,106.0,0.0,0.0,0.0
1977-04-16,300.0,128.0,0.0,0.0,0.0
1977-04-17,289.0,167.0,0.0,0.0,0.0
1977-04-18,289.0,150.0,394.0,0.0,0.0
1977-04-19,222.0,161.0,79.0,0.0,0.0
1977-04-20,272.0,161.0,86.0,0.0,0.0
1977-04-21,200.0,144.0,208.0,0.0,0.0
1977-04-22,217.0,161.0,0.0,0.0,0.0
1977-04-23,244.0,106.0,0.0,0.0,0.0
1977-04-24,239.0,100.0,0.0,0.0,0.0
1977-04-25,244.0,61.0,10.0,0.0,0.0
1977-04-26,206.0,44.0,0.0,0.0,0.0
1977-04-27,217.0,61.0,0.0,0.0,0.0
1977-04-28,261.0,111.0,0.0,0.0,0.0
1977-04-29,278.0,128.0,0.0,0.0,0.0
1977-04-30,278.0,122.0,0.0,0.0,0.0
1977-05-01,289.0,161.0,0.0,0.0,0.0
1977-05-02,239.0,172.0,284.0,0.0,0.0
1977-05-03,233.0,161.0,168.0,0.0,0.0
1977-05-04,283.0,161.0,0.0,0.0,0.0
1977-05-05,289.0,178.0,0.0,0.0,0.0
1977-05-06,294.0,156.0,0.0,0.0,0.0
1977-05-07,294.0,172.0,0.0,0.0,0.0
1977-05-08,300.0,156.0,0.0,0.0,0.0
1977-05-09,272.0,161.0,0.0,0.0,0.0
1977-05-10,261.0,89.0,0.0,0.0,0.0
1977-05-11,244.0,78.0,0.0,0.0,0.0
1977-05-12,267.0,111.0,0.0,0.0,0.0
1977-05-13,283.0,100.0,0.0,0.0,0.0
1977-05-14,294.0,117.0,0.0,0.0,0.0
1977-05-15,300.0,150.0,0.0,0.0,0.0
1977-05-16,306.0,167.0,0.0,0.0,0.0
1977-05-17,306.0,167.0,0.0,0.0,0.0
1977-05-18,300.0,172.0,0.0,0.0,0.0
1977-05-19,306.0,189.0,0.0,0.0,0.0
1977-05-20,311.0,161.0,0.0,0.0,0.0
1977-05-21,317.0,178.0,0.0,0.0,0.0
1977-05-22,311.0,189.0,0.0,0.0,0.0
1977-05-23,306.0,183.0,0.0,0.0,0.0
1977-05-24,311.0,167.0,0.0,0.0,0.0
1977-05-25,317.0,156.0,0.0,0.0,0.0
1977-05-26,317.0,150.0,64.0,0.0,0.0
1977-05-27,328.0,156.0,0.0,0.0,0.0
1977-05-28,339.0,161.0,0.0,0.0,0.0
1977-05-29,344.0,183.0,0.0,0.0,0.0
1977-05-30,361.0,189.0,0.0,0.0,0.0
1977-05-31,350.0,172.0,0.0,0.0,0.0
1977-06-01,333.0,178.0,0.0,0.0,0.0
1977-06-02,317.0,150.0,0.0,0.0,0.0
1977-06-03,339.0,178.0,0.0,0.0,0.0
1977-06-04,350.0,206.0,0.0,0.0,0.0
1977-06-05,367.0,183.0,0.0,0.0,0.0
1977-06-06,361.0,183.0,0.0,0.0,0.0
1977-06-07,378.0,167.0,0.0,0.0,0.0
1977-06-08,272.0,94.0,0.0,0.0,0.0
1977-06-09,306.0,133.0,0.0,0.0,0.0
1977-06-10,356.0,167.0,0.0,0.0,0.0
1977-06-11,361.0,200.0,0.0,0.0,0.0
1977-06-12,350.0,206.0,0.0,0.0,0.0
1977-06-13,350.0,183.0,25.0,0.0,0.0
1977-06-14,306.0,206.0,41.0,0.0,0.0
1977-06-15,289.0,194.0,168.0,0.0,0.0
1977-06-16,289.0,194.0,170.0,0.0,0.0
1977-06-17,300.0,206.0,137.0,0.0,0.0
1977-06-18,311.0,206.0,0.0,0.0,0.0
1977-06-19,328.0,217.0,0.0,0.0,0.0
1977-06-20,333.0,217.0,0.0,0.0,0.0
1977-06-21,328.0,211.0,0.0,0.0,0.0
1977-06-22,328.0,217.0,0.0,0.0,0.0
1977-06-23,339.0,217.0,0.0,0.0,0.0
1977-06-24,344.0,211.0,0.0,0.0,0.0
1977-06-25,339.0,217.0,0.0,0.0,0.0
1977-06-26,322.0,211.0,305.0,0.0,0.0
1977-06-27,317.0,222.0,0.0,0.0,0.0
1977-06-28,328.0,211.0,0.0,0.0,0.0
1977-06-29,328.0,228.0,0.0,0.0,0.0
1977-06-30,350.0,233.0,0.0,0.0,0.0
1977-07-01,339.0,233.0,0.0,0.0,0.0
1977-07-02,344.0,239.0,0.0,0.0,0.0
1977-07-03,333.0,194.0,127.0,0.0,0.0
1977-07-04,361.0,211.0,0.0,0.0,0.0
1977-07-05,367.0,211.0,0.0,0.0,0.0
1977-07-06,372.0,211.0,0.0,0.0,0.0
1977-07-07,372.0,222.0,0.0,0.0,0.0
1977-07-08,367.0,228.0,0.0,0.0,0.0
1977-07-09,361.0,228.0,0.0,0.0,0.0
1977-07-10,317.0,211.0,69.0,0.0,0.0
1977-07-11,311.0,206.0,351.0,0.0,0.0
1977-07-12,339.0,228.0,0.0,0.0,0.0
1977-07-13,350.0,211.0,0.0,0.0,0.0
1977-07-14,361.0,222.0,0.0,0.0,0.0
1977-07-15,350.0,222.0,0.0,0.0,0.0
1977-07-16,350.0,200.0,135.0,0.0,0.0
1977-07-17,344.0,222.0,0.0,0.0,0.0
1977-07-18,361.0,217.0,0.0,0.0,0.0
1977-07-19,361.0,239.0,0.0,0.0,0.0
1977-07-20,306.0,211.0,5.0,0.0,0.0
1977-07-21,317.0,217.0,5.0,0.0,0.0
1977-07-22,333.0,211.0,94.0,0.0,0.0
1977-07-23,333.0,228.0,0.0,0.0,0.0
1977-07-24,356.0,228.0,89.0,0.0,0.0
1977-07-25,361.0,217.0,10.0,0.0,0.0
1977-07-26,333.0,206.0,312.0,0.0,0.0
1977-07-27,289.0,206.0,0.0,0.0,0.0
1977-07-28,294.0,211.0,0.0,0.0,0.0
1977-07-29,300.0,217.0,295.0,0.0,0.0
1977-07-30,317.0,222.0,122.0,0.0,0.0
1977-07-31,300.0,228.0,229.0,0.0,0.0
1977-08-01,328.0,222.0,0.0,0.0,0.0
1977-08-02,317.0,211.0,0.0,0.0,0.0
1977-08-03,311.0,150.0,0.0,0.0,0.0
1977-08-04,328.0,189.0,0.0,0.0,0.0
1977-08-05,328.0,228.0,0.0,0.0,0.0
1977-08-06,333.0,206.0,0.0,0.0,0.0
1977-08-07,344.0,222.0,0.0,0.0,0.0
1977-08-08,339.0,217.0,0.0,0.0,0.0
1977-08-09,356.0,222.0,0.0,0.0,0.0
1977-08-10,361.0,222.0,0.0,0.0,0.0
1977-08-11,361.0,211.0,0.0,0.0,0.0
1977-08-12,356.0,206.0,0.0,0.0,0.0
1977-08-13,322.0,217.0,231.0,0.0,0.0
1977-08-14,328.0,228.0,0.0,0.0,0.0
1977-08-15,328.0,222.0,0.0,0.0,0.0
1977-08-16,317.0,228.0,102.0,0.0,0.0
1977-08-17,344.0,228.0,0.0,0.0,0.0
1977-08-18,328.0,211.0,353.0,0.0,0.0
1977-08-19,300.0,178.0,0.0,0.0,0.0
1977-08-20,300.0,200.0,0.0,0.0,0.0
1977-08-21,311.0,200.0,0.0,0.0,0.0
1977-08-22,322.0,200.0,0.0,0.0,0.0
1977-08-23,339.0,211.0,0.0,0.0,0.0
1977-08-24,339.0,217.0,0.0,0.0,0.0
1977-08-25,356.0,211.0,0.0,0.0,0.0
1977-08-26,350.0,217.0,0.0,0.0,0.0
1977-08-27,344.0,211.0,79.0,0.0,0.0
1977-08-28,333.0,206.0,0.0,0.0,0.0
1977-08-29,328.0,217.0,0.0,0.0,0.0
1977-08-30,339.0,206.0,0.0,0.0,0.0
1977-08-31,333.0,217.0,0.0,0.0,0.0
1977-09-01,350.0,206.0,0.0,0.0,0.0
1977-09-02,339.0,183.0,0.0,0.0,0.0
1977-09-03,350.0,206.0,0.0,0.0,0.0
1977-09-04,361.0,194.0,0.0,0.0,0.0
1977-09-05,356.0,206.0,0.0,0.0,0.0
1977-09-06,333.0,206.0,0.0,0.0,0.0
1977-09-07,333.0,206.0,56.0,0.0,0.0
1977-09-08,328.0,206.0,0.0,0.0,0.0
1977-09-09,322.0,194.0,0.0,0.0,0.0
1977-09-10,311.0,200.0,23.0,0.0,0.0
1977-09-11,344.0,200.0,0.0,0.0,0.0
1977-09-12,322.0,189.0,0.0,0.0,0.0
1977-09-13,317.0,200.0,0.0,0.0,0.0
1977-09-14,317.0,200.0,0.0,0.0,0.0
1977-09-15,267.0,161.0,0.0,0.0,0.0
1977-09-16,294.0,200.0,0.0,0.0,0.0
1977-09-17,317.0,206.0,0.0,0.0,0.0
1977-09-18,322.0,211.0,0.0,0.0,0.0
1977-09-19,322.0,200.0,0.0,0.0,0.0
1977-09-20,278.0,150.0,48.0,0.0,0.0
1977-09-21,311.0,156.0,0.0,0.0,0.0
1977-09-22,317.0,161.0,0.0,0.0,0.0
1977-09-23,328.0,156.0,0.0,0.0,0.0
1977-09-24,322.0,156.0,0.0,0.0,0.0
1977-09-25,311.0,144.0,0.0,0.0,0.0
1977-09-26,322.0,217.0,0.0,0.0,0.0
1977-09-27,339.0,222.0,0.0,0.0,0.0
1977-09-28,344.0,206.0,10.0,0.0,0.0
1977-09-29,250.0,167.0,157.0,0.0,0.0
1977-09-30,311.0,211.0,0.0,0.0,0.0
1977-10-01,317.0,206.0,0.0,0.0,0.0
1977-10-02,294.0,183.0,0.0,0.0,0.0
1977-10-03,244.0,67.0,0.0,0.0,0.0
1977-10-04,211.0,44.0,0.0,0.0,0.0
1977-10-05,239.0,100.0,0.0,0.0,0.0
1977-10-06,267.0,144.0,0.0,0.0,0.0
1977-10-07,272.0,139.0,0.0,0.0,0.0
1977-10-08,256.0,133.0,335.0,0.0,0.0
1977-10-09,289.0,67.0,114.0,0.0,0.0
1977-10-10,217.0,106.0,0.0,0.0,0.0
1977-10-11,211.0,83.0,0.0,0.0,0.0
1977-10-12,156.0,0.0,0.0,0.0,0.0
1977-10-13,183.0,-11.0,0.0,0.0,0.0
1977-10-14,206.0,17.0,0.0,0.0,0.0
1977-10-15,244.0,50.0,0.0,0.0,0.0
1977-10-16,233.0,94.0,0.0,0.0,0.0
1977-10-17,239.0,0.0,0.0,0.0,0.0
1977-10-18,194.0,17.0,0.0,0.0,0.0
1977-10-19,211.0,33.0,0.0,0.0,0.0
1977-10-20,267.0,56.0,0.0,0.0,0.0
1977-10-21,211.0,94.0,0.0,0.0,0.0
1977-10-22,289.0,100.0,0.0,0.0,0.0
1977-10-23,283.0,128.0,0.0,0.0,0.0
1977-10-24,283.0,150.0,0.0,0.0,0.0
1977-10-25,239.0,167.0,114.0,0.0,0.0
1977-10-26,244.0,128.0,0.0,0.0,0.0
1977-10-27,261.0,128.0,0.0,0.0,0.0
1977-10-28,267.0,67.0,0.0,0.0,0.0
1977-10-29,278.0,106.0,0.0,0.0,0.0
1977-10-30,272.0,156.0,0.0,0.0,0.0
1977-10-31,272.0,150.0,0.0,0.0,0.0
1977-11-01,261.0,178.0,13.0,0.0,0.0
1977-11-02,200.0,150.0,290.0,0.0,0.0
1977-11-03,178.0,56.0,114.0,0.0,0.0
1977-11-04,183.0,50.0,0.0,0.0,0.0
1977-11-05,222.0,117.0,46.0,0.0,0.0
1977-11-06,228.0,156.0,0.0,0.0,0.0
1977-11-07,211.0,144.0,0.0,0.0,0.0
1977-11-08,256.0,144.0,0.0,0.0,0.0
1977-11-09,267.0,111.0,86.0,0.0,0.0
1977-11-10,167.0,-11.0,0.0,0.0,0.0
1977-11-11,128.0,-33.0,0.0,0.0,0.0
1977-11-12,206.0,0.0,0.0,0.0,0.0
1977-11-13,161.0,22.0,0.0,0.0,0.0
1977-11-14,156.0,17.0,0.0,0.0,0.0
1977-11-15,206.0,44.0,0.0,0.0,0.0
1977-11-16,211.0,89.0,0.0,0.0,0.0
1977-11-17,167.0,67.0,0.0,0.0,0.0
1977-11-18,167.0,72.0,0.0,0.0,0.0
1977-11-19,178.0,89.0,15.0,0.0,0.0
1977-11-20,217.0,72.0,188.0,0.0,0.0
1977-11-21,156.0,39.0,15.0,0.0,0.0
1977-11-22,111.0,67.0,0.0,0.0,0.0
1977-11-23,111.0,72.0,0.0,0.0,0.0
1977-11-24,144.0,67.0,0.0,0.0,0.0
1977-11-25,150.0,39.0,0.0,0.0,0.0
1977-11-26,117.0,-11.0,0.0,0.0,0.0
1977-11-27,106.0,-44.0,0.0,0.0,0.0
1977-11-28,189.0,22.0,0.0,0.0,0.0
1977-11-29,72.0,17.0,89.0,0.0,0.0
1977-11-30,72.0,11.0,183.0,0.0,0.0
1977-12-01,89.0,39.0,295.0,0.0,0.0
1977-12-02,100.0,17.0,0.0,0.0,0.0
1977-12-03,194.0,78.0,0.0,0.0,0.0
1977-12-04,211.0,117.0,0.0,0.0,0.0
1977-12-05,244.0,39.0,0.0,0.0,0.0
1977-12-06,172.0,-33.0,0.0,0.0,0.0
1977-12-07,72.0,-56.0,0.0,0.0,0.0
1977-12-08,100.0,-28.0,0.0,0.0,0.0
1977-12-09,189.0,-17.0,66.0,0.0,0.0
1977-12-10,17.0,-89.0,0.0,0.0,0.0
1977-12-11,28.0,-78.0,0.0,0.0,0.0
1977-12-12,89.0,11.0,0.0,0.0,0.0
1977-12-13,139.0,67.0,53.0,0.0,0.0
1977-12-14,150.0,94.0,117.0,0.0,0.0
1977-12-15,161.0,17.0,0.0,0.0,0.0
1977-12-16,117.0,33.0,0.0,0.0,0.0
1977-12-17,194.0,67.0,74.0,0.0,0.0
1977-12-18,167.0,-22.0,0.0,0.0,0.0
1977-12-19,200.0,50.0,0.0,0.0,0.0
1977-12-20,239.0,6.0,0.0,0.0,0.0
1977-12-21,89.0,-22.0,0.0,0.0,0.0
1977-12-22,28.0,-78.0,0.0,0.0,0.0
1977-12-23,100.0,-44.0,0.0,0.0,0.0
1977-12-24,172.0,61.0,13.0,0.0,0.0
1977-12-25,206.0,-11.0,0.0,0.0,0.0
1977-12-26,61.0,-33.0,0.0,0.0,0.0
1977-12-27,78.0,-39.0,0.0,0.0,0.0
1977-12-28,72.0,-17.0,0.0,0.0,0.0
1977-12-29,100.0,-17.0,58.0,0.0,0.0
1977-12-30,56.0,6.0,48.0,0.0,0.0
1977-12-31,72.0,33.0,0.0,0.0,0.0
1978-01-01,67.0,39.0,5.0,,
1978-01-02,78.0,-33.0,0.0,,
1978-01-03,44.0,-111.0,0.0,,
1978-01-04,94.0,-83.0,0.0,,
1978-01-05,128.0,-22.0,0.0,,
1978-01-06,200.0,106.0,3.0,,
1978-01-07,222.0,139.0,0.0,,
1978-01-08,239.0,44.0,48.0,,
1978-01-09,72.0,-94.0,8.0,,
1978-01-10,6.0,-106.0,0.0,,
1978-01-11,0.0,-100.0,0.0,,
1978-01-12,-6.0,-50.0,272.0,,
1978-01-13,0.0,-28.0,0.0,,
1978-01-14,0.0,-44.0,8.0,,
1978-01-15,0.0,-100.0,0.0,,
1978-01-16,22.0,-44.0,91.0,,
1978-01-17,94.0,-44.0,216.0,,
1978-01-18,28.0,-56.0,0.0,,
1978-01-19,-17.0,-56.0,18.0,,
1978-01-20,-17.0,-44.0,3.0,,
1978-01-21,33.0,-78.0,0.0,,
1978-01-22,28.0,-56.0,5.0,,
1978-01-23,56.0,-44.0,0.0,,
1978-01-24,94.0,-28.0,267.0,,
1978-01-25,139.0,33.0,112.0,,
1978-01-26,44.0,-78.0,114.0,,
1978-01-27,44.0,-78.0,0.0,,
1978-01-28,33.0,-94.0,0.0,,
1978-01-29,44.0,-89.0,0.0,,
1978-01-30,33.0,-56.0,0.0,,
1978-01-31,-6.0,-33.0,3.0,,
1978-02-01,22.0,-33.0,20.0,0.0,0.0
1978-02-02,11.0,-33.0,0.0,0.0,0.0
1978-02-03,22.0,-78.0,0.0,0.0,0.0
1978-02-04,67.0,-67.0,0.0,0.0,0.0
1978-02-05,89.0,-61.0,0.0,0.0,0.0
1978-02-06,78.0,-83.0,0.0,0.0,0.0
1978-02-07,-11.0,-78.0,0.0,0.0,0.0
1978-02-08,11.0,-78.0,0.0,0.0,0.0
1978-02-09,0.0,-61.0,0.0,0.0,0.0
1978-02-10,11.0,-78.0,0.0,0.0,0.0
1978-02-11,72.0,-50.0,0.0,0.0,0.0
1978-02-12,122.0,-28.0,0.0,0.0,0.0
1978-02-13,150.0,33.0,241.0,0.0,0.0
1978-02-14,67.0,-22.0,0.0,0.0,0.0
1978-02-15,56.0,-44.0,0.0,0.0,0.0
1978-02-16,56.0,-17.0,0.0,0.0,0.0
1978-02-17,94.0,-22.0,0.0,0.0,0.0
1978-02-18,56.0,-39.0,20.0,,25.0
1978-02-19,17.0,-111.0,0.0,,0.0
1978-02-20,67.0,-94.0,0.0,0.0,0.0
1978-02-21,122.0,-61.0,36.0,0.0,0.0
1978-02-22,33.0,-106.0,0.0,0.0,0.0
1978-02-23,117.0,-61.0,0.0,0.0,0.0
1978-02-24,139.0,-44.0,0.0,0.0,0.0
1978-02-25,211.0,-6.0,0.0,0.0,0.0
1978-02-26,94.0,50.0,0.0,0.0,0.0
1978-02-27,100.0,-6.0,0.0,0.0,0.0
1978-02-28,122.0,0.0,274.0,0.0,0.0
1978-03-01,89.0,33.0,3.0,0.0,0.0
1978-03-02,67.0,33.0,51.0,0.0,0.0
1978-03-03,89.0,6.0,56.0,0.0,0.0
1978-03-04,22.0,-44.0,0.0,0.0,0.0
1978-03-05,22.0,-89.0,0.0,0.0,0.0
1978-03-06,106.0,-78.0,3.0,0.0,0.0
1978-03-07,167.0,44.0,112.0,0.0,0.0
1978-03-08,217.0,39.0,0.0,0.0,0.0
1978-03-09,106.0,0.0,0.0,0.0,0.0
1978-03-10,72.0,-28.0,3.0,0.0,0.0
1978-03-11,183.0,-11.0,0.0,0.0,0.0
1978-03-12,200.0,50.0,0.0,0.0,0.0
1978-03-13,128.0,61.0,0.0,0.0,0.0
1978-03-14,211.0,89.0,74.0,0.0,0.0
1978-03-15,217.0,33.0,0.0,0.0,0.0
1978-03-16,211.0,33.0,0.0,0.0,0.0
1978-03-17,139.0,11.0,0.0,0.0,0.0
1978-03-18,183.0,22.0,0.0,0.0,0.0
1978-03-19,256.0,100.0,0.0,0.0,0.0
1978-03-20,256.0,133.0,0.0,0.0,0.0
1978-03-21,250.0,128.0,61.0,0.0,0.0
1978-03-22,222.0,67.0,0.0,0.0,0.0
1978-03-23,244.0,111.0,0.0,0.0,0.0
1978-03-24,244.0,133.0,160.0,0.0,0.0
1978-03-25,161.0,28.0,3.0,0.0,0.0
1978-03-26,67.0,-11.0,0.0,0.0,0.0
1978-03-27,83.0,-28.0,0.0,0.0,0.0
1978-03-28,178.0,-28.0,0.0,0.0,0.0
1978-03-29,244.0,50.0,0.0,0.0,0.0
1978-03-30,278.0,50.0,0.0,0.0,0.0
1978-03-31,294.0,78.0,0.0,0.0,0.0
1978-04-01,289.0,44.0,0.0,0.0,0.0
1978-04-02,289.0,106.0,0.0,0.0,0.0
1978-04-03,278.0,144.0,0.0,0.0,0.0
1978-04-04,278.0,161.0,0.0,0.0,0.0
1978-04-05,261.0,150.0,0.0,0.0,0.0
1978-04-06,289.0,172.0,0.0,0.0,0.0
1978-04-07,294.0,139.0,0.0,0.0,0.0
1978-04-08,306.0,139.0,0.0,0.0,0.0
1978-04-09,300.0,144.0,0.0,0.0,0.0
1978-04-10,289.0,172.0,0.0,0.0,0.0
1978-04-11,211.0,83.0,213.0,0.0,0.0
1978-04-12,200.0,61.0,0.0,0.0,0.0
1978-04-13,189.0,44.0,0.0,0.0,0.0
1978-04-14,233.0,61.0,0.0,0.0,0.0
1978-04-15,267.0,78.0,0.0,0.0,0.0
1978-04-16,294.0,94.0,0.0,0.0,0.0
1978-04-17,272.0,128.0,0.0,0.0,0.0
1978-04-18,261.0,161.0,391.0,0.0,0.0
1978-04-19,244.0,100.0,0.0,0.0,0.0
1978-04-20,200.0,17.0,0.0,0.0,0.0
1978-04-21,206.0,11.0,0.0,0.0,0.0
1978-04-22,200.0,61.0,0.0,0.0,0.0
1978-04-23,261.0,117.0,41.0,0.0,0.0
1978-04-24,267.0,139.0,0.0,0.0,0.0
1978-04-25,233.0,78.0,46.0,0.0,0.0
1978-04-26,189.0,39.0,0.0,0.0,0.0
1978-04-27,217.0,22.0,0.0,0.0,0.0
1978-04-28,261.0,50.0,0.0,0.0,0.0
1978-04-29,267.0,72.0,0.0,0.0,0.0
1978-04-30,267.0,161.0,51.0,0.0,0.0
1978-05-01,278.0,156.0,305.0,0.0,0.0
1978-05-02,256.0,72.0,0.0,0.0,0.0
1978-05-03,189.0,83.0,155.0,0.0,0.0
1978-05-04,128.0,89.0,58.0,0.0,0.0
1978-05-05,156.0,56.0,41.0,0.0,0.0
1978-05-06,233.0,89.0,15.0,0.0,0.0
1978-05-07,233.0,128.0,536.0,0.0,0.0
1978-05-08,250.0,178.0,33.0,0.0,0.0
1978-05-09,300.0,100.0,0.0,0.0,0.0
1978-05-10,283.0,89.0,0.0,0.0,0.0
1978-05-11,278.0,172.0,0.0,0.0,0.0
1978-05-12,283.0,156.0,188.0,0.0,0.0
1978-05-13,283.0,106.0,51.0,0.0,0.0
1978-05-14,256.0,72.0,0.0,0.0,0.0
1978-05-15,289.0,106.0,0.0,0.0,0.0
1978-05-16,278.0,117.0,0.0,0.0,0.0
1978-05-17,244.0,133.0,0.0,0.0,0.0
1978-05-18,278.0,144.0,0.0,0.0,0.0
1978-05-19,311.0,183.0,0.0,0.0,0.0
1978-05-20,333.0,189.0,0.0,0.0,0.0
1978-05-21,333.0,167.0,0.0,0.0,0.0
1978-05-22,322.0,183.0,33.0,0.0,0.0
1978-05-23,311.0,189.0,0.0,0.0,0.0
1978-05-24,317.0,194.0,0.0,0.0,0.0
1978-05-25,317.0,178.0,0.0,0.0,0.0
1978-05-26,317.0,178.0,0.0,0.0,0.0
1978-05-27,328.0,178.0,0.0,0.0,0.0
1978-05-28,328.0,189.0,0.0,0.0,0.0
1978-05-29,317.0,178.0,0.0,0.0,0.0
1978-05-30,317.0,161.0,104.0,0.0,0.0
1978-05-31,322.0,178.0,0.0,0.0,0.0
1978-06-01,328.0,183.0,0.0,0.0,0.0
1978-06-02,300.0,178.0,343.0,0.0,0.0
1978-06-03,283.0,161.0,0.0,0.0,0.0
1978-06-04,278.0,161.0,56.0,0.0,0.0
1978-06-05,289.0,150.0,3.0,0.0,0.0
1978-06-06,311.0,167.0,0.0,0.0,0.0
1978-06-07,317.0,194.0,122.0,0.0,0.0
1978-06-08,261.0,189.0,81.0,0.0,0.0
1978-06-09,306.0,150.0,48.0,0.0,0.0
1978-06-10,261.0,100.0,0.0,0.0,0.0
1978-06-11,294.0,156.0,0.0,0.0,0.0
1978-06-12,328.0,206.0,0.0,0.0,0.0
1978-06-13,322.0,183.0,0.0,0.0,0.0
1978-06-14,306.0,133.0,0.0,0.0,0.0
1978-06-15,294.0,111.0,0.0,0.0,0.0
1978-06-16,317.0,144.0,0.0,0.0,0.0
1978-06-17,339.0,178.0,0.0,0.0,0.0
1978-06-18,339.0,206.0,0.0,0.0,0.0
1978-06-19,333.0,194.0,48.0,0.0,0.0
1978-06-20,333.0,194.0,0.0,0.0,0.0
1978-06-21,317.0,194.0,0.0,0.0,0.0
1978-06-22,322.0,194.0,0.0,0.0,0.0
1978-06-23,328.0,194.0,114.0,0.0,0.0
1978-06-24,339.0,194.0,0.0,0.0,0.0
1978-06-25,344.0,222.0,0.0,0.0,0.0
1978-06-26,356.0,217.0,0.0,0.0,0.0
1978-06-27,350.0,211.0,0.0,0.0,0.0
1978-06-28,356.0,211.0,0.0,0.0,0.0
1978-06-29,361.0,211.0,0.0,0.0,0.0
1978-06-30,367.0,200.0,0.0,0.0,0.0
1978-07-01,350.0,194.0,10.0,0.0,0.0
1978-07-02,356.0,222.0,0.0,0.0,0.0
1978-07-03,344.0,211.0,20.0,0.0,0.0
1978-07-04,333.0,189.0,0.0,0.0,0.0
1978-07-05,372.0,211.0,0.0,0.0,0.0
1978-07-06,383.0,217.0,0.0,0.0,0.0
1978-07-07,378.0,211.0,0.0,0.0,0.0
1978-07-08,372.0,194.0,513.0,0.0,0.0
1978-07-09,361.0,217.0,5.0,0.0,0.0
1978-07-10,361.0,211.0,0.0,0.0,0.0
1978-07-11,378.0,217.0,0.0,0.0,0.0
1978-07-12,361.0,206.0,0.0,0.0,0.0
1978-07-13,356.0,217.0,0.0,0.0,0.0
1978-07-14,361.0,211.0,0.0,0.0,0.0
1978-07-15,344.0,200.0,0.0,0.0,0.0
1978-07-16,339.0,167.0,0.0,0.0,0.0
1978-07-17,333.0,189.0,0.0,0.0,0.0
1978-07-18,344.0,161.0,0.0,0.0,0.0
1978-07-19,356.0,178.0,0.0,0.0,0.0
1978-07-20,356.0,200.0,0.0,0.0,0.0
1978-07-21,361.0,178.0,0.0,0.0,0.0
1978-07-22,350.0,200.0,0.0,0.0,0.0
1978-07-23,344.0,194.0,0.0,0.0,0.0
1978-07-24,350.0,172.0,43.0,0.0,0.0
1978-07-25,344.0,194.0,0.0,0.0,0.0
1978-07-26,361.0,194.0,0.0,0.0,0.0
1978-07-27,367.0,183.0,36.0,0.0,0.0
1978-07-28,356.0,178.0,0.0,0.0,0.0
1978-07-29,361.0,189.0,0.0,0.0,0.0
1978-07-30,372.0,206.0,0.0,0.0,0.0
1978-07-31,378.0,211.0,10.0,0.0,0.0
1978-08-01,333.0,178.0,30.0,0.0,0.0
1978-08-02,361.0,172.0,150.0,0.0,0.0
1978-08-03,350.0,183.0,0.0,0.0,0.0
1978-08-04,361.0,178.0,0.0,0.0,0.0
1978-08-05,311.0,167.0,8.0,0.0,0.0
1978-08-06,300.0,172.0,0.0,0.0,0.0
1978-08-07,311.0,156.0,0.0,0.0,0.0
1978-08-08,322.0,167.0,0.0,0.0,0.0
1978-08-09,328.0,172.0,3.0,0.0,0.0
1978-08-10,267.0,178.0,0.0,0.0,0.0
1978-08-11,300.0,194.0,3.0,0.0,0.0
1978-08-12,344.0,167.0,79.0,0.0,0.0
1978-08-13,350.0,211.0,0.0,0.0,0.0
1978-08-14,311.0,167.0,183.0,0.0,0.0
1978-08-15,339.0,189.0,0.0,0.0,0.0
1978-08-16,350.0,200.0,0.0,0.0,0.0
1978-08-17,361.0,211.0,0.0,0.0,0.0
1978-08-18,361.0,206.0,0.0,0.0,0.0
1978-08-19,356.0,211.0,0.0,0.0,0.0
1978-08-20,367.0,194.0,0.0,0.0,0.0
1978-08-21,350.0,183.0,0.0,0.0,0.0
1978-08-22,350.0,150.0,0.0,0.0,0.0
1978-08-23,367.0,183.0,0.0,0.0,0.0
1978-08-24,378.0,189.0,0.0,0.0,0.0
1978-08-25,378.0,189.0,0.0,0.0,0.0
1978-08-26,383.0,194.0,0.0,0.0,0.0
1978-08-27,367.0,194.0,10.0,0.0,0.0
1978-08-28,361.0,200.0,0.0,0.0,0.0
1978-08-29,322.0,161.0,508.0,0.0,0.0
1978-08-30,256.0,144.0,132.0,0.0,0.0
1978-08-31,261.0,128.0,3.0,0.0,0.0
1978-09-01,289.0,139.0,0.0,0.0,0.0
1978-09-02,289.0,144.0,0.0,0.0,0.0
1978-09-03,289.0,161.0,0.0,0.0,0.0
1978-09-04,283.0,144.0,10.0,0.0,0.0
1978-09-05,322.0,144.0,0.0,0.0,0.0
1978-09-06,328.0,156.0,0.0,0.0,0.0
1978-09-07,328.0,150.0,0.0,0.0,0.0
1978-09-08,333.0,167.0,0.0,0.0,0.0
1978-09-09,339.0,172.0,0.0,0.0,0.0
1978-09-10,339.0,178.0,0.0,0.0,0.0
1978-09-11,328.0,172.0,0.0,0.0,0.0
1978-09-12,294.0,183.0,51.0,0.0,0.0
1978-09-13,294.0,194.0,10.0,0.0,0.0
1978-09-14,322.0,194.0,178.0,0.0,0.0
1978-09-15,261.0,183.0,71.0,0.0,0.0
1978-09-16,311.0,189.0,0.0,0.0,0.0
1978-09-17,333.0,189.0,0.0,0.0,0.0
1978-09-18,322.0,194.0,0.0,0.0,0.0
1978-09-19,328.0,194.0,0.0,0.0,0.0
1978-09-20,333.0,172.0,0.0,0.0,0.0
1978-09-21,339.0,161.0,0.0,0.0,0.0
1978-09-22,344.0,144.0,0.0,0.0,0.0
1978-09-23,233.0,128.0,0.0,0.0,0.0
1978-09-24,272.0,89.0,0.0,0.0,0.0
1978-09-25,267.0,106.0,0.0,0.0,0.0
1978-09-26,283.0,122.0,0.0,0.0,0.0
1978-09-27,283.0,144.0,0.0,0.0,0.0
1978-09-28,278.0,133.0,0.0,0.0,0.0
1978-09-29,267.0,122.0,0.0,0.0,0.0
1978-09-30,283.0,117.0,0.0,0.0,0.0
1978-10-01,300.0,94.0,0.0,0.0,0.0
1978-10-02,272.0,78.0,0.0,0.0,0.0
1978-10-03,306.0,89.0,0.0,0.0,0.0
1978-10-04,289.0,44.0,0.0,0.0,0.0
1978-10-05,283.0,67.0,104.0,0.0,0.0
1978-10-06,261.0,28.0,0.0,0.0,0.0
1978-10-07,211.0,-11.0,0.0,0.0,0.0
1978-10-08,211.0,11.0,0.0,0.0,0.0
1978-10-09,233.0,56.0,0.0,0.0,0.0
1978-10-10,244.0,50.0,0.0,0.0,0.0
1978-10-11,267.0,67.0,0.0,0.0,0.0
1978-10-12,289.0,122.0,0.0,0.0,0.0
1978-10-13,300.0,156.0,0.0,0.0,0.0
1978-10-14,206.0,11.0,152.0,0.0,0.0
1978-10-15,189.0,-11.0,0.0,0.0,0.0
1978-10-16,239.0,33.0,0.0,0.0,0.0
1978-10-17,206.0,-6.0,0.0,0.0,0.0
1978-10-18,183.0,-22.0,0.0,0.0,0.0
1978-10-19,239.0,0.0,0.0,0.0,0.0
1978-10-20,267.0,28.0,0.0,0.0,0.0
1978-10-21,294.0,100.0,0.0,0.0,0.0
1978-10-22,311.0,89.0,0.0,0.0,0.0
1978-10-23,289.0,83.0,0.0,0.0,0.0
1978-10-24,278.0,72.0,0.0,0.0,0.0
1978-10-25,189.0,61.0,0.0,0.0,0.0
1978-10-26,261.0,111.0,203.0,0.0,0.0
1978-10-27,189.0,22.0,0.0,0.0,0.0
1978-10-28,206.0,-11.0,0.0,0.0,0.0
1978-10-29,222.0,6.0,0.0,0.0,0.0
1978-10-30,233.0,28.0,0.0,0.0,0.0
1978-10-31,278.0,89.0,0.0,0.0,0.0
1978-11-01,267.0,67.0,0.0,0.0,0.0
1978-11-02,272.0,56.0,0.0,0.0,0.0
1978-11-03,278.0,78.0,0.0,0.0,0.0
1978-11-04,278.0,83.0,0.0,0.0,0.0
1978-11-05,283.0,111.0,0.0,0.0,0.0
1978-11-06,283.0,133.0,0.0,0.0,0.0
1978-11-07,211.0,78.0,269.0,0.0,0.0
1978-11-08,122.0,-6.0,0.0,0.0,0.0
1978-11-09,167.0,0.0,0.0,0.0,0.0
1978-11-10,194.0,72.0,0.0,0.0,0.0
1978-11-11,239.0,89.0,0.0,0.0,0.0
1978-11-12,256.0,117.0,0.0,0.0,0.0
1978-11-13,261.0,156.0,0.0,0.0,0.0
1978-11-14,256.0,172.0,114.0,0.0,0.0
1978-11-15,206.0,144.0,145.0,0.0,0.0
1978-11-16,172.0,89.0,320.0,0.0,0.0
1978-11-17,211.0,61.0,107.0,0.0,0.0
1978-11-18,139.0,11.0,0.0,0.0,0.0
1978-11-19,167.0,22.0,0.0,0.0,0.0
1978-11-20,122.0,44.0,0.0,0.0,0.0
1978-11-21,117.0,78.0,10.0,0.0,0.0
1978-11-22,128.0,83.0,48.0,0.0,0.0
1978-11-23,172.0,89.0,114.0,0.0,0.0
1978-11-24,222.0,78.0,0.0,0.0,0.0
1978-11-25,194.0,61.0,0.0,0.0,0.0
1978-11-26,200.0,83.0,0.0,0.0,0.0
1978-11-27,167.0,122.0,274.0,0.0,0.0
1978-11-28,139.0,0.0,0.0,0.0,0.0
1978-11-29,67.0,11.0,81.0,0.0,0.0
1978-11-30,150.0,17.0,0.0,0.0,0.0
1978-12-01,133.0,11.0,0.0,0.0,0.0
1978-12-02,194.0,50.0,0.0,0.0,0.0
1978-12-03,244.0,100.0,226.0,0.0,0.0
1978-12-04,239.0,-22.0,335.0,0.0,0.0
1978-12-05,83.0,-22.0,48.0,0.0,0.0
1978-12-06,144.0,0.0,0.0,0.0,0.0
1978-12-07,211.0,89.0,102.0,0.0,0.0
1978-12-08,261.0,11.0,127.0,0.0,0.0
1978-12-09,94.0,-39.0,284.0,0.0,0.0
1978-12-10,22.0,-94.0,0.0,0.0,0.0
1978-12-11,67.0,-67.0,0.0,0.0,0.0
1978-12-12,89.0,-61.0,0.0,0.0,0.0
1978-12-13,133.0,-33.0,0.0,0.0,0.0
1978-12-14,144.0,-17.0,0.0,0.0,0.0
1978-12-15,94.0,-39.0,0.0,0.0,0.0
1978-12-16,111.0,17.0,30.0,0.0,0.0
1978-12-17,122.0,-6.0,0.0,0.0,0.0
1978-12-18,111.0,-6.0,0.0,0.0,0.0
1978-12-19,178.0,56.0,0.0,0.0,0.0
1978-12-20,244.0,167.0,0.0,0.0,0.0
1978-12-21,233.0,-11.0,74.0,0.0,0.0
1978-12-22,111.0,-33.0,0.0,0.0,0.0
1978-12-23,106.0,0.0,0.0,0.0,0.0
1978-12-24,89.0,22.0,0.0,0.0,0.0
1978-12-25,72.0,-56.0,0.0,0.0,0.0
1978-12-26,139.0,-22.0,0.0,0.0,0.0
1978-12-27,72.0,-6.0,0.0,0.0,0.0
1978-12-28,78.0,0.0,0.0,0.0,0.0
1978-12-29,122.0,22.0,0.0,0.0,0.0
1978-12-30,100.0,50.0,381.0,0.0,0.0
1978-12-31,194.0,78.0,46.0,0.0,0.0
1979-01-01,194.0,-6.0,381.0,0.0,0.0
1979-01-02,6.0,-122.0,61.0,0.0,0.0
1979-01-03,-33.0,-117.0,0.0,0.0,0.0
1979-01-04,39.0,-106.0,0.0,0.0,0.0
1979-01-05,50.0,-44.0,51.0,0.0,0.0
1979-01-06,22.0,-22.0,112.0,0.0,0.0
1979-01-07,6.0,-22.0,605.0,0.0,0.0
1979-01-08,0.0,-94.0,0.0,0.0,0.0
1979-01-09,-50.0,-117.0,0.0,0.0,0.0
1979-01-10,6.0,-72.0,0.0,0.0,0.0
1979-01-11,11.0,-61.0,0.0,0.0,0.0
1979-01-12,-28.0,-61.0,0.0,0.0,0.0
1979-01-13,22.0,-39.0,10.0,0.0,0.0
1979-01-14,72.0,-106.0,5.0,0.0,0.0
1979-01-15,-11.0,-111.0,0.0,0.0,0.0
1979-01-16,39.0,-83.0,0.0,0.0,0.0
1979-01-17,128.0,28.0,0.0,0.0,0.0
1979-01-18,150.0,61.0,66.0,0.0,0.0
1979-01-19,150.0,61.0,122.0,0.0,0.0
1979-01-20,183.0,94.0,546.0,0.0,0.0
1979-01-21,111.0,0.0,198.0,0.0,0.0
1979-01-22,39.0,-56.0,0.0,0.0,0.0
1979-01-23,72.0,-33.0,191.0,0.0,0.0
1979-01-24,106.0,-61.0,76.0,0.0,0.0
1979-01-25,89.0,-67.0,0.0,0.0,0.0
1979-01-26,33.0,-28.0,114.0,0.0,0.0
1979-01-27,22.0,-6.0,48.0,0.0,0.0
1979-01-28,28.0,-72.0,0.0,0.0,0.0
1979-01-29,50.0,-56.0,0.0,0.0,0.0
1979-01-30,,-39.0,0.0,0.0,0.0
1979-01-31,,-67.0,0.0,0.0,0.0
1979-02-01,,,0.0,0.0,0.0
1979-02-02,,-39.0,0.0,0.0,0.0
1979-02-03,,-39.0,15.0,0.0,0.0
1979-02-04,111.0,-11.0,0.0,0.0,0.0
1979-02-05,44.0,-17.0,0.0,0.0,0.0
1979-02-06,0.0,-17.0,28.0,0.0,0.0
1979-02-07,28.0,-6.0,277.0,0.0,0.0
1979-02-08,33.0,6.0,0.0,0.0,0.0
1979-02-09,89.0,-106.0,5.0,0.0,0.0
1979-02-10,-11.0,-100.0,0.0,0.0,0.0
1979-02-11,94.0,-94.0,0.0,0.0,0.0
1979-02-12,156.0,17.0,0.0,0.0,0.0
1979-02-13,150.0,6.0,0.0,0.0,0.0
1979-02-14,83.0,17.0,0.0,0.0,0.0
1979-02-15,239.0,78.0,0.0,0.0,0.0
1979-02-16,244.0,-6.0,0.0,0.0,0.0
1979-02-17,6.0,-39.0,30.0,0.0,0.0
1979-02-18,-22.0,-44.0,109.0,,8.0
1979-02-19,44.0,-78.0,0.0,0.0,0.0
1979-02-20,89.0,-44.0,0.0,0.0,0.0
1979-02-21,117.0,33.0,127.0,0.0,0.0
1979-02-22,189.0,111.0,0.0,0.0,0.0
1979-02-23,206.0,161.0,130.0,0.0,0.0
1979-02-24,183.0,94.0,353.0,0.0,0.0
1979-02-25,100.0,11.0,152.0,0.0,0.0
1979-02-26,100.0,-28.0,30.0,,3.0
1979-02-27,117.0,0.0,0.0,0.0,0.0
1979-02-28,150.0,11.0,18.0,0.0,0.0
1979-03-01,200.0,6.0,0.0,0.0,0.0
1979-03-02,156.0,28.0,0.0,0.0,0.0
1979-03-03,178.0,56.0,417.0,0.0,0.0
1979-03-04,228.0,17.0,0.0,0.0,0.0
1979-03-05,117.0,-33.0,0.0,0.0,0.0
1979-03-06,139.0,-17.0,0.0,0.0,0.0
1979-03-07,194.0,44.0,0.0,0.0,0.0
1979-03-08,189.0,-17.0,0.0,0.0,0.0
1979-03-09,150.0,28.0,0.0,0.0,0.0
1979-03-10,239.0,44.0,86.0,0.0,0.0
1979-03-11,83.0,-33.0,0.0,0.0,0.0
1979-03-12,167.0,-11.0,0.0,0.0,0.0
1979-03-13,233.0,83.0,0.0,0.0,0.0
1979-03-14,222.0,78.0,61.0,0.0,0.0
1979-03-15,156.0,0.0,0.0,0.0,0.0
1979-03-16,111.0,44.0,0.0,0.0,0.0
1979-03-17,161.0,56.0,0.0,0.0,0.0
1979-03-18,239.0,61.0,0.0,0.0,0.0
1979-03-19,239.0,117.0,0.0,0.0,0.0
1979-03-20,272.0,150.0,20.0,0.0,0.0
1979-03-21,244.0,111.0,3.0,0.0,0.0
1979-03-22,178.0,128.0,112.0,0.0,0.0
1979-03-23,200.0,128.0,315.0,0.0,0.0
1979-03-24,144.0,28.0,3.0,0.0,0.0
1979-03-25,133.0,0.0,0.0,0.0,0.0
1979-03-26,150.0,50.0,0.0,0.0,0.0
1979-03-27,222.0,89.0,0.0,0.0,0.0
1979-03-28,194.0,122.0,0.0,0.0,0.0
1979-03-29,244.0,167.0,0.0,0.0,0.0
1979-03-30,211.0,172.0,3.0,0.0,0.0
1979-03-31,222.0,178.0,516.0,0.0,0.0
1979-04-01,256.0,83.0,0.0,0.0,0.0
1979-04-02,250.0,106.0,132.0,0.0,0.0
1979-04-03,172.0,89.0,165.0,0.0,0.0
1979-04-04,144.0,94.0,79.0,0.0,0.0
1979-04-05,150.0,-6.0,0.0,0.0,0.0
1979-04-06,200.0,56.0,0.0,0.0,0.0
1979-04-07,206.0,94.0,0.0,0.0,0.0
1979-04-08,267.0,111.0,368.0,0.0,0.0
1979-04-09,200.0,56.0,5.0,0.0,0.0
1979-04-10,183.0,72.0,0.0,0.0,0.0
1979-04-11,217.0,89.0,249.0,0.0,0.0
1979-04-12,256.0,161.0,310.0,0.0,0.0
1979-04-13,267.0,144.0,0.0,0.0,0.0
1979-04-14,239.0,83.0,0.0,0.0,0.0
1979-04-15,256.0,72.0,0.0,0.0,0.0
1979-04-16,267.0,89.0,0.0,0.0,0.0
1979-04-17,294.0,111.0,0.0,0.0,0.0
1979-04-18,289.0,161.0,0.0,0.0,0.0
1979-04-19,272.0,189.0,0.0,0.0,0.0
1979-04-20,283.0,167.0,0.0,0.0,0.0
1979-04-21,233.0,83.0,10.0,0.0,0.0
1979-04-22,200.0,72.0,318.0,0.0,0.0
1979-04-23,194.0,106.0,594.0,0.0,0.0
1979-04-24,233.0,144.0,66.0,0.0,0.0
1979-04-25,256.0,144.0,0.0,0.0,0.0
1979-04-26,272.0,167.0,0.0,0.0,0.0
1979-04-27,222.0,56.0,0.0,0.0,0.0
1979-04-28,222.0,56.0,0.0,0.0,0.0
1979-04-29,189.0,17.0,0.0,0.0,0.0
1979-04-30,167.0,61.0,0.0,0.0,0.0
1979-05-01,244.0,111.0,0.0,0.0,0.0
1979-05-02,239.0,161.0,58.0,0.0,0.0
1979-05-03,311.0,167.0,0.0,0.0,0.0
1979-05-04,278.0,161.0,917.0,0.0,0.0
1979-05-05,211.0,94.0,18.0,0.0,0.0
1979-05-06,183.0,56.0,0.0,0.0,0.0
1979-05-07,233.0,117.0,0.0,0.0,0.0
1979-05-08,294.0,178.0,0.0,0.0,0.0
1979-05-09,300.0,161.0,0.0,0.0,0.0
1979-05-10,300.0,172.0,0.0,0.0,0.0
1979-05-11,294.0,194.0,0.0,0.0,0.0
1979-05-12,272.0,117.0,152.0,0.0,0.0
1979-05-13,206.0,89.0,0.0,0.0,0.0
1979-05-14,228.0,56.0,0.0,0.0,0.0
1979-05-15,272.0,61.0,0.0,0.0,0.0
1979-05-16,294.0,117.0,0.0,0.0,0.0
1979-05-17,272.0,106.0,0.0,0.0,0.0
1979-05-18,283.0,122.0,0.0,0.0,0.0
1979-05-19,311.0,122.0,0.0,0.0,0.0
1979-05-20,317.0,122.0,0.0,0.0,0.0
1979-05-21,350.0,167.0,0.0,0.0,0.0
1979-05-22,278.0,189.0,109.0,0.0,0.0
1979-05-23,267.0,172.0,76.0,0.0,0.0
1979-05-24,261.0,128.0,0.0,0.0,0.0
1979-05-25,233.0,67.0,0.0,0.0,0.0
1979-05-26,244.0,56.0,0.0,0.0,0.0
1979-05-27,217.0,39.0,249.0,0.0,0.0
1979-05-28,261.0,67.0,102.0,0.0,0.0
1979-05-29,294.0,161.0,0.0,0.0,0.0
1979-05-30,261.0,217.0,191.0,0.0,0.0
1979-05-31,283.0,200.0,170.0,0.0,0.0
1979-06-01,306.0,200.0,8.0,0.0,0.0
1979-06-02,300.0,206.0,226.0,0.0,0.0
1979-06-03,267.0,167.0,381.0,0.0,0.0
1979-06-04,267.0,172.0,0.0,0.0,0.0
1979-06-05,278.0,156.0,0.0,0.0,0.0
1979-06-06,283.0,200.0,41.0,0.0,0.0
1979-06-07,311.0,217.0,0.0,0.0,0.0
1979-06-08,317.0,222.0,0.0,0.0,0.0
1979-06-09,322.0,222.0,0.0,0.0,0.0
1979-06-10,333.0,217.0,0.0,0.0,0.0
1979-06-11,283.0,106.0,0.0,0.0,0.0
1979-06-12,261.0,106.0,0.0,0.0,0.0
1979-06-13,294.0,122.0,0.0,0.0,0.0
1979-06-14,300.0,156.0,0.0,0.0,0.0
1979-06-15,311.0,178.0,0.0,0.0,0.0
1979-06-16,300.0,172.0,0.0,0.0,0.0
1979-06-17,317.0,172.0,0.0,0.0,0.0
1979-06-18,317.0,189.0,0.0,0.0,0.0
1979-06-19,322.0,189.0,0.0,0.0,0.0
1979-06-20,333.0,228.0,0.0,0.0,0.0
1979-06-21,328.0,194.0,168.0,0.0,0.0
1979-06-22,272.0,194.0,30.0,0.0,0.0
1979-06-23,328.0,194.0,5.0,0.0,0.0
1979-06-24,322.0,217.0,0.0,0.0,0.0
1979-06-25,311.0,172.0,0.0,0.0,0.0
1979-06-26,261.0,156.0,0.0,0.0,0.0
1979-06-27,283.0,150.0,0.0,0.0,0.0
1979-06-28,300.0,156.0,0.0,0.0,0.0
1979-06-29,311.0,194.0,363.0,0.0,0.0
1979-06-30,339.0,217.0,0.0,0.0,0.0
1979-07-01,328.0,183.0,0.0,0.0,0.0
1979-07-02,333.0,228.0,0.0,0.0,0.0
1979-07-03,339.0,217.0,0.0,0.0,0.0
1979-07-04,333.0,222.0,0.0,0.0,0.0
1979-07-05,344.0,217.0,0.0,0.0,0.0
1979-07-06,350.0,206.0,28.0,0.0,0.0
1979-07-07,294.0,189.0,13.0,0.0,0.0
1979-07-08,356.0,194.0,46.0,0.0,0.0
1979-07-09,300.0,211.0,5.0,0.0,0.0
1979-07-10,317.0,183.0,0.0,0.0,0.0
1979-07-11,322.0,183.0,503.0,0.0,0.0
1979-07-12,261.0,178.0,0.0,0.0,0.0
1979-07-13,322.0,178.0,0.0,0.0,0.0
1979-07-14,322.0,206.0,10.0,0.0,0.0
1979-07-15,339.0,206.0,0.0,0.0,0.0
1979-07-16,317.0,194.0,0.0,0.0,0.0
1979-07-17,344.0,194.0,5.0,0.0,0.0
1979-07-18,317.0,194.0,0.0,0.0,0.0
1979-07-19,300.0,194.0,0.0,0.0,0.0
1979-07-20,311.0,200.0,0.0,0.0,0.0
1979-07-21,306.0,183.0,0.0,0.0,0.0
1979-07-22,333.0,183.0,0.0,0.0,0.0
1979-07-23,322.0,222.0,0.0,0.0,0.0
1979-07-24,306.0,228.0,46.0,0.0,0.0
1979-07-25,317.0,222.0,89.0,0.0,0.0
1979-07-26,317.0,206.0,462.0,0.0,0.0
1979-07-27,311.0,217.0,318.0,0.0,0.0
1979-07-28,306.0,217.0,302.0,0.0,0.0
1979-07-29,356.0,222.0,5.0,0.0,0.0
1979-07-30,322.0,217.0,0.0,0.0,0.0
1979-07-31,333.0,211.0,0.0,0.0,0.0
1979-08-01,328.0,206.0,79.0,0.0,0.0
1979-08-02,300.0,206.0,5.0,0.0,0.0
1979-08-03,272.0,189.0,0.0,0.0,0.0
1979-08-04,317.0,206.0,46.0,0.0,0.0
1979-08-05,339.0,200.0,0.0,0.0,0.0
1979-08-06,333.0,200.0,0.0,0.0,0.0
1979-08-07,339.0,194.0,0.0,0.0,0.0
1979-08-08,333.0,200.0,0.0,0.0,0.0
1979-08-09,339.0,206.0,0.0,0.0,0.0
1979-08-10,328.0,206.0,0.0,0.0,0.0
1979-08-11,328.0,194.0,150.0,0.0,0.0
1979-08-12,283.0,167.0,0.0,0.0,0.0
1979-08-13,267.0,144.0,0.0,0.0,0.0
1979-08-14,294.0,167.0,0.0,0.0,0.0
1979-08-15,328.0,183.0,0.0,0.0,0.0
1979-08-16,322.0,183.0,0.0,0.0,0.0
1979-08-17,272.0,167.0,0.0,0.0,0.0
1979-08-18,311.0,161.0,0.0,0.0,0.0
1979-08-19,333.0,200.0,229.0,0.0,0.0
1979-08-20,333.0,194.0,0.0,0.0,0.0
1979-08-21,322.0,200.0,0.0,0.0,0.0
1979-08-22,328.0,183.0,132.0,0.0,0.0
1979-08-23,294.0,161.0,5.0,0.0,0.0
1979-08-24,322.0,183.0,0.0,0.0,0.0
1979-08-25,278.0,178.0,0.0,0.0,0.0
1979-08-26,289.0,183.0,0.0,0.0,0.0
1979-08-27,294.0,183.0,0.0,0.0,0.0
1979-08-28,322.0,200.0,0.0,0.0,0.0
1979-08-29,317.0,206.0,0.0,0.0,0.0
1979-08-30,333.0,206.0,0.0,0.0,0.0
1979-08-31,339.0,194.0,0.0,0.0,0.0
1979-09-01,333.0,206.0,64.0,0.0,0.0
1979-09-02,322.0,194.0,297.0,0.0,0.0
1979-09-03,317.0,194.0,3.0,0.0,0.0
1979-09-04,317.0,189.0,0.0,0.0,0.0
1979-09-05,317.0,189.0,0.0,0.0,0.0
1979-09-06,317.0,183.0,0.0,0.0,0.0
1979-09-07,328.0,183.0,0.0,0.0,0.0
1979-09-08,322.0,144.0,0.0,0.0,0.0
1979-09-09,267.0,111.0,0.0,0.0,0.0
1979-09-10,267.0,144.0,0.0,0.0,0.0
1979-09-11,306.0,139.0,0.0,0.0,0.0
1979-09-12,300.0,156.0,0.0,0.0,0.0
1979-09-13,289.0,189.0,0.0,0.0,0.0
1979-09-14,278.0,139.0,8.0,0.0,0.0
1979-09-15,244.0,94.0,0.0,0.0,0.0
1979-09-16,239.0,100.0,0.0,0.0,0.0
1979-09-17,250.0,128.0,0.0,0.0,0.0
1979-09-18,233.0,172.0,216.0,0.0,0.0
1979-09-19,244.0,183.0,48.0,0.0,0.0
1979-09-20,233.0,172.0,107.0,0.0,0.0
1979-09-21,222.0,161.0,569.0,0.0,0.0
1979-09-22,239.0,111.0,0.0,0.0,0.0
1979-09-23,244.0,89.0,0.0,0.0,0.0
1979-09-24,244.0,72.0,0.0,0.0,0.0
1979-09-25,250.0,78.0,0.0,0.0,0.0
1979-09-26,267.0,111.0,0.0,0.0,0.0
1979-09-27,272.0,122.0,0.0,0.0,0.0
1979-09-28,278.0,117.0,0.0,0.0,0.0
1979-09-29,289.0,144.0,0.0,0.0,0.0
1979-09-30,311.0,139.0,0.0,0.0,0.0
1979-10-01,311.0,139.0,0.0,0.0,0.0
1979-10-02,317.0,78.0,0.0,0.0,0.0
1979-10-03,250.0,72.0,0.0,0.0,0.0
1979-10-04,283.0,83.0,178.0,0.0,0.0
1979-10-05,228.0,6.0,0.0,0.0,0.0
1979-10-06,233.0,44.0,0.0,0.0,0.0
1979-10-07,256.0,61.0,0.0,0.0,0.0
1979-10-08,294.0,94.0,0.0,0.0,0.0
1979-10-09,294.0,122.0,0.0,0.0,0.0
1979-10-10,217.0,0.0,152.0,0.0,0.0
1979-10-11,172.0,50.0,0.0,0.0,0.0
1979-10-12,261.0,111.0,0.0,0.0,0.0
1979-10-13,300.0,106.0,0.0,0.0,0.0
1979-10-14,183.0,17.0,0.0,0.0,0.0
1979-10-15,200.0,44.0,0.0,0.0,0.0
1979-10-16,244.0,100.0,0.0,0.0,0.0
1979-10-17,261.0,133.0,0.0,0.0,0.0
1979-10-18,267.0,133.0,0.0,0.0,0.0
1979-10-19,289.0,150.0,0.0,0.0,0.0
1979-10-20,267.0,156.0,0.0,0.0,0.0
1979-10-21,294.0,128.0,0.0,0.0,0.0
1979-10-22,294.0,139.0,254.0,0.0,0.0
1979-10-23,211.0,-6.0,74.0,0.0,0.0
1979-10-24,189.0,-6.0,0.0,0.0,0.0
1979-10-25,206.0,22.0,0.0,0.0,0.0
1979-10-26,250.0,44.0,0.0,0.0,0.0
1979-10-27,267.0,72.0,0.0,0.0,0.0
1979-10-28,256.0,106.0,0.0,0.0,0.0
1979-10-29,222.0,117.0,104.0,0.0,0.0
1979-10-30,217.0,128.0,0.0,0.0,0.0
1979-10-31,267.0,128.0,333.0,0.0,0.0
1979-11-01,194.0,17.0,0.0,0.0,0.0
1979-11-02,167.0,6.0,0.0,0.0,0.0
1979-11-03,183.0,0.0,0.0,0.0,0.0
1979-11-04,178.0,0.0,0.0,0.0,0.0
1979-11-05,189.0,50.0,0.0,0.0,0.0
1979-11-06,200.0,89.0,0.0,0.0,0.0
1979-11-07,156.0,0.0,0.0,0.0,0.0
1979-11-08,150.0,33.0,0.0,0.0,0.0
1979-11-09,200.0,83.0,411.0,0.0,0.0
1979-11-10,167.0,33.0,119.0,0.0,0.0
1979-11-11,100.0,-6.0,0.0,0.0,0.0
1979-11-12,106.0,-17.0,0.0,0.0,0.0
1979-11-13,133.0,-17.0,0.0,0.0,0.0
1979-11-14,128.0,-44.0,0.0,0.0,0.0
1979-11-15,144.0,-22.0,0.0,0.0,0.0
1979-11-16,183.0,11.0,0.0,0.0,0.0
1979-11-17,222.0,17.0,0.0,0.0,0.0
1979-11-18,211.0,67.0,0.0,0.0,0.0
1979-11-19,228.0,106.0,0.0,0.0,0.0
1979-11-20,250.0,128.0,0.0,0.0,0.0
1979-11-21,256.0,144.0,0.0,0.0,0.0
1979-11-22,194.0,94.0,950.0,0.0,0.0
1979-11-23,111.0,28.0,269.0,0.0,0.0
1979-11-24,89.0,-17.0,0.0,0.0,0.0
1979-11-25,144.0,33.0,38.0,0.0,0.0
1979-11-26,78.0,11.0,117.0,0.0,0.0
1979-11-27,183.0,50.0,0.0,0.0,0.0
1979-11-28,233.0,-17.0,3.0,0.0,0.0
1979-11-29,122.0,-44.0,0.0,0.0,0.0
1979-11-30,44.0,-117.0,0.0,0.0,0.0
1979-12-01,78.0,-50.0,0.0,0.0,0.0
1979-12-02,139.0,-39.0,0.0,0.0,0.0
1979-12-03,50.0,-67.0,0.0,0.0,0.0
1979-12-04,117.0,-50.0,0.0,0.0,0.0
1979-12-05,172.0,-6.0,0.0,0.0,0.0
1979-12-06,183.0,61.0,10.0,0.0,0.0
1979-12-07,144.0,-17.0,0.0,0.0,0.0
1979-12-08,200.0,22.0,0.0,0.0,0.0
1979-12-09,106.0,-28.0,0.0,0.0,0.0
1979-12-10,156.0,-17.0,0.0,0.0,0.0
1979-12-11,206.0,28.0,0.0,0.0,0.0
1979-12-12,217.0,117.0,36.0,0.0,0.0
1979-12-13,122.0,6.0,264.0,0.0,0.0
1979-12-14,61.0,-11.0,0.0,0.0,0.0
1979-12-15,89.0,-39.0,0.0,0.0,0.0
1979-12-16,133.0,-6.0,13.0,0.0,0.0
1979-12-17,133.0,-100.0,0.0,0.0,0.0
1979-12-18,0.0,-117.0,0.0,0.0,0.0
1979-12-19,89.0,-50.0,0.0,0.0,0.0
1979-12-20,161.0,6.0,0.0,0.0,0.0
1979-12-21,194.0,56.0,0.0,0.0,0.0
1979-12-22,167.0,117.0,30.0,0.0,0.0
1979-12-23,167.0,128.0,132.0,0.0,0.0
1979-12-24,206.0,83.0,254.0,0.0,0.0
1979-12-25,117.0,6.0,0.0,0.0,0.0
1979-12-26,150.0,-11.0,0.0,0.0,0.0
1979-12-27,183.0,6.0,0.0,0.0,0.0
1979-12-28,178.0,28.0,0.0,0.0,0.0
1979-12-29,72.0,0.0,0.0,0.0,0.0
1979-12-30,78.0,11.0,0.0,0.0,0.0
1979-12-31,83.0,17.0,0.0,0.0,0.0
1980-01-01,72.0,-44.0,0.0,0.0,0.0
1980-01-02,144.0,-33.0,0.0,0.0,0.0
1980-01-03,150.0,11.0,150.0,0.0,0.0
1980-01-04,61.0,-17.0,36.0,0.0,0.0
1980-01-05,72.0,-22.0,0.0,0.0,0.0
1980-01-06,106.0,-6.0,0.0,0.0,0.0
1980-01-07,144.0,6.0,13.0,0.0,0.0
1980-01-08,22.0,-33.0,0.0,0.0,0.0
1980-01-09,56.0,-28.0,0.0,0.0,0.0
1980-01-10,83.0,-6.0,0.0,0.0,0.0
1980-01-11,183.0,50.0,107.0,0.0,0.0
1980-01-12,200.0,11.0,0.0,0.0,0.0
1980-01-13,56.0,-28.0,0.0,0.0,0.0
1980-01-14,111.0,6.0,0.0,0.0,0.0
1980-01-15,161.0,50.0,0.0,0.0,0.0
1980-01-16,161.0,67.0,43.0,0.0,0.0
1980-01-17,172.0,89.0,28.0,0.0,0.0
1980-01-18,133.0,72.0,0.0,0.0,0.0
1980-01-19,128.0,17.0,0.0,0.0,0.0
1980-01-20,161.0,17.0,5.0,0.0,0.0
1980-01-21,111.0,56.0,112.0,0.0,0.0
1980-01-22,89.0,50.0,,0.0,0.0
1980-01-23,67.0,-28.0,,0.0,0.0
1980-01-24,83.0,-28.0,0.0,0.0,0.0
1980-01-25,194.0,0.0,0.0,0.0,0.0
1980-01-26,133.0,67.0,163.0,0.0,0.0
1980-01-27,89.0,0.0,0.0,0.0,0.0
1980-01-28,67.0,6.0,0.0,0.0,0.0
1980-01-29,33.0,-33.0,10.0,0.0,0.0
1980-01-30,-6.0,-39.0,102.0,0.0,0.0
1980-01-31,6.0,-67.0,51.0,0.0,0.0
1980-02-01,-44.0,-111.0,0.0,0.0,0.0
1980-02-02,-17.0,-100.0,0.0,0.0,0.0
1980-02-03,28.0,-72.0,0.0,0.0,0.0
1980-02-04,67.0,-17.0,0.0,0.0,0.0
1980-02-05,67.0,-11.0,38.0,0.0,0.0
1980-02-06,78.0,-22.0,15.0,0.0,0.0
1980-02-07,100.0,-61.0,0.0,0.0,0.0
1980-02-08,50.0,-22.0,53.0,0.0,0.0
1980-02-09,17.0,-17.0,376.0,0.0,0.0
1980-02-10,0.0,-89.0,122.0,,38.0
1980-02-11,-28.0,-67.0,0.0,,0.0
1980-02-12,6.0,-50.0,0.0,0.0,0.0
1980-02-13,6.0,-56.0,0.0,0.0,0.0
1980-02-14,133.0,-39.0,0.0,0.0,0.0
1980-02-15,172.0,0.0,5.0,0.0,0.0
1980-02-16,183.0,-11.0,3.0,0.0,0.0
1980-02-17,17.0,-94.0,0.0,0.0,0.0
1980-02-18,28.0,-111.0,0.0,0.0,0.0
1980-02-19,106.0,-50.0,0.0,0.0,0.0
1980-02-20,217.0,61.0,0.0,0.0,0.0
1980-02-21,256.0,61.0,0.0,0.0,0.0
1980-02-22,272.0,100.0,0.0,0.0,0.0
1980-02-23,267.0,111.0,0.0,0.0,0.0
1980-02-24,211.0,44.0,0.0,0.0,0.0
1980-02-25,167.0,-17.0,0.0,0.0,0.0
1980-02-26,128.0,-111.0,0.0,0.0,0.0
1980-02-27,94.0,-50.0,0.0,0.0,0.0
1980-02-28,211.0,11.0,0.0,0.0,0.0
1980-02-29,261.0,11.0,0.0,0.0,0.0
1980-03-01,122.0,-67.0,51.0,0.0,0.0
1980-03-02,-39.0,-89.0,0.0,0.0,0.0
1980-03-03,11.0,-117.0,0.0,0.0,0.0
1980-03-04,111.0,-94.0,0.0,0.0,0.0
1980-03-05,156.0,39.0,25.0,0.0,0.0
1980-03-06,117.0,-61.0,0.0,0.0,0.0
1980-03-07,194.0,22.0,124.0,0.0,0.0
1980-03-08,244.0,144.0,8.0,0.0,0.0
1980-03-09,228.0,28.0,0.0,0.0,0.0
1980-03-10,189.0,39.0,0.0,0.0,0.0
1980-03-11,256.0,67.0,0.0,0.0,0.0
1980-03-12,106.0,44.0,495.0,0.0,0.0
1980-03-13,206.0,72.0,0.0,0.0,0.0
1980-03-14,172.0,-22.0,0.0,0.0,0.0
1980-03-15,172.0,11.0,0.0,0.0,0.0
1980-03-16,194.0,72.0,152.0,0.0,0.0
1980-03-17,189.0,94.0,490.0,0.0,0.0
1980-03-18,156.0,-33.0,0.0,0.0,0.0
1980-03-19,144.0,-6.0,13.0,0.0,0.0
1980-03-20,183.0,50.0,145.0,0.0,0.0
1980-03-21,211.0,17.0,91.0,0.0,0.0
1980-03-22,161.0,17.0,0.0,0.0,0.0
1980-03-23,189.0,89.0,0.0,0.0,0.0
1980-03-24,178.0,61.0,114.0,0.0,0.0
1980-03-25,144.0,22.0,0.0,0.0,0.0
1980-03-26,139.0,44.0,0.0,0.0,0.0
1980-03-27,139.0,44.0,0.0,0.0,0.0
1980-03-28,133.0,72.0,152.0,0.0,0.0
1980-03-29,233.0,100.0,0.0,0.0,0.0
1980-03-30,200.0,61.0,411.0,0.0,0.0
1980-03-31,167.0,28.0,0.0,0.0,0.0
1980-04-01,189.0,56.0,0.0,0.0,0.0
1980-04-02,233.0,94.0,0.0,0.0,0.0
1980-04-03,239.0,139.0,0.0,0.0,0.0
1980-04-04,239.0,72.0,0.0,0.0,0.0
1980-04-05,150.0,83.0,38.0,0.0,0.0
1980-04-06,194.0,11.0,0.0,0.0,0.0
1980-04-07,200.0,67.0,3.0,0.0,0.0
1980-04-08,233.0,128.0,0.0,0.0,0.0
1980-04-09,228.0,72.0,0.0,0.0,0.0
1980-04-10,228.0,11.0,0.0,0.0,0.0
1980-04-11,256.0,133.0,0.0,0.0,0.0
1980-04-12,222.0,72.0,221.0,0.0,0.0
1980-04-13,117.0,50.0,391.0,0.0,0.0
1980-04-14,67.0,6.0,163.0,0.0,0.0
1980-04-15,117.0,-11.0,0.0,0.0,0.0
1980-04-16,211.0,50.0,0.0,0.0,0.0
1980-04-17,256.0,117.0,0.0,0.0,0.0
1980-04-18,206.0,72.0,201.0,0.0,0.0
1980-04-19,200.0,67.0,0.0,0.0,0.0
1980-04-20,256.0,50.0,0.0,0.0,0.0
1980-04-21,272.0,89.0,0.0,0.0,0.0
1980-04-22,300.0,100.0,0.0,0.0,0.0
1980-04-23,306.0,133.0,0.0,0.0,0.0
1980-04-24,283.0,122.0,0.0,0.0,0.0
1980-04-25,256.0,161.0,0.0,0.0,0.0
1980-04-26,172.0,89.0,254.0,0.0,0.0
1980-04-27,144.0,78.0,3.0,0.0,0.0
1980-04-28,194.0,50.0,0.0,0.0,0.0
1980-04-29,228.0,56.0,0.0,0.0,0.0
1980-04-30,117.0,89.0,0.0,0.0,0.0
1980-05-01,239.0,117.0,157.0,0.0,0.0
1980-05-02,228.0,122.0,0.0,0.0,0.0
1980-05-03,239.0,106.0,58.0,0.0,0.0
1980-05-04,250.0,89.0,0.0,0.0,0.0
1980-05-05,272.0,94.0,0.0,0.0,0.0
1980-05-06,283.0,106.0,0.0,0.0,0.0
1980-05-07,311.0,106.0,3.0,0.0,0.0
1980-05-08,233.0,122.0,23.0,0.0,0.0
1980-05-09,189.0,78.0,0.0,0.0,0.0
1980-05-10,233.0,111.0,0.0,0.0,0.0
1980-05-11,294.0,178.0,0.0,0.0,0.0
1980-05-12,283.0,194.0,0.0,0.0,0.0
1980-05-13,256.0,167.0,97.0,0.0,0.0
1980-05-14,283.0,139.0,142.0,0.0,0.0
1980-05-15,211.0,133.0,356.0,0.0,0.0
1980-05-16,200.0,133.0,467.0,0.0,0.0
1980-05-17,267.0,156.0,20.0,0.0,0.0
1980-05-18,283.0,156.0,0.0,0.0,0.0
1980-05-19,306.0,172.0,0.0,0.0,0.0
1980-05-20,233.0,144.0,41.0,0.0,0.0
1980-05-21,272.0,144.0,0.0,0.0,0.0
1980-05-22,256.0,150.0,224.0,0.0,0.0
1980-05-23,256.0,133.0,20.0,0.0,0.0
1980-05-24,283.0,144.0,0.0,0.0,0.0
1980-05-25,300.0,178.0,0.0,0.0,0.0
1980-05-26,289.0,178.0,41.0,0.0,0.0
1980-05-27,300.0,178.0,0.0,0.0,0.0
1980-05-28,306.0,167.0,0.0,0.0,0.0
1980-05-29,317.0,189.0,0.0,0.0,0.0
1980-05-30,300.0,189.0,0.0,0.0,0.0
1980-05-31,306.0,194.0,0.0,0.0,0.0
1980-06-01,317.0,200.0,0.0,0.0,0.0
1980-06-02,311.0,194.0,0.0,0.0,0.0
1980-06-03,311.0,183.0,0.0,0.0,0.0
1980-06-04,317.0,189.0,0.0,0.0,0.0
1980-06-05,333.0,183.0,0.0,0.0,0.0
1980-06-06,328.0,217.0,0.0,0.0,0.0
1980-06-07,339.0,211.0,0.0,0.0,0.0
1980-06-08,344.0,228.0,0.0,0.0,0.0
1980-06-09,283.0,144.0,0.0,0.0,0.0
1980-06-10,244.0,89.0,0.0,0.0,0.0
1980-06-11,311.0,128.0,0.0,0.0,0.0
1980-06-12,328.0,167.0,0.0,0.0,0.0
1980-06-13,306.0,111.0,0.0,0.0,0.0
1980-06-14,344.0,172.0,0.0,0.0,0.0
1980-06-15,328.0,183.0,0.0,0.0,0.0
1980-06-16,333.0,194.0,0.0,0.0,0.0
1980-06-17,333.0,206.0,0.0,0.0,0.0
1980-06-18,361.0,189.0,0.0,0.0,0.0
1980-06-19,344.0,183.0,0.0,0.0,0.0
1980-06-20,350.0,211.0,36.0,0.0,0.0
1980-06-21,339.0,189.0,0.0,0.0,0.0
1980-06-22,322.0,167.0,0.0,0.0,0.0
1980-06-23,328.0,194.0,0.0,0.0,0.0
1980-06-24,328.0,239.0,0.0,0.0,0.0
1980-06-25,306.0,189.0,323.0,0.0,0.0
1980-06-26,356.0,233.0,0.0,0.0,0.0
1980-06-27,361.0,256.0,0.0,0.0,0.0
1980-06-28,361.0,239.0,0.0,0.0,0.0
1980-06-29,367.0,244.0,0.0,0.0,0.0
1980-06-30,344.0,211.0,0.0,0.0,0.0
1980-07-01,367.0,211.0,0.0,0.0,0.0
1980-07-02,378.0,200.0,0.0,0.0,0.0
1980-07-03,378.0,233.0,0.0,0.0,0.0
1980-07-04,372.0,211.0,0.0,0.0,0.0
1980-07-05,356.0,211.0,0.0,0.0,0.0
1980-07-06,378.0,217.0,0.0,0.0,0.0
1980-07-07,378.0,222.0,0.0,0.0,0.0
1980-07-08,378.0,211.0,0.0,0.0,0.0
1980-07-09,383.0,217.0,0.0,0.0,0.0
1980-07-10,389.0,211.0,0.0,0.0,0.0
1980-07-11,383.0,211.0,0.0,0.0,0.0
1980-07-12,406.0,206.0,0.0,0.0,0.0
1980-07-13,411.0,217.0,0.0,0.0,0.0
1980-07-14,411.0,228.0,0.0,0.0,0.0
1980-07-15,406.0,217.0,0.0,0.0,0.0
1980-07-16,406.0,217.0,0.0,0.0,0.0
1980-07-17,411.0,206.0,0.0,0.0,0.0
1980-07-18,417.0,217.0,0.0,0.0,0.0
1980-07-19,406.0,189.0,3.0,0.0,0.0
1980-07-20,372.0,200.0,0.0,0.0,0.0
1980-07-21,356.0,206.0,15.0,0.0,0.0
1980-07-22,300.0,211.0,84.0,0.0,0.0
1980-07-23,328.0,183.0,0.0,0.0,0.0
1980-07-24,339.0,189.0,0.0,0.0,0.0
1980-07-25,333.0,161.0,0.0,0.0,0.0
1980-07-26,356.0,178.0,0.0,0.0,0.0
1980-07-27,333.0,172.0,244.0,0.0,0.0
1980-07-28,294.0,172.0,51.0,0.0,0.0
1980-07-29,333.0,172.0,15.0,0.0,0.0
1980-07-30,361.0,189.0,0.0,0.0,0.0
1980-07-31,378.0,211.0,0.0,0.0,0.0
1980-08-01,383.0,211.0,0.0,0.0,0.0
1980-08-02,361.0,206.0,0.0,0.0,0.0
1980-08-03,356.0,217.0,0.0,0.0,0.0
1980-08-04,350.0,217.0,0.0,0.0,0.0
1980-08-05,356.0,217.0,0.0,0.0,0.0
1980-08-06,361.0,206.0,0.0,0.0,0.0
1980-08-07,367.0,206.0,0.0,0.0,0.0
1980-08-08,372.0,228.0,0.0,0.0,0.0
1980-08-09,367.0,217.0,0.0,0.0,0.0
1980-08-10,378.0,222.0,0.0,0.0,0.0
1980-08-11,389.0,200.0,0.0,0.0,0.0
1980-08-12,350.0,206.0,0.0,0.0,0.0
1980-08-13,389.0,211.0,20.0,0.0,0.0
1980-08-14,378.0,217.0,0.0,0.0,0.0
1980-08-15,367.0,211.0,0.0,0.0,0.0
1980-08-16,367.0,200.0,0.0,0.0,0.0
1980-08-17,372.0,206.0,0.0,0.0,0.0
1980-08-18,372.0,206.0,0.0,0.0,0.0
1980-08-19,372.0,211.0,0.0,0.0,0.0
1980-08-20,372.0,206.0,0.0,0.0,0.0
1980-08-21,383.0,189.0,0.0,0.0,0.0
1980-08-22,400.0,183.0,0.0,0.0,0.0
1980-08-23,367.0,150.0,0.0,0.0,0.0
1980-08-24,344.0,178.0,0.0,0.0,0.0
1980-08-25,356.0,189.0,0.0,0.0,0.0
1980-08-26,378.0,183.0,0.0,0.0,0.0
1980-08-27,372.0,178.0,0.0,0.0,0.0
1980-08-28,356.0,172.0,0.0,0.0,0.0
1980-08-29,328.0,178.0,5.0,0.0,0.0
1980-08-30,333.0,161.0,5.0,0.0,0.0
1980-08-31,344.0,189.0,0.0,0.0,0.0
1980-09-01,367.0,200.0,0.0,0.0,0.0
1980-09-02,367.0,200.0,0.0,0.0,0.0
1980-09-03,361.0,183.0,8.0,0.0,0.0
1980-09-04,361.0,183.0,0.0,0.0,0.0
1980-09-05,361.0,200.0,0.0,0.0,0.0
1980-09-06,367.0,178.0,3.0,0.0,0.0
1980-09-07,367.0,172.0,0.0,0.0,0.0
1980-09-08,372.0,183.0,0.0,0.0,0.0
1980-09-09,383.0,172.0,15.0,0.0,0.0
1980-09-10,378.0,178.0,0.0,0.0,0.0
1980-09-11,344.0,161.0,0.0,0.0,0.0
1980-09-12,356.0,189.0,0.0,0.0,0.0
1980-09-13,383.0,200.0,0.0,0.0,0.0
1980-09-14,394.0,222.0,0.0,0.0,0.0
1980-09-15,389.0,233.0,0.0,0.0,0.0
1980-09-16,389.0,200.0,13.0,0.0,0.0
1980-09-17,394.0,172.0,43.0,0.0,0.0
1980-09-18,261.0,156.0,10.0,0.0,0.0
1980-09-19,317.0,172.0,0.0,0.0,0.0
1980-09-20,339.0,200.0,5.0,0.0,0.0
1980-09-21,344.0,200.0,43.0,0.0,0.0
1980-09-22,356.0,222.0,0.0,0.0,0.0
1980-09-23,356.0,194.0,0.0,0.0,0.0
1980-09-24,328.0,172.0,191.0,0.0,0.0
1980-09-25,300.0,178.0,0.0,0.0,0.0
1980-09-26,228.0,156.0,122.0,0.0,0.0
1980-09-27,222.0,133.0,0.0,0.0,0.0
1980-09-28,161.0,122.0,953.0,0.0,0.0
1980-09-29,178.0,144.0,325.0,0.0,0.0
1980-09-30,194.0,161.0,310.0,0.0,0.0
1980-10-01,261.0,133.0,0.0,0.0,0.0
1980-10-02,278.0,144.0,0.0,0.0,0.0
1980-10-03,250.0,94.0,0.0,0.0,0.0
1980-10-04,233.0,94.0,0.0,0.0,0.0
1980-10-05,261.0,72.0,0.0,0.0,0.0
1980-10-06,194.0,67.0,0.0,0.0,0.0
1980-10-07,217.0,67.0,0.0,0.0,0.0
1980-10-08,267.0,89.0,0.0,0.0,0.0
1980-10-09,294.0,161.0,0.0,0.0,0.0
1980-10-10,300.0,156.0,0.0,0.0,0.0
1980-10-11,311.0,128.0,0.0,0.0,0.0
1980-10-12,250.0,106.0,0.0,0.0,0.0
1980-10-13,217.0,67.0,0.0,0.0,0.0
1980-10-14,239.0,78.0,0.0,0.0,0.0
1980-10-15,278.0,139.0,0.0,0.0,0.0
1980-10-16,283.0,156.0,0.0,0.0,0.0
1980-10-17,267.0,183.0,0.0,0.0,0.0
1980-10-18,244.0,156.0,505.0,0.0,0.0
1980-10-19,267.0,94.0,5.0,0.0,0.0
1980-10-20,194.0,83.0,0.0,0.0,0.0
1980-10-21,211.0,94.0,0.0,0.0,0.0
1980-10-22,250.0,106.0,0.0,0.0,0.0
1980-10-23,233.0,117.0,0.0,0.0,0.0
1980-10-24,256.0,128.0,3.0,0.0,0.0
1980-10-25,178.0,28.0,0.0,0.0,0.0
1980-10-26,189.0,50.0,0.0,0.0,0.0
1980-10-27,194.0,83.0,38.0,0.0,0.0
1980-10-28,189.0,83.0,427.0,0.0,0.0
1980-10-29,106.0,61.0,3.0,0.0,0.0
1980-10-30,100.0,11.0,0.0,0.0,0.0
1980-10-31,139.0,33.0,0.0,0.0,0.0
1980-11-01,206.0,56.0,0.0,0.0,0.0
1980-11-02,244.0,83.0,0.0,0.0,0.0
1980-11-03,217.0,111.0,0.0,0.0,0.0
1980-11-04,233.0,122.0,0.0,0.0,0.0
1980-11-05,222.0,67.0,0.0,0.0,0.0
1980-11-06,233.0,94.0,0.0,0.0,0.0
1980-11-07,250.0,117.0,0.0,0.0,0.0
1980-11-08,267.0,122.0,0.0,0.0,0.0
1980-11-09,272.0,133.0,0.0,0.0,0.0
1980-11-10,256.0,111.0,0.0,0.0,0.0
1980-11-11,250.0,94.0,0.0,0.0,0.0
1980-11-12,244.0,78.0,0.0,0.0,0.0
1980-11-13,228.0,67.0,0.0,0.0,0.0
1980-11-14,194.0,83.0,28.0,0.0,0.0
1980-11-15,150.0,100.0,391.0,0.0,0.0
1980-11-16,133.0,61.0,5.0,0.0,0.0
1980-11-17,106.0,50.0,404.0,0.0,0.0
1980-11-18,72.0,28.0,8.0,0.0,0.0
1980-11-19,78.0,0.0,0.0,0.0,0.0
1980-11-20,94.0,-17.0,0.0,0.0,0.0
1980-11-21,128.0,-11.0,0.0,0.0,0.0
1980-11-22,122.0,6.0,0.0,0.0,0.0
1980-11-23,122.0,50.0,36.0,0.0,0.0
1980-11-24,111.0,94.0,3.0,0.0,0.0
1980-11-25,106.0,17.0,0.0,0.0,0.0
1980-11-26,89.0,22.0,23.0,0.0,0.0
1980-11-27,33.0,6.0,191.0,,25.0
1980-11-28,67.0,-6.0,15.0,0.0,0.0
1980-11-29,94.0,0.0,0.0,0.0,0.0
1980-11-30,172.0,22.0,0.0,0.0,0.0
1980-12-01,217.0,50.0,0.0,0.0,0.0
1980-12-02,211.0,122.0,5.0,0.0,0.0
1980-12-03,161.0,-6.0,0.0,0.0,0.0
1980-12-04,128.0,17.0,0.0,0.0,0.0
1980-12-05,183.0,61.0,0.0,0.0,0.0
1980-12-06,200.0,106.0,0.0,0.0,0.0
1980-12-07,228.0,122.0,3.0,0.0,0.0
1980-12-08,178.0,150.0,0.0,0.0,0.0
1980-12-09,222.0,89.0,180.0,0.0,0.0
1980-12-10,100.0,39.0,13.0,0.0,0.0
1980-12-11,72.0,-17.0,0.0,0.0,0.0
1980-12-12,128.0,-6.0,0.0,0.0,0.0
1980-12-13,189.0,39.0,0.0,0.0,0.0
1980-12-14,178.0,44.0,0.0,0.0,0.0
1980-12-15,139.0,28.0,0.0,0.0,0.0
1980-12-16,178.0,56.0,0.0,0.0,0.0
1980-12-17,133.0,6.0,0.0,0.0,0.0
1980-12-18,100.0,28.0,0.0,0.0,0.0
1980-12-19,222.0,28.0,10.0,0.0,0.0
1980-12-20,94.0,-61.0,0.0,0.0,0.0
1980-12-21,-44.0,-83.0,0.0,0.0,0.0
1980-12-22,0.0,-61.0,0.0,0.0,0.0
1980-12-23,56.0,-22.0,5.0,0.0,0.0
1980-12-24,172.0,50.0,5.0,0.0,0.0
1980-12-25,94.0,-67.0,0.0,0.0,0.0
1980-12-26,0.0,-67.0,0.0,0.0,0.0
1980-12-27,61.0,-17.0,0.0,0.0,0.0
1980-12-28,78.0,-39.0,0.0,0.0,0.0
1980-12-29,133.0,-17.0,0.0,0.0,0.0
1980-12-30,172.0,0.0,0.0,0.0,0.0
1980-12-31,144.0,22.0,0.0,0.0,0.0
1981-01-01,189.0,-6.0,0.0,,
1981-01-02,167.0,-44.0,0.0,,
1981-01-03,122.0,-22.0,0.0,,
1981-01-04,183.0,-39.0,0.0,,
1981-01-05,44.0,-61.0,0.0,,
1981-01-06,50.0,-56.0,30.0,,
1981-01-07,44.0,17.0,173.0,,
1981-01-08,72.0,-44.0,0.0,,
1981-01-09,139.0,-22.0,0.0,,
1981-01-10,122.0,-22.0,0.0,,
1981-01-11,44.0,-56.0,0.0,,
1981-01-12,61.0,-111.0,0.0,,
1981-01-13,33.0,-89.0,0.0,,
1981-01-14,156.0,-56.0,0.0,,
1981-01-15,161.0,-22.0,0.0,,
1981-01-16,89.0,-50.0,0.0,,
1981-01-17,50.0,-67.0,0.0,,
1981-01-18,33.0,-44.0,0.0,,
1981-01-19,128.0,-22.0,0.0,,
1981-01-20,111.0,6.0,76.0,,
1981-01-21,33.0,6.0,28.0,,
1981-01-22,56.0,22.0,0.0,,
1981-01-23,78.0,11.0,0.0,,
1981-01-24,150.0,17.0,0.0,,
1981-01-25,206.0,61.0,0.0,,
1981-01-26,200.0,106.0,0.0,,
1981-01-27,183.0,72.0,0.0,,
1981-01-28,144.0,0.0,0.0,,
1981-01-29,178.0,11.0,0.0,,
1981-01-30,194.0,6.0,0.0,,
1981-01-31,17.0,0.0,0.0,,
1981-02-01,122.0,6.0,229.0,0.0,0.0
1981-02-02,83.0,-50.0,64.0,0.0,0.0
1981-02-03,22.0,-100.0,0.0,0.0,0.0
1981-02-04,89.0,-67.0,0.0,0.0,0.0
1981-02-05,67.0,-28.0,0.0,0.0,0.0
1981-02-06,33.0,-22.0,0.0,0.0,0.0
1981-02-07,122.0,0.0,0.0,0.0,0.0
1981-02-08,94.0,39.0,13.0,0.0,0.0
1981-02-09,78.0,11.0,0.0,0.0,0.0
1981-02-10,156.0,28.0,569.0,0.0,0.0
1981-02-11,189.0,-111.0,13.0,0.0,0.0
1981-02-12,-33.0,-111.0,0.0,0.0,0.0
1981-02-13,0.0,-89.0,0.0,0.0,0.0
1981-02-14,111.0,-44.0,0.0,0.0,0.0
1981-02-15,128.0,-33.0,0.0,0.0,0.0
1981-02-16,133.0,106.0,53.0,0.0,0.0
1981-02-17,133.0,106.0,20.0,0.0,0.0
1981-02-18,167.0,100.0,0.0,0.0,0.0
1981-02-19,206.0,106.0,0.0,0.0,0.0
1981-02-20,244.0,72.0,0.0,0.0,0.0
1981-02-21,244.0,117.0,0.0,0.0,0.0
1981-02-22,239.0,106.0,107.0,0.0,0.0
1981-02-23,144.0,44.0,5.0,0.0,0.0
1981-02-24,178.0,67.0,0.0,0.0,0.0
1981-02-25,244.0,94.0,0.0,0.0,0.0
1981-02-26,256.0,117.0,0.0,0.0,0.0
1981-02-27,250.0,133.0,0.0,0.0,0.0
1981-02-28,267.0,139.0,0.0,0.0,0.0
1981-03-01,217.0,89.0,284.0,0.0,0.0
1981-03-02,100.0,0.0,20.0,0.0,0.0
1981-03-03,167.0,22.0,0.0,0.0,0.0
1981-03-04,128.0,61.0,323.0,0.0,0.0
1981-03-05,244.0,78.0,0.0,0.0,0.0
1981-03-06,133.0,6.0,0.0,0.0,0.0
1981-03-07,111.0,28.0,0.0,0.0,0.0
1981-03-08,122.0,50.0,8.0,0.0,0.0
1981-03-09,106.0,6.0,0.0,0.0,0.0
1981-03-10,161.0,11.0,0.0,0.0,0.0
1981-03-11,183.0,17.0,0.0,0.0,0.0
1981-03-12,194.0,33.0,0.0,0.0,0.0
1981-03-13,206.0,61.0,0.0,0.0,0.0
1981-03-14,217.0,67.0,0.0,0.0,0.0
1981-03-15,194.0,100.0,0.0,0.0,0.0
1981-03-16,217.0,83.0,5.0,0.0,0.0
1981-03-17,200.0,72.0,0.0,0.0,0.0
1981-03-18,239.0,94.0,0.0,0.0,0.0
1981-03-19,156.0,-11.0,20.0,0.0,0.0
1981-03-20,161.0,0.0,0.0,0.0,0.0
1981-03-21,194.0,61.0,0.0,0.0,0.0
1981-03-22,156.0,83.0,267.0,0.0,0.0
1981-03-23,106.0,33.0,56.0,0.0,0.0
1981-03-24,150.0,17.0,0.0,0.0,0.0
1981-03-25,200.0,83.0,0.0,0.0,0.0
1981-03-26,211.0,72.0,0.0,0.0,0.0
1981-03-27,239.0,122.0,0.0,0.0,0.0
1981-03-28,244.0,122.0,0.0,0.0,0.0
1981-03-29,250.0,128.0,356.0,0.0,0.0
1981-03-30,144.0,117.0,310.0,0.0,0.0
1981-03-31,289.0,139.0,0.0,0.0,0.0
1981-04-01,294.0,106.0,5.0,0.0,0.0
1981-04-02,278.0,117.0,0.0,0.0,0.0
1981-04-03,283.0,128.0,0.0,0.0,0.0
1981-04-04,294.0,172.0,0.0,0.0,0.0
1981-04-05,239.0,89.0,58.0,0.0,0.0
1981-04-06,222.0,72.0,0.0,0.0,0.0
1981-04-07,233.0,56.0,0.0,0.0,0.0
1981-04-08,239.0,161.0,0.0,0.0,0.0
1981-04-09,233.0,178.0,0.0,0.0,0.0
1981-04-10,272.0,183.0,0.0,0.0,0.0
1981-04-11,306.0,178.0,0.0,0.0,0.0
1981-04-12,294.0,178.0,0.0,0.0,0.0
1981-04-13,278.0,161.0,0.0,0.0,0.0
1981-04-14,283.0,167.0,0.0,0.0,0.0
1981-04-15,294.0,122.0,0.0,0.0,0.0
1981-04-16,239.0,122.0,0.0,0.0,0.0
1981-04-17,272.0,150.0,0.0,0.0,0.0
1981-04-18,289.0,156.0,0.0,0.0,0.0
1981-04-19,300.0,161.0,76.0,0.0,0.0
1981-04-20,283.0,150.0,81.0,0.0,0.0
1981-04-21,261.0,133.0,0.0,0.0,0.0
1981-04-22,256.0,144.0,0.0,0.0,0.0
1981-04-23,278.0,161.0,13.0,0.0,0.0
1981-04-24,233.0,144.0,46.0,0.0,0.0
1981-04-25,289.0,117.0,0.0,0.0,0.0
1981-04-26,283.0,128.0,0.0,0.0,0.0
1981-04-27,289.0,167.0,0.0,0.0,0.0
1981-04-28,306.0,161.0,0.0,0.0,0.0
1981-04-29,294.0,183.0,0.0,0.0,0.0
1981-04-30,306.0,172.0,0.0,0.0,0.0
1981-05-01,317.0,150.0,107.0,0.0,0.0
1981-05-02,261.0,117.0,5.0,0.0,0.0
1981-05-03,244.0,100.0,0.0,0.0,0.0
1981-05-04,261.0,144.0,0.0,0.0,0.0
1981-05-05,278.0,183.0,8.0,0.0,0.0
1981-05-06,256.0,172.0,0.0,0.0,0.0
1981-05-07,194.0,117.0,0.0,0.0,0.0
1981-05-08,200.0,89.0,0.0,0.0,0.0
1981-05-09,267.0,122.0,203.0,0.0,0.0
1981-05-10,272.0,139.0,241.0,0.0,0.0
1981-05-11,172.0,83.0,0.0,0.0,0.0
1981-05-12,228.0,94.0,0.0,0.0,0.0
1981-05-13,261.0,128.0,0.0,0.0,0.0
1981-05-14,278.0,144.0,152.0,0.0,0.0
1981-05-15,228.0,78.0,0.0,0.0,0.0
1981-05-16,244.0,111.0,127.0,0.0,0.0
1981-05-17,178.0,133.0,419.0,0.0,0.0
1981-05-18,294.0,167.0,0.0,0.0,0.0
1981-05-19,250.0,144.0,8.0,0.0,0.0
1981-05-20,217.0,94.0,0.0,0.0,0.0
1981-05-21,228.0,72.0,0.0,0.0,0.0
1981-05-22,256.0,89.0,0.0,0.0,0.0
1981-05-23,289.0,156.0,0.0,0.0,0.0
1981-05-24,283.0,194.0,0.0,0.0,0.0
1981-05-25,311.0,172.0,0.0,0.0,0.0
1981-05-26,294.0,172.0,373.0,0.0,0.0
1981-05-27,267.0,144.0,0.0,0.0,0.0
1981-05-28,261.0,200.0,0.0,0.0,0.0
1981-05-29,294.0,128.0,94.0,0.0,0.0
1981-05-30,300.0,233.0,0.0,0.0,0.0
1981-05-31,294.0,144.0,66.0,0.0,0.0
1981-06-01,311.0,150.0,94.0,0.0,0.0
1981-06-02,306.0,206.0,0.0,0.0,0.0
1981-06-03,306.0,183.0,173.0,0.0,0.0
1981-06-04,283.0,194.0,25.0,0.0,0.0
1981-06-05,306.0,228.0,0.0,0.0,0.0
1981-06-06,250.0,211.0,480.0,0.0,0.0
1981-06-07,306.0,200.0,25.0,0.0,0.0
1981-06-08,311.0,189.0,0.0,0.0,0.0
1981-06-09,322.0,206.0,0.0,0.0,0.0
1981-06-10,311.0,200.0,0.0,0.0,0.0
1981-06-11,317.0,200.0,5.0,0.0,0.0
1981-06-12,300.0,200.0,15.0,0.0,0.0
1981-06-13,311.0,256.0,8.0,0.0,0.0
1981-06-14,306.0,250.0,0.0,0.0,0.0
1981-06-15,333.0,200.0,0.0,0.0,0.0
1981-06-16,328.0,233.0,0.0,0.0,0.0
1981-06-17,300.0,172.0,0.0,0.0,0.0
1981-06-18,294.0,172.0,0.0,0.0,0.0
1981-06-19,322.0,217.0,0.0,0.0,0.0
1981-06-20,339.0,228.0,0.0,0.0,0.0
1981-06-21,333.0,222.0,0.0,0.0,0.0
1981-06-22,333.0,228.0,0.0,0.0,0.0
1981-06-23,322.0,211.0,0.0,0.0,0.0
1981-06-24,344.0,233.0,0.0,0.0,0.0
1981-06-25,333.0,244.0,0.0,0.0,0.0
1981-06-26,322.0,244.0,10.0,0.0,0.0
1981-06-27,311.0,211.0,0.0,0.0,0.0
1981-06-28,289.0,200.0,0.0,0.0,0.0
1981-06-29,322.0,244.0,0.0,0.0,0.0
1981-06-30,339.0,222.0,0.0,0.0,0.0
1981-07-01,328.0,211.0,330.0,0.0,0.0
1981-07-02,300.0,217.0,0.0,0.0,0.0
1981-07-03,283.0,200.0,0.0,0.0,0.0
1981-07-04,300.0,211.0,0.0,0.0,0.0
1981-07-05,311.0,217.0,396.0,0.0,0.0
1981-07-06,267.0,217.0,0.0,0.0,0.0
1981-07-07,300.0,233.0,0.0,0.0,0.0
1981-07-08,311.0,250.0,0.0,0.0,0.0
1981-07-09,356.0,256.0,0.0,0.0,0.0
1981-07-10,350.0,233.0,0.0,0.0,0.0
1981-07-11,311.0,228.0,0.0,0.0,0.0
1981-07-12,294.0,211.0,0.0,0.0,0.0
1981-07-13,328.0,206.0,0.0,0.0,0.0
1981-07-14,333.0,222.0,0.0,0.0,0.0
1981-07-15,344.0,233.0,0.0,0.0,0.0
1981-07-16,344.0,222.0,0.0,0.0,0.0
1981-07-17,344.0,206.0,0.0,0.0,0.0
1981-07-18,344.0,217.0,0.0,0.0,0.0
1981-07-19,350.0,217.0,0.0,0.0,0.0
1981-07-20,344.0,222.0,0.0,0.0,0.0
1981-07-21,350.0,206.0,38.0,0.0,0.0
1981-07-22,333.0,206.0,206.0,0.0,0.0
1981-07-23,350.0,211.0,0.0,0.0,0.0
1981-07-24,361.0,222.0,0.0,0.0,0.0
1981-07-25,367.0,228.0,0.0,0.0,0.0
1981-07-26,350.0,200.0,0.0,0.0,0.0
1981-07-27,344.0,200.0,0.0,0.0,0.0
1981-07-28,339.0,206.0,130.0,0.0,0.0
1981-07-29,311.0,211.0,76.0,0.0,0.0
1981-07-30,272.0,161.0,97.0,0.0,0.0
1981-07-31,294.0,172.0,0.0,0.0,0.0
1981-08-01,306.0,178.0,0.0,0.0,0.0
1981-08-02,322.0,206.0,0.0,0.0,0.0
1981-08-03,328.0,211.0,0.0,0.0,0.0
1981-08-04,339.0,211.0,102.0,0.0,0.0
1981-08-05,344.0,211.0,13.0,0.0,0.0
1981-08-06,350.0,222.0,0.0,0.0,0.0
1981-08-07,344.0,217.0,0.0,0.0,0.0
1981-08-08,306.0,183.0,0.0,0.0,0.0
1981-08-09,306.0,178.0,0.0,0.0,0.0
1981-08-10,311.0,183.0,0.0,0.0,0.0
1981-08-11,333.0,161.0,0.0,0.0,0.0
1981-08-12,333.0,200.0,0.0,0.0,0.0
1981-08-13,328.0,200.0,0.0,0.0,0.0
1981-08-14,339.0,189.0,0.0,0.0,0.0
1981-08-15,356.0,222.0,0.0,0.0,0.0
1981-08-16,367.0,222.0,0.0,0.0,0.0
1981-08-17,350.0,217.0,25.0,0.0,0.0
1981-08-18,289.0,194.0,25.0,0.0,0.0
1981-08-19,256.0,183.0,0.0,0.0,0.0
1981-08-20,272.0,161.0,0.0,0.0,0.0
1981-08-21,283.0,161.0,0.0,0.0,0.0
1981-08-22,300.0,167.0,0.0,0.0,0.0
1981-08-23,311.0,172.0,0.0,0.0,0.0
1981-08-24,328.0,200.0,0.0,0.0,0.0
1981-08-25,339.0,172.0,8.0,0.0,0.0
1981-08-26,344.0,183.0,0.0,0.0,0.0
1981-08-27,333.0,189.0,0.0,0.0,0.0
1981-08-28,317.0,189.0,0.0,0.0,0.0
1981-08-29,328.0,189.0,165.0,0.0,0.0
1981-08-30,322.0,211.0,0.0,0.0,0.0
1981-08-31,350.0,217.0,0.0,0.0,0.0
1981-09-01,306.0,194.0,0.0,0.0,0.0
1981-09-02,222.0,189.0,495.0,0.0,0.0
1981-09-03,294.0,206.0,343.0,0.0,0.0
1981-09-04,244.0,200.0,0.0,0.0,0.0
1981-09-05,317.0,167.0,0.0,0.0,0.0
1981-09-06,311.0,161.0,0.0,0.0,0.0
1981-09-07,294.0,144.0,0.0,0.0,0.0
1981-09-08,311.0,178.0,0.0,0.0,0.0
1981-09-09,272.0,128.0,0.0,0.0,0.0
1981-09-10,267.0,106.0,0.0,0.0,0.0
1981-09-11,294.0,122.0,0.0,0.0,0.0
1981-09-12,317.0,150.0,0.0,0.0,0.0
1981-09-13,317.0,178.0,0.0,0.0,0.0
1981-09-14,311.0,183.0,58.0,0.0,0.0
1981-09-15,294.0,183.0,122.0,0.0,0.0
1981-09-16,289.0,178.0,81.0,0.0,0.0
1981-09-17,261.0,106.0,0.0,0.0,0.0
1981-09-18,217.0,56.0,0.0,0.0,0.0
1981-09-19,194.0,44.0,0.0,0.0,0.0
1981-09-20,233.0,44.0,0.0,0.0,0.0
1981-09-21,267.0,50.0,0.0,0.0,0.0
1981-09-22,289.0,139.0,0.0,0.0,0.0
1981-09-23,317.0,167.0,0.0,0.0,0.0
1981-09-24,294.0,156.0,0.0,0.0,0.0
1981-09-25,294.0,156.0,0.0,0.0,0.0
1981-09-26,322.0,183.0,0.0,0.0,0.0
1981-09-27,322.0,183.0,0.0,0.0,0.0
1981-09-28,317.0,189.0,0.0,0.0,0.0
1981-09-29,294.0,144.0,0.0,0.0,0.0
1981-09-30,306.0,144.0,0.0,0.0,0.0
1981-10-01,322.0,144.0,0.0,0.0,0.0
1981-10-02,322.0,139.0,51.0,0.0,0.0
1981-10-03,233.0,72.0,0.0,0.0,0.0
1981-10-04,239.0,133.0,0.0,0.0,0.0
1981-10-05,311.0,,0.0,0.0,0.0
1981-10-06,328.0,211.0,0.0,0.0,0.0
1981-10-07,222.0,144.0,0.0,0.0,0.0
1981-10-08,161.0,94.0,165.0,0.0,0.0
1981-10-09,167.0,106.0,107.0,0.0,0.0
1981-10-10,172.0,139.0,127.0,0.0,0.0
1981-10-11,200.0,156.0,0.0,0.0,0.0
1981-10-12,233.0,144.0,0.0,0.0,0.0
1981-10-13,211.0,139.0,0.0,0.0,0.0
1981-10-14,244.0,144.0,0.0,0.0,0.0
1981-10-15,250.0,144.0,0.0,0.0,0.0
1981-10-16,256.0,200.0,0.0,0.0,0.0
1981-10-17,261.0,144.0,610.0,0.0,0.0
1981-10-18,294.0,100.0,203.0,0.0,0.0
1981-10-19,239.0,17.0,0.0,0.0,0.0
1981-10-20,172.0,28.0,0.0,0.0,0.0
1981-10-21,211.0,56.0,0.0,0.0,0.0
1981-10-22,239.0,100.0,0.0,0.0,0.0
1981-10-23,206.0,56.0,43.0,0.0,0.0
1981-10-24,128.0,-6.0,0.0,0.0,0.0
1981-10-25,139.0,0.0,13.0,0.0,0.0
1981-10-26,144.0,,356.0,0.0,0.0
1981-10-27,117.0,28.0,0.0,0.0,0.0
1981-10-28,183.0,17.0,0.0,0.0,0.0
1981-10-29,194.0,17.0,0.0,0.0,0.0
1981-10-30,233.0,22.0,0.0,0.0,0.0
1981-10-31,244.0,,0.0,0.0,0.0
1981-11-01,239.0,139.0,10.0,0.0,0.0
1981-11-02,194.0,117.0,272.0,0.0,0.0
1981-11-03,144.0,111.0,30.0,0.0,0.0
1981-11-04,156.0,78.0,0.0,0.0,0.0
1981-11-05,239.0,72.0,0.0,0.0,0.0
1981-11-06,256.0,67.0,0.0,0.0,0.0
1981-11-07,189.0,0.0,0.0,0.0,0.0
1981-11-08,217.0,39.0,0.0,0.0,0.0
1981-11-09,222.0,61.0,0.0,0.0,0.0
1981-11-10,217.0,72.0,0.0,0.0,0.0
1981-11-11,161.0,61.0,0.0,0.0,0.0
1981-11-12,194.0,6.0,0.0,0.0,0.0
1981-11-13,183.0,6.0,0.0,0.0,0.0
1981-11-14,206.0,17.0,0.0,0.0,0.0
1981-11-15,222.0,67.0,0.0,0.0,0.0
1981-11-16,200.0,83.0,0.0,0.0,0.0
1981-11-17,222.0,39.0,0.0,0.0,0.0
1981-11-18,217.0,78.0,0.0,0.0,0.0
1981-11-19,239.0,122.0,0.0,0.0,0.0
1981-11-20,222.0,-6.0,0.0,0.0,0.0
1981-11-21,106.0,-56.0,0.0,0.0,0.0
1981-11-22,128.0,0.0,0.0,0.0,0.0
1981-11-23,183.0,44.0,0.0,0.0,0.0
1981-11-24,206.0,28.0,0.0,0.0,0.0
1981-11-25,217.0,44.0,0.0,0.0,0.0
1981-11-26,211.0,78.0,0.0,0.0,0.0
1981-11-27,267.0,67.0,89.0,0.0,0.0
1981-11-28,139.0,33.0,0.0,0.0,0.0
1981-11-29,156.0,72.0,0.0,0.0,0.0
1981-11-30,139.0,72.0,114.0,0.0,0.0
1981-12-01,211.0,50.0,33.0,0.0,0.0
1981-12-02,139.0,-22.0,0.0,0.0,0.0
1981-12-03,156.0,-6.0,0.0,0.0,0.0
1981-12-04,217.0,11.0,0.0,0.0,0.0
1981-12-05,128.0,-39.0,0.0,0.0,0.0
1981-12-06,128.0,-11.0,0.0,0.0,0.0
1981-12-07,167.0,56.0,0.0,0.0,0.0
1981-12-08,172.0,61.0,0.0,0.0,0.0
1981-12-09,156.0,-11.0,0.0,0.0,0.0
1981-12-10,150.0,-11.0,0.0,0.0,0.0
1981-12-11,89.0,-11.0,,0.0,0.0
1981-12-12,44.0,-6.0,,0.0,0.0
1981-12-13,72.0,-6.0,0.0,0.0,0.0
1981-12-14,72.0,-6.0,61.0,0.0,0.0
1981-12-15,56.0,-33.0,0.0,0.0,0.0
1981-12-16,111.0,-22.0,0.0,0.0,0.0
1981-12-17,144.0,22.0,30.0,0.0,0.0
1981-12-18,44.0,-94.0,0.0,0.0,0.0
1981-12-19,-11.0,-128.0,0.0,0.0,0.0
1981-12-20,17.0,-100.0,0.0,0.0,0.0
1981-12-21,89.0,-44.0,41.0,0.0,0.0
1981-12-22,183.0,83.0,0.0,0.0,0.0
1981-12-23,222.0,-6.0,5.0,0.0,0.0
1981-12-24,83.0,-11.0,0.0,0.0,0.0
1981-12-25,39.0,-33.0,0.0,0.0,0.0
1981-12-26,128.0,-28.0,0.0,0.0,0.0
1981-12-27,144.0,-28.0,0.0,0.0,0.0
1981-12-28,139.0,-22.0,0.0,0.0,0.0
1981-12-29,161.0,-22.0,0.0,0.0,0.0
1981-12-30,72.0,-28.0,0.0,0.0,0.0
1981-12-31,94.0,-22.0,13.0,0.0,0.0
1982-01-01,106.0,0.0,0.0,0.0,0.0
1982-01-02,83.0,6.0,0.0,0.0,0.0
1982-01-03,178.0,78.0,127.0,0.0,0.0
1982-01-04,233.0,17.0,122.0,0.0,0.0
1982-01-05,128.0,-6.0,0.0,0.0,0.0
1982-01-06,156.0,72.0,0.0,0.0,0.0
1982-01-07,239.0,-11.0,13.0,0.0,0.0
1982-01-08,22.0,-39.0,0.0,0.0,0.0
1982-01-09,44.0,-67.0,0.0,0.0,0.0
1982-01-10,33.0,-78.0,0.0,0.0,0.0
1982-01-11,-56.0,-178.0,0.0,0.0,0.0
1982-01-12,-17.0,-167.0,10.0,51.0,
1982-01-13,-28.0,-72.0,122.0,76.0,
1982-01-14,-50.0,-133.0,5.0,76.0,
1982-01-15,33.0,-100.0,0.0,76.0,0.0
1982-01-16,144.0,-28.0,0.0,0.0,0.0
1982-01-17,11.0,-150.0,0.0,0.0,0.0
1982-01-18,17.0,-111.0,0.0,0.0,0.0
1982-01-19,133.0,-128.0,3.0,0.0,0.0
1982-01-20,194.0,-128.0,0.0,0.0,0.0
1982-01-21,194.0,-122.0,74.0,0.0,0.0
1982-01-22,150.0,-122.0,89.0,0.0,0.0
1982-01-23,206.0,-11.0,33.0,0.0,0.0
1982-01-24,89.0,-50.0,0.0,0.0,0.0
1982-01-25,100.0,-44.0,0.0,0.0,0.0
1982-01-26,161.0,-33.0,0.0,0.0,0.0
1982-01-27,61.0,-33.0,0.0,0.0,0.0
1982-01-28,150.0,-6.0,0.0,0.0,0.0
1982-01-29,172.0,78.0,13.0,0.0,0.0
1982-01-30,211.0,117.0,0.0,0.0,0.0
1982-01-31,217.0,33.0,381.0,0.0,0.0
1982-02-01,67.0,-50.0,0.0,0.0,0.0
1982-02-02,67.0,-33.0,0.0,0.0,0.0
1982-02-03,144.0,17.0,5.0,0.0,0.0
1982-02-04,44.0,-11.0,0.0,0.0,0.0
1982-02-05,-11.0,-22.0,0.0,0.0,0.0
1982-02-06,17.0,-78.0,86.0,0.0,0.0
1982-02-07,-11.0,-106.0,0.0,0.0,0.0
1982-02-08,50.0,-61.0,13.0,0.0,0.0
1982-02-09,50.0,11.0,396.0,0.0,0.0
1982-02-10,17.0,-94.0,0.0,0.0,0.0
1982-02-11,0.0,-56.0,0.0,0.0,0.0
1982-02-12,67.0,-33.0,0.0,0.0,0.0
1982-02-13,44.0,-11.0,8.0,0.0,0.0
1982-02-14,78.0,-33.0,0.0,0.0,0.0
1982-02-15,139.0,0.0,178.0,0.0,0.0
1982-02-16,211.0,22.0,140.0,0.0,0.0
1982-02-17,217.0,117.0,0.0,0.0,0.0
1982-02-18,100.0,83.0,51.0,0.0,0.0
1982-02-19,178.0,11.0,0.0,0.0,0.0
1982-02-20,189.0,17.0,0.0,0.0,0.0
1982-02-21,211.0,33.0,0.0,0.0,0.0
1982-02-22,222.0,33.0,0.0,0.0,0.0
1982-02-23,250.0,78.0,0.0,0.0,0.0
1982-02-24,283.0,117.0,0.0,0.0,0.0
1982-02-25,194.0,33.0,0.0,0.0,0.0
1982-02-26,44.0,-6.0,145.0,0.0,0.0
1982-02-27,11.0,-6.0,191.0,0.0,0.0
1982-02-28,33.0,0.0,0.0,0.0,0.0
1982-03-01,94.0,-17.0,0.0,0.0,0.0
1982-03-02,194.0,22.0,0.0,0.0,0.0
1982-03-03,211.0,72.0,0.0,0.0,0.0
1982-03-04,211.0,117.0,0.0,0.0,0.0
1982-03-05,211.0,11.0,0.0,0.0,0.0
1982-03-06,72.0,11.0,218.0,,
1982-03-07,72.0,22.0,71.0,0.0,
1982-03-08,78.0,-22.0,0.0,0.0,0.0
1982-03-09,167.0,22.0,0.0,0.0,0.0
1982-03-10,183.0,78.0,0.0,0.0,0.0
1982-03-11,239.0,122.0,0.0,0.0,0.0
1982-03-12,217.0,128.0,0.0,0.0,0.0
1982-03-13,233.0,178.0,0.0,0.0,0.0
1982-03-14,228.0,100.0,0.0,0.0,0.0
1982-03-15,256.0,106.0,56.0,0.0,0.0
1982-03-16,256.0,172.0,0.0,0.0,0.0
1982-03-17,267.0,200.0,0.0,0.0,0.0
1982-03-18,289.0,167.0,0.0,0.0,0.0
1982-03-19,294.0,183.0,0.0,0.0,0.0
1982-03-20,300.0,194.0,0.0,0.0,0.0
1982-03-21,289.0,128.0,43.0,0.0,0.0
1982-03-22,161.0,50.0,76.0,0.0,0.0
1982-03-23,167.0,17.0,0.0,0.0,0.0
1982-03-24,178.0,78.0,0.0,0.0,0.0
1982-03-25,244.0,111.0,0.0,0.0,0.0
1982-03-26,222.0,-22.0,0.0,0.0,0.0
1982-03-27,122.0,44.0,0.0,0.0,0.0
1982-03-28,117.0,50.0,0.0,0.0,0.0
1982-03-29,133.0,17.0,0.0,0.0,0.0
1982-03-30,200.0,89.0,0.0,0.0,0.0
1982-03-31,233.0,139.0,53.0,0.0,0.0
1982-04-01,278.0,144.0,0.0,0.0,0.0
1982-04-02,256.0,183.0,305.0,0.0,0.0
1982-04-03,233.0,94.0,25.0,0.0,0.0
1982-04-04,167.0,50.0,0.0,0.0,0.0
1982-04-05,172.0,106.0,165.0,0.0,0.0
1982-04-06,283.0,6.0,0.0,0.0,0.0
1982-04-07,94.0,0.0,0.0,0.0,0.0
1982-04-08,150.0,44.0,0.0,0.0,0.0
1982-04-09,172.0,0.0,51.0,0.0,0.0
1982-04-10,144.0,44.0,0.0,0.0,0.0
1982-04-11,117.0,-6.0,0.0,0.0,0.0
1982-04-12,211.0,61.0,0.0,0.0,0.0
1982-04-13,250.0,144.0,0.0,0.0,0.0
1982-04-14,211.0,122.0,0.0,0.0,0.0
1982-04-15,261.0,156.0,0.0,0.0,0.0
1982-04-16,261.0,178.0,0.0,0.0,0.0
1982-04-17,200.0,139.0,137.0,0.0,0.0
1982-04-18,211.0,78.0,0.0,0.0,0.0
1982-04-19,194.0,100.0,142.0,0.0,0.0
1982-04-20,178.0,117.0,264.0,0.0,0.0
1982-04-21,161.0,83.0,33.0,0.0,0.0
1982-04-22,117.0,78.0,0.0,0.0,0.0
1982-04-23,161.0,17.0,0.0,0.0,0.0
1982-04-24,194.0,28.0,0.0,0.0,0.0
1982-04-25,200.0,128.0,76.0,0.0,0.0
1982-04-26,239.0,139.0,0.0,0.0,0.0
1982-04-27,222.0,100.0,0.0,0.0,0.0
1982-04-28,222.0,94.0,0.0,0.0,0.0
1982-04-29,233.0,122.0,10.0,0.0,0.0
1982-04-30,244.0,133.0,0.0,0.0,0.0
1982-05-01,217.0,194.0,0.0,0.0,0.0
1982-05-02,222.0,139.0,5.0,0.0,0.0
1982-05-03,272.0,117.0,0.0,0.0,0.0
1982-05-04,294.0,122.0,0.0,0.0,0.0
1982-05-05,300.0,144.0,0.0,0.0,0.0
1982-05-06,294.0,167.0,0.0,0.0,0.0
1982-05-07,239.0,139.0,51.0,0.0,0.0
1982-05-08,183.0,50.0,0.0,0.0,0.0
1982-05-09,261.0,67.0,0.0,0.0,0.0
1982-05-10,278.0,117.0,0.0,0.0,0.0
1982-05-11,294.0,150.0,0.0,0.0,0.0
1982-05-12,300.0,156.0,0.0,0.0,0.0
1982-05-13,294.0,178.0,0.0,0.0,0.0
1982-05-14,294.0,194.0,46.0,0.0,0.0
1982-05-15,300.0,189.0,0.0,0.0,0.0
1982-05-16,311.0,156.0,0.0,0.0,0.0
1982-05-17,311.0,161.0,0.0,0.0,0.0
1982-05-18,311.0,156.0,0.0,0.0,0.0
1982-05-19,306.0,150.0,64.0,0.0,0.0
1982-05-20,294.0,183.0,0.0,0.0,0.0
1982-05-21,306.0,189.0,0.0,0.0,0.0
1982-05-22,317.0,183.0,0.0,0.0,0.0
1982-05-23,322.0,161.0,0.0,0.0,0.0
1982-05-24,317.0,156.0,513.0,0.0,0.0
1982-05-25,306.0,183.0,231.0,0.0,0.0
1982-05-26,300.0,172.0,33.0,0.0,0.0
1982-05-27,283.0,161.0,46.0,0.0,0.0
1982-05-28,333.0,211.0,0.0,0.0,0.0
1982-05-29,317.0,206.0,0.0,0.0,0.0
1982-05-30,328.0,211.0,0.0,0.0,0.0
1982-05-31,339.0,200.0,0.0,0.0,0.0
1982-06-01,322.0,144.0,0.0,0.0,0.0
1982-06-02,261.0,133.0,0.0,0.0,0.0
1982-06-03,311.0,178.0,0.0,0.0,0.0
1982-06-04,311.0,189.0,279.0,0.0,0.0
1982-06-05,294.0,167.0,0.0,0.0,0.0
1982-06-06,267.0,161.0,0.0,0.0,0.0
1982-06-07,300.0,194.0,0.0,0.0,0.0
1982-06-08,333.0,183.0,0.0,0.0,0.0
1982-06-09,333.0,211.0,0.0,0.0,0.0
1982-06-10,311.0,189.0,0.0,0.0,0.0
1982-06-11,294.0,183.0,0.0,0.0,0.0
1982-06-12,311.0,178.0,348.0,0.0,0.0
1982-06-13,250.0,156.0,5.0,0.0,0.0
1982-06-14,294.0,156.0,0.0,0.0,0.0
1982-06-15,317.0,194.0,0.0,0.0,0.0
1982-06-16,322.0,167.0,480.0,0.0,0.0
1982-06-17,250.0,172.0,23.0,0.0,0.0
1982-06-18,289.0,144.0,0.0,0.0,0.0
1982-06-19,306.0,161.0,0.0,0.0,0.0
1982-06-20,278.0,167.0,13.0,0.0,0.0
1982-06-21,294.0,178.0,0.0,0.0,0.0
1982-06-22,272.0,178.0,160.0,0.0,0.0
1982-06-23,300.0,161.0,0.0,0.0,0.0
1982-06-24,322.0,172.0,76.0,0.0,0.0
1982-06-25,322.0,194.0,0.0,0.0,0.0
1982-06-26,317.0,194.0,13.0,0.0,0.0
1982-06-27,317.0,194.0,0.0,0.0,0.0
1982-06-28,311.0,189.0,119.0,0.0,0.0
1982-06-29,278.0,194.0,13.0,0.0,0.0
1982-06-30,311.0,206.0,0.0,0.0,0.0
1982-07-01,333.0,189.0,0.0,0.0,0.0
1982-07-02,322.0,206.0,0.0,0.0,0.0
1982-07-03,333.0,211.0,0.0,0.0,0.0
1982-07-04,339.0,206.0,0.0,0.0,0.0
1982-07-05,344.0,211.0,0.0,0.0,0.0
1982-07-06,344.0,211.0,0.0,0.0,0.0
1982-07-07,339.0,206.0,0.0,0.0,0.0
1982-07-08,339.0,206.0,0.0,0.0,0.0
1982-07-09,339.0,200.0,74.0,0.0,0.0
1982-07-10,339.0,222.0,0.0,0.0,0.0
1982-07-11,339.0,222.0,0.0,0.0,0.0
1982-07-12,333.0,189.0,56.0,0.0,0.0
1982-07-13,328.0,189.0,0.0,0.0,0.0
1982-07-14,322.0,178.0,0.0,0.0,0.0
1982-07-15,339.0,200.0,0.0,0.0,0.0
1982-07-16,339.0,211.0,0.0,0.0,0.0
1982-07-17,339.0,206.0,0.0,0.0,0.0
1982-07-18,339.0,211.0,0.0,0.0,0.0
1982-07-19,350.0,206.0,0.0,0.0,0.0
1982-07-20,350.0,217.0,0.0,0.0,0.0
1982-07-21,356.0,206.0,0.0,0.0,0.0
1982-07-22,356.0,211.0,0.0,0.0,0.0
1982-07-23,350.0,183.0,0.0,0.0,0.0
1982-07-24,322.0,178.0,0.0,0.0,0.0
1982-07-25,311.0,194.0,0.0,0.0,0.0
1982-07-26,322.0,194.0,196.0,0.0,0.0
1982-07-27,328.0,211.0,0.0,0.0,0.0
1982-07-28,333.0,200.0,0.0,0.0,0.0
1982-07-29,339.0,194.0,307.0,0.0,0.0
1982-07-30,339.0,194.0,551.0,0.0,0.0
1982-07-31,322.0,206.0,140.0,0.0,0.0
1982-08-01,311.0,189.0,25.0,0.0,0.0
1982-08-02,289.0,200.0,25.0,0.0,0.0
1982-08-03,311.0,217.0,0.0,0.0,0.0
1982-08-04,344.0,217.0,0.0,0.0,0.0
1982-08-05,350.0,211.0,0.0,0.0,0.0
1982-08-06,350.0,206.0,0.0,0.0,0.0
1982-08-07,344.0,200.0,51.0,0.0,0.0
1982-08-08,350.0,200.0,0.0,0.0,0.0
1982-08-09,317.0,206.0,0.0,0.0,0.0
1982-08-10,322.0,206.0,0.0,0.0,0.0
1982-08-11,322.0,211.0,0.0,0.0,0.0
1982-08-12,311.0,194.0,0.0,0.0,0.0
1982-08-13,311.0,206.0,0.0,0.0,0.0
1982-08-14,322.0,211.0,109.0,0.0,0.0
1982-08-15,339.0,228.0,0.0,0.0,0.0
1982-08-16,306.0,200.0,38.0,0.0,0.0
1982-08-17,333.0,300.0,25.0,0.0,0.0
1982-08-18,306.0,194.0,462.0,0.0,0.0
1982-08-19,311.0,200.0,0.0,0.0,0.0
1982-08-20,317.0,172.0,0.0,0.0,0.0
1982-08-21,333.0,172.0,0.0,0.0,0.0
1982-08-22,328.0,183.0,0.0,0.0,0.0
1982-08-23,328.0,206.0,0.0,0.0,0.0
1982-08-24,350.0,217.0,0.0,0.0,0.0
1982-08-25,350.0,206.0,0.0,0.0,0.0
1982-08-26,350.0,206.0,0.0,0.0,0.0
1982-08-27,361.0,211.0,0.0,0.0,0.0
1982-08-28,350.0,194.0,74.0,0.0,0.0
1982-08-29,306.0,200.0,0.0,0.0,0.0
1982-08-30,328.0,250.0,23.0,0.0,0.0
1982-08-31,333.0,206.0,0.0,0.0,0.0
1982-09-01,344.0,211.0,0.0,0.0,0.0
1982-09-02,267.0,250.0,0.0,0.0,0.0
1982-09-03,344.0,183.0,20.0,0.0,0.0
1982-09-04,283.0,167.0,0.0,0.0,0.0
1982-09-05,267.0,111.0,0.0,0.0,0.0
1982-09-06,289.0,133.0,0.0,0.0,0.0
1982-09-07,322.0,150.0,0.0,0.0,0.0
1982-09-08,311.0,144.0,0.0,0.0,0.0
1982-09-09,311.0,150.0,0.0,0.0,0.0
1982-09-10,317.0,172.0,0.0,0.0,0.0
1982-09-11,317.0,183.0,0.0,0.0,0.0
1982-09-12,300.0,206.0,246.0,0.0,0.0
1982-09-13,317.0,206.0,0.0,0.0,0.0
1982-09-14,322.0,200.0,0.0,0.0,0.0
1982-09-15,328.0,189.0,0.0,0.0,0.0
1982-09-16,333.0,183.0,0.0,0.0,0.0
1982-09-17,278.0,183.0,0.0,0.0,0.0
1982-09-18,311.0,172.0,0.0,0.0,0.0
1982-09-19,289.0,139.0,0.0,0.0,0.0
1982-09-20,267.0,156.0,0.0,0.0,0.0
1982-09-21,261.0,89.0,0.0,0.0,0.0
1982-09-22,206.0,17.0,0.0,0.0,0.0
1982-09-23,217.0,28.0,0.0,0.0,0.0
1982-09-24,267.0,44.0,0.0,0.0,0.0
1982-09-25,239.0,89.0,0.0,0.0,0.0
1982-09-26,233.0,67.0,0.0,0.0,0.0
1982-09-27,233.0,56.0,0.0,0.0,0.0
1982-09-28,261.0,78.0,0.0,0.0,0.0
1982-09-29,294.0,128.0,0.0,0.0,0.0
1982-09-30,294.0,133.0,0.0,0.0,0.0
1982-10-01,211.0,111.0,0.0,0.0,0.0
1982-10-02,300.0,128.0,0.0,0.0,0.0
1982-10-03,306.0,128.0,0.0,0.0,0.0
1982-10-04,311.0,150.0,0.0,0.0,0.0
1982-10-05,311.0,128.0,0.0,0.0,0.0
1982-10-06,322.0,144.0,0.0,0.0,0.0
1982-10-07,317.0,183.0,693.0,0.0,0.0
1982-10-08,267.0,183.0,216.0,0.0,0.0
1982-10-09,283.0,194.0,229.0,0.0,0.0
1982-10-10,294.0,122.0,0.0,0.0,0.0
1982-10-11,256.0,94.0,0.0,0.0,0.0
1982-10-12,211.0,100.0,114.0,0.0,0.0
1982-10-13,139.0,83.0,91.0,0.0,0.0
1982-10-14,222.0,28.0,0.0,0.0,0.0
1982-10-15,211.0,28.0,0.0,0.0,0.0
1982-10-16,256.0,39.0,0.0,0.0,0.0
1982-10-17,211.0,28.0,0.0,0.0,0.0
1982-10-18,200.0,67.0,0.0,0.0,0.0
1982-10-19,239.0,78.0,0.0,0.0,0.0
1982-10-20,267.0,83.0,5.0,0.0,0.0
1982-10-21,178.0,17.0,0.0,0.0,0.0
1982-10-22,156.0,33.0,0.0,0.0,0.0
1982-10-23,156.0,6.0,0.0,0.0,0.0
1982-10-24,167.0,-6.0,0.0,0.0,0.0
1982-10-25,183.0,-39.0,0.0,0.0,0.0
1982-10-26,183.0,-28.0,0.0,0.0,0.0
1982-10-27,211.0,-17.0,0.0,0.0,0.0
1982-10-28,233.0,33.0,0.0,0.0,0.0
1982-10-29,256.0,-11.0,165.0,0.0,0.0
1982-10-30,172.0,122.0,61.0,0.0,0.0
1982-10-31,222.0,139.0,0.0,0.0,0.0
1982-11-01,244.0,144.0,0.0,0.0,0.0
1982-11-02,250.0,128.0,91.0,0.0,0.0
1982-11-03,183.0,117.0,152.0,0.0,0.0
1982-11-04,144.0,-39.0,0.0,0.0,0.0
1982-11-05,128.0,-61.0,0.0,0.0,0.0
1982-11-06,144.0,-28.0,0.0,0.0,0.0
1982-11-07,183.0,28.0,0.0,0.0,0.0
1982-11-08,206.0,39.0,0.0,0.0,0.0
1982-11-09,222.0,44.0,0.0,0.0,0.0
1982-11-10,239.0,106.0,0.0,0.0,0.0
1982-11-11,244.0,122.0,0.0,0.0,0.0
1982-11-12,233.0,100.0,48.0,0.0,0.0
1982-11-13,122.0,-22.0,0.0,0.0,0.0
1982-11-14,100.0,-50.0,0.0,0.0,0.0
1982-11-15,133.0,-17.0,0.0,0.0,0.0
1982-11-16,94.0,-56.0,0.0,0.0,0.0
1982-11-17,161.0,6.0,191.0,0.0,0.0
1982-11-18,133.0,61.0,157.0,0.0,0.0
1982-11-19,183.0,117.0,23.0,0.0,0.0
1982-11-20,200.0,161.0,445.0,0.0,0.0
1982-11-21,256.0,161.0,122.0,0.0,0.0
1982-11-22,233.0,167.0,5.0,0.0,0.0
1982-11-23,206.0,161.0,157.0,0.0,0.0
1982-11-24,183.0,-6.0,198.0,0.0,0.0
1982-11-25,44.0,-6.0,0.0,0.0,0.0
1982-11-26,94.0,6.0,0.0,0.0,0.0
1982-11-27,133.0,6.0,89.0,0.0,0.0
1982-11-28,72.0,56.0,315.0,0.0,0.0
1982-11-29,133.0,44.0,0.0,0.0,0.0
1982-11-30,228.0,83.0,0.0,0.0,0.0
1982-12-01,194.0,106.0,33.0,0.0,0.0
1982-12-02,239.0,183.0,0.0,0.0,0.0
1982-12-03,278.0,206.0,0.0,0.0,0.0
1982-12-04,239.0,122.0,513.0,0.0,0.0
1982-12-05,133.0,67.0,64.0,0.0,0.0
1982-12-06,133.0,17.0,0.0,0.0,0.0
1982-12-07,156.0,39.0,0.0,0.0,0.0
1982-12-08,117.0,22.0,0.0,0.0,0.0
1982-12-09,133.0,22.0,0.0,0.0,0.0
1982-12-10,56.0,11.0,5.0,0.0,0.0
1982-12-11,61.0,11.0,472.0,0.0,0.0
1982-12-12,44.0,-39.0,168.0,0.0,0.0
1982-12-13,11.0,-89.0,0.0,0.0,0.0
1982-12-14,78.0,-56.0,0.0,0.0,0.0
1982-12-15,133.0,39.0,612.0,0.0,0.0
1982-12-16,122.0,-22.0,0.0,0.0,0.0
1982-12-17,117.0,-17.0,0.0,0.0,0.0
1982-12-18,111.0,-11.0,0.0,0.0,0.0
1982-12-19,178.0,39.0,0.0,0.0,0.0
1982-12-20,128.0,-22.0,0.0,0.0,0.0
1982-12-21,183.0,11.0,0.0,0.0,0.0
1982-12-22,189.0,56.0,0.0,0.0,0.0
1982-12-23,211.0,133.0,0.0,0.0,0.0
1982-12-24,222.0,161.0,0.0,0.0,0.0
1982-12-25,256.0,133.0,94.0,0.0,0.0
1982-12-26,150.0,83.0,737.0,0.0,0.0
1982-12-27,167.0,83.0,409.0,0.0,0.0
1982-12-28,167.0,39.0,373.0,0.0,0.0
1982-12-29,61.0,-33.0,0.0,0.0,0.0
1982-12-30,61.0,-56.0,0.0,0.0,0.0
1982-12-31,61.0,-56.0,0.0,0.0,0.0
1983-01-01,50.0,-44.0,0.0,0.0,0.0
1983-01-02,67.0,6.0,28.0,0.0,0.0
1983-01-03,61.0,-28.0,0.0,0.0,0.0
1983-01-04,56.0,-72.0,0.0,0.0,0.0
1983-01-05,117.0,-56.0,0.0,0.0,0.0
1983-01-06,128.0,-33.0,0.0,0.0,0.0
1983-01-07,144.0,-17.0,0.0,0.0,0.0
1983-01-08,111.0,44.0,114.0,0.0,0.0
1983-01-09,100.0,33.0,5.0,0.0,0.0
1983-01-10,72.0,28.0,0.0,0.0,0.0
1983-01-11,139.0,-17.0,0.0,0.0,0.0
1983-01-12,178.0,-39.0,0.0,0.0,0.0
1983-01-13,89.0,-39.0,0.0,0.0,0.0
1983-01-14,200.0,-11.0,0.0,0.0,0.0
1983-01-15,211.0,-17.0,0.0,0.0,0.0
1983-01-16,67.0,-78.0,0.0,0.0,0.0
1983-01-17,111.0,-67.0,0.0,0.0,0.0
1983-01-18,128.0,-39.0,0.0,0.0,0.0
1983-01-19,89.0,-33.0,0.0,0.0,0.0
1983-01-20,28.0,-28.0,25.0,,
1983-01-21,6.0,-17.0,132.0,,
1983-01-22,17.0,-17.0,36.0,,0.0
1983-01-23,33.0,-22.0,8.0,,0.0
1983-01-24,50.0,-50.0,0.0,,0.0
1983-01-25,128.0,-50.0,20.0,,0.0
1983-01-26,128.0,11.0,0.0,,0.0
1983-01-27,83.0,22.0,38.0,,0.0
1983-01-28,61.0,-39.0,0.0,,0.0
1983-01-29,78.0,-28.0,0.0,,0.0
1983-01-30,206.0,50.0,0.0,,0.0
1983-01-31,139.0,17.0,0.0,,0.0
1983-02-01,150.0,-17.0,503.0,0.0,0.0
1983-02-02,128.0,0.0,0.0,0.0,0.0
1983-02-03,17.0,-22.0,0.0,0.0,0.0
1983-02-04,83.0,-44.0,0.0,0.0,0.0
1983-02-05,44.0,-17.0,198.0,0.0,0.0
1983-02-06,33.0,-6.0,191.0,0.0,0.0
1983-02-07,44.0,-22.0,0.0,0.0,0.0
1983-02-08,78.0,-17.0,0.0,0.0,0.0
1983-02-09,111.0,6.0,64.0,0.0,0.0
1983-02-10,117.0,67.0,305.0,0.0,0.0
1983-02-11,100.0,6.0,5.0,0.0,0.0
1983-02-12,100.0,17.0,0.0,0.0,0.0
1983-02-13,100.0,-11.0,0.0,0.0,0.0
1983-02-14,128.0,33.0,0.0,0.0,0.0
1983-02-15,144.0,0.0,0.0,0.0,0.0
1983-02-16,178.0,11.0,0.0,0.0,0.0
1983-02-17,178.0,22.0,0.0,0.0,0.0
1983-02-18,183.0,6.0,0.0,0.0,0.0
1983-02-19,194.0,39.0,0.0,0.0,0.0
1983-02-20,211.0,61.0,0.0,0.0,0.0
1983-02-21,217.0,50.0,0.0,0.0,0.0
1983-02-22,183.0,100.0,272.0,0.0,0.0
1983-02-23,144.0,39.0,18.0,0.0,0.0
1983-02-24,211.0,50.0,0.0,0.0,0.0
1983-02-25,194.0,50.0,0.0,0.0,0.0
1983-02-26,100.0,-11.0,0.0,0.0,0.0
1983-02-27,89.0,0.0,0.0,0.0,0.0
1983-02-28,100.0,28.0,25.0,0.0,0.0
1983-03-01,111.0,6.0,0.0,0.0,0.0
1983-03-02,211.0,44.0,0.0,0.0,0.0
1983-03-03,239.0,117.0,0.0,0.0,0.0
1983-03-04,256.0,172.0,0.0,0.0,0.0
1983-03-05,211.0,128.0,452.0,0.0,0.0
1983-03-06,211.0,128.0,15.0,0.0,0.0
1983-03-07,256.0,89.0,0.0,0.0,0.0
1983-03-08,239.0,28.0,0.0,0.0,0.0
1983-03-09,167.0,-6.0,0.0,0.0,0.0
1983-03-10,89.0,-33.0,0.0,0.0,0.0
1983-03-11,67.0,-22.0,0.0,0.0,0.0
1983-03-12,117.0,-39.0,0.0,0.0,0.0
1983-03-13,156.0,-6.0,0.0,0.0,0.0
1983-03-14,222.0,61.0,0.0,0.0,0.0
1983-03-15,244.0,72.0,0.0,0.0,0.0
1983-03-16,250.0,111.0,0.0,0.0,0.0
1983-03-17,189.0,128.0,203.0,0.0,0.0
1983-03-18,178.0,56.0,8.0,0.0,0.0
1983-03-19,189.0,33.0,0.0,0.0,0.0
1983-03-20,222.0,100.0,30.0,0.0,0.0
1983-03-21,150.0,28.0,0.0,0.0,0.0
1983-03-22,100.0,-39.0,0.0,0.0,0.0
1983-03-23,133.0,6.0,79.0,0.0,0.0
1983-03-24,78.0,6.0,0.0,0.0,0.0
1983-03-25,128.0,6.0,0.0,0.0,0.0
1983-03-26,172.0,44.0,25.0,0.0,0.0
1983-03-27,178.0,83.0,56.0,0.0,0.0
1983-03-28,150.0,-11.0,0.0,0.0,0.0
1983-03-29,144.0,28.0,0.0,0.0,0.0
1983-03-30,156.0,89.0,0.0,0.0,0.0
1983-03-31,172.0,89.0,5.0,0.0,0.0
1983-04-01,228.0,67.0,0.0,0.0,0.0
1983-04-02,194.0,72.0,66.0,0.0,0.0
1983-04-03,117.0,6.0,0.0,0.0,0.0
1983-04-04,206.0,61.0,0.0,0.0,0.0
1983-04-05,161.0,100.0,183.0,0.0,0.0
1983-04-06,233.0,128.0,119.0,0.0,0.0
1983-04-07,139.0,78.0,246.0,0.0,0.0
1983-04-08,100.0,78.0,33.0,0.0,0.0
1983-04-09,83.0,56.0,0.0,0.0,0.0
1983-04-10,150.0,50.0,0.0,0.0,0.0
1983-04-11,211.0,44.0,0.0,0.0,0.0
1983-04-12,278.0,117.0,0.0,0.0,0.0
1983-04-13,233.0,167.0,0.0,0.0,0.0
1983-04-14,244.0,44.0,109.0,0.0,0.0
1983-04-15,144.0,-11.0,0.0,0.0,0.0
1983-04-16,156.0,89.0,0.0,0.0,0.0
1983-04-17,211.0,28.0,0.0,0.0,0.0
1983-04-18,239.0,78.0,76.0,0.0,0.0
1983-04-19,128.0,-17.0,0.0,0.0,0.0
1983-04-20,72.0,39.0,56.0,0.0,0.0
1983-04-21,167.0,56.0,0.0,0.0,0.0
1983-04-22,206.0,100.0,30.0,0.0,0.0
1983-04-23,194.0,106.0,216.0,0.0,0.0
1983-04-24,156.0,83.0,0.0,0.0,0.0
1983-04-25,194.0,17.0,0.0,0.0,0.0
1983-04-26,233.0,83.0,0.0,0.0,0.0
1983-04-27,256.0,111.0,0.0,0.0,0.0
1983-04-28,244.0,144.0,0.0,0.0,0.0
1983-04-29,250.0,178.0,0.0,0.0,0.0
1983-04-30,256.0,194.0,0.0,0.0,0.0
1983-05-01,222.0,206.0,0.0,0.0,0.0
1983-05-02,272.0,206.0,0.0,0.0,0.0
1983-05-03,283.0,139.0,318.0,0.0,0.0
1983-05-04,211.0,50.0,0.0,0.0,0.0
1983-05-05,239.0,67.0,0.0,0.0,0.0
1983-05-06,283.0,122.0,0.0,0.0,0.0
1983-05-07,289.0,139.0,0.0,0.0,0.0
1983-05-08,239.0,111.0,46.0,0.0,0.0
1983-05-09,156.0,72.0,0.0,0.0,0.0
1983-05-10,206.0,106.0,0.0,0.0,0.0
1983-05-11,267.0,167.0,13.0,0.0,0.0
1983-05-12,278.0,178.0,15.0,0.0,0.0
1983-05-13,278.0,178.0,0.0,0.0,0.0
1983-05-14,294.0,200.0,0.0,0.0,0.0
1983-05-15,283.0,194.0,226.0,0.0,0.0
1983-05-16,200.0,133.0,8.0,0.0,0.0
1983-05-17,211.0,78.0,0.0,0.0,0.0
1983-05-18,239.0,128.0,0.0,0.0,0.0
1983-05-19,289.0,156.0,371.0,0.0,0.0
1983-05-20,283.0,156.0,206.0,0.0,0.0
1983-05-21,222.0,156.0,64.0,0.0,0.0
1983-05-22,206.0,167.0,241.0,0.0,0.0
1983-05-23,267.0,128.0,0.0,0.0,0.0
1983-05-24,256.0,94.0,152.0,0.0,0.0
1983-05-25,256.0,94.0,0.0,0.0,0.0
1983-05-26,278.0,133.0,0.0,0.0,0.0
1983-05-27,294.0,167.0,0.0,0.0,0.0
1983-05-28,294.0,183.0,0.0,0.0,0.0
1983-05-29,306.0,178.0,0.0,0.0,0.0
1983-05-30,300.0,106.0,0.0,0.0,0.0
1983-05-31,261.0,128.0,30.0,0.0,0.0
1983-06-01,211.0,122.0,28.0,0.0,0.0
1983-06-02,267.0,139.0,0.0,0.0,0.0
1983-06-03,306.0,189.0,0.0,0.0,0.0
1983-06-04,311.0,178.0,117.0,0.0,0.0
1983-06-05,294.0,161.0,127.0,0.0,0.0
1983-06-06,306.0,178.0,0.0,0.0,0.0
1983-06-07,244.0,172.0,0.0,0.0,0.0
1983-06-08,256.0,156.0,0.0,0.0,0.0
1983-06-09,261.0,111.0,0.0,0.0,0.0
1983-06-10,294.0,128.0,0.0,0.0,0.0
1983-06-11,267.0,183.0,0.0,0.0,0.0
1983-06-12,294.0,194.0,0.0,0.0,0.0
1983-06-13,317.0,200.0,0.0,0.0,0.0
1983-06-14,322.0,211.0,0.0,0.0,0.0
1983-06-15,317.0,172.0,30.0,0.0,0.0
1983-06-16,294.0,178.0,0.0,0.0,0.0
1983-06-17,311.0,189.0,0.0,0.0,0.0
1983-06-18,322.0,194.0,152.0,0.0,0.0
1983-06-19,306.0,183.0,0.0,0.0,0.0
1983-06-20,311.0,183.0,0.0,0.0,0.0
1983-06-21,311.0,183.0,0.0,0.0,0.0
1983-06-22,289.0,206.0,48.0,0.0,0.0
1983-06-23,278.0,200.0,302.0,0.0,0.0
1983-06-24,311.0,194.0,0.0,0.0,0.0
1983-06-25,306.0,200.0,20.0,0.0,0.0
1983-06-26,306.0,211.0,0.0,0.0,0.0
1983-06-27,300.0,222.0,152.0,0.0,0.0
1983-06-28,311.0,222.0,0.0,0.0,0.0
1983-06-29,322.0,194.0,38.0,0.0,0.0
1983-06-30,306.0,194.0,127.0,0.0,0.0
1983-07-01,344.0,233.0,0.0,0.0,0.0
1983-07-02,333.0,217.0,0.0,0.0,0.0
1983-07-03,317.0,239.0,0.0,0.0,0.0
1983-07-04,317.0,239.0,0.0,0.0,0.0
1983-07-05,322.0,233.0,10.0,0.0,0.0
1983-07-06,294.0,183.0,0.0,0.0,0.0
1983-07-07,300.0,161.0,0.0,0.0,0.0
1983-07-08,294.0,156.0,0.0,0.0,0.0
1983-07-09,322.0,211.0,0.0,0.0,0.0
1983-07-10,333.0,167.0,0.0,0.0,0.0
1983-07-11,333.0,183.0,0.0,0.0,0.0
1983-07-12,344.0,200.0,0.0,0.0,0.0
1983-07-13,350.0,211.0,30.0,0.0,0.0
1983-07-14,339.0,217.0,0.0,0.0,0.0
1983-07-15,322.0,217.0,0.0,0.0,0.0
1983-07-16,322.0,211.0,0.0,0.0,0.0
1983-07-17,328.0,217.0,15.0,0.0,0.0
1983-07-18,317.0,200.0,0.0,0.0,0.0
1983-07-19,339.0,200.0,0.0,0.0,0.0
1983-07-20,344.0,211.0,102.0,0.0,0.0
1983-07-21,350.0,222.0,0.0,0.0,0.0
1983-07-22,367.0,239.0,0.0,0.0,0.0
1983-07-23,350.0,233.0,0.0,0.0,0.0
1983-07-24,356.0,228.0,0.0,0.0,0.0
1983-07-25,361.0,222.0,0.0,0.0,0.0
1983-07-26,361.0,233.0,0.0,0.0,0.0
1983-07-27,322.0,228.0,30.0,0.0,0.0
1983-07-28,356.0,228.0,0.0,0.0,0.0
1983-07-29,361.0,239.0,0.0,0.0,0.0
1983-07-30,344.0,211.0,0.0,0.0,0.0
1983-07-31,350.0,200.0,0.0,0.0,0.0
1983-08-01,294.0,256.0,0.0,0.0,0.0
1983-08-02,344.0,206.0,0.0,0.0,0.0
1983-08-03,333.0,217.0,0.0,0.0,0.0
1983-08-04,322.0,200.0,0.0,0.0,0.0
1983-08-05,344.0,206.0,0.0,0.0,0.0
1983-08-06,356.0,194.0,51.0,0.0,0.0
1983-08-07,361.0,206.0,0.0,0.0,0.0
1983-08-08,344.0,200.0,0.0,0.0,0.0
1983-08-09,350.0,211.0,0.0,0.0,0.0
1983-08-10,350.0,222.0,0.0,0.0,0.0
1983-08-11,356.0,222.0,0.0,0.0,0.0
1983-08-12,350.0,206.0,465.0,0.0,0.0
1983-08-13,328.0,211.0,79.0,0.0,0.0
1983-08-14,328.0,206.0,0.0,0.0,0.0
1983-08-15,328.0,178.0,0.0,0.0,0.0
1983-08-16,350.0,217.0,0.0,0.0,0.0
1983-08-17,350.0,217.0,0.0,0.0,0.0
1983-08-18,350.0,217.0,0.0,0.0,0.0
1983-08-19,350.0,228.0,0.0,0.0,0.0
1983-08-20,356.0,244.0,0.0,0.0,0.0
1983-08-21,356.0,206.0,0.0,0.0,0.0
1983-08-22,361.0,206.0,0.0,0.0,0.0
1983-08-23,367.0,217.0,0.0,0.0,0.0
1983-08-24,378.0,217.0,28.0,0.0,0.0
1983-08-25,372.0,222.0,0.0,0.0,0.0
1983-08-26,372.0,222.0,0.0,0.0,0.0
1983-08-27,372.0,211.0,0.0,0.0,0.0
1983-08-28,361.0,228.0,0.0,0.0,0.0
1983-08-29,361.0,228.0,0.0,0.0,0.0
1983-08-30,367.0,200.0,0.0,0.0,0.0
1983-08-31,372.0,206.0,0.0,0.0,0.0
1983-09-01,283.0,189.0,10.0,0.0,0.0
1983-09-02,339.0,206.0,0.0,0.0,0.0
1983-09-03,333.0,178.0,0.0,0.0,0.0
1983-09-04,339.0,183.0,0.0,0.0,0.0
1983-09-05,350.0,200.0,0.0,0.0,0.0
1983-09-06,339.0,206.0,0.0,0.0,0.0
1983-09-07,344.0,211.0,0.0,0.0,0.0
1983-09-08,344.0,200.0,0.0,0.0,0.0
1983-09-09,356.0,200.0,0.0,0.0,0.0
1983-09-10,361.0,183.0,0.0,0.0,0.0
1983-09-11,361.0,189.0,0.0,0.0,0.0
1983-09-12,350.0,200.0,150.0,0.0,0.0
1983-09-13,294.0,194.0,74.0,0.0,0.0
1983-09-14,300.0,156.0,25.0,0.0,0.0
1983-09-15,289.0,128.0,0.0,0.0,0.0
1983-09-16,317.0,178.0,0.0,0.0,0.0
1983-09-17,322.0,200.0,0.0,0.0,0.0
1983-09-18,344.0,189.0,0.0,0.0,0.0
1983-09-19,333.0,211.0,127.0,0.0,0.0
1983-09-20,267.0,206.0,721.0,0.0,0.0
1983-09-21,283.0,83.0,175.0,0.0,0.0
1983-09-22,183.0,28.0,0.0,0.0,0.0
1983-09-23,233.0,44.0,0.0,0.0,0.0
1983-09-24,217.0,78.0,0.0,0.0,0.0
1983-09-25,267.0,106.0,0.0,0.0,0.0
1983-09-26,278.0,117.0,0.0,0.0,0.0
1983-09-27,294.0,156.0,0.0,0.0,0.0
1983-09-28,294.0,128.0,0.0,0.0,0.0
1983-09-29,278.0,117.0,0.0,0.0,0.0
1983-09-30,283.0,100.0,0.0,0.0,0.0
1983-10-01,294.0,100.0,0.0,0.0,0.0
1983-10-02,294.0,117.0,0.0,0.0,0.0
1983-10-03,294.0,139.0,0.0,0.0,0.0
1983-10-04,294.0,161.0,0.0,0.0,0.0
1983-10-05,283.0,122.0,84.0,0.0,0.0
1983-10-06,256.0,83.0,0.0,0.0,0.0
1983-10-07,267.0,83.0,0.0,0.0,0.0
1983-10-08,,,0.0,0.0,0.0
1983-10-09,,,0.0,0.0,0.0
1983-10-10,289.0,100.0,0.0,0.0,0.0
1983-10-11,278.0,133.0,0.0,0.0,0.0
1983-10-12,250.0,161.0,8.0,0.0,0.0
1983-10-13,178.0,17.0,0.0,0.0,0.0
1983-10-14,189.0,33.0,0.0,0.0,0.0
1983-10-15,233.0,67.0,0.0,0.0,0.0
1983-10-16,244.0,83.0,0.0,0.0,0.0
1983-10-17,239.0,161.0,152.0,0.0,0.0
1983-10-18,267.0,172.0,160.0,0.0,0.0
1983-10-19,250.0,172.0,0.0,0.0,0.0
1983-10-20,294.0,178.0,0.0,0.0,0.0
1983-10-21,272.0,183.0,0.0,0.0,0.0
1983-10-22,261.0,117.0,33.0,0.0,0.0
1983-10-23,167.0,122.0,0.0,0.0,0.0
1983-10-24,133.0,122.0,0.0,0.0,0.0
1983-10-25,189.0,56.0,0.0,0.0,0.0
1983-10-26,183.0,17.0,0.0,0.0,0.0
1983-10-27,172.0,22.0,0.0,0.0,0.0
1983-10-28,211.0,44.0,0.0,0.0,0.0
1983-10-29,250.0,61.0,0.0,0.0,0.0
1983-10-30,261.0,67.0,0.0,0.0,0.0
1983-10-31,261.0,100.0,0.0,0.0,0.0
1983-11-01,239.0,117.0,0.0,0.0,0.0
1983-11-02,261.0,150.0,0.0,0.0,0.0
1983-11-03,267.0,133.0,0.0,0.0,0.0
1983-11-04,267.0,144.0,0.0,0.0,0.0
1983-11-05,206.0,44.0,216.0,0.0,0.0
1983-11-06,156.0,17.0,0.0,0.0,0.0
1983-11-07,144.0,67.0,117.0,0.0,0.0
1983-11-08,128.0,67.0,0.0,0.0,0.0
1983-11-09,183.0,61.0,0.0,0.0,0.0
1983-11-10,200.0,22.0,30.0,0.0,0.0
1983-11-11,128.0,44.0,0.0,0.0,0.0
1983-11-12,72.0,-22.0,0.0,0.0,0.0
1983-11-13,122.0,0.0,0.0,0.0,0.0
1983-11-14,178.0,56.0,0.0,0.0,0.0
1983-11-15,256.0,89.0,10.0,0.0,0.0
1983-11-16,183.0,-22.0,0.0,0.0,0.0
1983-11-17,156.0,0.0,0.0,0.0,0.0
1983-11-18,228.0,50.0,0.0,0.0,0.0
1983-11-19,239.0,128.0,0.0,0.0,0.0
1983-11-20,222.0,61.0,434.0,0.0,0.0
1983-11-21,178.0,56.0,0.0,0.0,0.0
1983-11-22,222.0,94.0,0.0,0.0,0.0
1983-11-23,239.0,89.0,1021.0,0.0,0.0
1983-11-24,172.0,11.0,8.0,0.0,0.0
1983-11-25,100.0,-22.0,0.0,0.0,0.0
1983-11-26,200.0,39.0,0.0,0.0,0.0
1983-11-27,183.0,72.0,246.0,0.0,0.0
1983-11-28,117.0,-6.0,61.0,0.0,0.0
1983-11-29,67.0,-50.0,0.0,0.0,0.0
1983-11-30,111.0,-33.0,8.0,0.0,0.0
1983-12-01,100.0,33.0,0.0,0.0,0.0
1983-12-02,128.0,28.0,0.0,0.0,0.0
1983-12-03,167.0,89.0,1166.0,0.0,0.0
1983-12-04,139.0,61.0,198.0,0.0,0.0
1983-12-05,139.0,61.0,0.0,0.0,0.0
1983-12-06,233.0,39.0,3.0,0.0,0.0
1983-12-07,100.0,-50.0,0.0,0.0,0.0
1983-12-08,128.0,-22.0,0.0,0.0,0.0
1983-12-09,128.0,6.0,0.0,0.0,0.0
1983-12-10,206.0,106.0,10.0,0.0,0.0
1983-12-11,150.0,122.0,429.0,0.0,0.0
1983-12-12,167.0,50.0,0.0,0.0,0.0
1983-12-13,61.0,44.0,0.0,0.0,0.0
1983-12-14,72.0,6.0,180.0,0.0,0.0
1983-12-15,94.0,-11.0,0.0,0.0,0.0
1983-12-16,72.0,-22.0,51.0,0.0,0.0
1983-12-17,-6.0,-72.0,104.0,152.0,
1983-12-18,6.0,-56.0,0.0,51.0,0.0
1983-12-19,17.0,-78.0,0.0,0.0,0.0
1983-12-20,-17.0,-100.0,0.0,0.0,0.0
1983-12-21,-22.0,-94.0,64.0,0.0,0.0
1983-12-22,0.0,-72.0,381.0,0.0,0.0
1983-12-23,-56.0,-89.0,0.0,0.0,0.0
1983-12-24,-72.0,-133.0,0.0,,0.0
1983-12-25,-111.0,-178.0,0.0,,0.0
1983-12-26,-78.0,-172.0,0.0,,0.0
1983-12-27,-22.0,-111.0,56.0,,0.0
1983-12-28,0.0,-56.0,18.0,,0.0
1983-12-29,0.0,-106.0,0.0,,0.0
1983-12-30,-44.0,-167.0,0.0,,0.0
1983-12-31,-61.0,-161.0,0.0,,0.0
1984-01-01,44.0,-139.0,0.0,0.0,0.0
1984-01-02,78.0,-28.0,0.0,0.0,0.0
1984-01-03,89.0,-61.0,0.0,0.0,0.0
1984-01-04,128.0,-50.0,0.0,0.0,0.0
1984-01-05,167.0,-22.0,0.0,0.0,0.0
1984-01-06,172.0,-11.0,0.0,0.0,0.0
1984-01-07,183.0,-39.0,0.0,0.0,0.0
1984-01-08,167.0,-11.0,0.0,0.0,0.0
1984-01-09,211.0,17.0,0.0,0.0,0.0
1984-01-10,122.0,11.0,165.0,0.0,0.0
1984-01-11,44.0,-89.0,0.0,0.0,0.0
1984-01-12,33.0,-94.0,0.0,0.0,0.0
1984-01-13,78.0,-44.0,0.0,0.0,0.0
1984-01-14,72.0,-28.0,0.0,0.0,0.0
1984-01-15,39.0,-33.0,76.0,25.0,
1984-01-16,-17.0,-44.0,0.0,0.0,0.0
1984-01-17,33.0,-72.0,0.0,0.0,0.0
1984-01-18,33.0,-67.0,51.0,0.0,0.0
1984-01-19,-56.0,-122.0,0.0,0.0,0.0
1984-01-20,-33.0,-117.0,0.0,0.0,0.0
1984-01-21,-56.0,-122.0,0.0,0.0,0.0
1984-01-22,0.0,-117.0,0.0,0.0,0.0
1984-01-23,56.0,-67.0,244.0,0.0,0.0
1984-01-24,56.0,28.0,231.0,0.0,0.0
1984-01-25,50.0,22.0,0.0,0.0,0.0
1984-01-26,111.0,-44.0,0.0,0.0,0.0
1984-01-27,150.0,-39.0,0.0,0.0,0.0
1984-01-28,117.0,-33.0,0.0,0.0,0.0
1984-01-29,128.0,-17.0,0.0,0.0,0.0
1984-01-30,150.0,-6.0,0.0,0.0,0.0
1984-01-31,100.0,-67.0,0.0,0.0,0.0
1984-02-01,100.0,-67.0,0.0,,0.0
1984-02-02,183.0,-6.0,0.0,,0.0
1984-02-03,156.0,6.0,76.0,,0.0
1984-02-04,144.0,-33.0,0.0,,0.0
1984-02-05,139.0,-28.0,0.0,,0.0
1984-02-06,111.0,-94.0,0.0,,0.0
1984-02-07,61.0,-94.0,0.0,,0.0
1984-02-08,144.0,-56.0,0.0,,0.0
1984-02-09,156.0,6.0,38.0,,0.0
1984-02-10,139.0,56.0,424.0,,0.0
1984-02-11,222.0,106.0,0.0,,0.0
1984-02-12,228.0,111.0,511.0,,0.0
1984-02-13,150.0,39.0,51.0,,0.0
1984-02-14,189.0,33.0,0.0,,0.0
1984-02-15,211.0,44.0,0.0,,0.0
1984-02-16,211.0,72.0,91.0,,0.0
1984-02-17,172.0,6.0,0.0,,0.0
1984-02-18,211.0,128.0,0.0,,0.0
1984-02-19,217.0,44.0,5.0,,0.0
1984-02-20,117.0,0.0,0.0,,0.0
1984-02-21,83.0,-6.0,0.0,,0.0
1984-02-22,150.0,6.0,0.0,,0.0
1984-02-23,178.0,6.0,0.0,,0.0
1984-02-24,228.0,50.0,0.0,,0.0
1984-02-25,167.0,-6.0,0.0,,0.0
1984-02-26,172.0,56.0,0.0,,0.0
1984-02-27,150.0,28.0,381.0,25.0,
1984-02-28,56.0,-11.0,0.0,0.0,0.0
1984-02-29,67.0,-44.0,0.0,0.0,0.0
1984-03-01,94.0,-22.0,0.0,0.0,0.0
1984-03-02,122.0,11.0,0.0,0.0,0.0
1984-03-03,183.0,72.0,0.0,0.0,0.0
1984-03-04,150.0,100.0,193.0,0.0,0.0
1984-03-05,167.0,67.0,312.0,0.0,0.0
1984-03-06,72.0,11.0,89.0,0.0,0.0
1984-03-07,89.0,-39.0,0.0,0.0,0.0
1984-03-08,167.0,22.0,0.0,0.0,0.0
1984-03-09,178.0,-22.0,0.0,0.0,0.0
1984-03-10,94.0,-11.0,152.0,0.0,0.0
1984-03-11,72.0,-17.0,76.0,0.0,0.0
1984-03-12,139.0,17.0,99.0,0.0,0.0
1984-03-13,183.0,89.0,13.0,0.0,0.0
1984-03-14,194.0,56.0,0.0,0.0,0.0
1984-03-15,267.0,100.0,0.0,0.0,0.0
1984-03-16,278.0,183.0,0.0,0.0,0.0
1984-03-17,194.0,111.0,241.0,0.0,0.0
1984-03-18,233.0,139.0,15.0,0.0,0.0
1984-03-19,244.0,172.0,0.0,0.0,0.0
1984-03-20,200.0,28.0,0.0,0.0,0.0
1984-03-21,150.0,33.0,0.0,0.0,0.0
1984-03-22,194.0,22.0,0.0,0.0,0.0
1984-03-23,228.0,56.0,0.0,0.0,0.0
1984-03-24,222.0,100.0,127.0,0.0,0.0
1984-03-25,172.0,39.0,0.0,0.0,0.0
1984-03-26,194.0,83.0,0.0,0.0,0.0
1984-03-27,244.0,117.0,0.0,0.0,0.0
1984-03-28,178.0,117.0,203.0,0.0,0.0
1984-03-29,133.0,28.0,51.0,0.0,0.0
1984-03-30,139.0,67.0,0.0,0.0,0.0
1984-03-31,167.0,44.0,0.0,0.0,0.0
1984-04-01,144.0,83.0,0.0,0.0,0.0
1984-04-02,178.0,56.0,0.0,0.0,0.0
1984-04-03,161.0,106.0,206.0,0.0,0.0
1984-04-04,256.0,72.0,0.0,0.0,0.0
1984-04-05,156.0,39.0,0.0,0.0,0.0
1984-04-06,200.0,6.0,0.0,0.0,0.0
1984-04-07,233.0,83.0,0.0,0.0,0.0
1984-04-08,200.0,117.0,246.0,0.0,0.0
1984-04-09,194.0,83.0,152.0,0.0,0.0
1984-04-10,189.0,67.0,0.0,0.0,0.0
1984-04-11,194.0,100.0,15.0,0.0,0.0
1984-04-12,222.0,144.0,0.0,0.0,0.0
1984-04-13,228.0,33.0,0.0,0.0,0.0
1984-04-14,256.0,106.0,0.0,0.0,0.0
1984-04-15,211.0,39.0,0.0,0.0,0.0
1984-04-16,167.0,33.0,10.0,0.0,0.0
1984-04-17,178.0,28.0,0.0,0.0,0.0
1984-04-18,217.0,17.0,0.0,0.0,0.0
1984-04-19,244.0,100.0,157.0,0.0,0.0
1984-04-20,161.0,117.0,0.0,0.0,0.0
1984-04-21,278.0,150.0,0.0,0.0,0.0
1984-04-22,272.0,111.0,79.0,0.0,0.0
1984-04-23,194.0,56.0,0.0,0.0,0.0
1984-04-24,200.0,39.0,0.0,0.0,0.0
1984-04-25,289.0,111.0,0.0,0.0,0.0
1984-04-26,283.0,183.0,0.0,0.0,0.0
1984-04-27,261.0,122.0,157.0,0.0,0.0
1984-04-28,289.0,172.0,0.0,0.0,0.0
1984-04-29,250.0,189.0,0.0,0.0,0.0
1984-04-30,261.0,100.0,130.0,0.0,0.0
1984-05-01,211.0,94.0,0.0,0.0,0.0
1984-05-02,189.0,117.0,262.0,0.0,0.0
1984-05-03,261.0,139.0,239.0,0.0,0.0
1984-05-04,244.0,89.0,0.0,0.0,0.0
1984-05-05,256.0,128.0,38.0,0.0,0.0
1984-05-06,278.0,156.0,0.0,0.0,0.0
1984-05-07,306.0,217.0,0.0,0.0,0.0
1984-05-08,294.0,117.0,196.0,0.0,0.0
1984-05-09,261.0,61.0,0.0,0.0,0.0
1984-05-10,261.0,100.0,0.0,0.0,0.0
1984-05-11,256.0,117.0,0.0,0.0,0.0
1984-05-12,267.0,161.0,0.0,0.0,0.0
1984-05-13,294.0,156.0,0.0,0.0,0.0
1984-05-14,311.0,183.0,0.0,0.0,0.0
1984-05-15,300.0,150.0,0.0,0.0,0.0
1984-05-16,256.0,133.0,0.0,0.0,0.0
1984-05-17,322.0,111.0,0.0,0.0,0.0
1984-05-18,278.0,111.0,0.0,0.0,0.0
1984-05-19,289.0,161.0,0.0,0.0,0.0
1984-05-20,294.0,178.0,0.0,0.0,0.0
1984-05-21,250.0,189.0,46.0,0.0,0.0
1984-05-22,294.0,161.0,74.0,0.0,0.0
1984-05-23,289.0,178.0,43.0,0.0,0.0
1984-05-24,267.0,89.0,0.0,0.0,0.0
1984-05-25,311.0,144.0,0.0,0.0,0.0
1984-05-26,311.0,211.0,0.0,0.0,0.0
1984-05-27,306.0,167.0,0.0,0.0,0.0
1984-05-28,300.0,178.0,333.0,0.0,0.0
1984-05-29,283.0,111.0,0.0,0.0,0.0
1984-05-30,200.0,56.0,0.0,0.0,0.0
1984-05-31,211.0,50.0,0.0,0.0,0.0
1984-06-01,256.0,100.0,0.0,0.0,0.0
1984-06-02,283.0,128.0,0.0,0.0,0.0
1984-06-03,289.0,133.0,0.0,0.0,0.0
1984-06-04,294.0,133.0,0.0,0.0,0.0
1984-06-05,289.0,189.0,0.0,0.0,0.0
1984-06-06,300.0,217.0,0.0,0.0,0.0
1984-06-07,294.0,194.0,775.0,0.0,0.0
1984-06-08,300.0,194.0,0.0,0.0,0.0
1984-06-09,300.0,189.0,0.0,0.0,0.0
1984-06-10,306.0,200.0,0.0,0.0,0.0
1984-06-11,311.0,183.0,0.0,0.0,0.0
1984-06-12,322.0,194.0,0.0,0.0,0.0
1984-06-13,328.0,200.0,0.0,0.0,0.0
1984-06-14,333.0,178.0,0.0,0.0,0.0
1984-06-15,333.0,206.0,0.0,0.0,0.0
1984-06-16,333.0,206.0,0.0,0.0,0.0
1984-06-17,311.0,217.0,0.0,0.0,0.0
1984-06-18,322.0,206.0,0.0,0.0,0.0
1984-06-19,333.0,206.0,0.0,0.0,0.0
1984-06-20,339.0,211.0,0.0,0.0,0.0
1984-06-21,333.0,206.0,119.0,0.0,0.0
1984-06-22,339.0,217.0,0.0,0.0,0.0
1984-06-23,344.0,233.0,0.0,0.0,0.0
1984-06-24,350.0,200.0,58.0,0.0,0.0
1984-06-25,317.0,183.0,0.0,0.0,0.0
1984-06-26,306.0,150.0,0.0,0.0,0.0
1984-06-27,294.0,178.0,274.0,0.0,0.0
1984-06-28,306.0,194.0,0.0,0.0,0.0
1984-06-29,328.0,200.0,0.0,0.0,0.0
1984-06-30,300.0,161.0,20.0,0.0,0.0
1984-07-01,306.0,161.0,0.0,0.0,0.0
1984-07-02,339.0,172.0,0.0,0.0,0.0
1984-07-03,333.0,222.0,0.0,0.0,0.0
1984-07-04,328.0,228.0,0.0,0.0,0.0
1984-07-05,322.0,206.0,137.0,0.0,0.0
1984-07-06,289.0,206.0,51.0,0.0,0.0
1984-07-07,333.0,222.0,0.0,0.0,0.0
1984-07-08,322.0,200.0,0.0,0.0,0.0
1984-07-09,350.0,200.0,0.0,0.0,0.0
1984-07-10,333.0,217.0,0.0,0.0,0.0
1984-07-11,333.0,222.0,0.0,0.0,0.0
1984-07-12,339.0,200.0,0.0,0.0,0.0
1984-07-13,333.0,222.0,178.0,0.0,0.0
1984-07-14,322.0,206.0,0.0,0.0,0.0
1984-07-15,339.0,217.0,43.0,0.0,0.0
1984-07-16,344.0,211.0,0.0,0.0,0.0
1984-07-17,317.0,206.0,58.0,0.0,0.0
1984-07-18,294.0,250.0,89.0,0.0,0.0
1984-07-19,294.0,133.0,0.0,0.0,0.0
1984-07-20,294.0,133.0,0.0,0.0,0.0
1984-07-21,317.0,139.0,0.0,0.0,0.0
1984-07-22,322.0,172.0,0.0,0.0,0.0
1984-07-23,333.0,189.0,0.0,0.0,0.0
1984-07-24,317.0,161.0,127.0,0.0,0.0
1984-07-25,322.0,206.0,0.0,0.0,0.0
1984-07-26,322.0,211.0,25.0,0.0,0.0
1984-07-27,328.0,211.0,0.0,0.0,0.0
1984-07-28,294.0,200.0,61.0,0.0,0.0
1984-07-29,278.0,161.0,0.0,0.0,0.0
1984-07-30,283.0,172.0,0.0,0.0,0.0
1984-07-31,294.0,144.0,0.0,0.0,0.0
1984-08-01,294.0,167.0,0.0,0.0,0.0
1984-08-02,306.0,189.0,635.0,0.0,0.0
1984-08-03,294.0,178.0,282.0,0.0,0.0
1984-08-04,278.0,183.0,338.0,0.0,0.0
1984-08-05,289.0,183.0,213.0,0.0,0.0
1984-08-06,311.0,200.0,28.0,0.0,0.0
1984-08-07,322.0,200.0,0.0,0.0,0.0
1984-08-08,311.0,194.0,508.0,0.0,0.0
1984-08-09,294.0,189.0,109.0,0.0,0.0
1984-08-10,294.0,206.0,102.0,0.0,0.0
1984-08-11,278.0,200.0,472.0,0.0,0.0
1984-08-12,328.0,189.0,0.0,0.0,0.0
1984-08-13,322.0,189.0,8.0,0.0,0.0
1984-08-14,311.0,172.0,318.0,0.0,0.0
1984-08-15,300.0,183.0,0.0,0.0,0.0
1984-08-16,306.0,189.0,0.0,0.0,0.0
1984-08-17,306.0,250.0,0.0,0.0,0.0
1984-08-18,322.0,172.0,0.0,0.0,0.0
1984-08-19,333.0,194.0,36.0,0.0,0.0
1984-08-20,294.0,211.0,20.0,0.0,0.0
1984-08-21,300.0,200.0,0.0,0.0,0.0
1984-08-22,322.0,217.0,0.0,0.0,0.0
1984-08-23,322.0,211.0,25.0,0.0,0.0
1984-08-24,300.0,167.0,0.0,0.0,0.0
1984-08-25,283.0,133.0,0.0,0.0,0.0
1984-08-26,300.0,161.0,0.0,0.0,0.0
1984-08-27,311.0,167.0,0.0,0.0,0.0
1984-08-28,333.0,167.0,0.0,0.0,0.0
1984-08-29,294.0,200.0,18.0,0.0,0.0
1984-08-30,344.0,189.0,0.0,0.0,0.0
1984-08-31,333.0,194.0,0.0,0.0,0.0
1984-09-01,339.0,183.0,0.0,0.0,0.0
1984-09-02,333.0,183.0,0.0,0.0,0.0
1984-09-03,322.0,200.0,0.0,0.0,0.0
1984-09-04,261.0,133.0,178.0,0.0,0.0
1984-09-05,250.0,106.0,0.0,0.0,0.0
1984-09-06,289.0,111.0,0.0,0.0,0.0
1984-09-07,300.0,150.0,0.0,0.0,0.0
1984-09-08,294.0,161.0,0.0,0.0,0.0
1984-09-09,311.0,183.0,147.0,0.0,0.0
1984-09-10,294.0,178.0,30.0,0.0,0.0
1984-09-11,306.0,206.0,0.0,0.0,0.0
1984-09-12,322.0,172.0,0.0,0.0,0.0
1984-09-13,328.0,178.0,0.0,0.0,0.0
1984-09-14,333.0,178.0,0.0,0.0,0.0
1984-09-15,333.0,167.0,140.0,0.0,0.0
1984-09-16,294.0,100.0,0.0,0.0,0.0
1984-09-17,233.0,94.0,0.0,0.0,0.0
1984-09-18,261.0,100.0,0.0,0.0,0.0
1984-09-19,261.0,133.0,0.0,0.0,0.0
1984-09-20,272.0,122.0,0.0,0.0,0.0
1984-09-21,289.0,122.0,0.0,0.0,0.0
1984-09-22,300.0,144.0,0.0,0.0,0.0
1984-09-23,272.0,172.0,28.0,0.0,0.0
1984-09-24,300.0,211.0,51.0,0.0,0.0
1984-09-25,278.0,172.0,0.0,0.0,0.0
1984-09-26,306.0,111.0,0.0,0.0,0.0
1984-09-27,178.0,111.0,0.0,0.0,0.0
1984-09-28,183.0,100.0,0.0,0.0,0.0
1984-09-29,189.0,78.0,0.0,0.0,0.0
1984-09-30,178.0,61.0,0.0,0.0,0.0
1984-10-01,167.0,-11.0,0.0,0.0,0.0
1984-10-02,194.0,0.0,0.0,0.0,0.0
1984-10-03,233.0,6.0,0.0,0.0,0.0
1984-10-04,261.0,56.0,0.0,0.0,0.0
1984-10-05,261.0,111.0,0.0,0.0,0.0
1984-10-06,239.0,139.0,79.0,0.0,0.0
1984-10-07,267.0,161.0,1339.0,0.0,0.0
1984-10-08,250.0,150.0,0.0,0.0,0.0
1984-10-09,278.0,156.0,0.0,0.0,0.0
1984-10-10,244.0,167.0,213.0,0.0,0.0
1984-10-11,250.0,161.0,163.0,0.0,0.0
1984-10-12,256.0,167.0,15.0,0.0,0.0
1984-10-13,244.0,161.0,5.0,0.0,0.0
1984-10-14,294.0,161.0,0.0,0.0,0.0
1984-10-15,244.0,150.0,178.0,0.0,0.0
1984-10-16,278.0,172.0,0.0,0.0,0.0
1984-10-17,306.0,128.0,91.0,0.0,0.0
1984-10-18,256.0,117.0,0.0,0.0,0.0
1984-10-19,283.0,139.0,381.0,0.0,0.0
1984-10-20,228.0,139.0,0.0,0.0,0.0
1984-10-21,278.0,139.0,381.0,0.0,0.0
1984-10-22,189.0,100.0,610.0,0.0,0.0
1984-10-23,150.0,133.0,295.0,0.0,0.0
1984-10-24,133.0,89.0,127.0,0.0,0.0
1984-10-25,94.0,139.0,8.0,0.0,0.0
1984-10-26,267.0,128.0,0.0,0.0,0.0
1984-10-27,283.0,150.0,0.0,0.0,0.0
1984-10-28,283.0,156.0,0.0,0.0,0.0
1984-10-29,267.0,150.0,0.0,0.0,0.0
1984-10-30,283.0,139.0,0.0,0.0,0.0
1984-10-31,289.0,156.0,0.0,0.0,0.0
1984-11-01,294.0,183.0,0.0,0.0,0.0
1984-11-02,267.0,56.0,147.0,0.0,0.0
1984-11-03,150.0,11.0,0.0,0.0,0.0
1984-11-04,200.0,28.0,0.0,0.0,0.0
1984-11-05,178.0,56.0,0.0,0.0,0.0
1984-11-06,211.0,6.0,0.0,0.0,0.0
1984-11-07,167.0,44.0,0.0,0.0,0.0
1984-11-08,183.0,83.0,0.0,0.0,0.0
1984-11-09,233.0,128.0,0.0,0.0,0.0
1984-11-10,228.0,167.0,5.0,0.0,0.0
1984-11-11,133.0,22.0,0.0,0.0,0.0
1984-11-12,128.0,-39.0,0.0,0.0,0.0
1984-11-13,144.0,-22.0,0.0,0.0,0.0
1984-11-14,167.0,-11.0,0.0,0.0,0.0
1984-11-15,206.0,33.0,0.0,0.0,0.0
1984-11-16,178.0,50.0,142.0,0.0,0.0
1984-11-17,150.0,-6.0,0.0,0.0,0.0
1984-11-18,178.0,11.0,292.0,0.0,0.0
1984-11-19,122.0,44.0,5.0,0.0,0.0
1984-11-20,89.0,-11.0,0.0,0.0,0.0
1984-11-21,94.0,-22.0,0.0,0.0,0.0
1984-11-22,83.0,-67.0,0.0,0.0,0.0
1984-11-23,89.0,-67.0,0.0,0.0,0.0
1984-11-24,133.0,-61.0,0.0,0.0,0.0
1984-11-25,178.0,-11.0,0.0,0.0,0.0
1984-11-26,194.0,56.0,30.0,0.0,0.0
1984-11-27,206.0,94.0,442.0,0.0,0.0
1984-11-28,122.0,-44.0,0.0,0.0,0.0
1984-11-29,122.0,-33.0,0.0,0.0,0.0
1984-11-30,178.0,6.0,0.0,0.0,0.0
1984-12-01,189.0,0.0,0.0,0.0,0.0
1984-12-02,183.0,17.0,8.0,0.0,0.0
1984-12-03,156.0,-17.0,0.0,0.0,0.0
1984-12-04,144.0,-17.0,0.0,0.0,0.0
1984-12-05,72.0,-17.0,33.0,0.0,0.0
1984-12-06,17.0,-33.0,66.0,0.0,0.0
1984-12-07,28.0,-44.0,0.0,0.0,0.0
1984-12-08,128.0,-33.0,0.0,0.0,0.0
1984-12-09,156.0,0.0,0.0,0.0,0.0
1984-12-10,206.0,72.0,0.0,0.0,0.0
1984-12-11,194.0,11.0,0.0,0.0,0.0
1984-12-12,211.0,44.0,0.0,0.0,0.0
1984-12-13,211.0,150.0,0.0,0.0,0.0
1984-12-14,239.0,156.0,36.0,0.0,0.0
1984-12-15,250.0,144.0,0.0,0.0,0.0
1984-12-16,244.0,150.0,0.0,0.0,0.0
1984-12-17,200.0,150.0,13.0,0.0,0.0
1984-12-18,244.0,133.0,64.0,0.0,0.0
1984-12-19,239.0,100.0,0.0,0.0,0.0
1984-12-20,189.0,122.0,0.0,0.0,0.0
1984-12-21,189.0,156.0,0.0,0.0,0.0
1984-12-22,217.0,6.0,8.0,0.0,0.0
1984-12-23,128.0,0.0,0.0,0.0,0.0
1984-12-24,172.0,11.0,0.0,0.0,0.0
1984-12-25,206.0,-17.0,53.0,0.0,0.0
1984-12-26,72.0,-17.0,0.0,0.0,0.0
1984-12-27,161.0,22.0,0.0,0.0,0.0
1984-12-28,189.0,106.0,13.0,0.0,0.0
1984-12-29,228.0,128.0,0.0,0.0,0.0
1984-12-30,233.0,150.0,20.0,0.0,0.0
1984-12-31,250.0,100.0,36.0,0.0,0.0
1985-01-01,228.0,22.0,290.0,,
1985-01-02,178.0,-67.0,0.0,,
1985-01-03,94.0,-61.0,0.0,305.0,
1985-01-04,0.0,-67.0,0.0,203.0,
1985-01-05,-11.0,-94.0,0.0,76.0,
1985-01-06,44.0,-61.0,0.0,0.0,
1985-01-07,78.0,-44.0,0.0,0.0,
1985-01-08,139.0,-44.0,0.0,0.0,
1985-01-09,100.0,-44.0,0.0,,
1985-01-10,106.0,-28.0,46.0,,
1985-01-11,94.0,-22.0,0.0,,
1985-01-12,0.0,-94.0,0.0,,
1985-01-13,-11.0,-100.0,0.0,,
1985-01-14,17.0,-72.0,0.0,,
1985-01-15,100.0,-22.0,0.0,,
1985-01-16,44.0,-72.0,0.0,,
1985-01-17,44.0,-11.0,366.0,,
1985-01-18,61.0,-28.0,0.0,,
1985-01-19,150.0,-50.0,0.0,,
1985-01-20,-11.0,-167.0,0.0,25.0,
1985-01-21,11.0,-122.0,0.0,25.0,
1985-01-22,6.0,-178.0,0.0,0.0,
1985-01-23,89.0,-106.0,0.0,0.0,
1985-01-24,89.0,-44.0,0.0,0.0,
1985-01-25,161.0,-39.0,0.0,0.0,
1985-01-26,156.0,-106.0,0.0,0.0,
1985-01-27,56.0,-94.0,0.0,0.0,
1985-01-28,44.0,-22.0,203.0,0.0,
1985-01-29,56.0,-61.0,0.0,0.0,
1985-01-30,67.0,-44.0,8.0,0.0,
1985-01-31,106.0,-6.0,51.0,0.0,
1985-02-01,17.0,-122.0,0.0,,
1985-02-02,17.0,-122.0,0.0,,
1985-02-03,-78.0,-156.0,0.0,,
1985-02-04,-33.0,-150.0,0.0,,
1985-02-05,0.0,-89.0,38.0,,
1985-02-06,17.0,-50.0,0.0,,
1985-02-07,33.0,-67.0,0.0,,
1985-02-08,33.0,-94.0,0.0,,
1985-02-09,67.0,-83.0,0.0,,
1985-02-10,128.0,6.0,0.0,,
1985-02-11,128.0,-39.0,193.0,,
1985-02-12,17.0,-50.0,0.0,,
1985-02-13,56.0,-78.0,0.0,,
1985-02-14,133.0,-50.0,0.0,,
1985-02-15,122.0,-33.0,0.0,,
1985-02-16,78.0,-39.0,0.0,,
1985-02-17,150.0,-17.0,0.0,,
1985-02-18,156.0,33.0,0.0,,
1985-02-19,222.0,39.0,0.0,,
1985-02-20,100.0,39.0,0.0,,
1985-02-21,194.0,50.0,0.0,,
1985-02-22,239.0,106.0,0.0,,
1985-02-23,211.0,139.0,0.0,,
1985-02-24,211.0,106.0,465.0,,
1985-02-25,144.0,56.0,0.0,,
1985-02-26,139.0,11.0,0.0,,
1985-02-27,167.0,6.0,0.0,,
1985-02-28,100.0,-17.0,0.0,,
1985-03-01,156.0,17.0,71.0,0.0,0.0
1985-03-02,156.0,67.0,0.0,0.0,0.0
1985-03-03,189.0,94.0,0.0,0.0,0.0
1985-03-04,250.0,172.0,0.0,0.0,0.0
1985-03-05,183.0,-17.0,25.0,0.0,0.0
1985-03-06,144.0,-11.0,0.0,0.0,0.0
1985-03-07,144.0,17.0,0.0,0.0,0.0
1985-03-08,250.0,67.0,0.0,0.0,0.0
1985-03-09,244.0,89.0,0.0,0.0,0.0
1985-03-10,194.0,78.0,0.0,0.0,0.0
1985-03-11,267.0,106.0,0.0,0.0,0.0
1985-03-12,261.0,133.0,0.0,0.0,0.0
1985-03-13,233.0,94.0,0.0,0.0,0.0
1985-03-14,256.0,67.0,41.0,0.0,0.0
1985-03-15,167.0,6.0,0.0,0.0,0.0
1985-03-16,167.0,61.0,0.0,0.0,0.0
1985-03-17,194.0,33.0,0.0,0.0,0.0
1985-03-18,178.0,-22.0,0.0,0.0,0.0
1985-03-19,200.0,11.0,0.0,0.0,0.0
1985-03-20,222.0,56.0,46.0,0.0,0.0
1985-03-21,122.0,67.0,538.0,0.0,0.0
1985-03-22,144.0,72.0,25.0,0.0,0.0
1985-03-23,150.0,56.0,0.0,0.0,0.0
1985-03-24,183.0,39.0,53.0,0.0,0.0
1985-03-25,239.0,61.0,0.0,0.0,0.0
1985-03-26,194.0,28.0,0.0,0.0,0.0
1985-03-27,261.0,83.0,203.0,0.0,0.0
1985-03-28,228.0,194.0,28.0,0.0,0.0
1985-03-29,272.0,183.0,0.0,0.0,0.0
1985-03-30,250.0,178.0,0.0,0.0,0.0
1985-03-31,244.0,44.0,284.0,0.0,0.0
1985-04-01,161.0,6.0,0.0,0.0,0.0
1985-04-02,200.0,0.0,0.0,0.0,0.0
1985-04-03,200.0,50.0,0.0,0.0,0.0
1985-04-04,278.0,106.0,0.0,0.0,0.0
1985-04-05,278.0,78.0,0.0,0.0,0.0
1985-04-06,233.0,17.0,10.0,0.0,0.0
1985-04-07,200.0,44.0,0.0,0.0,0.0
1985-04-08,194.0,-6.0,0.0,0.0,0.0
1985-04-09,189.0,-17.0,0.0,0.0,0.0
1985-04-10,183.0,50.0,0.0,0.0,0.0
1985-04-11,189.0,100.0,0.0,0.0,0.0
1985-04-12,211.0,89.0,0.0,0.0,0.0
1985-04-13,250.0,44.0,0.0,0.0,0.0
1985-04-14,261.0,133.0,229.0,0.0,0.0
1985-04-15,228.0,72.0,10.0,0.0,0.0
1985-04-16,239.0,44.0,0.0,0.0,0.0
1985-04-17,239.0,78.0,0.0,0.0,0.0
1985-04-18,272.0,117.0,0.0,0.0,0.0
1985-04-19,289.0,122.0,0.0,0.0,0.0
1985-04-20,278.0,128.0,0.0,0.0,0.0
1985-04-21,283.0,156.0,0.0,0.0,0.0
1985-04-22,267.0,156.0,0.0,0.0,0.0
1985-04-23,283.0,139.0,282.0,0.0,0.0
1985-04-24,278.0,111.0,127.0,0.0,0.0
1985-04-25,250.0,83.0,0.0,0.0,0.0
1985-04-26,267.0,144.0,0.0,0.0,0.0
1985-04-27,244.0,178.0,25.0,0.0,0.0
1985-04-28,278.0,144.0,20.0,0.0,0.0
1985-04-29,267.0,133.0,3.0,0.0,0.0
1985-04-30,278.0,156.0,76.0,0.0,0.0
1985-05-01,289.0,150.0,25.0,0.0,0.0
1985-05-02,267.0,128.0,0.0,0.0,0.0
1985-05-03,183.0,117.0,0.0,0.0,0.0
1985-05-04,233.0,56.0,0.0,0.0,0.0
1985-05-05,261.0,72.0,0.0,0.0,0.0
1985-05-06,272.0,122.0,0.0,0.0,0.0
1985-05-07,294.0,144.0,0.0,0.0,0.0
1985-05-08,289.0,156.0,,,
1985-05-09,250.0,94.0,0.0,,0.0
1985-05-10,228.0,106.0,0.0,,0.0
1985-05-11,256.0,139.0,0.0,,0.0
1985-05-12,278.0,161.0,0.0,,0.0
1985-05-13,306.0,178.0,0.0,,0.0
1985-05-14,311.0,150.0,127.0,,0.0
1985-05-15,289.0,83.0,0.0,,0.0
1985-05-16,278.0,89.0,0.0,,0.0
1985-05-17,311.0,94.0,0.0,,0.0
1985-05-18,267.0,67.0,0.0,,0.0
1985-05-19,244.0,78.0,0.0,,0.0
1985-05-20,267.0,89.0,0.0,,0.0
1985-05-21,294.0,89.0,0.0,,0.0
1985-05-22,256.0,150.0,13.0,,0.0
1985-05-23,256.0,89.0,0.0,,0.0
1985-05-24,261.0,50.0,0.0,,0.0
1985-05-25,233.0,89.0,0.0,,0.0
1985-05-26,294.0,111.0,0.0,,0.0
1985-05-27,322.0,150.0,0.0,,0.0
1985-05-28,322.0,128.0,0.0,,0.0
1985-05-29,317.0,144.0,56.0,,0.0
1985-05-30,311.0,161.0,0.0,,0.0
1985-05-31,322.0,189.0,0.0,,0.0
1985-06-01,350.0,194.0,0.0,0.0,0.0
1985-06-02,367.0,194.0,0.0,0.0,0.0
1985-06-03,350.0,200.0,0.0,0.0,0.0
1985-06-04,344.0,183.0,0.0,0.0,0.0
1985-06-05,350.0,183.0,0.0,0.0,0.0
1985-06-06,344.0,194.0,0.0,0.0,0.0
1985-06-07,322.0,172.0,0.0,0.0,0.0
1985-06-08,317.0,150.0,0.0,0.0,0.0
1985-06-09,328.0,161.0,0.0,0.0,0.0
1985-06-10,361.0,194.0,0.0,0.0,0.0
1985-06-11,339.0,194.0,0.0,0.0,0.0
1985-06-12,294.0,156.0,0.0,0.0,0.0
1985-06-13,283.0,94.0,0.0,0.0,0.0
1985-06-14,278.0,111.0,0.0,0.0,0.0
1985-06-15,306.0,139.0,0.0,0.0,0.0
1985-06-16,333.0,156.0,0.0,0.0,0.0
1985-06-17,356.0,206.0,0.0,0.0,0.0
1985-06-18,367.0,189.0,363.0,0.0,0.0
1985-06-19,256.0,156.0,89.0,0.0,0.0
1985-06-20,289.0,106.0,0.0,0.0,0.0
1985-06-21,300.0,144.0,0.0,0.0,0.0
1985-06-22,306.0,133.0,0.0,0.0,0.0
1985-06-23,311.0,167.0,135.0,0.0,0.0
1985-06-24,333.0,167.0,0.0,0.0,0.0
1985-06-25,350.0,178.0,0.0,0.0,0.0
1985-06-26,344.0,167.0,0.0,0.0,0.0
1985-06-27,344.0,172.0,0.0,0.0,0.0
1985-06-28,339.0,167.0,97.0,0.0,0.0
1985-06-29,283.0,100.0,0.0,0.0,0.0
1985-06-30,300.0,117.0,0.0,0.0,0.0
1985-07-01,267.0,139.0,104.0,0.0,0.0
1985-07-02,306.0,150.0,71.0,0.0,0.0
1985-07-03,306.0,144.0,241.0,0.0,0.0
1985-07-04,283.0,156.0,843.0,0.0,0.0
1985-07-05,311.0,167.0,0.0,0.0,0.0
1985-07-06,311.0,167.0,0.0,0.0,0.0
1985-07-07,306.0,172.0,0.0,0.0,0.0
1985-07-08,322.0,167.0,0.0,0.0,0.0
1985-07-09,333.0,172.0,0.0,0.0,0.0
1985-07-10,339.0,189.0,0.0,0.0,0.0
1985-07-11,350.0,161.0,0.0,0.0,0.0
1985-07-12,356.0,178.0,0.0,0.0,0.0
1985-07-13,361.0,183.0,0.0,0.0,0.0
1985-07-14,356.0,194.0,0.0,0.0,0.0
1985-07-15,350.0,178.0,0.0,0.0,0.0
1985-07-16,344.0,183.0,94.0,0.0,0.0
1985-07-17,300.0,167.0,0.0,0.0,0.0
1985-07-18,306.0,183.0,0.0,0.0,0.0
1985-07-19,333.0,178.0,0.0,0.0,0.0
1985-07-20,344.0,178.0,0.0,0.0,0.0
1985-07-21,344.0,194.0,38.0,0.0,0.0
1985-07-22,322.0,172.0,292.0,0.0,0.0
1985-07-23,272.0,172.0,282.0,0.0,0.0
1985-07-24,317.0,172.0,0.0,0.0,0.0
1985-07-25,322.0,189.0,30.0,0.0,0.0
1985-07-26,328.0,200.0,0.0,0.0,0.0
1985-07-27,328.0,172.0,25.0,0.0,0.0
1985-07-28,311.0,139.0,0.0,0.0,0.0
1985-07-29,317.0,133.0,0.0,0.0,0.0
1985-07-30,339.0,167.0,0.0,0.0,0.0
1985-07-31,361.0,189.0,0.0,0.0,0.0
1985-08-01,350.0,167.0,0.0,0.0,0.0
1985-08-02,344.0,167.0,15.0,0.0,0.0
1985-08-03,289.0,144.0,0.0,0.0,0.0
1985-08-04,311.0,156.0,0.0,0.0,0.0
1985-08-05,333.0,189.0,0.0,0.0,0.0
1985-08-06,333.0,183.0,48.0,0.0,0.0
1985-08-07,294.0,167.0,0.0,0.0,0.0
1985-08-08,328.0,167.0,0.0,0.0,0.0
1985-08-09,344.0,178.0,0.0,0.0,0.0
1985-08-10,361.0,206.0,0.0,0.0,0.0
1985-08-11,372.0,233.0,0.0,0.0,0.0
1985-08-12,339.0,228.0,0.0,0.0,0.0
1985-08-13,294.0,222.0,46.0,0.0,0.0
1985-08-14,344.0,250.0,0.0,0.0,0.0
1985-08-15,333.0,244.0,58.0,0.0,0.0
1985-08-16,294.0,217.0,117.0,0.0,0.0
1985-08-17,300.0,194.0,10.0,0.0,0.0
1985-08-18,350.0,194.0,0.0,0.0,0.0
1985-08-19,339.0,217.0,0.0,0.0,0.0
1985-08-20,344.0,211.0,513.0,0.0,0.0
1985-08-21,294.0,189.0,0.0,0.0,0.0
1985-08-22,300.0,183.0,0.0,0.0,0.0
1985-08-23,322.0,206.0,0.0,0.0,0.0
1985-08-24,294.0,239.0,36.0,0.0,0.0
1985-08-25,333.0,183.0,25.0,0.0,0.0
1985-08-26,283.0,139.0,0.0,0.0,0.0
1985-08-27,300.0,156.0,0.0,0.0,0.0
1985-08-28,306.0,156.0,0.0,0.0,0.0
1985-08-29,322.0,206.0,0.0,0.0,0.0
1985-08-30,322.0,200.0,0.0,0.0,0.0
1985-08-31,294.0,189.0,0.0,0.0,0.0
1985-09-01,361.0,211.0,0.0,0.0,0.0
1985-09-02,339.0,206.0,0.0,0.0,0.0
1985-09-03,294.0,206.0,152.0,0.0,0.0
1985-09-04,267.0,217.0,76.0,0.0,0.0
1985-09-05,272.0,239.0,28.0,0.0,0.0
1985-09-06,333.0,211.0,132.0,0.0,0.0
1985-09-07,322.0,217.0,0.0,0.0,0.0
1985-09-08,344.0,228.0,0.0,0.0,0.0
1985-09-09,322.0,217.0,0.0,0.0,0.0
1985-09-10,322.0,189.0,254.0,0.0,0.0
1985-09-11,311.0,194.0,0.0,0.0,0.0
1985-09-12,311.0,189.0,0.0,0.0,0.0
1985-09-13,294.0,178.0,0.0,0.0,0.0
1985-09-14,272.0,156.0,0.0,0.0,0.0
1985-09-15,211.0,156.0,13.0,0.0,0.0
1985-09-16,256.0,106.0,0.0,0.0,0.0
1985-09-17,289.0,111.0,0.0,0.0,0.0
1985-09-18,306.0,178.0,0.0,0.0,0.0
1985-09-19,311.0,178.0,0.0,0.0,0.0
1985-09-20,311.0,144.0,0.0,0.0,0.0
1985-09-21,317.0,161.0,0.0,0.0,0.0
1985-09-22,322.0,161.0,0.0,0.0,0.0
1985-09-23,317.0,161.0,0.0,0.0,0.0
1985-09-24,306.0,100.0,0.0,0.0,0.0
1985-09-25,250.0,111.0,0.0,0.0,0.0
1985-09-26,272.0,100.0,191.0,0.0,0.0
1985-09-27,217.0,33.0,0.0,0.0,0.0
1985-09-28,233.0,44.0,0.0,0.0,0.0
1985-09-29,250.0,100.0,0.0,0.0,0.0
1985-09-30,294.0,144.0,246.0,0.0,0.0
1985-10-01,150.0,72.0,18.0,0.0,0.0
1985-10-02,172.0,50.0,0.0,0.0,0.0
1985-10-03,206.0,56.0,0.0,0.0,0.0
1985-10-04,239.0,94.0,0.0,0.0,0.0
1985-10-05,272.0,56.0,0.0,0.0,0.0
1985-10-06,206.0,17.0,0.0,0.0,0.0
1985-10-07,222.0,17.0,0.0,0.0,0.0
1985-10-08,250.0,111.0,0.0,0.0,0.0
1985-10-09,272.0,128.0,0.0,0.0,0.0
1985-10-10,294.0,161.0,0.0,0.0,0.0
1985-10-11,289.0,161.0,0.0,0.0,0.0
1985-10-12,306.0,178.0,0.0,0.0,0.0
1985-10-13,311.0,194.0,0.0,0.0,0.0
1985-10-14,311.0,194.0,0.0,0.0,0.0
1985-10-15,289.0,183.0,183.0,0.0,0.0
1985-10-16,228.0,133.0,0.0,0.0,0.0
1985-10-17,250.0,139.0,0.0,0.0,0.0
1985-10-18,289.0,178.0,0.0,0.0,0.0
1985-10-19,294.0,183.0,940.0,0.0,0.0
1985-10-20,239.0,183.0,356.0,0.0,0.0
1985-10-21,256.0,156.0,0.0,0.0,0.0
1985-10-22,244.0,172.0,8.0,0.0,0.0
1985-10-23,239.0,178.0,0.0,0.0,0.0
1985-10-24,250.0,189.0,0.0,0.0,0.0
1985-10-25,239.0,156.0,0.0,0.0,0.0
1985-10-26,267.0,122.0,0.0,0.0,0.0
1985-10-27,228.0,122.0,5.0,0.0,0.0
1985-10-28,239.0,111.0,236.0,0.0,0.0
1985-10-29,200.0,150.0,81.0,0.0,0.0
1985-10-30,206.0,128.0,665.0,0.0,0.0
1985-10-31,133.0,117.0,241.0,0.0,0.0
1985-11-01,128.0,117.0,119.0,0.0,0.0
1985-11-02,167.0,111.0,0.0,0.0,0.0
1985-11-03,128.0,50.0,41.0,0.0,0.0
1985-11-04,150.0,11.0,0.0,0.0,0.0
1985-11-05,167.0,6.0,0.0,0.0,0.0
1985-11-06,189.0,11.0,0.0,0.0,0.0
1985-11-07,217.0,50.0,0.0,0.0,0.0
1985-11-08,167.0,11.0,0.0,0.0,0.0
1985-11-09,200.0,89.0,0.0,0.0,0.0
1985-11-10,233.0,156.0,0.0,0.0,0.0
1985-11-11,250.0,178.0,0.0,0.0,0.0
1985-11-12,244.0,150.0,0.0,0.0,0.0
1985-11-13,272.0,206.0,0.0,0.0,0.0
1985-11-14,244.0,156.0,0.0,0.0,0.0
1985-11-15,239.0,167.0,0.0,0.0,0.0
1985-11-16,256.0,106.0,84.0,0.0,0.0
1985-11-17,194.0,111.0,185.0,0.0,0.0
1985-11-18,211.0,144.0,0.0,0.0,0.0
1985-11-19,244.0,194.0,0.0,0.0,0.0
1985-11-20,267.0,44.0,51.0,0.0,0.0
1985-11-21,100.0,11.0,0.0,0.0,0.0
1985-11-22,106.0,17.0,0.0,0.0,0.0
1985-11-23,133.0,33.0,0.0,0.0,0.0
1985-11-24,189.0,100.0,137.0,0.0,0.0
1985-11-25,178.0,133.0,104.0,0.0,0.0
1985-11-26,228.0,167.0,66.0,0.0,0.0
1985-11-27,261.0,183.0,0.0,0.0,0.0
1985-11-28,233.0,83.0,38.0,0.0,0.0
1985-11-29,133.0,67.0,0.0,0.0,0.0
1985-11-30,117.0,72.0,0.0,0.0,0.0
1985-12-01,183.0,100.0,292.0,0.0,0.0
1985-12-02,72.0,-22.0,0.0,0.0,0.0
1985-12-03,44.0,-56.0,0.0,0.0,0.0
1985-12-04,50.0,-28.0,0.0,0.0,0.0
1985-12-05,72.0,11.0,10.0,0.0,0.0
1985-12-06,128.0,-11.0,0.0,0.0,0.0
1985-12-07,111.0,0.0,0.0,0.0,0.0
1985-12-08,144.0,11.0,0.0,0.0,0.0
1985-12-09,156.0,67.0,0.0,0.0,0.0
1985-12-10,239.0,100.0,0.0,0.0,0.0
1985-12-11,222.0,122.0,488.0,0.0,0.0
1985-12-12,172.0,28.0,168.0,0.0,0.0
1985-12-13,72.0,-22.0,94.0,0.0,0.0
1985-12-14,17.0,-89.0,0.0,0.0,0.0
1985-12-15,28.0,-78.0,0.0,0.0,0.0
1985-12-16,94.0,-22.0,0.0,0.0,0.0
1985-12-17,72.0,-44.0,0.0,0.0,0.0
1985-12-18,156.0,-22.0,0.0,0.0,0.0
1985-12-19,44.0,-100.0,0.0,0.0,0.0
1985-12-20,50.0,-83.0,0.0,0.0,0.0
1985-12-21,56.0,-44.0,0.0,0.0,0.0
1985-12-22,78.0,-22.0,0.0,0.0,0.0
1985-12-23,178.0,-11.0,0.0,0.0,0.0
1985-12-24,167.0,0.0,0.0,0.0,0.0
1985-12-25,122.0,-83.0,0.0,0.0,0.0
1985-12-26,-17.0,-117.0,0.0,0.0,0.0
1985-12-27,100.0,-67.0,0.0,0.0,0.0
1985-12-28,106.0,-39.0,0.0,0.0,0.0
1985-12-29,111.0,-56.0,0.0,0.0,0.0
1985-12-30,128.0,-28.0,0.0,0.0,0.0
1985-12-31,156.0,22.0,0.0,0.0,0.0
1986-01-01,139.0,-22.0,0.0,0.0,0.0
1986-01-02,100.0,-50.0,0.0,0.0,0.0
1986-01-03,111.0,-33.0,0.0,0.0,0.0
1986-01-04,150.0,-28.0,0.0,0.0,0.0
1986-01-05,139.0,-50.0,0.0,0.0,0.0
1986-01-06,83.0,-33.0,0.0,0.0,0.0
1986-01-07,78.0,-28.0,0.0,0.0,0.0
1986-01-08,67.0,-67.0,0.0,0.0,0.0
1986-01-09,17.0,-61.0,0.0,0.0,0.0
1986-01-10,100.0,-11.0,0.0,0.0,0.0
1986-01-11,139.0,-56.0,0.0,0.0,0.0
1986-01-12,156.0,-28.0,0.0,0.0,0.0
1986-01-13,189.0,-56.0,0.0,0.0,0.0
1986-01-14,100.0,-44.0,0.0,0.0,0.0
1986-01-15,211.0,6.0,0.0,0.0,0.0
1986-01-16,200.0,22.0,0.0,0.0,0.0
1986-01-17,178.0,56.0,13.0,0.0,0.0
1986-01-18,156.0,61.0,13.0,0.0,0.0
1986-01-19,150.0,11.0,30.0,0.0,0.0
1986-01-20,133.0,0.0,0.0,0.0,0.0
1986-01-21,222.0,33.0,0.0,0.0,0.0
1986-01-22,233.0,67.0,0.0,0.0,0.0
1986-01-23,94.0,-39.0,0.0,0.0,0.0
1986-01-24,122.0,-28.0,0.0,0.0,0.0
1986-01-25,139.0,-6.0,38.0,0.0,0.0
1986-01-26,156.0,-11.0,0.0,0.0,0.0
1986-01-27,89.0,-83.0,0.0,0.0,0.0
1986-01-28,11.0,-78.0,0.0,0.0,0.0
1986-01-29,289.0,50.0,0.0,0.0,0.0
1986-01-30,144.0,-17.0,0.0,0.0,0.0
1986-01-31,139.0,-6.0,0.0,0.0,0.0
1986-02-01,194.0,122.0,0.0,,0.0
1986-02-02,222.0,150.0,0.0,,0.0
1986-02-03,239.0,139.0,0.0,,0.0
1986-02-04,228.0,144.0,584.0,,0.0
1986-02-05,244.0,83.0,5.0,,0.0
1986-02-06,217.0,100.0,218.0,,0.0
1986-02-07,128.0,50.0,0.0,,0.0
1986-02-08,133.0,44.0,0.0,,0.0
1986-02-09,67.0,11.0,38.0,,0.0
1986-02-10,33.0,-28.0,30.0,,0.0
1986-02-11,-17.0,-61.0,76.0,,25.0
1986-02-12,6.0,-111.0,0.0,,0.0
1986-02-13,44.0,-78.0,0.0,,0.0
1986-02-14,83.0,-44.0,18.0,,0.0
1986-02-15,139.0,-33.0,0.0,,0.0
1986-02-16,128.0,-11.0,0.0,,0.0
1986-02-17,233.0,111.0,0.0,,0.0
1986-02-18,256.0,67.0,0.0,,0.0
1986-02-19,267.0,111.0,0.0,,0.0
1986-02-20,289.0,122.0,0.0,,0.0
1986-02-21,278.0,39.0,0.0,,0.0
1986-02-22,72.0,22.0,0.0,,0.0
1986-02-23,128.0,-11.0,0.0,,0.0
1986-02-24,200.0,28.0,0.0,,0.0
1986-02-25,178.0,-17.0,0.0,,0.0
1986-02-26,167.0,-6.0,0.0,,0.0
1986-02-27,289.0,100.0,0.0,,0.0
1986-02-28,178.0,-11.0,0.0,,0.0
1986-03-01,72.0,-83.0,0.0,0.0,0.0
1986-03-02,128.0,-28.0,0.0,0.0,0.0
1986-03-03,233.0,39.0,0.0,0.0,0.0
1986-03-04,189.0,22.0,0.0,0.0,0.0
1986-03-05,167.0,11.0,0.0,0.0,0.0
1986-03-06,222.0,44.0,0.0,0.0,0.0
1986-03-07,189.0,22.0,0.0,0.0,0.0
1986-03-08,233.0,17.0,0.0,0.0,0.0
1986-03-09,239.0,50.0,0.0,0.0,0.0
1986-03-10,256.0,133.0,0.0,0.0,0.0
1986-03-11,283.0,78.0,0.0,0.0,0.0
1986-03-12,228.0,94.0,749.0,0.0,0.0
1986-03-13,183.0,111.0,20.0,0.0,0.0
1986-03-14,233.0,111.0,10.0,0.0,0.0
1986-03-15,189.0,94.0,46.0,0.0,0.0
1986-03-16,178.0,61.0,33.0,0.0,0.0
1986-03-17,211.0,100.0,0.0,0.0,0.0
1986-03-18,250.0,128.0,0.0,0.0,0.0
1986-03-19,233.0,83.0,196.0,0.0,0.0
1986-03-20,172.0,39.0,0.0,0.0,0.0
1986-03-21,122.0,-33.0,0.0,0.0,0.0
1986-03-22,72.0,-50.0,0.0,0.0,0.0
1986-03-23,144.0,17.0,0.0,0.0,0.0
1986-03-24,222.0,17.0,0.0,0.0,0.0
1986-03-25,239.0,39.0,0.0,0.0,0.0
1986-03-26,250.0,100.0,0.0,0.0,0.0
1986-03-27,250.0,83.0,0.0,0.0,0.0
1986-03-28,239.0,22.0,0.0,0.0,0.0
1986-03-29,256.0,56.0,0.0,0.0,0.0
1986-03-30,283.0,122.0,0.0,0.0,0.0
1986-03-31,267.0,94.0,0.0,0.0,0.0
1986-04-01,267.0,100.0,0.0,0.0,0.0
1986-04-02,272.0,133.0,0.0,0.0,0.0
1986-04-03,278.0,122.0,0.0,0.0,0.0
1986-04-04,283.0,150.0,0.0,0.0,0.0
1986-04-05,278.0,144.0,89.0,0.0,0.0
1986-04-06,267.0,139.0,0.0,0.0,0.0
1986-04-07,294.0,161.0,0.0,0.0,0.0
1986-04-08,306.0,167.0,254.0,0.0,0.0
1986-04-09,217.0,94.0,18.0,0.0,0.0
1986-04-10,189.0,44.0,0.0,0.0,0.0
1986-04-11,222.0,78.0,0.0,0.0,0.0
1986-04-12,233.0,122.0,155.0,0.0,0.0
1986-04-13,239.0,100.0,0.0,0.0,0.0
1986-04-14,272.0,178.0,5.0,0.0,0.0
1986-04-15,244.0,39.0,13.0,0.0,0.0
1986-04-16,217.0,22.0,0.0,0.0,0.0
1986-04-17,194.0,28.0,0.0,0.0,0.0
1986-04-18,183.0,44.0,0.0,0.0,0.0
1986-04-19,261.0,122.0,0.0,0.0,0.0
1986-04-20,244.0,139.0,274.0,0.0,0.0
1986-04-21,183.0,100.0,0.0,0.0,0.0
1986-04-22,194.0,33.0,0.0,0.0,0.0
1986-04-23,172.0,44.0,0.0,0.0,0.0
1986-04-24,217.0,78.0,0.0,0.0,0.0
1986-04-25,278.0,139.0,0.0,0.0,0.0
1986-04-26,272.0,111.0,0.0,0.0,0.0
1986-04-27,272.0,139.0,0.0,0.0,0.0
1986-04-28,261.0,111.0,112.0,0.0,0.0
1986-04-29,261.0,106.0,0.0,0.0,0.0
1986-04-30,294.0,156.0,0.0,0.0,0.0
1986-05-01,294.0,161.0,0.0,0.0,0.0
1986-05-02,233.0,139.0,104.0,0.0,0.0
1986-05-03,239.0,83.0,0.0,0.0,0.0
1986-05-04,233.0,89.0,0.0,0.0,0.0
1986-05-05,261.0,133.0,0.0,0.0,0.0
1986-05-06,283.0,161.0,0.0,0.0,0.0
1986-05-07,289.0,172.0,0.0,0.0,0.0
1986-05-08,306.0,189.0,0.0,0.0,0.0
1986-05-09,311.0,189.0,30.0,0.0,0.0
1986-05-10,289.0,178.0,0.0,0.0,0.0
1986-05-11,294.0,178.0,38.0,0.0,0.0
1986-05-12,289.0,139.0,0.0,0.0,0.0
1986-05-13,311.0,144.0,0.0,0.0,0.0
1986-05-14,317.0,172.0,0.0,0.0,0.0
1986-05-15,317.0,206.0,5.0,0.0,0.0
1986-05-16,289.0,189.0,0.0,0.0,0.0
1986-05-17,317.0,206.0,0.0,0.0,0.0
1986-05-18,239.0,161.0,381.0,0.0,0.0
1986-05-19,211.0,111.0,0.0,0.0,0.0
1986-05-20,222.0,83.0,0.0,0.0,0.0
1986-05-21,217.0,94.0,0.0,0.0,0.0
1986-05-22,250.0,156.0,0.0,0.0,0.0
1986-05-23,278.0,172.0,0.0,0.0,0.0
1986-05-24,300.0,194.0,0.0,0.0,0.0
1986-05-25,294.0,167.0,0.0,0.0,0.0
1986-05-26,294.0,183.0,462.0,0.0,0.0
1986-05-27,261.0,150.0,33.0,0.0,0.0
1986-05-28,267.0,183.0,51.0,0.0,0.0
1986-05-29,283.0,156.0,0.0,0.0,0.0
1986-05-30,300.0,133.0,0.0,0.0,0.0
1986-05-31,311.0,167.0,0.0,0.0,0.0
1986-06-01,278.0,194.0,13.0,0.0,0.0
1986-06-02,306.0,189.0,122.0,0.0,0.0
1986-06-03,278.0,194.0,28.0,0.0,0.0
1986-06-04,294.0,189.0,10.0,0.0,0.0
1986-06-05,300.0,206.0,290.0,0.0,0.0
1986-06-06,306.0,206.0,25.0,0.0,0.0
1986-06-07,294.0,211.0,97.0,0.0,0.0
1986-06-08,300.0,217.0,0.0,0.0,0.0
1986-06-09,300.0,206.0,206.0,0.0,0.0
1986-06-10,283.0,217.0,132.0,0.0,0.0
1986-06-11,294.0,211.0,142.0,0.0,0.0
1986-06-12,294.0,189.0,51.0,0.0,0.0
1986-06-13,300.0,167.0,0.0,0.0,0.0
1986-06-14,322.0,156.0,0.0,0.0,0.0
1986-06-15,322.0,178.0,0.0,0.0,0.0
1986-06-16,322.0,194.0,0.0,0.0,0.0
1986-06-17,333.0,183.0,0.0,0.0,0.0
1986-06-18,333.0,200.0,0.0,0.0,0.0
1986-06-19,344.0,150.0,0.0,0.0,0.0
1986-06-20,328.0,183.0,0.0,0.0,0.0
1986-06-21,333.0,189.0,0.0,0.0,0.0
1986-06-22,350.0,200.0,0.0,0.0,0.0
1986-06-23,356.0,211.0,0.0,0.0,0.0
1986-06-24,350.0,200.0,0.0,0.0,0.0
1986-06-25,339.0,200.0,0.0,0.0,0.0
1986-06-26,344.0,233.0,0.0,0.0,0.0
1986-06-27,339.0,233.0,0.0,0.0,0.0
1986-06-28,267.0,211.0,203.0,0.0,0.0
1986-06-29,261.0,211.0,38.0,0.0,0.0
1986-06-30,317.0,217.0,0.0,0.0,0.0
1986-07-01,322.0,217.0,0.0,0.0,0.0
1986-07-02,333.0,239.0,91.0,0.0,0.0
1986-07-03,294.0,200.0,58.0,0.0,0.0
1986-07-04,322.0,222.0,0.0,,
1986-07-05,333.0,222.0,0.0,,0.0
1986-07-06,333.0,228.0,0.0,,0.0
1986-07-07,333.0,222.0,18.0,,0.0
1986-07-08,344.0,222.0,0.0,,0.0
1986-07-09,339.0,228.0,0.0,,0.0
1986-07-10,339.0,228.0,0.0,,0.0
1986-07-11,333.0,233.0,0.0,,0.0
1986-07-12,333.0,239.0,0.0,,0.0
1986-07-13,328.0,239.0,0.0,,0.0
1986-07-14,344.0,233.0,0.0,,0.0
1986-07-15,344.0,222.0,0.0,,0.0
1986-07-16,344.0,211.0,0.0,,0.0
1986-07-17,344.0,211.0,0.0,,0.0
1986-07-18,350.0,211.0,0.0,,0.0
1986-07-19,356.0,222.0,0.0,,0.0
1986-07-20,367.0,211.0,0.0,,0.0
1986-07-21,378.0,222.0,0.0,,0.0
1986-07-22,328.0,211.0,180.0,,0.0
1986-07-23,333.0,239.0,0.0,,0.0
1986-07-24,300.0,194.0,0.0,,0.0
1986-07-25,356.0,222.0,0.0,,0.0
1986-07-26,372.0,239.0,0.0,,0.0
1986-07-27,361.0,261.0,0.0,,0.0
1986-07-28,367.0,233.0,0.0,,0.0
1986-07-29,378.0,233.0,5.0,,0.0
1986-07-30,389.0,217.0,5.0,,0.0
1986-07-31,406.0,239.0,0.0,,0.0
1986-08-01,344.0,217.0,53.0,0.0,0.0
1986-08-02,367.0,194.0,112.0,0.0,0.0
1986-08-03,322.0,194.0,94.0,0.0,0.0
1986-08-04,322.0,194.0,0.0,0.0,0.0
1986-08-05,311.0,167.0,0.0,0.0,0.0
1986-08-06,339.0,167.0,0.0,0.0,0.0
1986-08-07,328.0,167.0,0.0,0.0,0.0
1986-08-08,350.0,167.0,0.0,0.0,0.0
1986-08-09,339.0,,0.0,0.0,0.0
1986-08-10,361.0,,0.0,0.0,0.0
1986-08-11,333.0,211.0,43.0,0.0,0.0
1986-08-12,322.0,194.0,0.0,0.0,0.0
1986-08-13,311.0,161.0,0.0,0.0,0.0
1986-08-14,328.0,167.0,0.0,0.0,0.0
1986-08-15,350.0,200.0,0.0,0.0,0.0
1986-08-16,367.0,239.0,0.0,0.0,0.0
1986-08-17,322.0,217.0,38.0,0.0,0.0
1986-08-18,356.0,194.0,0.0,0.0,0.0
1986-08-19,344.0,183.0,0.0,0.0,0.0
1986-08-20,344.0,194.0,0.0,0.0,0.0
1986-08-21,339.0,200.0,0.0,0.0,0.0
1986-08-22,328.0,222.0,0.0,0.0,0.0
1986-08-23,350.0,211.0,0.0,0.0,0.0
1986-08-24,367.0,211.0,0.0,0.0,0.0
1986-08-25,350.0,256.0,0.0,0.0,0.0
1986-08-26,350.0,206.0,0.0,0.0,0.0
1986-08-27,378.0,206.0,13.0,0.0,0.0
1986-08-28,356.0,189.0,94.0,0.0,0.0
1986-08-29,261.0,106.0,0.0,0.0,0.0
1986-08-30,261.0,106.0,0.0,0.0,0.0
1986-08-31,278.0,133.0,0.0,0.0,0.0
1986-09-01,267.0,139.0,0.0,0.0,0.0
1986-09-02,289.0,167.0,0.0,0.0,0.0
1986-09-03,350.0,189.0,0.0,0.0,0.0
1986-09-04,344.0,206.0,61.0,0.0,0.0
1986-09-05,333.0,206.0,114.0,0.0,0.0
1986-09-06,306.0,194.0,33.0,0.0,0.0
1986-09-07,261.0,189.0,0.0,0.0,0.0
1986-09-08,272.0,139.0,0.0,0.0,0.0
1986-09-09,289.0,139.0,0.0,0.0,0.0
1986-09-10,322.0,200.0,0.0,0.0,0.0
1986-09-11,333.0,222.0,0.0,0.0,0.0
1986-09-12,339.0,172.0,25.0,0.0,0.0
1986-09-13,289.0,133.0,0.0,0.0,0.0
1986-09-14,300.0,128.0,0.0,0.0,0.0
1986-09-15,300.0,156.0,0.0,0.0,0.0
1986-09-16,333.0,183.0,13.0,0.0,0.0
1986-09-17,339.0,189.0,155.0,0.0,0.0
1986-09-18,339.0,206.0,0.0,0.0,0.0
1986-09-19,333.0,206.0,0.0,0.0,0.0
1986-09-20,322.0,206.0,0.0,0.0,0.0
1986-09-21,333.0,206.0,66.0,0.0,0.0
1986-09-22,294.0,200.0,74.0,0.0,0.0
1986-09-23,306.0,194.0,0.0,0.0,0.0
1986-09-24,322.0,206.0,0.0,0.0,0.0
1986-09-25,322.0,222.0,0.0,0.0,0.0
1986-09-26,333.0,222.0,8.0,0.0,0.0
1986-09-27,344.0,217.0,0.0,0.0,0.0
1986-09-28,344.0,211.0,0.0,0.0,0.0
1986-09-29,344.0,211.0,0.0,0.0,0.0
1986-09-30,350.0,222.0,0.0,0.0,0.0
1986-10-01,339.0,228.0,0.0,0.0,0.0
1986-10-02,339.0,211.0,0.0,0.0,0.0
1986-10-03,344.0,222.0,0.0,0.0,0.0
1986-10-04,344.0,233.0,0.0,0.0,0.0
1986-10-05,344.0,178.0,10.0,0.0,0.0
1986-10-06,211.0,139.0,8.0,0.0,0.0
1986-10-07,183.0,111.0,30.0,0.0,0.0
1986-10-08,239.0,106.0,0.0,0.0,0.0
1986-10-09,233.0,128.0,170.0,0.0,0.0
1986-10-10,239.0,161.0,0.0,0.0,0.0
1986-10-11,261.0,144.0,0.0,0.0,0.0
1986-10-12,278.0,161.0,132.0,0.0,0.0
1986-10-13,211.0,89.0,361.0,0.0,0.0
1986-10-14,122.0,22.0,0.0,0.0,0.0
1986-10-15,211.0,39.0,0.0,0.0,0.0
1986-10-16,189.0,22.0,0.0,0.0,0.0
1986-10-17,217.0,39.0,0.0,0.0,0.0
1986-10-18,250.0,56.0,0.0,0.0,0.0
1986-10-19,250.0,78.0,0.0,0.0,0.0
1986-10-20,217.0,67.0,0.0,0.0,0.0
1986-10-21,239.0,67.0,0.0,0.0,0.0
1986-10-22,239.0,72.0,0.0,0.0,0.0
1986-10-23,233.0,133.0,28.0,0.0,0.0
1986-10-24,239.0,156.0,787.0,0.0,0.0
1986-10-25,183.0,133.0,3.0,0.0,0.0
1986-10-26,217.0,83.0,0.0,0.0,0.0
1986-10-27,183.0,56.0,0.0,0.0,0.0
1986-10-28,211.0,67.0,0.0,0.0,0.0
1986-10-29,233.0,72.0,0.0,0.0,0.0
1986-10-30,261.0,100.0,0.0,0.0,0.0
1986-10-31,217.0,100.0,0.0,0.0,0.0
1986-11-01,256.0,78.0,0.0,0.0,0.0
1986-11-02,261.0,122.0,0.0,0.0,0.0
1986-11-03,250.0,100.0,0.0,0.0,0.0
1986-11-04,211.0,106.0,0.0,0.0,0.0
1986-11-05,189.0,133.0,320.0,0.0,0.0
1986-11-06,189.0,122.0,15.0,0.0,0.0
1986-11-07,178.0,122.0,84.0,0.0,0.0
1986-11-08,228.0,139.0,541.0,0.0,0.0
1986-11-09,256.0,156.0,150.0,0.0,0.0
1986-11-10,206.0,94.0,0.0,0.0,0.0
1986-11-11,139.0,78.0,119.0,0.0,0.0
1986-11-12,100.0,50.0,0.0,0.0,0.0
1986-11-13,89.0,-44.0,0.0,0.0,0.0
1986-11-14,0.0,-44.0,0.0,0.0,0.0
1986-11-15,39.0,-33.0,0.0,0.0,0.0
1986-11-16,144.0,39.0,13.0,0.0,0.0
1986-11-17,206.0,111.0,0.0,0.0,0.0
1986-11-18,239.0,133.0,0.0,0.0,0.0
1986-11-19,211.0,44.0,0.0,0.0,0.0
1986-11-20,122.0,56.0,152.0,0.0,0.0
1986-11-21,189.0,17.0,0.0,0.0,0.0
1986-11-22,167.0,28.0,0.0,0.0,0.0
1986-11-23,139.0,67.0,434.0,0.0,0.0
1986-11-24,156.0,56.0,330.0,0.0,0.0
1986-11-25,117.0,50.0,132.0,0.0,0.0
1986-11-26,178.0,72.0,292.0,0.0,0.0
1986-11-27,111.0,56.0,0.0,0.0,0.0
1986-11-28,78.0,56.0,0.0,0.0,0.0
1986-11-29,83.0,33.0,0.0,0.0,0.0
1986-11-30,72.0,28.0,0.0,0.0,0.0
1986-12-01,122.0,61.0,0.0,0.0,0.0
1986-12-02,156.0,17.0,0.0,0.0,0.0
1986-12-03,78.0,-17.0,0.0,0.0,0.0
1986-12-04,133.0,-17.0,0.0,0.0,0.0
1986-12-05,128.0,-28.0,0.0,0.0,0.0
1986-12-06,128.0,-17.0,0.0,0.0,0.0
1986-12-07,156.0,33.0,0.0,0.0,0.0
1986-12-08,172.0,67.0,274.0,0.0,0.0
1986-12-09,200.0,150.0,602.0,0.0,0.0
1986-12-10,150.0,11.0,25.0,0.0,0.0
1986-12-11,28.0,0.0,0.0,0.0,0.0
1986-12-12,67.0,6.0,15.0,0.0,0.0
1986-12-13,106.0,-28.0,0.0,0.0,0.0
1986-12-14,111.0,-11.0,0.0,0.0,0.0
1986-12-15,67.0,28.0,51.0,0.0,0.0
1986-12-16,89.0,50.0,38.0,0.0,0.0
1986-12-17,106.0,78.0,25.0,0.0,0.0
1986-12-18,122.0,44.0,30.0,0.0,0.0
1986-12-19,83.0,44.0,10.0,0.0,0.0
1986-12-20,111.0,-22.0,0.0,0.0,0.0
1986-12-21,128.0,-11.0,0.0,0.0,0.0
1986-12-22,122.0,17.0,0.0,0.0,0.0
1986-12-23,89.0,11.0,211.0,0.0,0.0
1986-12-24,56.0,33.0,71.0,,
1986-12-25,133.0,17.0,0.0,,0.0
1986-12-26,150.0,22.0,0.0,,0.0
1986-12-27,72.0,17.0,0.0,,0.0
1986-12-28,33.0,-11.0,0.0,,0.0
1986-12-29,72.0,-44.0,0.0,,0.0
1986-12-30,128.0,-28.0,0.0,,0.0
1986-12-31,72.0,-22.0,0.0,,0.0
1987-01-01,67.0,-56.0,0.0,0.0,0.0
1987-01-02,94.0,-56.0,0.0,0.0,0.0
1987-01-03,117.0,-28.0,15.0,0.0,0.0
1987-01-04,39.0,6.0,353.0,0.0,0.0
1987-01-05,-39.0,72.0,0.0,0.0,0.0
1987-01-06,144.0,-39.0,0.0,0.0,0.0
1987-01-07,183.0,94.0,0.0,0.0,0.0
1987-01-08,111.0,-17.0,0.0,0.0,0.0
1987-01-09,100.0,-22.0,0.0,0.0,0.0
1987-01-10,89.0,-22.0,74.0,0.0,0.0
1987-01-11,61.0,-28.0,0.0,0.0,0.0
1987-01-12,89.0,-22.0,0.0,0.0,0.0
1987-01-13,167.0,-11.0,0.0,0.0,0.0
1987-01-14,122.0,22.0,10.0,0.0,0.0
1987-01-15,128.0,72.0,8.0,0.0,0.0
1987-01-16,133.0,44.0,8.0,0.0,0.0
1987-01-17,89.0,28.0,0.0,0.0,0.0
1987-01-18,61.0,33.0,290.0,0.0,0.0
1987-01-19,56.0,-22.0,15.0,0.0,0.0
1987-01-20,56.0,-44.0,0.0,0.0,0.0
1987-01-21,56.0,-67.0,0.0,0.0,0.0
1987-01-22,50.0,-56.0,0.0,0.0,0.0
1987-01-23,44.0,-72.0,0.0,0.0,0.0
1987-01-24,122.0,-44.0,0.0,0.0,0.0
1987-01-25,161.0,-22.0,38.0,0.0,0.0
1987-01-26,56.0,-50.0,0.0,0.0,0.0
1987-01-27,44.0,-56.0,0.0,0.0,0.0
1987-01-28,156.0,-39.0,0.0,0.0,0.0
1987-01-29,161.0,28.0,0.0,0.0,0.0
1987-01-30,228.0,33.0,0.0,0.0,0.0
1987-01-31,194.0,-22.0,0.0,0.0,0.0
1987-02-01,167.0,33.0,0.0,0.0,0.0
1987-02-02,161.0,44.0,107.0,0.0,0.0
1987-02-03,167.0,44.0,0.0,0.0,0.0
1987-02-04,183.0,-33.0,0.0,0.0,0.0
1987-02-05,133.0,22.0,0.0,0.0,0.0
1987-02-06,111.0,33.0,5.0,0.0,0.0
1987-02-07,89.0,39.0,211.0,0.0,0.0
1987-02-08,156.0,33.0,0.0,0.0,0.0
1987-02-09,178.0,-22.0,0.0,0.0,0.0
1987-02-10,100.0,-39.0,0.0,0.0,0.0
1987-02-11,178.0,0.0,0.0,0.0,0.0
1987-02-12,217.0,67.0,0.0,0.0,0.0
1987-02-13,239.0,33.0,0.0,0.0,0.0
1987-02-14,244.0,67.0,10.0,0.0,0.0
1987-02-15,239.0,122.0,119.0,0.0,0.0
1987-02-16,139.0,39.0,284.0,0.0,0.0
1987-02-17,100.0,6.0,0.0,0.0,0.0
1987-02-18,67.0,33.0,0.0,0.0,0.0
1987-02-19,44.0,-33.0,0.0,0.0,0.0
1987-02-20,67.0,-17.0,56.0,0.0,0.0
1987-02-21,50.0,28.0,173.0,0.0,0.0
1987-02-22,78.0,39.0,69.0,0.0,0.0
1987-02-23,94.0,-22.0,0.0,0.0,0.0
1987-02-24,111.0,-11.0,0.0,0.0,0.0
1987-02-25,139.0,50.0,28.0,0.0,0.0
1987-02-26,139.0,67.0,152.0,0.0,0.0
1987-02-27,111.0,67.0,279.0,0.0,0.0
1987-02-28,183.0,94.0,396.0,0.0,0.0
1987-03-01,167.0,83.0,0.0,0.0,0.0
1987-03-02,111.0,0.0,0.0,0.0,0.0
1987-03-03,150.0,6.0,0.0,0.0,0.0
1987-03-04,194.0,39.0,0.0,0.0,0.0
1987-03-05,189.0,6.0,0.0,0.0,0.0
1987-03-06,233.0,11.0,0.0,0.0,0.0
1987-03-07,222.0,61.0,0.0,0.0,0.0
1987-03-08,178.0,94.0,28.0,0.0,0.0
1987-03-09,172.0,56.0,8.0,0.0,0.0
1987-03-10,233.0,72.0,0.0,0.0,0.0
1987-03-11,67.0,17.0,0.0,0.0,0.0
1987-03-12,100.0,-44.0,0.0,0.0,0.0
1987-03-13,122.0,-44.0,0.0,0.0,0.0
1987-03-14,178.0,17.0,0.0,0.0,0.0
1987-03-15,211.0,83.0,0.0,0.0,0.0
1987-03-16,217.0,122.0,0.0,0.0,0.0
1987-03-17,239.0,128.0,0.0,0.0,0.0
1987-03-18,183.0,100.0,381.0,0.0,0.0
1987-03-19,222.0,22.0,0.0,0.0,0.0
1987-03-20,211.0,89.0,0.0,0.0,0.0
1987-03-21,256.0,89.0,0.0,0.0,0.0
1987-03-22,278.0,117.0,0.0,0.0,0.0
1987-03-23,283.0,128.0,0.0,0.0,0.0
1987-03-24,217.0,44.0,305.0,0.0,0.0
1987-03-25,189.0,44.0,0.0,0.0,0.0
1987-03-26,222.0,44.0,0.0,0.0,0.0
1987-03-27,211.0,67.0,0.0,0.0,0.0
1987-03-28,233.0,78.0,0.0,0.0,0.0
1987-03-29,256.0,94.0,0.0,0.0,0.0
1987-03-30,144.0,0.0,56.0,0.0,8.0
1987-03-31,139.0,-56.0,0.0,0.0,0.0
1987-04-01,133.0,-6.0,0.0,0.0,0.0
1987-04-02,228.0,83.0,0.0,0.0,0.0
1987-04-03,100.0,0.0,127.0,,13.0
1987-04-04,111.0,-50.0,0.0,0.0,0.0
1987-04-05,128.0,-39.0,0.0,0.0,0.0
1987-04-06,178.0,28.0,0.0,0.0,0.0
1987-04-07,194.0,44.0,0.0,0.0,0.0
1987-04-08,200.0,56.0,0.0,0.0,0.0
1987-04-09,244.0,56.0,0.0,0.0,0.0
1987-04-10,256.0,67.0,0.0,0.0,0.0
1987-04-11,272.0,33.0,51.0,0.0,0.0
1987-04-12,272.0,117.0,0.0,0.0,0.0
1987-04-13,272.0,167.0,0.0,0.0,0.0
1987-04-14,250.0,83.0,124.0,0.0,0.0
1987-04-15,172.0,89.0,0.0,0.0,0.0
1987-04-16,183.0,61.0,0.0,0.0,0.0
1987-04-17,228.0,67.0,0.0,0.0,0.0
1987-04-18,294.0,78.0,0.0,0.0,0.0
1987-04-19,311.0,89.0,0.0,0.0,0.0
1987-04-20,339.0,128.0,0.0,0.0,0.0
1987-04-21,344.0,128.0,0.0,0.0,0.0
1987-04-22,350.0,144.0,0.0,0.0,0.0
1987-04-23,256.0,44.0,0.0,0.0,0.0
1987-04-24,283.0,89.0,0.0,0.0,0.0
1987-04-25,239.0,94.0,0.0,0.0,0.0
1987-04-26,256.0,50.0,0.0,0.0,0.0
1987-04-27,300.0,111.0,0.0,0.0,0.0
1987-04-28,333.0,139.0,0.0,0.0,0.0
1987-04-29,278.0,56.0,0.0,0.0,0.0
1987-04-30,306.0,133.0,0.0,0.0,0.0
1987-05-01,317.0,111.0,0.0,0.0,0.0
1987-05-02,311.0,128.0,61.0,0.0,0.0
1987-05-03,272.0,161.0,71.0,0.0,0.0
1987-05-04,250.0,128.0,0.0,0.0,0.0
1987-05-05,294.0,156.0,0.0,0.0,0.0
1987-05-06,289.0,167.0,0.0,0.0,0.0
1987-05-07,283.0,161.0,13.0,0.0,0.0
1987-05-08,256.0,133.0,0.0,0.0,0.0
1987-05-09,289.0,122.0,0.0,0.0,0.0
1987-05-10,294.0,156.0,0.0,0.0,0.0
1987-05-11,289.0,167.0,0.0,0.0,0.0
1987-05-12,289.0,178.0,0.0,0.0,0.0
1987-05-13,306.0,178.0,0.0,0.0,0.0
1987-05-14,294.0,178.0,117.0,0.0,0.0
1987-05-15,306.0,178.0,0.0,0.0,0.0
1987-05-16,317.0,,109.0,0.0,0.0
1987-05-17,322.0,183.0,5.0,0.0,0.0
1987-05-18,294.0,183.0,0.0,0.0,0.0
1987-05-19,306.0,189.0,0.0,0.0,0.0
1987-05-20,311.0,194.0,0.0,0.0,0.0
1987-05-21,311.0,194.0,0.0,0.0,0.0
1987-05-22,306.0,200.0,0.0,0.0,0.0
1987-05-23,328.0,194.0,86.0,0.0,0.0
1987-05-24,317.0,183.0,193.0,0.0,0.0
1987-05-25,272.0,183.0,221.0,0.0,0.0
1987-05-26,283.0,178.0,94.0,0.0,0.0
1987-05-27,306.0,183.0,0.0,0.0,0.0
1987-05-28,300.0,183.0,0.0,0.0,0.0
1987-05-29,306.0,178.0,0.0,0.0,0.0
1987-05-30,306.0,172.0,61.0,0.0,0.0
1987-05-31,272.0,200.0,20.0,0.0,0.0
1987-06-01,306.0,200.0,3.0,0.0,0.0
1987-06-02,311.0,206.0,0.0,0.0,0.0
1987-06-03,,,,0.0,0.0
1987-06-04,306.0,167.0,0.0,0.0,0.0
1987-06-05,272.0,,0.0,0.0,0.0
1987-06-06,294.0,194.0,0.0,0.0,0.0
1987-06-07,317.0,194.0,0.0,0.0,0.0
1987-06-08,322.0,183.0,0.0,0.0,0.0
1987-06-09,322.0,200.0,0.0,0.0,0.0
1987-06-10,328.0,194.0,0.0,0.0,0.0
1987-06-11,306.0,200.0,0.0,0.0,0.0
1987-06-12,322.0,244.0,10.0,0.0,0.0
1987-06-13,278.0,194.0,191.0,0.0,0.0
1987-06-14,294.0,200.0,0.0,0.0,0.0
1987-06-15,278.0,183.0,86.0,0.0,0.0
1987-06-16,300.0,178.0,10.0,0.0,0.0
1987-06-17,322.0,206.0,0.0,0.0,0.0
1987-06-18,317.0,206.0,38.0,0.0,0.0
1987-06-19,317.0,206.0,0.0,0.0,0.0
1987-06-20,333.0,194.0,185.0,0.0,0.0
1987-06-21,311.0,211.0,0.0,0.0,0.0
1987-06-22,322.0,217.0,0.0,0.0,0.0
1987-06-23,344.0,217.0,0.0,0.0,0.0
1987-06-24,289.0,206.0,43.0,0.0,0.0
1987-06-25,311.0,206.0,0.0,0.0,0.0
1987-06-26,339.0,217.0,140.0,0.0,0.0
1987-06-27,300.0,167.0,0.0,0.0,0.0
1987-06-28,317.0,161.0,0.0,0.0,0.0
1987-06-29,267.0,172.0,0.0,0.0,0.0
1987-06-30,317.0,244.0,0.0,0.0,0.0
1987-07-01,328.0,211.0,180.0,0.0,0.0
1987-07-02,311.0,189.0,0.0,0.0,0.0
1987-07-03,317.0,206.0,279.0,0.0,0.0
1987-07-04,317.0,211.0,0.0,0.0,0.0
1987-07-05,317.0,239.0,0.0,0.0,0.0
1987-07-06,339.0,228.0,0.0,0.0,0.0
1987-07-07,344.0,217.0,0.0,0.0,0.0
1987-07-08,339.0,206.0,0.0,0.0,0.0
1987-07-09,300.0,217.0,0.0,0.0,0.0
1987-07-10,278.0,200.0,0.0,0.0,0.0
1987-07-11,333.0,200.0,0.0,0.0,0.0
1987-07-12,344.0,239.0,0.0,0.0,0.0
1987-07-13,300.0,239.0,0.0,0.0,0.0
1987-07-14,317.0,228.0,0.0,0.0,0.0
1987-07-15,283.0,128.0,0.0,0.0,0.0
1987-07-16,311.0,167.0,0.0,0.0,0.0
1987-07-17,333.0,194.0,0.0,0.0,0.0
1987-07-18,339.0,222.0,0.0,0.0,0.0
1987-07-19,344.0,211.0,0.0,0.0,0.0
1987-07-20,344.0,183.0,0.0,0.0,0.0
1987-07-21,344.0,183.0,0.0,0.0,0.0
1987-07-22,344.0,194.0,0.0,0.0,0.0
1987-07-23,311.0,222.0,10.0,0.0,0.0
1987-07-24,289.0,217.0,127.0,0.0,0.0
1987-07-25,294.0,228.0,0.0,0.0,0.0
1987-07-26,356.0,211.0,0.0,0.0,0.0
1987-07-27,361.0,233.0,0.0,0.0,0.0
1987-07-28,367.0,222.0,81.0,0.0,0.0
1987-07-29,361.0,228.0,0.0,0.0,0.0
1987-07-30,372.0,233.0,0.0,0.0,0.0
1987-07-31,344.0,211.0,254.0,0.0,0.0
1987-08-01,367.0,233.0,0.0,0.0,0.0
1987-08-02,372.0,244.0,0.0,0.0,0.0
1987-08-03,372.0,244.0,0.0,0.0,0.0
1987-08-04,378.0,244.0,0.0,0.0,0.0
1987-08-05,372.0,228.0,142.0,0.0,0.0
1987-08-06,322.0,217.0,0.0,0.0,0.0
1987-08-07,344.0,217.0,0.0,0.0,0.0
1987-08-08,356.0,228.0,0.0,0.0,0.0
1987-08-09,361.0,239.0,0.0,0.0,0.0
1987-08-10,361.0,239.0,0.0,0.0,0.0
1987-08-11,356.0,244.0,0.0,0.0,0.0
1987-08-12,322.0,217.0,0.0,0.0,0.0
1987-08-13,322.0,239.0,0.0,0.0,0.0
1987-08-14,339.0,244.0,0.0,0.0,0.0
1987-08-15,361.0,233.0,0.0,0.0,0.0
1987-08-16,367.0,244.0,0.0,0.0,0.0
1987-08-17,361.0,244.0,0.0,0.0,0.0
1987-08-18,372.0,239.0,0.0,0.0,0.0
1987-08-19,244.0,211.0,56.0,0.0,0.0
1987-08-20,344.0,217.0,0.0,0.0,0.0
1987-08-21,372.0,228.0,0.0,0.0,0.0
1987-08-22,378.0,206.0,0.0,0.0,0.0
1987-08-23,383.0,250.0,0.0,0.0,0.0
1987-08-24,356.0,206.0,0.0,0.0,0.0
1987-08-25,322.0,211.0,0.0,0.0,0.0
1987-08-26,367.0,228.0,0.0,0.0,0.0
1987-08-27,344.0,239.0,0.0,0.0,0.0
1987-08-28,367.0,217.0,0.0,0.0,0.0
1987-08-29,289.0,194.0,0.0,0.0,0.0
1987-08-30,306.0,189.0,0.0,0.0,0.0
1987-08-31,294.0,194.0,0.0,0.0,0.0
1987-09-01,322.0,189.0,0.0,0.0,0.0
1987-09-02,294.0,100.0,0.0,0.0,0.0
1987-09-03,328.0,139.0,0.0,0.0,0.0
1987-09-04,350.0,167.0,0.0,0.0,0.0
1987-09-05,356.0,178.0,0.0,0.0,0.0
1987-09-06,356.0,172.0,0.0,0.0,0.0
1987-09-07,356.0,183.0,0.0,0.0,0.0
1987-09-08,356.0,194.0,15.0,0.0,0.0
1987-09-09,333.0,183.0,0.0,0.0,0.0
1987-09-10,339.0,189.0,0.0,0.0,0.0
1987-09-11,344.0,189.0,686.0,0.0,0.0
1987-09-12,250.0,172.0,20.0,0.0,0.0
1987-09-13,311.0,194.0,0.0,0.0,0.0
1987-09-14,322.0,183.0,0.0,0.0,0.0
1987-09-15,333.0,200.0,0.0,0.0,0.0
1987-09-16,339.0,244.0,0.0,0.0,0.0
1987-09-17,339.0,211.0,0.0,0.0,0.0
1987-09-18,350.0,211.0,0.0,0.0,0.0
1987-09-19,250.0,183.0,239.0,0.0,0.0
1987-09-20,261.0,150.0,0.0,0.0,0.0
1987-09-21,294.0,128.0,0.0,0.0,0.0
1987-09-22,289.0,122.0,25.0,0.0,0.0
1987-09-23,256.0,94.0,0.0,0.0,0.0
1987-09-24,250.0,100.0,0.0,0.0,0.0
1987-09-25,267.0,106.0,0.0,0.0,0.0
1987-09-26,294.0,117.0,0.0,0.0,0.0
1987-09-27,300.0,139.0,0.0,0.0,0.0
1987-09-28,300.0,156.0,0.0,0.0,0.0
1987-09-29,317.0,167.0,15.0,0.0,0.0
1987-09-30,278.0,83.0,0.0,0.0,0.0
1987-10-01,267.0,78.0,0.0,0.0,0.0
1987-10-02,278.0,83.0,0.0,0.0,0.0
1987-10-03,294.0,67.0,0.0,0.0,0.0
1987-10-04,183.0,6.0,0.0,0.0,0.0
1987-10-05,0.0,222.0,0.0,0.0,0.0
1987-10-06,267.0,67.0,0.0,0.0,0.0
1987-10-07,233.0,33.0,0.0,0.0,0.0
1987-10-08,228.0,39.0,0.0,0.0,0.0
1987-10-09,239.0,72.0,0.0,0.0,0.0
1987-10-10,278.0,94.0,0.0,0.0,0.0
1987-10-11,294.0,83.0,0.0,0.0,0.0
1987-10-12,178.0,50.0,0.0,0.0,0.0
1987-10-13,178.0,-6.0,0.0,0.0,0.0
1987-10-14,200.0,0.0,0.0,0.0,0.0
1987-10-15,244.0,28.0,0.0,0.0,0.0
1987-10-16,256.0,100.0,0.0,0.0,0.0
1987-10-17,267.0,106.0,0.0,0.0,0.0
1987-10-18,244.0,122.0,0.0,0.0,0.0
1987-10-19,278.0,150.0,8.0,0.0,0.0
1987-10-20,239.0,133.0,0.0,0.0,0.0
1987-10-21,172.0,11.0,15.0,0.0,0.0
1987-10-22,161.0,22.0,0.0,0.0,0.0
1987-10-23,211.0,56.0,0.0,0.0,0.0
1987-10-24,267.0,106.0,0.0,0.0,0.0
1987-10-25,233.0,139.0,8.0,0.0,0.0
1987-10-26,156.0,144.0,127.0,0.0,0.0
1987-10-27,211.0,94.0,0.0,0.0,0.0
1987-10-28,189.0,11.0,0.0,0.0,0.0
1987-10-29,206.0,67.0,0.0,0.0,0.0
1987-10-30,256.0,117.0,0.0,0.0,0.0
1987-10-31,278.0,111.0,0.0,0.0,0.0
1987-11-01,283.0,83.0,0.0,0.0,0.0
1987-11-02,289.0,78.0,0.0,0.0,0.0
1987-11-03,294.0,89.0,0.0,0.0,0.0
1987-11-04,283.0,100.0,0.0,0.0,0.0
1987-11-05,289.0,122.0,0.0,0.0,0.0
1987-11-06,200.0,50.0,0.0,0.0,0.0
1987-11-07,211.0,67.0,0.0,0.0,0.0
1987-11-08,233.0,139.0,0.0,0.0,0.0
1987-11-09,239.0,161.0,422.0,0.0,0.0
1987-11-10,200.0,44.0,711.0,0.0,0.0
1987-11-11,100.0,-39.0,0.0,0.0,0.0
1987-11-12,122.0,-33.0,0.0,0.0,0.0
1987-11-13,156.0,-11.0,0.0,0.0,0.0
1987-11-14,189.0,11.0,0.0,0.0,0.0
1987-11-15,211.0,78.0,0.0,0.0,0.0
1987-11-16,200.0,133.0,726.0,0.0,0.0
1987-11-17,156.0,94.0,462.0,0.0,0.0
1987-11-18,156.0,33.0,0.0,0.0,0.0
1987-11-19,150.0,28.0,0.0,0.0,0.0
1987-11-20,144.0,-6.0,0.0,0.0,0.0
1987-11-21,150.0,-17.0,0.0,0.0,0.0
1987-11-22,139.0,28.0,0.0,0.0,0.0
1987-11-23,194.0,61.0,0.0,0.0,0.0
1987-11-24,217.0,133.0,0.0,0.0,0.0
1987-11-25,217.0,144.0,213.0,0.0,0.0
1987-11-26,211.0,100.0,140.0,0.0,0.0
1987-11-27,194.0,83.0,0.0,0.0,0.0
1987-11-28,111.0,28.0,152.0,0.0,0.0
1987-11-29,83.0,-6.0,0.0,0.0,0.0
1987-11-30,122.0,17.0,0.0,0.0,0.0
1987-12-01,94.0,-17.0,0.0,0.0,0.0
1987-12-02,111.0,-39.0,0.0,0.0,0.0
1987-12-03,144.0,-22.0,0.0,0.0,0.0
1987-12-04,194.0,0.0,0.0,0.0,0.0
1987-12-05,167.0,17.0,0.0,0.0,0.0
1987-12-06,150.0,83.0,0.0,0.0,0.0
1987-12-07,183.0,117.0,0.0,0.0,0.0
1987-12-08,172.0,117.0,13.0,0.0,0.0
1987-12-09,194.0,44.0,0.0,0.0,0.0
1987-12-10,167.0,0.0,0.0,0.0,0.0
1987-12-11,183.0,17.0,0.0,0.0,0.0
1987-12-12,217.0,6.0,0.0,0.0,0.0
1987-12-13,178.0,33.0,0.0,0.0,0.0
1987-12-14,83.0,33.0,25.0,0.0,0.0
1987-12-15,178.0,-11.0,66.0,0.0,0.0
1987-12-16,72.0,-78.0,0.0,0.0,0.0
1987-12-17,78.0,-67.0,0.0,0.0,0.0
1987-12-18,83.0,-56.0,0.0,0.0,0.0
1987-12-19,83.0,28.0,3.0,0.0,0.0
1987-12-20,150.0,67.0,180.0,0.0,0.0
1987-12-21,133.0,39.0,0.0,0.0,0.0
1987-12-22,89.0,0.0,0.0,0.0,0.0
1987-12-23,122.0,6.0,0.0,0.0,0.0
1987-12-24,189.0,11.0,163.0,0.0,0.0
1987-12-25,217.0,189.0,84.0,0.0,0.0
1987-12-26,217.0,50.0,330.0,0.0,0.0
1987-12-27,150.0,56.0,610.0,0.0,0.0
1987-12-28,139.0,-6.0,216.0,0.0,0.0
1987-12-29,72.0,-17.0,0.0,0.0,0.0
1987-12-30,78.0,-22.0,0.0,0.0,0.0
1987-12-31,94.0,-17.0,58.0,0.0,0.0
1988-01-01,128.0,-6.0,76.0,0.0,0.0
1988-01-02,61.0,-17.0,0.0,0.0,0.0
1988-01-03,33.0,-11.0,13.0,0.0,0.0
1988-01-04,22.0,-11.0,48.0,0.0,0.0
1988-01-05,-22.0,56.0,,,
1988-01-06,17.0,-39.0,,,
1988-01-07,-33.0,-67.0,,,152.0
1988-01-08,-67.0,-83.0,0.0,,0.0
1988-01-09,-17.0,-111.0,0.0,,0.0
1988-01-10,-11.0,-100.0,0.0,,0.0
1988-01-11,-11.0,-106.0,0.0,,0.0
1988-01-12,78.0,-28.0,0.0,,0.0
1988-01-13,106.0,-33.0,0.0,0.0,0.0
1988-01-14,89.0,-28.0,0.0,0.0,0.0
1988-01-15,44.0,-72.0,0.0,0.0,0.0
1988-01-16,128.0,-22.0,0.0,0.0,0.0
1988-01-17,133.0,56.0,33.0,0.0,0.0
1988-01-18,156.0,56.0,28.0,0.0,0.0
1988-01-19,167.0,89.0,508.0,0.0,0.0
1988-01-20,156.0,56.0,178.0,0.0,0.0
1988-01-21,133.0,-11.0,0.0,0.0,0.0
1988-01-22,61.0,-61.0,0.0,0.0,0.0
1988-01-23,100.0,-61.0,0.0,0.0,0.0
1988-01-24,139.0,0.0,0.0,0.0,0.0
1988-01-25,128.0,-33.0,0.0,0.0,0.0
1988-01-26,67.0,-56.0,0.0,0.0,0.0
1988-01-27,61.0,-67.0,0.0,0.0,0.0
1988-01-28,128.0,-39.0,0.0,0.0,0.0
1988-01-29,183.0,39.0,0.0,0.0,0.0
1988-01-30,194.0,72.0,0.0,0.0,0.0
1988-01-31,206.0,89.0,0.0,0.0,0.0
1988-02-01,206.0,89.0,0.0,0.0,0.0
1988-02-02,194.0,67.0,104.0,0.0,0.0
1988-02-03,156.0,33.0,56.0,0.0,0.0
1988-02-04,72.0,33.0,30.0,0.0,0.0
1988-02-05,56.0,11.0,0.0,0.0,0.0
1988-02-06,11.0,-83.0,0.0,0.0,0.0
1988-02-07,-11.0,-117.0,0.0,0.0,0.0
1988-02-08,6.0,-78.0,0.0,0.0,0.0
1988-02-09,106.0,-28.0,0.0,0.0,0.0
1988-02-10,128.0,-22.0,0.0,0.0,0.0
1988-02-11,156.0,-11.0,23.0,,
1988-02-12,22.0,-122.0,0.0,,0.0
1988-02-13,44.0,-111.0,0.0,0.0,0.0
1988-02-14,161.0,-6.0,0.0,0.0,0.0
1988-02-15,167.0,39.0,147.0,0.0,0.0
1988-02-16,89.0,-33.0,0.0,0.0,0.0
1988-02-17,183.0,0.0,0.0,0.0,0.0
1988-02-18,183.0,72.0,191.0,0.0,0.0
1988-02-19,111.0,78.0,119.0,0.0,0.0
1988-02-20,94.0,0.0,0.0,0.0,0.0
1988-02-21,150.0,-11.0,0.0,0.0,0.0
1988-02-22,161.0,44.0,0.0,0.0,0.0
1988-02-23,239.0,83.0,0.0,0.0,0.0
1988-02-24,128.0,-33.0,0.0,0.0,0.0
1988-02-25,144.0,-22.0,0.0,0.0,0.0
1988-02-26,178.0,6.0,0.0,0.0,0.0
1988-02-27,222.0,11.0,0.0,0.0,0.0
1988-02-28,256.0,67.0,0.0,0.0,0.0
1988-02-29,228.0,56.0,0.0,0.0,0.0
1988-03-01,161.0,28.0,0.0,0.0,0.0
1988-03-02,167.0,83.0,0.0,0.0,0.0
1988-03-03,189.0,122.0,137.0,0.0,0.0
1988-03-04,200.0,44.0,0.0,0.0,0.0
1988-03-05,139.0,17.0,0.0,0.0,0.0
1988-03-06,67.0,17.0,0.0,0.0,0.0
1988-03-07,167.0,44.0,0.0,0.0,0.0
1988-03-08,222.0,89.0,0.0,0.0,0.0
1988-03-09,167.0,94.0,538.0,0.0,0.0
1988-03-10,156.0,0.0,0.0,0.0,0.0
1988-03-11,183.0,56.0,0.0,0.0,0.0
1988-03-12,239.0,100.0,137.0,0.0,0.0
1988-03-13,200.0,6.0,3.0,0.0,0.0
1988-03-14,128.0,-22.0,0.0,0.0,0.0
1988-03-15,89.0,-72.0,0.0,0.0,0.0
1988-03-16,122.0,-33.0,0.0,0.0,0.0
1988-03-17,150.0,39.0,0.0,0.0,0.0
1988-03-18,117.0,44.0,66.0,0.0,0.0
1988-03-19,50.0,-39.0,0.0,0.0,0.0
1988-03-20,150.0,11.0,0.0,0.0,0.0
1988-03-21,100.0,94.0,0.0,0.0,0.0
1988-03-22,283.0,94.0,0.0,0.0,0.0
1988-03-23,261.0,117.0,0.0,0.0,0.0
1988-03-24,183.0,144.0,117.0,0.0,0.0
1988-03-25,244.0,150.0,305.0,0.0,0.0
1988-03-26,256.0,111.0,0.0,0.0,0.0
1988-03-27,256.0,33.0,0.0,0.0,0.0
1988-03-28,233.0,111.0,0.0,0.0,0.0
1988-03-29,267.0,183.0,8.0,0.0,0.0
1988-03-30,161.0,33.0,183.0,0.0,0.0
1988-03-31,117.0,56.0,163.0,0.0,0.0
1988-04-01,178.0,0.0,69.0,0.0,0.0
1988-04-02,183.0,117.0,305.0,0.0,0.0
1988-04-03,256.0,139.0,0.0,0.0,0.0
1988-04-04,267.0,83.0,0.0,0.0,0.0
1988-04-05,300.0,133.0,0.0,0.0,0.0
1988-04-06,300.0,100.0,36.0,0.0,0.0
1988-04-07,217.0,44.0,0.0,0.0,0.0
1988-04-08,250.0,61.0,0.0,0.0,0.0
1988-04-09,250.0,72.0,0.0,0.0,0.0
1988-04-10,250.0,100.0,0.0,0.0,0.0
1988-04-11,206.0,33.0,66.0,0.0,0.0
1988-04-12,144.0,39.0,79.0,0.0,0.0
1988-04-13,222.0,89.0,0.0,0.0,0.0
1988-04-14,256.0,94.0,0.0,0.0,0.0
1988-04-15,283.0,94.0,0.0,0.0,0.0
1988-04-16,250.0,89.0,0.0,0.0,0.0
1988-04-17,200.0,106.0,0.0,0.0,0.0
1988-04-18,250.0,150.0,432.0,0.0,0.0
1988-04-19,256.0,56.0,203.0,0.0,0.0
1988-04-20,183.0,50.0,0.0,0.0,0.0
1988-04-21,244.0,144.0,0.0,0.0,0.0
1988-04-22,267.0,156.0,0.0,0.0,0.0
1988-04-23,278.0,,0.0,0.0,0.0
1988-04-24,294.0,,0.0,0.0,0.0
1988-04-25,317.0,167.0,0.0,0.0,0.0
1988-04-26,250.0,161.0,0.0,0.0,0.0
1988-04-27,244.0,156.0,0.0,0.0,0.0
1988-04-28,217.0,161.0,0.0,0.0,0.0
1988-04-29,222.0,189.0,0.0,0.0,0.0
1988-04-30,250.0,,0.0,0.0,0.0
1988-05-01,250.0,,0.0,0.0,0.0
1988-05-02,239.0,261.0,0.0,0.0,0.0
1988-05-03,267.0,211.0,13.0,0.0,0.0
1988-05-04,272.0,222.0,0.0,0.0,0.0
1988-05-05,233.0,222.0,0.0,0.0,0.0
1988-05-06,267.0,228.0,0.0,0.0,0.0
1988-05-07,294.0,,0.0,0.0,0.0
1988-05-08,289.0,,0.0,0.0,0.0
1988-05-09,272.0,222.0,0.0,0.0,0.0
1988-05-10,300.0,183.0,0.0,0.0,0.0
1988-05-11,300.0,,0.0,0.0,0.0
1988-05-12,306.0,222.0,0.0,0.0,0.0
1988-05-13,311.0,211.0,0.0,0.0,0.0
1988-05-14,306.0,,0.0,0.0,0.0
1988-05-15,317.0,,0.0,0.0,0.0
1988-05-16,322.0,183.0,0.0,0.0,0.0
1988-05-17,300.0,156.0,0.0,0.0,0.0
1988-05-18,278.0,106.0,0.0,0.0,0.0
1988-05-19,289.0,111.0,0.0,0.0,0.0
1988-05-20,300.0,122.0,0.0,0.0,0.0
1988-05-21,328.0,178.0,0.0,0.0,0.0
1988-05-22,272.0,156.0,51.0,0.0,0.0
1988-05-23,222.0,139.0,28.0,0.0,0.0
1988-05-24,194.0,144.0,152.0,0.0,0.0
1988-05-25,239.0,133.0,0.0,0.0,0.0
1988-05-26,267.0,67.0,0.0,0.0,0.0
1988-05-27,317.0,83.0,0.0,0.0,0.0
1988-05-28,294.0,128.0,0.0,0.0,0.0
1988-05-29,306.0,139.0,0.0,0.0,0.0
1988-05-30,317.0,144.0,0.0,0.0,0.0
1988-05-31,322.0,156.0,0.0,0.0,0.0
1988-06-01,339.0,183.0,0.0,0.0,0.0
1988-06-02,322.0,156.0,0.0,0.0,0.0
1988-06-03,328.0,150.0,838.0,0.0,0.0
1988-06-04,267.0,156.0,3.0,0.0,0.0
1988-06-05,267.0,144.0,0.0,0.0,0.0
1988-06-06,289.0,144.0,0.0,0.0,0.0
1988-06-07,306.0,139.0,0.0,0.0,0.0
1988-06-08,317.0,150.0,0.0,0.0,0.0
1988-06-09,333.0,200.0,0.0,0.0,0.0
1988-06-10,289.0,139.0,0.0,0.0,0.0
1988-06-11,267.0,83.0,0.0,0.0,0.0
1988-06-12,289.0,111.0,0.0,0.0,0.0
1988-06-13,306.0,139.0,0.0,0.0,0.0
1988-06-14,311.0,183.0,0.0,0.0,0.0
1988-06-15,322.0,172.0,0.0,0.0,0.0
1988-06-16,356.0,178.0,0.0,0.0,0.0
1988-06-17,333.0,178.0,0.0,0.0,0.0
1988-06-18,322.0,167.0,0.0,0.0,0.0
1988-06-19,333.0,189.0,15.0,0.0,0.0
1988-06-20,333.0,178.0,0.0,0.0,0.0
1988-06-21,333.0,172.0,0.0,0.0,0.0
1988-06-22,350.0,183.0,38.0,0.0,0.0
1988-06-23,339.0,206.0,0.0,0.0,0.0
1988-06-24,361.0,228.0,0.0,0.0,0.0
1988-06-25,350.0,211.0,0.0,0.0,0.0
1988-06-26,333.0,222.0,0.0,0.0,0.0
1988-06-27,344.0,217.0,0.0,0.0,0.0
1988-06-28,344.0,206.0,0.0,0.0,0.0
1988-06-29,344.0,178.0,0.0,0.0,0.0
1988-06-30,350.0,217.0,358.0,0.0,0.0
1988-07-01,356.0,233.0,0.0,0.0,0.0
1988-07-02,367.0,211.0,0.0,0.0,0.0
1988-07-03,344.0,222.0,5.0,0.0,0.0
1988-07-04,322.0,200.0,0.0,0.0,0.0
1988-07-05,344.0,189.0,51.0,0.0,0.0
1988-07-06,333.0,194.0,0.0,0.0,0.0
1988-07-07,289.0,194.0,0.0,0.0,0.0
1988-07-08,267.0,194.0,0.0,0.0,0.0
1988-07-09,300.0,178.0,0.0,0.0,0.0
1988-07-10,339.0,211.0,0.0,0.0,0.0
1988-07-11,333.0,211.0,61.0,0.0,0.0
1988-07-12,367.0,239.0,165.0,0.0,0.0
1988-07-13,361.0,239.0,25.0,0.0,0.0
1988-07-14,322.0,233.0,20.0,0.0,0.0
1988-07-15,339.0,228.0,0.0,0.0,0.0
1988-07-16,350.0,233.0,0.0,0.0,0.0
1988-07-17,350.0,233.0,0.0,0.0,0.0
1988-07-18,350.0,211.0,0.0,0.0,0.0
1988-07-19,339.0,217.0,0.0,0.0,0.0
1988-07-20,333.0,217.0,0.0,0.0,0.0
1988-07-21,317.0,194.0,221.0,0.0,0.0
1988-07-22,294.0,178.0,0.0,0.0,0.0
1988-07-23,306.0,139.0,0.0,0.0,0.0
1988-07-24,317.0,161.0,0.0,0.0,0.0
1988-07-25,339.0,217.0,0.0,0.0,0.0
1988-07-26,267.0,178.0,277.0,0.0,0.0
1988-07-27,317.0,189.0,43.0,0.0,0.0
1988-07-28,300.0,189.0,0.0,0.0,0.0
1988-07-29,322.0,194.0,0.0,0.0,0.0
1988-07-30,339.0,217.0,0.0,0.0,0.0
1988-07-31,339.0,200.0,0.0,0.0,0.0
1988-08-01,350.0,211.0,0.0,0.0,0.0
1988-08-02,344.0,206.0,381.0,0.0,0.0
1988-08-03,328.0,200.0,8.0,0.0,0.0
1988-08-04,339.0,211.0,0.0,0.0,0.0
1988-08-05,333.0,217.0,0.0,0.0,0.0
1988-08-06,344.0,206.0,0.0,0.0,0.0
1988-08-07,350.0,206.0,0.0,0.0,0.0
1988-08-08,344.0,217.0,0.0,0.0,0.0
1988-08-09,339.0,194.0,0.0,0.0,0.0
1988-08-10,322.0,222.0,0.0,0.0,0.0
1988-08-11,306.0,211.0,61.0,0.0,0.0
1988-08-12,322.0,211.0,13.0,0.0,0.0
1988-08-13,350.0,233.0,0.0,0.0,0.0
1988-08-14,339.0,206.0,0.0,0.0,0.0
1988-08-15,339.0,206.0,0.0,0.0,0.0
1988-08-16,361.0,211.0,0.0,0.0,0.0
1988-08-17,350.0,244.0,43.0,0.0,0.0
1988-08-18,356.0,217.0,0.0,0.0,0.0
1988-08-19,322.0,217.0,0.0,0.0,0.0
1988-08-20,344.0,217.0,0.0,0.0,0.0
1988-08-21,356.0,200.0,315.0,0.0,0.0
1988-08-22,333.0,200.0,0.0,0.0,0.0
1988-08-23,339.0,206.0,0.0,0.0,0.0
1988-08-24,350.0,211.0,0.0,0.0,0.0
1988-08-25,322.0,200.0,0.0,0.0,0.0
1988-08-26,328.0,161.0,0.0,0.0,0.0
1988-08-27,361.0,172.0,0.0,0.0,0.0
1988-08-28,361.0,217.0,0.0,0.0,0.0
1988-08-29,322.0,189.0,178.0,0.0,0.0
1988-08-30,261.0,150.0,0.0,0.0,0.0
1988-08-31,272.0,139.0,0.0,0.0,0.0
1988-09-01,333.0,144.0,0.0,0.0,0.0
1988-09-02,339.0,206.0,0.0,0.0,0.0
1988-09-03,322.0,194.0,0.0,0.0,0.0
1988-09-04,283.0,161.0,56.0,0.0,0.0
1988-09-05,267.0,106.0,0.0,0.0,0.0
1988-09-06,278.0,111.0,0.0,0.0,0.0
1988-09-07,256.0,117.0,0.0,0.0,0.0
1988-09-08,250.0,78.0,0.0,0.0,0.0
1988-09-09,294.0,244.0,0.0,0.0,0.0
1988-09-10,300.0,117.0,0.0,0.0,0.0
1988-09-11,289.0,183.0,140.0,0.0,0.0
1988-09-12,283.0,206.0,69.0,0.0,0.0
1988-09-13,317.0,183.0,0.0,0.0,0.0
1988-09-14,322.0,189.0,0.0,0.0,0.0
1988-09-15,333.0,189.0,0.0,0.0,0.0
1988-09-16,328.0,194.0,0.0,0.0,0.0
1988-09-17,300.0,,0.0,0.0,0.0
1988-09-18,322.0,,0.0,0.0,0.0
1988-09-19,328.0,239.0,0.0,0.0,0.0
1988-09-20,294.0,250.0,0.0,0.0,0.0
1988-09-21,322.0,211.0,0.0,0.0,0.0
1988-09-22,322.0,217.0,0.0,0.0,0.0
1988-09-23,339.0,222.0,0.0,0.0,0.0
1988-09-24,344.0,228.0,8.0,0.0,0.0
1988-09-25,322.0,189.0,0.0,0.0,0.0
1988-09-26,239.0,139.0,0.0,0.0,0.0
1988-09-27,267.0,117.0,0.0,0.0,0.0
1988-09-28,311.0,122.0,0.0,0.0,0.0
1988-09-29,300.0,183.0,0.0,0.0,0.0
1988-09-30,311.0,189.0,30.0,0.0,0.0
1988-10-01,289.0,189.0,229.0,0.0,0.0
1988-10-02,267.0,161.0,259.0,0.0,0.0
1988-10-03,239.0,122.0,0.0,0.0,0.0
1988-10-04,228.0,67.0,0.0,0.0,0.0
1988-10-05,228.0,133.0,0.0,0.0,0.0
1988-10-06,183.0,150.0,0.0,0.0,0.0
1988-10-07,206.0,83.0,0.0,0.0,0.0
1988-10-08,211.0,94.0,15.0,0.0,0.0
1988-10-09,211.0,111.0,0.0,0.0,0.0
1988-10-10,200.0,94.0,0.0,0.0,0.0
1988-10-11,222.0,44.0,0.0,0.0,0.0
1988-10-12,239.0,67.0,0.0,0.0,0.0
1988-10-13,206.0,44.0,0.0,0.0,0.0
1988-10-14,222.0,44.0,0.0,0.0,0.0
1988-10-15,239.0,89.0,0.0,0.0,0.0
1988-10-16,250.0,111.0,0.0,0.0,0.0
1988-10-17,272.0,156.0,0.0,0.0,0.0
1988-10-18,278.0,183.0,0.0,0.0,0.0
1988-10-19,267.0,111.0,229.0,0.0,0.0
1988-10-20,211.0,106.0,25.0,0.0,0.0
1988-10-21,167.0,89.0,305.0,0.0,0.0
1988-10-22,228.0,56.0,0.0,0.0,0.0
1988-10-23,239.0,67.0,0.0,0.0,0.0
1988-10-24,206.0,33.0,89.0,0.0,0.0
1988-10-25,228.0,33.0,0.0,0.0,0.0
1988-10-26,244.0,78.0,46.0,0.0,0.0
1988-10-27,194.0,83.0,0.0,0.0,0.0
1988-10-28,222.0,117.0,84.0,0.0,0.0
1988-10-29,150.0,89.0,0.0,0.0,0.0
1988-10-30,150.0,94.0,0.0,0.0,0.0
1988-10-31,150.0,72.0,127.0,0.0,0.0
1988-11-01,167.0,78.0,0.0,0.0,0.0
1988-11-02,217.0,56.0,0.0,0.0,0.0
1988-11-03,222.0,106.0,0.0,0.0,0.0
1988-11-04,244.0,111.0,30.0,0.0,0.0
1988-11-05,267.0,83.0,0.0,0.0,0.0
1988-11-06,194.0,44.0,0.0,0.0,0.0
1988-11-07,172.0,56.0,0.0,0.0,0.0
1988-11-08,256.0,117.0,102.0,0.0,0.0
1988-11-09,211.0,100.0,0.0,0.0,0.0
1988-11-10,267.0,150.0,5.0,0.0,0.0
1988-11-11,200.0,94.0,0.0,0.0,0.0
1988-11-12,194.0,,0.0,0.0,0.0
1988-11-13,183.0,33.0,475.0,0.0,0.0
1988-11-14,178.0,56.0,0.0,0.0,0.0
1988-11-15,206.0,133.0,0.0,0.0,0.0
1988-11-16,244.0,78.0,102.0,0.0,0.0
1988-11-17,100.0,-11.0,0.0,0.0,0.0
1988-11-18,139.0,6.0,0.0,0.0,0.0
1988-11-19,222.0,89.0,15.0,0.0,0.0
1988-11-20,261.0,61.0,152.0,0.0,0.0
1988-11-21,117.0,17.0,0.0,0.0,0.0
1988-11-22,111.0,17.0,0.0,0.0,0.0
1988-11-23,117.0,-22.0,0.0,0.0,0.0
1988-11-24,172.0,-22.0,0.0,0.0,0.0
1988-11-25,200.0,50.0,0.0,0.0,0.0
1988-11-26,244.0,133.0,508.0,0.0,0.0
1988-11-27,156.0,83.0,157.0,0.0,0.0
1988-11-28,106.0,33.0,0.0,0.0,0.0
1988-11-29,111.0,6.0,0.0,0.0,0.0
1988-11-30,156.0,-6.0,0.0,0.0,0.0
1988-12-01,150.0,-22.0,0.0,0.0,0.0
1988-12-02,139.0,-6.0,0.0,0.0,0.0
1988-12-03,161.0,17.0,0.0,0.0,0.0
1988-12-04,211.0,28.0,0.0,0.0,0.0
1988-12-05,117.0,-50.0,0.0,0.0,0.0
1988-12-06,144.0,-17.0,0.0,0.0,0.0
1988-12-07,172.0,22.0,0.0,0.0,0.0
1988-12-08,194.0,61.0,168.0,0.0,0.0
1988-12-09,78.0,6.0,30.0,0.0,0.0
1988-12-10,78.0,-11.0,0.0,0.0,0.0
1988-12-11,83.0,22.0,0.0,0.0,0.0
1988-12-12,28.0,-33.0,0.0,0.0,0.0
1988-12-13,72.0,-17.0,0.0,0.0,0.0
1988-12-14,178.0,33.0,0.0,0.0,0.0
1988-12-15,172.0,44.0,30.0,0.0,0.0
1988-12-16,78.0,-33.0,0.0,0.0,0.0
1988-12-17,56.0,-50.0,0.0,0.0,0.0
1988-12-18,100.0,-67.0,0.0,0.0,0.0
1988-12-19,122.0,-22.0,0.0,0.0,0.0
1988-12-20,156.0,144.0,0.0,0.0,0.0
1988-12-21,189.0,156.0,452.0,0.0,0.0
1988-12-22,189.0,100.0,0.0,0.0,0.0
1988-12-23,156.0,22.0,104.0,0.0,0.0
1988-12-24,161.0,22.0,56.0,0.0,0.0
1988-12-25,189.0,22.0,0.0,0.0,0.0
1988-12-26,111.0,50.0,0.0,0.0,0.0
1988-12-27,206.0,144.0,0.0,0.0,0.0
1988-12-28,222.0,6.0,538.0,0.0,0.0
1988-12-29,83.0,-39.0,0.0,0.0,0.0
1988-12-30,89.0,-11.0,8.0,0.0,0.0
1988-12-31,78.0,44.0,180.0,0.0,0.0
1989-01-01,94.0,50.0,94.0,0.0,0.0
1989-01-02,78.0,22.0,0.0,0.0,0.0
1989-01-03,150.0,39.0,3.0,0.0,0.0
1989-01-04,183.0,-11.0,0.0,0.0,0.0
1989-01-05,133.0,17.0,0.0,0.0,0.0
1989-01-06,183.0,89.0,33.0,0.0,0.0
1989-01-07,239.0,100.0,0.0,0.0,0.0
1989-01-08,222.0,44.0,152.0,0.0,0.0
1989-01-09,72.0,0.0,58.0,0.0,0.0
1989-01-10,28.0,-28.0,0.0,0.0,0.0
1989-01-11,150.0,-17.0,5.0,0.0,0.0
1989-01-12,200.0,111.0,533.0,0.0,0.0
1989-01-13,183.0,22.0,406.0,0.0,0.0
1989-01-14,39.0,11.0,445.0,0.0,0.0
1989-01-15,33.0,11.0,48.0,0.0,0.0
1989-01-16,39.0,-17.0,0.0,0.0,0.0
1989-01-17,117.0,-33.0,0.0,0.0,0.0
1989-01-18,144.0,-33.0,0.0,0.0,0.0
1989-01-19,183.0,22.0,0.0,0.0,0.0
1989-01-20,172.0,28.0,0.0,0.0,0.0
1989-01-21,100.0,-28.0,0.0,0.0,0.0
1989-01-22,89.0,-44.0,0.0,0.0,0.0
1989-01-23,117.0,-50.0,0.0,0.0,0.0
1989-01-24,161.0,-50.0,28.0,0.0,0.0
1989-01-25,156.0,122.0,13.0,0.0,0.0
1989-01-26,222.0,139.0,0.0,0.0,0.0
1989-01-27,161.0,6.0,114.0,0.0,0.0
1989-01-28,122.0,17.0,0.0,0.0,0.0
1989-01-29,194.0,67.0,216.0,0.0,0.0
1989-01-30,156.0,56.0,140.0,0.0,0.0
1989-01-31,178.0,50.0,0.0,0.0,0.0
1989-02-01,222.0,78.0,0.0,0.0,0.0
1989-02-02,250.0,133.0,0.0,0.0,0.0
1989-02-03,244.0,17.0,178.0,0.0,0.0
1989-02-04,17.0,-61.0,0.0,0.0,0.0
1989-02-05,-44.0,-67.0,0.0,0.0,0.0
1989-02-06,-50.0,-72.0,0.0,,0.0
1989-02-07,-44.0,-78.0,0.0,,0.0
1989-02-08,17.0,-83.0,0.0,,0.0
1989-02-09,67.0,-67.0,0.0,,0.0
1989-02-10,22.0,-56.0,0.0,,0.0
1989-02-11,111.0,-11.0,0.0,,0.0
1989-02-12,178.0,39.0,0.0,,0.0
1989-02-13,133.0,83.0,132.0,,0.0
1989-02-14,211.0,83.0,269.0,,0.0
1989-02-15,106.0,78.0,112.0,,0.0
1989-02-16,111.0,50.0,152.0,,0.0
1989-02-17,56.0,39.0,69.0,,0.0
1989-02-18,39.0,11.0,102.0,,0.0
1989-02-19,39.0,17.0,33.0,,0.0
1989-02-20,111.0,33.0,18.0,,0.0
1989-02-21,144.0,78.0,620.0,,0.0
1989-02-22,89.0,28.0,0.0,,0.0
1989-02-23,72.0,-78.0,0.0,,0.0
1989-02-24,6.0,-89.0,0.0,,0.0
1989-02-25,61.0,-56.0,0.0,,0.0
1989-02-26,117.0,39.0,0.0,,0.0
1989-02-27,178.0,44.0,66.0,,0.0
1989-02-28,50.0,-11.0,325.0,,0.0
1989-03-01,106.0,11.0,0.0,0.0,0.0
1989-03-02,117.0,44.0,0.0,0.0,0.0
1989-03-03,167.0,61.0,0.0,0.0,0.0
1989-03-04,144.0,106.0,0.0,0.0,0.0
1989-03-05,167.0,6.0,686.0,0.0,0.0
1989-03-06,11.0,-22.0,25.0,0.0,0.0
1989-03-07,6.0,-28.0,0.0,0.0,0.0
1989-03-08,6.0,-56.0,0.0,0.0,0.0
1989-03-09,50.0,-44.0,0.0,0.0,0.0
1989-03-10,122.0,-22.0,0.0,0.0,0.0
1989-03-11,217.0,17.0,0.0,0.0,0.0
1989-03-12,278.0,78.0,0.0,0.0,0.0
1989-03-13,278.0,128.0,0.0,0.0,0.0
1989-03-14,261.0,150.0,0.0,0.0,0.0
1989-03-15,294.0,144.0,0.0,0.0,0.0
1989-03-16,167.0,44.0,0.0,0.0,0.0
1989-03-17,211.0,94.0,0.0,0.0,0.0
1989-03-18,267.0,156.0,0.0,0.0,0.0
1989-03-19,194.0,50.0,0.0,0.0,0.0
1989-03-20,150.0,56.0,76.0,0.0,0.0
1989-03-21,222.0,50.0,69.0,0.0,0.0
1989-03-22,56.0,6.0,119.0,0.0,0.0
1989-03-23,106.0,17.0,0.0,0.0,0.0
1989-03-24,183.0,44.0,0.0,0.0,0.0
1989-03-25,228.0,83.0,0.0,0.0,0.0
1989-03-26,244.0,133.0,0.0,0.0,0.0
1989-03-27,256.0,150.0,229.0,0.0,0.0
1989-03-28,256.0,156.0,0.0,0.0,0.0
1989-03-29,256.0,139.0,259.0,0.0,0.0
1989-03-30,183.0,133.0,48.0,0.0,0.0
1989-03-31,267.0,94.0,0.0,0.0,0.0
1989-04-01,156.0,22.0,0.0,0.0,0.0
1989-04-02,206.0,100.0,0.0,0.0,0.0
1989-04-03,222.0,128.0,0.0,0.0,0.0
1989-04-04,289.0,139.0,147.0,0.0,0.0
1989-04-05,222.0,61.0,140.0,0.0,0.0
1989-04-06,194.0,28.0,0.0,0.0,0.0
1989-04-07,228.0,61.0,0.0,0.0,0.0
1989-04-08,189.0,72.0,0.0,0.0,0.0
1989-04-09,189.0,50.0,18.0,0.0,0.0
1989-04-10,128.0,61.0,0.0,0.0,0.0
1989-04-11,94.0,-33.0,0.0,0.0,0.0
1989-04-12,150.0,-11.0,0.0,0.0,0.0
1989-04-13,167.0,17.0,0.0,0.0,0.0
1989-04-14,211.0,72.0,10.0,0.0,0.0
1989-04-15,139.0,111.0,56.0,0.0,0.0
1989-04-16,211.0,72.0,0.0,0.0,0.0
1989-04-17,250.0,117.0,0.0,0.0,0.0
1989-04-18,278.0,133.0,0.0,0.0,0.0
1989-04-19,283.0,128.0,0.0,0.0,0.0
1989-04-20,211.0,50.0,0.0,0.0,0.0
1989-04-21,228.0,50.0,0.0,0.0,0.0
1989-04-22,267.0,61.0,0.0,0.0,0.0
1989-04-23,300.0,89.0,0.0,0.0,0.0
1989-04-24,283.0,189.0,0.0,0.0,0.0
1989-04-25,289.0,172.0,0.0,0.0,0.0
1989-04-26,294.0,172.0,0.0,0.0,0.0
1989-04-27,306.0,178.0,0.0,0.0,0.0
1989-04-28,294.0,189.0,0.0,0.0,0.0
1989-04-29,294.0,150.0,305.0,0.0,0.0
1989-04-30,278.0,156.0,0.0,0.0,0.0
1989-05-01,194.0,100.0,0.0,0.0,0.0
1989-05-02,244.0,67.0,0.0,0.0,0.0
1989-05-03,206.0,94.0,152.0,0.0,0.0
1989-05-04,178.0,111.0,127.0,0.0,0.0
1989-05-05,239.0,156.0,841.0,0.0,0.0
1989-05-06,261.0,100.0,0.0,0.0,0.0
1989-05-07,222.0,33.0,0.0,0.0,0.0
1989-05-08,244.0,67.0,0.0,0.0,0.0
1989-05-09,267.0,150.0,277.0,0.0,0.0
1989-05-10,267.0,128.0,20.0,0.0,0.0
1989-05-11,211.0,67.0,0.0,0.0,0.0
1989-05-12,233.0,50.0,0.0,0.0,0.0
1989-05-13,211.0,106.0,79.0,0.0,0.0
1989-05-14,178.0,117.0,104.0,0.0,0.0
1989-05-15,250.0,128.0,0.0,0.0,0.0
1989-05-16,267.0,156.0,0.0,0.0,0.0
1989-05-17,200.0,167.0,86.0,0.0,0.0
1989-05-18,250.0,178.0,356.0,0.0,0.0
1989-05-19,239.0,189.0,5.0,0.0,0.0
1989-05-20,300.0,200.0,0.0,0.0,0.0
1989-05-21,294.0,167.0,0.0,0.0,0.0
1989-05-22,289.0,189.0,0.0,0.0,0.0
1989-05-23,294.0,189.0,102.0,0.0,0.0
1989-05-24,300.0,217.0,0.0,0.0,0.0
1989-05-25,250.0,244.0,0.0,0.0,0.0
1989-05-26,311.0,222.0,0.0,0.0,0.0
1989-05-27,317.0,200.0,0.0,0.0,0.0
1989-05-28,239.0,178.0,0.0,0.0,0.0
1989-05-29,317.0,194.0,0.0,0.0,0.0
1989-05-30,322.0,222.0,0.0,0.0,0.0
1989-05-31,306.0,211.0,0.0,0.0,0.0
1989-06-01,322.0,211.0,0.0,0.0,0.0
1989-06-02,328.0,206.0,0.0,0.0,0.0
1989-06-03,306.0,211.0,102.0,0.0,0.0
1989-06-04,311.0,222.0,157.0,0.0,0.0
1989-06-05,206.0,194.0,112.0,0.0,0.0
1989-06-06,206.0,200.0,46.0,0.0,0.0
1989-06-07,267.0,150.0,0.0,0.0,0.0
1989-06-08,200.0,194.0,264.0,0.0,0.0
1989-06-09,217.0,144.0,102.0,0.0,0.0
1989-06-10,294.0,167.0,0.0,0.0,0.0
1989-06-11,306.0,189.0,0.0,0.0,0.0
1989-06-12,311.0,217.0,218.0,0.0,0.0
1989-06-13,306.0,211.0,81.0,0.0,0.0
1989-06-14,283.0,189.0,632.0,0.0,0.0
1989-06-15,244.0,150.0,124.0,0.0,0.0
1989-06-16,239.0,111.0,0.0,0.0,0.0
1989-06-17,256.0,133.0,0.0,0.0,0.0
1989-06-18,278.0,161.0,0.0,0.0,0.0
1989-06-19,306.0,178.0,18.0,0.0,0.0
1989-06-20,294.0,178.0,0.0,0.0,0.0
1989-06-21,311.0,189.0,0.0,0.0,0.0
1989-06-22,333.0,211.0,0.0,0.0,0.0
1989-06-23,328.0,206.0,0.0,0.0,0.0
1989-06-24,322.0,206.0,0.0,0.0,0.0
1989-06-25,333.0,211.0,0.0,0.0,0.0
1989-06-26,322.0,211.0,0.0,0.0,0.0
1989-06-27,333.0,222.0,0.0,0.0,0.0
1989-06-28,267.0,222.0,188.0,0.0,0.0
1989-06-29,289.0,222.0,231.0,0.0,0.0
1989-06-30,261.0,217.0,500.0,0.0,0.0
1989-07-01,256.0,200.0,787.0,0.0,0.0
1989-07-02,250.0,206.0,472.0,0.0,0.0
1989-07-03,311.0,194.0,409.0,0.0,0.0
1989-07-04,278.0,200.0,20.0,0.0,0.0
1989-07-05,283.0,206.0,0.0,0.0,0.0
1989-07-06,311.0,239.0,0.0,0.0,0.0
1989-07-07,300.0,217.0,475.0,0.0,0.0
1989-07-08,317.0,228.0,43.0,0.0,0.0
1989-07-09,322.0,250.0,0.0,0.0,0.0
1989-07-10,322.0,239.0,0.0,0.0,0.0
1989-07-11,328.0,244.0,0.0,0.0,0.0
1989-07-12,333.0,256.0,0.0,0.0,0.0
1989-07-13,328.0,211.0,318.0,0.0,0.0
1989-07-14,294.0,211.0,64.0,0.0,0.0
1989-07-15,306.0,211.0,0.0,0.0,0.0
1989-07-16,289.0,200.0,140.0,0.0,0.0
1989-07-17,283.0,183.0,0.0,0.0,0.0
1989-07-18,306.0,189.0,124.0,0.0,0.0
1989-07-19,306.0,194.0,140.0,0.0,0.0
1989-07-20,311.0,172.0,0.0,0.0,0.0
1989-07-21,278.0,172.0,30.0,0.0,0.0
1989-07-22,294.0,189.0,0.0,0.0,0.0
1989-07-23,294.0,194.0,0.0,0.0,0.0
1989-07-24,294.0,200.0,0.0,0.0,0.0
1989-07-25,294.0,206.0,0.0,0.0,0.0
1989-07-26,294.0,194.0,165.0,0.0,0.0
1989-07-27,322.0,194.0,0.0,0.0,0.0
1989-07-28,328.0,200.0,20.0,0.0,0.0
1989-07-29,333.0,217.0,0.0,0.0,0.0
1989-07-30,339.0,222.0,0.0,0.0,0.0
1989-07-31,333.0,211.0,0.0,0.0,0.0
1989-08-01,317.0,228.0,0.0,0.0,0.0
1989-08-02,306.0,222.0,33.0,0.0,0.0
1989-08-03,328.0,211.0,99.0,0.0,0.0
1989-08-04,322.0,217.0,0.0,0.0,0.0
1989-08-05,328.0,228.0,0.0,0.0,0.0
1989-08-06,333.0,228.0,0.0,0.0,0.0
1989-08-07,344.0,211.0,127.0,0.0,0.0
1989-08-08,272.0,122.0,0.0,0.0,0.0
1989-08-09,244.0,106.0,0.0,0.0,0.0
1989-08-10,267.0,167.0,0.0,0.0,0.0
1989-08-11,283.0,156.0,0.0,0.0,0.0
1989-08-12,294.0,150.0,0.0,0.0,0.0
1989-08-13,306.0,156.0,0.0,0.0,0.0
1989-08-14,278.0,144.0,0.0,0.0,0.0
1989-08-15,306.0,156.0,0.0,0.0,0.0
1989-08-16,311.0,172.0,0.0,0.0,0.0
1989-08-17,278.0,183.0,0.0,0.0,0.0
1989-08-18,311.0,194.0,0.0,0.0,0.0
1989-08-19,317.0,183.0,0.0,0.0,0.0
1989-08-20,322.0,194.0,0.0,0.0,0.0
1989-08-21,333.0,211.0,0.0,0.0,0.0
1989-08-22,339.0,222.0,0.0,0.0,0.0
1989-08-23,344.0,233.0,0.0,0.0,0.0
1989-08-24,333.0,228.0,0.0,0.0,0.0
1989-08-25,344.0,222.0,0.0,0.0,0.0
1989-08-26,339.0,217.0,0.0,0.0,0.0
1989-08-27,344.0,217.0,0.0,0.0,0.0
1989-08-28,350.0,228.0,0.0,0.0,0.0
1989-08-29,350.0,228.0,0.0,0.0,0.0
1989-08-30,350.0,217.0,292.0,0.0,0.0
1989-08-31,317.0,217.0,0.0,0.0,0.0
1989-09-01,339.0,233.0,0.0,0.0,0.0
1989-09-02,344.0,222.0,0.0,0.0,0.0
1989-09-03,311.0,217.0,0.0,0.0,0.0
1989-09-04,306.0,172.0,0.0,0.0,0.0
1989-09-05,317.0,183.0,0.0,0.0,0.0
1989-09-06,311.0,200.0,0.0,0.0,0.0
1989-09-07,328.0,211.0,0.0,0.0,0.0
1989-09-08,328.0,217.0,8.0,0.0,0.0
1989-09-09,339.0,222.0,0.0,0.0,0.0
1989-09-10,333.0,206.0,124.0,0.0,0.0
1989-09-11,272.0,200.0,0.0,0.0,0.0
1989-09-12,289.0,200.0,0.0,0.0,0.0
1989-09-13,294.0,194.0,0.0,0.0,0.0
1989-09-14,311.0,183.0,279.0,0.0,0.0
1989-09-15,206.0,156.0,5.0,0.0,0.0
1989-09-16,233.0,150.0,0.0,0.0,0.0
1989-09-17,244.0,150.0,0.0,0.0,0.0
1989-09-18,272.0,156.0,0.0,0.0,0.0
1989-09-19,261.0,150.0,0.0,0.0,0.0
1989-09-20,283.0,150.0,0.0,0.0,0.0
1989-09-21,278.0,150.0,0.0,0.0,0.0
1989-09-22,278.0,150.0,0.0,0.0,0.0
1989-09-23,244.0,144.0,13.0,0.0,0.0
1989-09-24,178.0,61.0,0.0,0.0,0.0
1989-09-25,200.0,161.0,0.0,0.0,0.0
1989-09-26,172.0,139.0,5.0,0.0,0.0
1989-09-27,244.0,172.0,0.0,0.0,0.0
1989-09-28,239.0,172.0,0.0,0.0,0.0
1989-09-29,211.0,178.0,36.0,0.0,0.0
1989-09-30,172.0,194.0,160.0,0.0,0.0
1989-10-01,200.0,183.0,28.0,0.0,0.0
1989-10-02,250.0,156.0,0.0,0.0,0.0
1989-10-03,311.0,172.0,0.0,0.0,0.0
1989-10-04,289.0,144.0,0.0,0.0,0.0
1989-10-05,217.0,139.0,0.0,0.0,0.0
1989-10-06,272.0,133.0,0.0,0.0,0.0
1989-10-07,278.0,133.0,178.0,0.0,0.0
1989-10-08,194.0,83.0,0.0,0.0,0.0
1989-10-09,217.0,78.0,0.0,0.0,0.0
1989-10-10,222.0,133.0,0.0,0.0,0.0
1989-10-11,272.0,117.0,0.0,0.0,0.0
1989-10-12,300.0,167.0,0.0,0.0,0.0
1989-10-13,300.0,133.0,0.0,0.0,0.0
1989-10-14,306.0,139.0,0.0,0.0,0.0
1989-10-15,306.0,128.0,0.0,0.0,0.0
1989-10-16,300.0,161.0,0.0,0.0,0.0
1989-10-17,244.0,167.0,221.0,0.0,0.0
1989-10-18,178.0,78.0,0.0,0.0,0.0
1989-10-19,94.0,22.0,23.0,0.0,0.0
1989-10-20,94.0,6.0,0.0,0.0,0.0
1989-10-21,144.0,-6.0,0.0,0.0,0.0
1989-10-22,244.0,33.0,0.0,0.0,0.0
1989-10-23,239.0,122.0,0.0,0.0,0.0
1989-10-24,256.0,150.0,0.0,0.0,0.0
1989-10-25,261.0,133.0,0.0,0.0,0.0
1989-10-26,256.0,72.0,0.0,0.0,0.0
1989-10-27,261.0,56.0,0.0,0.0,0.0
1989-10-28,256.0,67.0,0.0,0.0,0.0
1989-10-29,256.0,72.0,0.0,0.0,0.0
1989-10-30,267.0,106.0,0.0,0.0,0.0
1989-10-31,222.0,94.0,178.0,0.0,0.0
1989-11-01,172.0,44.0,0.0,0.0,0.0
1989-11-02,183.0,61.0,0.0,0.0,0.0
1989-11-03,167.0,-6.0,0.0,0.0,0.0
1989-11-04,150.0,22.0,0.0,0.0,0.0
1989-11-05,206.0,78.0,0.0,0.0,0.0
1989-11-06,239.0,172.0,244.0,0.0,0.0
1989-11-07,233.0,167.0,384.0,0.0,0.0
1989-11-08,267.0,172.0,15.0,0.0,0.0
1989-11-09,239.0,11.0,0.0,0.0,0.0
1989-11-10,194.0,6.0,0.0,0.0,0.0
1989-11-11,261.0,56.0,0.0,0.0,0.0
1989-11-12,272.0,72.0,0.0,0.0,0.0
1989-11-13,256.0,100.0,0.0,0.0,0.0
1989-11-14,261.0,144.0,33.0,0.0,0.0
1989-11-15,244.0,161.0,8.0,0.0,0.0
1989-11-16,256.0,22.0,160.0,0.0,0.0
1989-11-17,78.0,-56.0,0.0,0.0,0.0
1989-11-18,94.0,-6.0,0.0,0.0,0.0
1989-11-19,172.0,50.0,0.0,0.0,0.0
1989-11-20,194.0,61.0,0.0,0.0,0.0
1989-11-21,233.0,78.0,0.0,0.0,0.0
1989-11-22,161.0,100.0,102.0,0.0,0.0
1989-11-23,100.0,-22.0,191.0,0.0,0.0
1989-11-24,83.0,-22.0,0.0,0.0,0.0
1989-11-25,128.0,17.0,0.0,0.0,0.0
1989-11-26,211.0,111.0,0.0,0.0,0.0
1989-11-27,239.0,172.0,0.0,0.0,0.0
1989-11-28,272.0,50.0,0.0,0.0,0.0
1989-11-29,117.0,0.0,0.0,0.0,0.0
1989-11-30,72.0,-39.0,0.0,0.0,0.0
1989-12-01,106.0,-33.0,0.0,0.0,0.0
1989-12-02,161.0,22.0,0.0,0.0,0.0
1989-12-03,144.0,-22.0,0.0,0.0,0.0
1989-12-04,67.0,-56.0,0.0,0.0,0.0
1989-12-05,156.0,-11.0,0.0,0.0,0.0
1989-12-06,217.0,67.0,0.0,0.0,0.0
1989-12-07,222.0,33.0,20.0,0.0,0.0
1989-12-08,39.0,-6.0,84.0,,
1989-12-09,17.0,-50.0,0.0,51.0,0.0
1989-12-10,89.0,-44.0,0.0,0.0,0.0
1989-12-11,178.0,17.0,0.0,0.0,0.0
1989-12-12,67.0,-33.0,0.0,0.0,0.0
1989-12-13,67.0,-100.0,0.0,0.0,0.0
1989-12-14,117.0,-50.0,0.0,0.0,0.0
1989-12-15,139.0,17.0,0.0,0.0,0.0
1989-12-16,-6.0,-111.0,0.0,0.0,0.0
1989-12-17,-33.0,-111.0,0.0,0.0,0.0
1989-12-18,-6.0,-61.0,0.0,0.0,0.0
1989-12-19,-11.0,-39.0,64.0,0.0,0.0
1989-12-20,-11.0,-83.0,0.0,0.0,0.0
1989-12-21,6.0,-100.0,0.0,0.0,0.0
1989-12-22,-11.0,-161.0,0.0,0.0,0.0
1989-12-23,-100.0,-172.0,0.0,0.0,0.0
1989-12-24,-78.0,-167.0,0.0,0.0,0.0
1989-12-25,0.0,-150.0,0.0,0.0,0.0
1989-12-26,122.0,-33.0,0.0,0.0,0.0
1989-12-27,156.0,-17.0,0.0,0.0,0.0
1989-12-28,194.0,-22.0,0.0,0.0,0.0
1989-12-29,206.0,-6.0,25.0,0.0,0.0
1989-12-30,172.0,50.0,196.0,0.0,0.0
1989-12-31,172.0,33.0,409.0,0.0,0.0
1990-01-01,78.0,-33.0,0.0,0.0,0.0
1990-01-02,83.0,-22.0,0.0,0.0,0.0
1990-01-03,100.0,33.0,0.0,0.0,0.0
1990-01-04,133.0,78.0,267.0,0.0,0.0
1990-01-05,156.0,39.0,8.0,0.0,0.0
1990-01-06,78.0,39.0,61.0,0.0,0.0
1990-01-07,67.0,33.0,5.0,0.0,0.0
1990-01-08,61.0,-17.0,69.0,0.0,0.0
1990-01-09,139.0,0.0,71.0,0.0,0.0
1990-01-10,189.0,0.0,0.0,0.0,0.0
1990-01-11,194.0,6.0,0.0,0.0,0.0
1990-01-12,206.0,39.0,0.0,0.0,0.0
1990-01-13,100.0,-67.0,0.0,0.0,0.0
1990-01-14,89.0,-22.0,0.0,0.0,0.0
1990-01-15,139.0,50.0,0.0,0.0,0.0
1990-01-16,211.0,122.0,0.0,0.0,0.0
1990-01-17,200.0,139.0,0.0,0.0,0.0
1990-01-18,200.0,194.0,483.0,0.0,0.0
1990-01-19,144.0,61.0,64.0,0.0,0.0
1990-01-20,183.0,61.0,422.0,0.0,0.0
1990-01-21,117.0,17.0,15.0,0.0,0.0
1990-01-22,128.0,-6.0,0.0,0.0,0.0
1990-01-23,189.0,6.0,0.0,0.0,0.0
1990-01-24,211.0,94.0,20.0,0.0,0.0
1990-01-25,156.0,44.0,0.0,0.0,0.0
1990-01-26,106.0,-22.0,0.0,0.0,0.0
1990-01-27,172.0,-6.0,0.0,0.0,0.0
1990-01-28,183.0,50.0,48.0,0.0,0.0
1990-01-29,117.0,22.0,488.0,0.0,0.0
1990-01-30,128.0,17.0,0.0,0.0,0.0
1990-01-31,167.0,22.0,0.0,0.0,0.0
1990-02-01,189.0,44.0,0.0,0.0,0.0
1990-02-02,211.0,117.0,541.0,0.0,0.0
1990-02-03,183.0,128.0,1067.0,0.0,0.0
1990-02-04,183.0,39.0,130.0,0.0,0.0
1990-02-05,83.0,-22.0,0.0,0.0,0.0
1990-02-06,156.0,-17.0,5.0,0.0,0.0
1990-02-07,178.0,11.0,0.0,0.0,0.0
1990-02-08,189.0,22.0,0.0,0.0,0.0
1990-02-09,189.0,111.0,28.0,0.0,0.0
1990-02-10,222.0,61.0,617.0,0.0,0.0
1990-02-11,139.0,0.0,0.0,0.0,0.0
1990-02-12,211.0,11.0,0.0,0.0,0.0
1990-02-13,239.0,50.0,0.0,0.0,0.0
1990-02-14,239.0,61.0,0.0,0.0,0.0
1990-02-15,222.0,56.0,10.0,0.0,0.0
1990-02-16,272.0,56.0,28.0,0.0,0.0
1990-02-17,144.0,0.0,0.0,0.0,0.0
1990-02-18,72.0,0.0,0.0,0.0,0.0
1990-02-19,89.0,28.0,76.0,0.0,0.0
1990-02-20,150.0,17.0,0.0,0.0,0.0
1990-02-21,144.0,22.0,0.0,0.0,0.0
1990-02-22,172.0,56.0,196.0,0.0,0.0
1990-02-23,178.0,44.0,0.0,0.0,0.0
1990-02-24,133.0,22.0,0.0,0.0,0.0
1990-02-25,200.0,0.0,0.0,0.0,0.0
1990-02-26,89.0,11.0,0.0,0.0,0.0
1990-02-27,211.0,17.0,0.0,0.0,0.0
1990-02-28,211.0,83.0,0.0,0.0,0.0
1990-03-01,122.0,33.0,38.0,0.0,0.0
1990-03-02,50.0,28.0,170.0,0.0,0.0
1990-03-03,122.0,-28.0,0.0,0.0,0.0
1990-03-04,172.0,-11.0,0.0,0.0,0.0
1990-03-05,189.0,33.0,0.0,0.0,0.0
1990-03-06,206.0,83.0,0.0,0.0,0.0
1990-03-07,211.0,106.0,0.0,0.0,0.0
1990-03-08,183.0,128.0,805.0,0.0,0.0
1990-03-09,167.0,133.0,292.0,0.0,0.0
1990-03-10,244.0,167.0,0.0,0.0,0.0
1990-03-11,261.0,172.0,0.0,0.0,0.0
1990-03-12,256.0,172.0,0.0,0.0,0.0
1990-03-13,267.0,161.0,0.0,0.0,0.0
1990-03-14,267.0,156.0,0.0,0.0,0.0
1990-03-15,233.0,94.0,437.0,0.0,0.0
1990-03-16,144.0,39.0,178.0,0.0,0.0
1990-03-17,178.0,28.0,0.0,0.0,0.0
1990-03-18,200.0,33.0,0.0,0.0,0.0
1990-03-19,233.0,33.0,0.0,0.0,0.0
1990-03-20,122.0,39.0,0.0,0.0,0.0
1990-03-21,139.0,-28.0,0.0,0.0,0.0
1990-03-22,206.0,-28.0,0.0,0.0,0.0
1990-03-23,239.0,83.0,0.0,0.0,0.0
1990-03-24,211.0,67.0,0.0,0.0,0.0
1990-03-25,100.0,22.0,102.0,0.0,0.0
1990-03-26,44.0,22.0,345.0,0.0,0.0
1990-03-27,94.0,17.0,23.0,0.0,0.0
1990-03-28,156.0,17.0,127.0,0.0,0.0
1990-03-29,167.0,17.0,38.0,0.0,0.0
1990-03-30,194.0,17.0,295.0,0.0,0.0
1990-03-31,211.0,111.0,292.0,0.0,0.0
1990-04-01,239.0,128.0,0.0,0.0,0.0
1990-04-02,239.0,128.0,269.0,0.0,0.0
1990-04-03,189.0,22.0,0.0,0.0,0.0
1990-04-04,183.0,22.0,0.0,0.0,0.0
1990-04-05,250.0,22.0,0.0,0.0,0.0
1990-04-06,261.0,28.0,434.0,0.0,0.0
1990-04-07,111.0,-11.0,203.0,0.0,0.0
1990-04-08,150.0,-6.0,0.0,0.0,0.0
1990-04-09,183.0,50.0,76.0,0.0,0.0
1990-04-10,211.0,89.0,0.0,0.0,0.0
1990-04-11,222.0,28.0,119.0,0.0,0.0
1990-04-12,178.0,22.0,0.0,0.0,0.0
1990-04-13,167.0,28.0,0.0,0.0,0.0
1990-04-14,,,,0.0,0.0
1990-04-15,206.0,22.0,,0.0,0.0
1990-04-16,244.0,100.0,0.0,0.0,0.0
1990-04-17,267.0,189.0,0.0,0.0,0.0
1990-04-18,200.0,56.0,0.0,0.0,0.0
1990-04-19,178.0,61.0,0.0,0.0,0.0
1990-04-20,244.0,61.0,0.0,0.0,0.0
1990-04-21,,,,0.0,0.0
1990-04-22,,,,0.0,0.0
1990-04-23,267.0,56.0,,0.0,0.0
1990-04-24,294.0,161.0,0.0,0.0,0.0
1990-04-25,283.0,172.0,178.0,0.0,0.0
1990-04-26,267.0,178.0,0.0,0.0,0.0
1990-04-27,272.0,172.0,48.0,0.0,0.0
1990-04-28,200.0,111.0,185.0,0.0,0.0
1990-04-29,239.0,111.0,0.0,0.0,0.0
1990-04-30,322.0,106.0,0.0,0.0,0.0
1990-05-01,294.0,156.0,0.0,0.0,0.0
1990-05-02,256.0,117.0,76.0,0.0,0.0
1990-05-03,211.0,122.0,25.0,0.0,0.0
1990-05-04,239.0,172.0,229.0,0.0,0.0
1990-05-05,244.0,106.0,0.0,0.0,0.0
1990-05-06,211.0,67.0,0.0,0.0,0.0
1990-05-07,256.0,67.0,0.0,0.0,0.0
1990-05-08,267.0,67.0,0.0,0.0,0.0
1990-05-09,,,0.0,0.0,0.0
1990-05-10,,,0.0,0.0,0.0
1990-05-11,272.0,150.0,0.0,0.0,0.0
1990-05-12,,,,0.0,0.0
1990-05-13,228.0,150.0,,0.0,0.0
1990-05-14,278.0,161.0,0.0,0.0,0.0
1990-05-15,300.0,189.0,0.0,0.0,0.0
1990-05-16,311.0,217.0,0.0,0.0,0.0
1990-05-17,294.0,150.0,135.0,0.0,0.0
1990-05-18,267.0,117.0,0.0,0.0,0.0
1990-05-19,289.0,117.0,0.0,0.0,0.0
1990-05-20,272.0,167.0,234.0,0.0,0.0
1990-05-21,294.0,172.0,109.0,0.0,0.0
1990-05-22,278.0,161.0,257.0,0.0,0.0
1990-05-23,211.0,150.0,0.0,0.0,0.0
1990-05-24,256.0,167.0,0.0,0.0,0.0
1990-05-25,278.0,83.0,0.0,0.0,0.0
1990-05-26,,,0.0,0.0,0.0
1990-05-27,,,0.0,0.0,0.0
1990-05-28,,,0.0,0.0,0.0
1990-05-29,,,0.0,0.0,0.0
1990-05-30,294.0,156.0,0.0,0.0,0.0
1990-05-31,278.0,172.0,665.0,0.0,0.0
1990-06-01,228.0,172.0,38.0,0.0,0.0
1990-06-02,,,0.0,0.0,0.0
1990-06-03,,,0.0,0.0,0.0
1990-06-04,317.0,172.0,0.0,0.0,0.0
1990-06-05,317.0,144.0,0.0,0.0,0.0
1990-06-06,294.0,144.0,0.0,0.0,0.0
1990-06-07,333.0,211.0,0.0,0.0,0.0
1990-06-08,322.0,206.0,0.0,0.0,0.0
1990-06-09,,,0.0,0.0,0.0
1990-06-10,344.0,267.0,0.0,0.0,0.0
1990-06-11,344.0,239.0,0.0,0.0,0.0
1990-06-12,350.0,244.0,0.0,0.0,0.0
1990-06-13,333.0,244.0,0.0,0.0,0.0
1990-06-14,339.0,239.0,0.0,0.0,0.0
1990-06-15,344.0,217.0,0.0,0.0,0.0
1990-06-16,350.0,211.0,0.0,0.0,0.0
1990-06-17,350.0,228.0,0.0,0.0,0.0
1990-06-18,356.0,222.0,0.0,0.0,0.0
1990-06-19,361.0,217.0,0.0,0.0,0.0
1990-06-20,361.0,217.0,0.0,0.0,0.0
1990-06-21,367.0,217.0,0.0,0.0,0.0
1990-06-22,361.0,256.0,0.0,0.0,0.0
1990-06-23,339.0,211.0,0.0,0.0,0.0
1990-06-24,322.0,,0.0,0.0,0.0
1990-06-25,328.0,228.0,0.0,0.0,0.0
1990-06-26,344.0,133.0,0.0,0.0,0.0
1990-06-27,311.0,206.0,0.0,0.0,0.0
1990-06-28,350.0,200.0,0.0,0.0,0.0
1990-06-29,350.0,183.0,0.0,0.0,0.0
1990-06-30,350.0,189.0,0.0,0.0,0.0
1990-07-01,361.0,206.0,0.0,0.0,0.0
1990-07-02,356.0,211.0,0.0,0.0,0.0
1990-07-03,367.0,217.0,0.0,0.0,0.0
1990-07-04,383.0,206.0,0.0,0.0,0.0
1990-07-05,356.0,211.0,0.0,0.0,0.0
1990-07-06,350.0,172.0,0.0,0.0,0.0
1990-07-07,339.0,194.0,0.0,0.0,0.0
1990-07-08,361.0,183.0,0.0,0.0,0.0
1990-07-09,378.0,200.0,0.0,0.0,0.0
1990-07-10,378.0,228.0,0.0,0.0,0.0
1990-07-11,361.0,217.0,0.0,0.0,0.0
1990-07-12,356.0,211.0,0.0,0.0,0.0
1990-07-13,322.0,178.0,76.0,0.0,0.0
1990-07-14,278.0,178.0,10.0,0.0,0.0
1990-07-15,267.0,111.0,0.0,0.0,0.0
1990-07-16,300.0,217.0,0.0,0.0,0.0
1990-07-17,333.0,233.0,0.0,0.0,0.0
1990-07-18,322.0,222.0,0.0,0.0,0.0
1990-07-19,333.0,250.0,0.0,0.0,0.0
1990-07-20,350.0,117.0,94.0,0.0,0.0
1990-07-21,356.0,194.0,0.0,0.0,0.0
1990-07-22,350.0,206.0,0.0,0.0,0.0
1990-07-23,350.0,189.0,0.0,0.0,0.0
1990-07-24,267.0,167.0,15.0,0.0,0.0
1990-07-25,339.0,200.0,0.0,0.0,0.0
1990-07-26,322.0,194.0,0.0,0.0,0.0
1990-07-27,361.0,178.0,0.0,0.0,0.0
1990-07-28,367.0,189.0,0.0,0.0,0.0
1990-07-29,367.0,189.0,0.0,0.0,0.0
1990-07-30,367.0,194.0,0.0,0.0,0.0
1990-07-31,350.0,194.0,13.0,0.0,0.0
1990-08-01,350.0,172.0,411.0,0.0,0.0
1990-08-02,306.0,194.0,122.0,0.0,0.0
1990-08-03,289.0,183.0,323.0,0.0,0.0
1990-08-04,339.0,211.0,0.0,0.0,0.0
1990-08-05,344.0,189.0,114.0,0.0,0.0
1990-08-06,317.0,206.0,25.0,0.0,0.0
1990-08-07,294.0,183.0,0.0,0.0,0.0
1990-08-08,278.0,100.0,0.0,0.0,0.0
1990-08-09,267.0,100.0,0.0,0.0,0.0
1990-08-10,294.0,111.0,0.0,0.0,0.0
1990-08-11,322.0,150.0,0.0,0.0,0.0
1990-08-12,339.0,183.0,0.0,0.0,0.0
1990-08-13,339.0,206.0,0.0,0.0,0.0
1990-08-14,322.0,172.0,71.0,0.0,0.0
1990-08-15,333.0,178.0,0.0,0.0,0.0
1990-08-16,344.0,183.0,41.0,0.0,0.0
1990-08-17,350.0,194.0,0.0,0.0,0.0
1990-08-18,356.0,189.0,0.0,0.0,0.0
1990-08-19,356.0,211.0,0.0,0.0,0.0
1990-08-20,356.0,200.0,0.0,0.0,0.0
1990-08-21,372.0,189.0,0.0,0.0,0.0
1990-08-22,378.0,189.0,0.0,0.0,0.0
1990-08-23,378.0,189.0,160.0,0.0,0.0
1990-08-24,361.0,211.0,0.0,0.0,0.0
1990-08-25,367.0,189.0,267.0,0.0,0.0
1990-08-26,361.0,200.0,0.0,0.0,0.0
1990-08-27,367.0,178.0,0.0,0.0,0.0
1990-08-28,372.0,183.0,0.0,0.0,0.0
1990-08-29,372.0,194.0,0.0,0.0,0.0
1990-08-30,372.0,200.0,0.0,0.0,0.0
1990-08-31,350.0,161.0,0.0,0.0,0.0
1990-09-01,350.0,172.0,0.0,0.0,0.0
1990-09-02,356.0,183.0,0.0,0.0,0.0
1990-09-03,361.0,178.0,0.0,0.0,0.0
1990-09-04,372.0,183.0,0.0,0.0,0.0
1990-09-05,372.0,183.0,0.0,0.0,0.0
1990-09-06,378.0,194.0,0.0,0.0,0.0
1990-09-07,383.0,211.0,0.0,0.0,0.0
1990-09-08,367.0,194.0,0.0,0.0,0.0
1990-09-09,328.0,189.0,5.0,0.0,0.0
1990-09-10,317.0,183.0,76.0,0.0,0.0
1990-09-11,294.0,189.0,0.0,0.0,0.0
1990-09-12,317.0,189.0,13.0,0.0,0.0
1990-09-13,294.0,189.0,51.0,0.0,0.0
1990-09-14,311.0,183.0,0.0,0.0,0.0
1990-09-15,322.0,172.0,0.0,0.0,0.0
1990-09-16,350.0,172.0,0.0,0.0,0.0
1990-09-17,350.0,178.0,0.0,0.0,0.0
1990-09-18,289.0,178.0,94.0,0.0,0.0
1990-09-19,339.0,200.0,0.0,0.0,0.0
1990-09-20,328.0,183.0,216.0,0.0,0.0
1990-09-21,,,,0.0,0.0
1990-09-22,267.0,156.0,,0.0,0.0
1990-09-23,222.0,111.0,5.0,0.0,0.0
1990-09-24,150.0,22.0,0.0,0.0,0.0
1990-09-25,172.0,39.0,0.0,0.0,0.0
1990-09-26,206.0,83.0,0.0,0.0,0.0
1990-09-27,244.0,117.0,0.0,0.0,0.0
1990-09-28,317.0,128.0,0.0,0.0,0.0
1990-09-29,322.0,100.0,0.0,0.0,0.0
1990-09-30,333.0,117.0,0.0,0.0,0.0
1990-10-01,289.0,133.0,0.0,0.0,0.0
1990-10-02,289.0,139.0,0.0,0.0,0.0
1990-10-03,317.0,133.0,0.0,0.0,0.0
1990-10-04,317.0,167.0,391.0,0.0,0.0
1990-10-05,294.0,67.0,0.0,0.0,0.0
1990-10-06,300.0,78.0,0.0,0.0,0.0
1990-10-07,322.0,72.0,0.0,0.0,0.0
1990-10-08,322.0,150.0,632.0,0.0,0.0
1990-10-09,317.0,267.0,5.0,0.0,0.0
1990-10-10,222.0,33.0,56.0,0.0,0.0
1990-10-11,100.0,39.0,0.0,0.0,0.0
1990-10-12,156.0,0.0,0.0,0.0,0.0
1990-10-13,222.0,61.0,0.0,0.0,0.0
1990-10-14,233.0,72.0,0.0,0.0,0.0
1990-10-15,272.0,83.0,0.0,0.0,0.0
1990-10-16,283.0,100.0,0.0,0.0,0.0
1990-10-17,289.0,117.0,0.0,0.0,0.0
1990-10-18,256.0,56.0,165.0,0.0,0.0
1990-10-19,178.0,0.0,0.0,0.0,0.0
1990-10-20,211.0,17.0,0.0,0.0,0.0
1990-10-21,239.0,78.0,0.0,0.0,0.0
1990-10-22,167.0,56.0,315.0,0.0,0.0
1990-10-23,167.0,-11.0,0.0,0.0,0.0
1990-10-24,206.0,-6.0,8.0,0.0,0.0
1990-10-25,228.0,22.0,0.0,0.0,0.0
1990-10-26,189.0,0.0,0.0,0.0,0.0
1990-10-27,200.0,6.0,0.0,0.0,0.0
1990-10-28,233.0,50.0,0.0,0.0,0.0
1990-10-29,217.0,11.0,0.0,0.0,0.0
1990-10-30,233.0,28.0,0.0,0.0,0.0
1990-10-31,261.0,39.0,0.0,0.0,0.0
1990-11-01,261.0,78.0,0.0,0.0,0.0
1990-11-02,256.0,89.0,0.0,0.0,0.0
1990-11-03,256.0,100.0,0.0,0.0,0.0
1990-11-04,272.0,128.0,0.0,0.0,0.0
1990-11-05,272.0,56.0,193.0,0.0,0.0
1990-11-06,128.0,-6.0,0.0,0.0,0.0
1990-11-07,167.0,17.0,0.0,0.0,0.0
1990-11-08,172.0,44.0,0.0,0.0,0.0
1990-11-09,89.0,56.0,325.0,0.0,0.0
1990-11-10,78.0,-6.0,208.0,0.0,0.0
1990-11-11,178.0,11.0,0.0,0.0,0.0
1990-11-12,228.0,22.0,0.0,0.0,0.0
1990-11-13,256.0,56.0,0.0,0.0,0.0
1990-11-14,256.0,67.0,0.0,0.0,0.0
1990-11-15,256.0,94.0,0.0,0.0,0.0
1990-11-16,244.0,106.0,0.0,0.0,0.0
1990-11-17,250.0,67.0,0.0,0.0,0.0
1990-11-18,172.0,0.0,0.0,0.0,0.0
1990-11-19,194.0,61.0,0.0,0.0,0.0
1990-11-20,250.0,144.0,0.0,0.0,0.0
1990-11-21,256.0,133.0,0.0,0.0,0.0
1990-11-22,239.0,144.0,84.0,0.0,0.0
1990-11-23,189.0,117.0,51.0,0.0,0.0
1990-11-24,228.0,44.0,0.0,0.0,0.0
1990-11-25,233.0,78.0,0.0,0.0,0.0
1990-11-26,233.0,106.0,0.0,0.0,0.0
1990-11-27,250.0,206.0,13.0,0.0,0.0
1990-11-28,256.0,39.0,419.0,0.0,0.0
1990-11-29,106.0,-17.0,0.0,0.0,0.0
1990-11-30,128.0,-39.0,0.0,0.0,0.0
1990-12-01,150.0,-22.0,0.0,0.0,0.0
1990-12-02,194.0,56.0,0.0,0.0,0.0
1990-12-03,189.0,106.0,142.0,0.0,0.0
1990-12-04,128.0,-44.0,0.0,0.0,0.0
1990-12-05,94.0,-22.0,0.0,0.0,0.0
1990-12-06,133.0,-22.0,0.0,0.0,0.0
1990-12-07,144.0,-22.0,0.0,0.0,0.0
1990-12-08,-44.0,-44.0,0.0,0.0,0.0
1990-12-09,161.0,-44.0,0.0,0.0,0.0
1990-12-10,194.0,-6.0,0.0,0.0,0.0
1990-12-11,200.0,6.0,0.0,0.0,0.0
1990-12-12,189.0,56.0,0.0,0.0,0.0
1990-12-13,222.0,117.0,0.0,0.0,0.0
1990-12-14,194.0,67.0,0.0,0.0,0.0
1990-12-15,194.0,67.0,0.0,0.0,0.0
1990-12-16,206.0,56.0,66.0,0.0,0.0
1990-12-17,139.0,56.0,295.0,0.0,0.0
1990-12-18,217.0,111.0,376.0,0.0,0.0
1990-12-19,144.0,17.0,5.0,0.0,0.0
1990-12-20,167.0,28.0,0.0,0.0,0.0
1990-12-21,200.0,106.0,69.0,0.0,0.0
1990-12-22,217.0,11.0,119.0,0.0,0.0
1990-12-23,17.0,-56.0,8.0,0.0,0.0
1990-12-24,-44.0,-117.0,0.0,0.0,0.0
1990-12-25,17.0,-111.0,0.0,0.0,0.0
1990-12-26,50.0,-67.0,0.0,0.0,0.0
1990-12-27,39.0,-28.0,399.0,0.0,0.0
1990-12-28,39.0,17.0,76.0,0.0,0.0
1990-12-29,172.0,28.0,0.0,0.0,0.0
1990-12-30,217.0,172.0,10.0,0.0,0.0
1990-12-31,211.0,-72.0,132.0,0.0,0.0
1991-01-01,-17.0,-72.0,0.0,0.0,0.0
1991-01-02,0.0,-44.0,0.0,0.0,0.0
1991-01-03,56.0,-6.0,8.0,0.0,0.0
1991-01-04,44.0,-17.0,0.0,0.0,0.0
1991-01-05,50.0,-28.0,0.0,0.0,0.0
1991-01-06,122.0,28.0,48.0,0.0,0.0
1991-01-07,133.0,11.0,152.0,0.0,0.0
1991-01-08,22.0,11.0,8.0,0.0,0.0
1991-01-09,44.0,22.0,0.0,0.0,0.0
1991-01-10,89.0,33.0,267.0,0.0,0.0
1991-01-11,106.0,56.0,36.0,0.0,0.0
1991-01-12,78.0,17.0,0.0,0.0,0.0
1991-01-13,50.0,-56.0,0.0,0.0,0.0
1991-01-14,117.0,-44.0,0.0,0.0,0.0
1991-01-15,150.0,28.0,229.0,0.0,0.0
1991-01-16,106.0,61.0,3.0,0.0,0.0
1991-01-17,133.0,-22.0,0.0,0.0,0.0
1991-01-18,161.0,-17.0,13.0,0.0,0.0
1991-01-19,106.0,61.0,23.0,0.0,0.0
1991-01-20,89.0,33.0,0.0,0.0,0.0
1991-01-21,139.0,-17.0,0.0,0.0,0.0
1991-01-22,44.0,-78.0,0.0,0.0,0.0
1991-01-23,72.0,-72.0,0.0,0.0,0.0
1991-01-24,89.0,6.0,0.0,0.0,0.0
1991-01-25,117.0,-33.0,0.0,0.0,0.0
1991-01-26,128.0,-22.0,0.0,0.0,0.0
1991-01-27,128.0,-11.0,0.0,0.0,0.0
1991-01-28,150.0,56.0,20.0,0.0,0.0
1991-01-29,100.0,56.0,0.0,0.0,0.0
1991-01-30,144.0,33.0,3.0,0.0,0.0
1991-01-31,33.0,-39.0,0.0,0.0,0.0
1991-02-01,111.0,-39.0,0.0,0.0,0.0
1991-02-02,172.0,-28.0,0.0,0.0,0.0
1991-02-03,200.0,11.0,0.0,0.0,0.0
1991-02-04,222.0,56.0,0.0,0.0,0.0
1991-02-05,206.0,128.0,196.0,0.0,0.0
1991-02-06,156.0,122.0,38.0,0.0,0.0
1991-02-07,178.0,44.0,13.0,0.0,0.0
1991-02-08,167.0,6.0,0.0,0.0,0.0
1991-02-09,122.0,-17.0,0.0,0.0,0.0
1991-02-10,183.0,28.0,0.0,0.0,0.0
1991-02-11,206.0,6.0,0.0,0.0,0.0
1991-02-12,178.0,39.0,0.0,0.0,0.0
1991-02-13,194.0,89.0,0.0,0.0,0.0
1991-02-14,244.0,44.0,0.0,0.0,0.0
1991-02-15,161.0,-33.0,0.0,0.0,0.0
1991-02-16,56.0,-72.0,0.0,0.0,0.0
1991-02-17,100.0,-22.0,53.0,0.0,0.0
1991-02-18,194.0,100.0,353.0,0.0,0.0
1991-02-19,167.0,139.0,1501.0,0.0,0.0
1991-02-20,139.0,44.0,38.0,0.0,0.0
1991-02-21,111.0,28.0,0.0,0.0,0.0
1991-02-22,100.0,67.0,130.0,0.0,0.0
1991-02-23,78.0,0.0,272.0,0.0,0.0
1991-02-24,150.0,-11.0,0.0,0.0,0.0
1991-02-25,172.0,22.0,0.0,0.0,0.0
1991-02-26,39.0,-50.0,13.0,0.0,0.0
1991-02-27,133.0,-33.0,0.0,0.0,0.0
1991-02-28,156.0,-6.0,0.0,0.0,0.0
1991-03-01,183.0,67.0,353.0,0.0,0.0
1991-03-02,239.0,128.0,13.0,0.0,0.0
1991-03-03,206.0,44.0,99.0,0.0,0.0
1991-03-04,89.0,-11.0,0.0,0.0,0.0
1991-03-05,178.0,22.0,0.0,0.0,0.0
1991-03-06,256.0,94.0,0.0,0.0,0.0
1991-03-07,278.0,83.0,0.0,0.0,0.0
1991-03-08,111.0,33.0,5.0,0.0,0.0
1991-03-09,150.0,-22.0,0.0,0.0,0.0
1991-03-10,178.0,-22.0,0.0,0.0,0.0
1991-03-11,194.0,50.0,0.0,0.0,0.0
1991-03-12,217.0,89.0,0.0,0.0,0.0
1991-03-13,200.0,94.0,8.0,0.0,0.0
1991-03-14,178.0,0.0,0.0,0.0,0.0
1991-03-15,111.0,-22.0,0.0,0.0,0.0
1991-03-16,117.0,33.0,0.0,0.0,0.0
1991-03-17,178.0,72.0,36.0,0.0,0.0
1991-03-18,206.0,39.0,5.0,0.0,0.0
1991-03-19,200.0,39.0,0.0,0.0,0.0
1991-03-20,228.0,111.0,0.0,0.0,0.0
1991-03-21,244.0,156.0,0.0,0.0,0.0
1991-03-22,239.0,178.0,0.0,0.0,0.0
1991-03-23,244.0,117.0,0.0,0.0,0.0
1991-03-24,278.0,56.0,0.0,0.0,0.0
1991-03-25,272.0,122.0,0.0,0.0,0.0
1991-03-26,283.0,178.0,0.0,0.0,0.0
1991-03-27,278.0,206.0,0.0,0.0,0.0
1991-03-28,261.0,94.0,13.0,0.0,0.0
1991-03-29,133.0,94.0,498.0,0.0,0.0
1991-03-30,111.0,-28.0,74.0,0.0,0.0
1991-03-31,117.0,-17.0,0.0,0.0,0.0
1991-04-01,200.0,39.0,0.0,0.0,0.0
1991-04-02,239.0,67.0,0.0,0.0,0.0
1991-04-03,233.0,128.0,0.0,0.0,0.0
1991-04-04,222.0,150.0,178.0,0.0,0.0
1991-04-05,222.0,133.0,0.0,0.0,0.0
1991-04-06,267.0,139.0,0.0,0.0,0.0
1991-04-07,261.0,178.0,10.0,0.0,0.0
1991-04-08,261.0,167.0,437.0,0.0,0.0
1991-04-09,283.0,183.0,0.0,0.0,0.0
1991-04-10,267.0,67.0,0.0,0.0,0.0
1991-04-11,233.0,122.0,0.0,0.0,0.0
1991-04-12,194.0,144.0,528.0,0.0,0.0
1991-04-13,217.0,161.0,467.0,0.0,0.0
1991-04-14,261.0,161.0,541.0,0.0,0.0
1991-04-15,194.0,106.0,719.0,0.0,0.0
1991-04-16,256.0,106.0,0.0,0.0,0.0
1991-04-17,272.0,133.0,0.0,0.0,0.0
1991-04-18,283.0,178.0,142.0,0.0,0.0
1991-04-19,278.0,172.0,8.0,0.0,0.0
1991-04-20,272.0,106.0,0.0,0.0,0.0
1991-04-21,272.0,56.0,0.0,0.0,0.0
1991-04-22,183.0,61.0,56.0,0.0,0.0
1991-04-23,133.0,89.0,51.0,0.0,0.0
1991-04-24,222.0,100.0,0.0,0.0,0.0
1991-04-25,261.0,128.0,0.0,0.0,0.0
1991-04-26,294.0,167.0,0.0,0.0,0.0
1991-04-27,233.0,178.0,5.0,0.0,0.0
1991-04-28,250.0,161.0,1328.0,0.0,0.0
1991-04-29,256.0,172.0,782.0,0.0,0.0
1991-04-30,228.0,128.0,5.0,0.0,0.0
1991-05-01,272.0,128.0,0.0,0.0,0.0
1991-05-02,267.0,144.0,0.0,0.0,0.0
1991-05-03,267.0,172.0,442.0,0.0,0.0
1991-05-04,200.0,167.0,142.0,0.0,0.0
1991-05-05,267.0,167.0,127.0,0.0,0.0
1991-05-06,250.0,67.0,8.0,0.0,0.0
1991-05-07,233.0,78.0,0.0,0.0,0.0
1991-05-08,244.0,133.0,58.0,0.0,0.0
1991-05-09,189.0,144.0,56.0,0.0,0.0
1991-05-10,256.0,183.0,3.0,0.0,0.0
1991-05-11,250.0,189.0,86.0,0.0,0.0
1991-05-12,294.0,211.0,0.0,0.0,0.0
1991-05-13,306.0,206.0,0.0,0.0,0.0
1991-05-14,322.0,194.0,0.0,0.0,0.0
1991-05-15,322.0,189.0,0.0,0.0,0.0
1991-05-16,283.0,206.0,81.0,0.0,0.0
1991-05-17,289.0,200.0,0.0,0.0,0.0
1991-05-18,311.0,200.0,3.0,0.0,0.0
1991-05-19,256.0,206.0,13.0,0.0,0.0
1991-05-20,311.0,200.0,25.0,0.0,0.0
1991-05-21,283.0,200.0,99.0,0.0,0.0
1991-05-22,261.0,206.0,5.0,0.0,0.0
1991-05-23,272.0,206.0,8.0,0.0,0.0
1991-05-24,311.0,217.0,48.0,0.0,0.0
1991-05-25,311.0,228.0,0.0,0.0,0.0
1991-05-26,244.0,206.0,259.0,0.0,0.0
1991-05-27,289.0,172.0,0.0,0.0,0.0
1991-05-28,322.0,194.0,0.0,0.0,0.0
1991-05-29,317.0,222.0,0.0,0.0,0.0
1991-05-30,317.0,206.0,0.0,0.0,0.0
1991-05-31,311.0,217.0,0.0,0.0,0.0
1991-06-01,294.0,211.0,211.0,0.0,0.0
1991-06-02,317.0,200.0,0.0,0.0,0.0
1991-06-03,333.0,222.0,0.0,0.0,0.0
1991-06-04,333.0,200.0,0.0,0.0,0.0
1991-06-05,333.0,206.0,0.0,0.0,0.0
1991-06-06,344.0,189.0,188.0,0.0,0.0
1991-06-07,294.0,200.0,5.0,0.0,0.0
1991-06-08,300.0,172.0,0.0,0.0,0.0
1991-06-09,300.0,161.0,0.0,0.0,0.0
1991-06-10,300.0,206.0,0.0,0.0,0.0
1991-06-11,272.0,200.0,0.0,0.0,0.0
1991-06-12,306.0,228.0,23.0,0.0,0.0
1991-06-13,333.0,222.0,0.0,0.0,0.0
1991-06-14,322.0,228.0,0.0,0.0,0.0
1991-06-15,322.0,233.0,0.0,0.0,0.0
1991-06-16,306.0,206.0,137.0,0.0,0.0
1991-06-17,289.0,189.0,66.0,0.0,0.0
1991-06-18,322.0,200.0,0.0,0.0,0.0
1991-06-19,333.0,200.0,0.0,0.0,0.0
1991-06-20,328.0,194.0,56.0,0.0,0.0
1991-06-21,328.0,206.0,0.0,0.0,0.0
1991-06-22,317.0,222.0,0.0,0.0,0.0
1991-06-23,339.0,217.0,0.0,0.0,0.0
1991-06-24,317.0,211.0,0.0,0.0,0.0
1991-06-25,322.0,211.0,0.0,0.0,0.0
1991-06-26,328.0,217.0,10.0,0.0,0.0
1991-06-27,328.0,200.0,0.0,0.0,0.0
1991-06-28,328.0,200.0,0.0,0.0,0.0
1991-06-29,333.0,211.0,0.0,0.0,0.0
1991-06-30,333.0,217.0,0.0,0.0,0.0
1991-07-01,356.0,217.0,0.0,0.0,0.0
1991-07-02,361.0,217.0,0.0,0.0,0.0
1991-07-03,367.0,222.0,0.0,0.0,0.0
1991-07-04,356.0,211.0,10.0,0.0,0.0
1991-07-05,294.0,211.0,0.0,0.0,0.0
1991-07-06,328.0,211.0,0.0,0.0,0.0
1991-07-07,333.0,211.0,0.0,0.0,0.0
1991-07-08,333.0,228.0,0.0,0.0,0.0
1991-07-09,344.0,228.0,0.0,0.0,0.0
1991-07-10,344.0,228.0,0.0,0.0,0.0
1991-07-11,350.0,233.0,0.0,0.0,0.0
1991-07-12,350.0,239.0,0.0,0.0,0.0
1991-07-13,356.0,228.0,0.0,0.0,0.0
1991-07-14,361.0,206.0,79.0,0.0,0.0
1991-07-15,350.0,217.0,0.0,0.0,0.0
1991-07-16,328.0,194.0,0.0,0.0,0.0
1991-07-17,333.0,211.0,0.0,0.0,0.0
1991-07-18,344.0,211.0,0.0,0.0,0.0
1991-07-19,328.0,183.0,399.0,0.0,0.0
1991-07-20,322.0,200.0,109.0,0.0,0.0
1991-07-21,333.0,206.0,0.0,0.0,0.0
1991-07-22,344.0,228.0,0.0,0.0,0.0
1991-07-23,361.0,228.0,0.0,0.0,0.0
1991-07-24,344.0,228.0,0.0,0.0,0.0
1991-07-25,344.0,217.0,0.0,0.0,0.0
1991-07-26,306.0,217.0,185.0,0.0,0.0
1991-07-27,300.0,200.0,0.0,0.0,0.0
1991-07-28,322.0,206.0,28.0,0.0,0.0
1991-07-29,294.0,211.0,74.0,0.0,0.0
1991-07-30,339.0,217.0,0.0,0.0,0.0
1991-07-31,317.0,161.0,0.0,0.0,0.0
1991-08-01,322.0,161.0,0.0,0.0,0.0
1991-08-02,333.0,167.0,0.0,0.0,0.0
1991-08-03,339.0,172.0,0.0,0.0,0.0
1991-08-04,350.0,211.0,0.0,0.0,0.0
1991-08-05,367.0,222.0,0.0,0.0,0.0
1991-08-06,367.0,222.0,0.0,0.0,0.0
1991-08-07,356.0,206.0,0.0,0.0,0.0
1991-08-08,361.0,222.0,0.0,0.0,0.0
1991-08-09,350.0,228.0,3.0,0.0,0.0
1991-08-10,317.0,206.0,282.0,0.0,0.0
1991-08-11,311.0,200.0,0.0,0.0,0.0
1991-08-12,317.0,189.0,0.0,0.0,0.0
1991-08-13,322.0,194.0,0.0,0.0,0.0
1991-08-14,300.0,161.0,8.0,0.0,0.0
1991-08-15,300.0,183.0,0.0,0.0,0.0
1991-08-16,311.0,194.0,0.0,0.0,0.0
1991-08-17,328.0,206.0,0.0,0.0,0.0
1991-08-18,328.0,211.0,231.0,0.0,0.0
1991-08-19,333.0,172.0,0.0,0.0,0.0
1991-08-20,344.0,178.0,0.0,0.0,0.0
1991-08-21,317.0,194.0,0.0,0.0,0.0
1991-08-22,211.0,172.0,183.0,0.0,0.0
1991-08-23,317.0,178.0,0.0,0.0,0.0
1991-08-24,333.0,189.0,0.0,0.0,0.0
1991-08-25,333.0,194.0,0.0,0.0,0.0
1991-08-26,311.0,206.0,13.0,0.0,0.0
1991-08-27,306.0,211.0,0.0,0.0,0.0
1991-08-28,317.0,217.0,201.0,0.0,0.0
1991-08-29,317.0,217.0,0.0,0.0,0.0
1991-08-30,328.0,217.0,0.0,0.0,0.0
1991-08-31,311.0,217.0,0.0,0.0,0.0
1991-09-01,278.0,217.0,0.0,0.0,0.0
1991-09-02,311.0,222.0,56.0,0.0,0.0
1991-09-03,300.0,222.0,0.0,0.0,0.0
1991-09-04,317.0,217.0,0.0,0.0,0.0
1991-09-05,322.0,211.0,0.0,0.0,0.0
1991-09-06,322.0,211.0,8.0,0.0,0.0
1991-09-07,328.0,217.0,0.0,0.0,0.0
1991-09-08,322.0,217.0,0.0,0.0,0.0
1991-09-09,333.0,222.0,0.0,0.0,0.0
1991-09-10,328.0,222.0,10.0,0.0,0.0
1991-09-11,333.0,217.0,0.0,0.0,0.0
1991-09-12,333.0,194.0,25.0,0.0,0.0
1991-09-13,333.0,206.0,0.0,0.0,0.0
1991-09-14,339.0,211.0,0.0,0.0,0.0
1991-09-15,339.0,211.0,0.0,0.0,0.0
1991-09-16,339.0,222.0,0.0,0.0,0.0
1991-09-17,339.0,211.0,0.0,0.0,0.0
1991-09-18,328.0,211.0,5.0,0.0,0.0
1991-09-19,333.0,117.0,3.0,0.0,0.0
1991-09-20,172.0,83.0,3.0,0.0,0.0
1991-09-21,200.0,83.0,0.0,0.0,0.0
1991-09-22,256.0,100.0,0.0,0.0,0.0
1991-09-23,311.0,167.0,0.0,0.0,0.0
1991-09-24,261.0,178.0,0.0,0.0,0.0
1991-09-25,228.0,111.0,157.0,0.0,0.0
1991-09-26,233.0,83.0,0.0,0.0,0.0
1991-09-27,244.0,67.0,0.0,0.0,0.0
1991-09-28,239.0,72.0,0.0,0.0,0.0
1991-09-29,278.0,78.0,0.0,0.0,0.0
1991-09-30,289.0,111.0,0.0,0.0,0.0
1991-10-01,300.0,139.0,0.0,0.0,0.0
1991-10-02,306.0,156.0,0.0,0.0,0.0
1991-10-03,300.0,167.0,0.0,0.0,0.0
1991-10-04,306.0,167.0,0.0,0.0,0.0
1991-10-05,294.0,139.0,36.0,0.0,0.0
1991-10-06,206.0,56.0,0.0,0.0,0.0
1991-10-07,206.0,22.0,0.0,0.0,0.0
1991-10-08,217.0,28.0,0.0,0.0,0.0
1991-10-09,244.0,56.0,0.0,0.0,0.0
1991-10-10,261.0,61.0,0.0,0.0,0.0
1991-10-11,289.0,67.0,0.0,0.0,0.0
1991-10-12,294.0,78.0,0.0,0.0,0.0
1991-10-13,311.0,128.0,0.0,0.0,0.0
1991-10-14,283.0,150.0,0.0,0.0,0.0
1991-10-15,233.0,67.0,5.0,0.0,0.0
1991-10-16,206.0,22.0,0.0,0.0,0.0
1991-10-17,228.0,28.0,0.0,0.0,0.0
1991-10-18,256.0,89.0,0.0,0.0,0.0
1991-10-19,,,0.0,0.0,0.0
1991-10-20,,,0.0,0.0,0.0
1991-10-21,289.0,67.0,0.0,0.0,0.0
1991-10-22,283.0,72.0,0.0,0.0,0.0
1991-10-23,289.0,111.0,0.0,0.0,0.0
1991-10-24,272.0,178.0,150.0,0.0,0.0
1991-10-25,267.0,183.0,0.0,0.0,0.0
1991-10-26,250.0,189.0,0.0,0.0,0.0
1991-10-27,233.0,172.0,104.0,0.0,0.0
1991-10-28,244.0,194.0,264.0,0.0,0.0
1991-10-29,261.0,211.0,3.0,0.0,0.0
1991-10-30,217.0,178.0,902.0,0.0,0.0
1991-10-31,217.0,122.0,84.0,0.0,0.0
1991-11-01,244.0,22.0,373.0,0.0,0.0
1991-11-02,67.0,-17.0,0.0,0.0,0.0
1991-11-03,106.0,-11.0,0.0,0.0,0.0
1991-11-04,56.0,-72.0,0.0,0.0,0.0
1991-11-05,50.0,-56.0,0.0,0.0,0.0
1991-11-06,117.0,-28.0,0.0,0.0,0.0
1991-11-07,156.0,17.0,0.0,0.0,0.0
1991-11-08,183.0,-33.0,41.0,0.0,0.0
1991-11-09,28.0,-89.0,0.0,0.0,0.0
1991-11-10,83.0,-56.0,0.0,0.0,0.0
1991-11-11,144.0,-22.0,0.0,0.0,0.0
1991-11-12,172.0,17.0,0.0,0.0,0.0
1991-11-13,178.0,6.0,0.0,0.0,0.0
1991-11-14,156.0,44.0,0.0,0.0,0.0
1991-11-15,206.0,117.0,0.0,0.0,0.0
1991-11-16,239.0,144.0,0.0,0.0,0.0
1991-11-17,244.0,167.0,0.0,0.0,0.0
1991-11-18,211.0,178.0,23.0,0.0,0.0
1991-11-19,239.0,183.0,8.0,0.0,0.0
1991-11-20,256.0,128.0,318.0,0.0,0.0
1991-11-21,183.0,78.0,0.0,0.0,0.0
1991-11-22,156.0,28.0,0.0,0.0,0.0
1991-11-23,194.0,56.0,0.0,0.0,0.0
1991-11-24,89.0,-22.0,0.0,0.0,0.0
1991-11-25,117.0,-28.0,0.0,0.0,0.0
1991-11-26,122.0,-6.0,0.0,0.0,0.0
1991-11-27,172.0,33.0,0.0,0.0,0.0
1991-11-28,144.0,78.0,5.0,0.0,0.0
1991-11-29,222.0,122.0,0.0,0.0,0.0
1991-11-30,239.0,156.0,23.0,0.0,0.0
1991-12-01,217.0,61.0,437.0,0.0,0.0
1991-12-02,72.0,33.0,511.0,0.0,0.0
1991-12-03,56.0,28.0,330.0,0.0,0.0
1991-12-04,94.0,-33.0,0.0,0.0,0.0
1991-12-05,117.0,-22.0,0.0,0.0,0.0
1991-12-06,150.0,28.0,0.0,0.0,0.0
1991-12-07,133.0,67.0,0.0,0.0,0.0
1991-12-08,206.0,117.0,0.0,0.0,0.0
1991-12-09,178.0,144.0,234.0,0.0,0.0
1991-12-10,156.0,28.0,76.0,0.0,0.0
1991-12-11,183.0,56.0,0.0,0.0,0.0
1991-12-12,206.0,106.0,0.0,0.0,0.0
1991-12-13,211.0,183.0,145.0,0.0,0.0
1991-12-14,,,0.0,0.0,0.0
1991-12-15,111.0,-44.0,0.0,0.0,0.0
1991-12-16,133.0,-22.0,0.0,0.0,0.0
1991-12-17,156.0,-17.0,0.0,0.0,0.0
1991-12-18,183.0,44.0,0.0,0.0,0.0
1991-12-19,106.0,6.0,0.0,0.0,0.0
1991-12-20,78.0,11.0,0.0,0.0,0.0
1991-12-21,139.0,61.0,20.0,0.0,0.0
1991-12-22,117.0,89.0,33.0,0.0,0.0
1991-12-23,183.0,111.0,236.0,0.0,0.0
1991-12-24,139.0,22.0,0.0,0.0,0.0
1991-12-25,72.0,-33.0,0.0,0.0,0.0
1991-12-26,117.0,-28.0,0.0,0.0,0.0
1991-12-27,94.0,22.0,0.0,0.0,0.0
1991-12-28,72.0,72.0,0.0,0.0,0.0
1991-12-29,94.0,67.0,0.0,0.0,0.0
1991-12-30,106.0,72.0,0.0,0.0,0.0
1991-12-31,111.0,-6.0,0.0,0.0,0.0
1992-01-01,111.0,-11.0,0.0,0.0,0.0
1992-01-02,156.0,17.0,0.0,0.0,0.0
1992-01-03,100.0,-11.0,3.0,0.0,0.0
1992-01-04,139.0,-11.0,0.0,0.0,0.0
1992-01-05,156.0,6.0,0.0,0.0,0.0
1992-01-06,144.0,44.0,0.0,0.0,0.0
1992-01-07,161.0,61.0,0.0,0.0,0.0
1992-01-08,178.0,94.0,152.0,0.0,0.0
1992-01-09,156.0,33.0,8.0,0.0,0.0
1992-01-10,122.0,-28.0,0.0,0.0,0.0
1992-01-11,111.0,-44.0,0.0,0.0,0.0
1992-01-12,100.0,-6.0,257.0,0.0,0.0
1992-01-13,117.0,50.0,3.0,0.0,0.0
1992-01-14,144.0,-17.0,61.0,0.0,0.0
1992-01-15,67.0,-50.0,0.0,0.0,0.0
1992-01-16,94.0,-100.0,0.0,0.0,0.0
1992-01-17,44.0,-94.0,0.0,0.0,0.0
1992-01-18,67.0,-17.0,,0.0,0.0
1992-01-19,-11.0,-83.0,,0.0,0.0
1992-01-20,56.0,-61.0,,0.0,0.0
1992-01-21,106.0,-28.0,,0.0,0.0
1992-01-22,122.0,-22.0,,0.0,0.0
1992-01-23,128.0,56.0,8.0,0.0,0.0
1992-01-24,122.0,-33.0,0.0,0.0,0.0
1992-01-25,139.0,-28.0,0.0,0.0,0.0
1992-01-26,194.0,28.0,0.0,0.0,0.0
1992-01-27,100.0,28.0,76.0,0.0,0.0
1992-01-28,100.0,28.0,117.0,0.0,0.0
1992-01-29,122.0,33.0,0.0,0.0,0.0
1992-01-30,100.0,33.0,15.0,0.0,0.0
1992-01-31,178.0,28.0,0.0,0.0,0.0
1992-02-01,194.0,6.0,0.0,0.0,0.0
1992-02-02,194.0,33.0,0.0,0.0,0.0
1992-02-03,194.0,39.0,0.0,0.0,0.0
1992-02-04,150.0,22.0,147.0,0.0,0.0
1992-02-05,67.0,17.0,13.0,0.0,0.0
1992-02-06,144.0,-6.0,0.0,0.0,0.0
1992-02-07,,,0.0,0.0,0.0
1992-02-08,117.0,-39.0,0.0,0.0,0.0
1992-02-09,94.0,-22.0,0.0,0.0,0.0
1992-02-10,89.0,-17.0,0.0,0.0,0.0
1992-02-11,161.0,44.0,13.0,0.0,0.0
1992-02-12,128.0,78.0,119.0,0.0,0.0
1992-02-13,122.0,94.0,208.0,0.0,0.0
1992-02-14,194.0,117.0,18.0,0.0,0.0
1992-02-15,189.0,144.0,64.0,0.0,0.0
1992-02-16,239.0,44.0,0.0,0.0,0.0
1992-02-17,167.0,67.0,0.0,0.0,0.0
1992-02-18,228.0,72.0,0.0,0.0,0.0
1992-02-19,222.0,28.0,0.0,0.0,0.0
1992-02-20,172.0,-17.0,0.0,0.0,0.0
1992-02-21,200.0,6.0,0.0,0.0,0.0
1992-02-22,217.0,50.0,0.0,0.0,0.0
1992-02-23,183.0,128.0,107.0,0.0,0.0
1992-02-24,183.0,94.0,0.0,0.0,0.0
1992-02-25,183.0,100.0,89.0,0.0,0.0
1992-02-26,100.0,0.0,638.0,0.0,0.0
1992-02-27,122.0,0.0,0.0,0.0,0.0
1992-02-28,189.0,33.0,0.0,0.0,0.0
1992-02-29,222.0,50.0,0.0,0.0,0.0
1992-03-01,200.0,72.0,0.0,0.0,0.0
1992-03-02,244.0,94.0,0.0,0.0,0.0
1992-03-03,261.0,122.0,0.0,0.0,0.0
1992-03-04,161.0,139.0,178.0,0.0,0.0
1992-03-05,228.0,117.0,447.0,0.0,0.0
1992-03-06,244.0,128.0,0.0,0.0,0.0
1992-03-07,228.0,94.0,0.0,0.0,0.0
1992-03-08,283.0,133.0,0.0,0.0,0.0
1992-03-09,233.0,150.0,399.0,0.0,0.0
1992-03-10,172.0,44.0,574.0,0.0,0.0
1992-03-11,89.0,-44.0,0.0,0.0,0.0
1992-03-12,106.0,-28.0,0.0,0.0,0.0
1992-03-13,172.0,-22.0,0.0,0.0,0.0
1992-03-14,150.0,22.0,0.0,0.0,0.0
1992-03-15,211.0,78.0,0.0,0.0,0.0
1992-03-16,167.0,33.0,10.0,0.0,0.0
1992-03-17,183.0,72.0,0.0,0.0,0.0
1992-03-18,233.0,144.0,180.0,0.0,0.0
1992-03-19,233.0,111.0,5.0,0.0,0.0
1992-03-20,128.0,-17.0,0.0,0.0,0.0
1992-03-21,172.0,50.0,0.0,0.0,0.0
1992-03-22,178.0,83.0,3.0,0.0,0.0
1992-03-23,161.0,-6.0,25.0,0.0,0.0
1992-03-24,133.0,-6.0,0.0,0.0,0.0
1992-03-25,172.0,72.0,33.0,0.0,0.0
1992-03-26,183.0,39.0,0.0,0.0,0.0
1992-03-27,239.0,94.0,0.0,0.0,0.0
1992-03-28,156.0,67.0,0.0,0.0,0.0
1992-03-29,217.0,100.0,0.0,0.0,0.0
1992-03-30,228.0,106.0,8.0,0.0,0.0
1992-03-31,133.0,78.0,0.0,0.0,0.0
1992-04-01,189.0,83.0,0.0,0.0,0.0
1992-04-02,139.0,-17.0,0.0,0.0,0.0
1992-04-03,128.0,-22.0,0.0,0.0,0.0
1992-04-04,178.0,44.0,0.0,0.0,0.0
1992-04-05,267.0,106.0,0.0,0.0,0.0
1992-04-06,189.0,106.0,0.0,0.0,0.0
1992-04-07,144.0,94.0,,0.0,0.0
1992-04-08,150.0,50.0,0.0,0.0,0.0
1992-04-09,222.0,61.0,0.0,0.0,0.0
1992-04-10,283.0,144.0,0.0,0.0,0.0
1992-04-11,244.0,117.0,0.0,0.0,0.0
1992-04-12,233.0,106.0,0.0,0.0,0.0
1992-04-13,267.0,106.0,0.0,0.0,0.0
1992-04-14,289.0,117.0,0.0,0.0,0.0
1992-04-15,300.0,167.0,0.0,0.0,0.0
1992-04-16,283.0,178.0,0.0,0.0,0.0
1992-04-17,239.0,167.0,0.0,0.0,0.0
1992-04-18,272.0,178.0,0.0,0.0,0.0
1992-04-19,250.0,178.0,236.0,0.0,0.0
1992-04-20,278.0,178.0,236.0,0.0,0.0
1992-04-21,233.0,78.0,15.0,0.0,0.0
1992-04-22,222.0,100.0,0.0,0.0,0.0
1992-04-23,278.0,128.0,0.0,0.0,0.0
1992-04-24,294.0,183.0,0.0,0.0,0.0
1992-04-25,306.0,117.0,91.0,0.0,0.0
1992-04-26,228.0,44.0,0.0,0.0,0.0
1992-04-27,206.0,22.0,0.0,0.0,0.0
1992-04-28,194.0,33.0,0.0,0.0,0.0
1992-04-29,200.0,100.0,69.0,0.0,0.0
1992-04-30,194.0,100.0,13.0,0.0,0.0
1992-05-01,256.0,139.0,0.0,0.0,0.0
1992-05-02,283.0,172.0,0.0,0.0,0.0
1992-05-03,283.0,172.0,0.0,0.0,0.0
1992-05-04,278.0,94.0,0.0,0.0,0.0
1992-05-05,283.0,133.0,0.0,0.0,0.0
1992-05-06,272.0,56.0,0.0,0.0,0.0
1992-05-07,194.0,28.0,0.0,0.0,0.0
1992-05-08,217.0,33.0,0.0,0.0,0.0
1992-05-09,239.0,78.0,0.0,0.0,0.0
1992-05-10,261.0,111.0,0.0,0.0,0.0
1992-05-11,272.0,156.0,0.0,0.0,0.0
1992-05-12,261.0,156.0,76.0,0.0,0.0
1992-05-13,289.0,172.0,0.0,0.0,0.0
1992-05-14,306.0,161.0,0.0,0.0,0.0
1992-05-15,306.0,178.0,254.0,0.0,0.0
1992-05-16,283.0,172.0,0.0,0.0,0.0
1992-05-17,306.0,194.0,0.0,0.0,0.0
1992-05-18,294.0,189.0,0.0,0.0,0.0
1992-05-19,300.0,183.0,0.0,0.0,0.0
1992-05-20,289.0,178.0,48.0,0.0,0.0
1992-05-21,300.0,178.0,102.0,0.0,0.0
1992-05-22,289.0,189.0,58.0,0.0,0.0
1992-05-23,306.0,167.0,0.0,0.0,0.0
1992-05-24,311.0,161.0,0.0,0.0,0.0
1992-05-25,211.0,128.0,0.0,0.0,0.0
1992-05-26,167.0,167.0,71.0,0.0,0.0
1992-05-27,222.0,133.0,0.0,0.0,0.0
1992-05-28,233.0,122.0,18.0,0.0,0.0
1992-05-29,161.0,128.0,81.0,0.0,0.0
1992-05-30,167.0,100.0,0.0,0.0,0.0
1992-05-31,250.0,122.0,0.0,0.0,0.0
1992-06-01,267.0,178.0,0.0,0.0,0.0
1992-06-02,233.0,172.0,0.0,0.0,0.0
1992-06-03,,,1511.0,0.0,0.0
1992-06-04,261.0,161.0,23.0,0.0,0.0
1992-06-05,261.0,144.0,0.0,0.0,0.0
1992-06-06,294.0,189.0,0.0,0.0,0.0
1992-06-07,317.0,167.0,0.0,0.0,0.0
1992-06-08,306.0,211.0,0.0,0.0,0.0
1992-06-09,278.0,183.0,69.0,0.0,0.0
1992-06-10,317.0,206.0,0.0,0.0,0.0
1992-06-11,328.0,200.0,64.0,0.0,0.0
1992-06-12,306.0,200.0,0.0,0.0,0.0
1992-06-13,278.0,200.0,56.0,0.0,0.0
1992-06-14,289.0,183.0,0.0,0.0,0.0
1992-06-15,317.0,183.0,254.0,0.0,0.0
1992-06-16,317.0,206.0,0.0,0.0,0.0
1992-06-17,328.0,233.0,0.0,0.0,0.0
1992-06-18,328.0,233.0,0.0,0.0,0.0
1992-06-19,333.0,233.0,0.0,0.0,0.0
1992-06-20,333.0,189.0,371.0,0.0,0.0
1992-06-21,306.0,183.0,0.0,0.0,0.0
1992-06-22,250.0,122.0,0.0,0.0,0.0
1992-06-23,261.0,117.0,0.0,0.0,0.0
1992-06-24,294.0,189.0,0.0,0.0,0.0
1992-06-25,328.0,228.0,0.0,0.0,0.0
1992-06-26,328.0,217.0,119.0,0.0,0.0
1992-06-27,306.0,194.0,203.0,0.0,0.0
1992-06-28,306.0,194.0,0.0,0.0,0.0
1992-06-29,300.0,194.0,41.0,0.0,0.0
1992-06-30,294.0,200.0,287.0,0.0,0.0
1992-07-01,289.0,206.0,0.0,0.0,0.0
1992-07-02,328.0,233.0,0.0,0.0,0.0
1992-07-03,333.0,217.0,5.0,0.0,0.0
1992-07-04,328.0,200.0,8.0,0.0,0.0
1992-07-05,328.0,228.0,0.0,0.0,0.0
1992-07-06,328.0,222.0,0.0,0.0,0.0
1992-07-07,333.0,222.0,0.0,0.0,0.0
1992-07-08,339.0,233.0,0.0,0.0,0.0
1992-07-09,328.0,233.0,0.0,0.0,0.0
1992-07-10,333.0,233.0,0.0,0.0,0.0
1992-07-11,333.0,228.0,0.0,0.0,0.0
1992-07-12,328.0,228.0,0.0,0.0,0.0
1992-07-13,333.0,233.0,0.0,0.0,0.0
1992-07-14,333.0,233.0,0.0,0.0,0.0
1992-07-15,317.0,206.0,137.0,0.0,0.0
1992-07-16,322.0,217.0,178.0,0.0,0.0
1992-07-17,317.0,194.0,208.0,0.0,0.0
1992-07-18,300.0,206.0,0.0,0.0,0.0
1992-07-19,311.0,200.0,0.0,0.0,0.0
1992-07-20,328.0,206.0,0.0,0.0,0.0
1992-07-21,328.0,222.0,0.0,0.0,0.0
1992-07-22,311.0,206.0,15.0,0.0,0.0
1992-07-23,294.0,206.0,56.0,0.0,0.0
1992-07-24,333.0,217.0,0.0,0.0,0.0
1992-07-25,339.0,222.0,0.0,0.0,0.0
1992-07-26,317.0,228.0,0.0,0.0,0.0
1992-07-27,322.0,239.0,0.0,0.0,0.0
1992-07-28,311.0,228.0,229.0,0.0,0.0
1992-07-29,294.0,217.0,109.0,0.0,0.0
1992-07-30,300.0,228.0,0.0,0.0,0.0
1992-07-31,328.0,211.0,475.0,0.0,0.0
1992-08-01,328.0,211.0,0.0,0.0,0.0
1992-08-02,306.0,206.0,112.0,0.0,0.0
1992-08-03,311.0,194.0,0.0,0.0,0.0
1992-08-04,317.0,189.0,8.0,0.0,0.0
1992-08-05,311.0,217.0,0.0,0.0,0.0
1992-08-06,300.0,211.0,142.0,0.0,0.0
1992-08-07,300.0,211.0,0.0,0.0,0.0
1992-08-08,328.0,233.0,0.0,0.0,0.0
1992-08-09,333.0,233.0,0.0,0.0,0.0
1992-08-10,339.0,250.0,0.0,0.0,0.0
1992-08-11,344.0,217.0,178.0,0.0,0.0
1992-08-12,278.0,217.0,0.0,0.0,0.0
1992-08-13,278.0,200.0,394.0,0.0,0.0
1992-08-14,294.0,183.0,0.0,0.0,0.0
1992-08-15,267.0,139.0,0.0,0.0,0.0
1992-08-16,256.0,111.0,0.0,0.0,0.0
1992-08-17,250.0,111.0,0.0,0.0,0.0
1992-08-18,267.0,128.0,0.0,0.0,0.0
1992-08-19,272.0,133.0,0.0,0.0,0.0
1992-08-20,267.0,183.0,0.0,0.0,0.0
1992-08-21,294.0,172.0,0.0,0.0,0.0
1992-08-22,,,0.0,0.0,0.0
1992-08-23,300.0,172.0,0.0,0.0,0.0
1992-08-24,317.0,200.0,0.0,0.0,0.0
1992-08-25,322.0,200.0,0.0,0.0,0.0
1992-08-26,328.0,217.0,0.0,0.0,0.0
1992-08-27,300.0,222.0,5.0,0.0,0.0
1992-08-28,283.0,144.0,8.0,0.0,0.0
1992-08-29,267.0,133.0,0.0,0.0,0.0
1992-08-30,289.0,133.0,0.0,0.0,0.0
1992-08-31,294.0,150.0,0.0,0.0,0.0
1992-09-01,306.0,150.0,0.0,0.0,0.0
1992-09-02,294.0,211.0,15.0,0.0,0.0
1992-09-03,300.0,189.0,300.0,0.0,0.0
1992-09-04,283.0,172.0,0.0,0.0,0.0
1992-09-05,306.0,189.0,0.0,0.0,0.0
1992-09-06,317.0,194.0,0.0,0.0,0.0
1992-09-07,322.0,217.0,0.0,0.0,0.0
1992-09-08,328.0,211.0,0.0,0.0,0.0
1992-09-09,333.0,217.0,0.0,0.0,0.0
1992-09-10,328.0,211.0,0.0,0.0,0.0
1992-09-11,267.0,156.0,0.0,0.0,0.0
1992-09-12,278.0,122.0,0.0,0.0,0.0
1992-09-13,289.0,128.0,0.0,0.0,0.0
1992-09-14,278.0,139.0,0.0,0.0,0.0
1992-09-15,289.0,200.0,0.0,0.0,0.0
1992-09-16,306.0,178.0,0.0,0.0,0.0
1992-09-17,317.0,211.0,0.0,0.0,0.0
1992-09-18,294.0,217.0,5.0,0.0,0.0
1992-09-19,322.0,211.0,0.0,0.0,0.0
1992-09-20,272.0,194.0,0.0,0.0,0.0
1992-09-21,317.0,222.0,0.0,0.0,0.0
1992-09-22,267.0,183.0,348.0,0.0,0.0
1992-09-23,,,8.0,0.0,0.0
1992-09-24,233.0,100.0,0.0,0.0,0.0
1992-09-25,206.0,106.0,0.0,0.0,0.0
1992-09-26,244.0,178.0,15.0,0.0,0.0
1992-09-27,250.0,161.0,0.0,0.0,0.0
1992-09-28,261.0,122.0,0.0,0.0,0.0
1992-09-29,256.0,111.0,0.0,0.0,0.0
1992-09-30,233.0,56.0,0.0,0.0,0.0
1992-10-01,239.0,67.0,0.0,0.0,0.0
1992-10-02,256.0,83.0,0.0,0.0,0.0
1992-10-03,261.0,89.0,0.0,0.0,0.0
1992-10-04,267.0,83.0,0.0,0.0,0.0
1992-10-05,272.0,94.0,0.0,0.0,0.0
1992-10-06,272.0,111.0,0.0,0.0,0.0
1992-10-07,250.0,117.0,0.0,0.0,0.0
1992-10-08,256.0,89.0,0.0,0.0,0.0
1992-10-09,206.0,39.0,0.0,0.0,0.0
1992-10-10,250.0,56.0,0.0,0.0,0.0
1992-10-11,239.0,44.0,0.0,0.0,0.0
1992-10-12,233.0,50.0,0.0,0.0,0.0
1992-10-13,278.0,106.0,0.0,0.0,0.0
1992-10-14,300.0,111.0,0.0,0.0,0.0
1992-10-15,289.0,139.0,0.0,0.0,0.0
1992-10-16,278.0,172.0,58.0,0.0,0.0
1992-10-17,217.0,94.0,0.0,0.0,0.0
1992-10-18,189.0,83.0,0.0,0.0,0.0
1992-10-19,206.0,39.0,0.0,0.0,0.0
1992-10-20,200.0,56.0,0.0,0.0,0.0
1992-10-21,228.0,89.0,0.0,0.0,0.0
1992-10-22,272.0,100.0,0.0,0.0,0.0
1992-10-23,278.0,106.0,0.0,0.0,0.0
1992-10-24,278.0,111.0,0.0,0.0,0.0
1992-10-25,283.0,122.0,0.0,0.0,0.0
1992-10-26,294.0,150.0,0.0,0.0,0.0
1992-10-27,300.0,167.0,302.0,0.0,0.0
1992-10-28,206.0,100.0,0.0,0.0,0.0
1992-10-29,250.0,100.0,0.0,0.0,0.0
1992-10-30,244.0,133.0,51.0,0.0,0.0
1992-10-31,256.0,150.0,3.0,0.0,0.0
1992-11-01,261.0,189.0,8.0,0.0,0.0
1992-11-02,206.0,78.0,198.0,0.0,0.0
1992-11-03,211.0,100.0,0.0,0.0,0.0
1992-11-04,256.0,28.0,224.0,0.0,0.0
1992-11-05,94.0,28.0,0.0,0.0,0.0
1992-11-06,94.0,-39.0,0.0,0.0,0.0
1992-11-07,106.0,-17.0,0.0,0.0,0.0
1992-11-08,139.0,0.0,0.0,0.0,0.0
1992-11-09,178.0,67.0,0.0,0.0,0.0
1992-11-10,172.0,67.0,0.0,0.0,0.0
1992-11-11,178.0,117.0,0.0,0.0,0.0
1992-11-12,194.0,156.0,114.0,0.0,0.0
1992-11-13,194.0,6.0,0.0,0.0,0.0
1992-11-14,172.0,0.0,0.0,0.0,0.0
1992-11-15,194.0,28.0,0.0,0.0,0.0
1992-11-16,172.0,61.0,0.0,0.0,0.0
1992-11-17,211.0,56.0,0.0,0.0,0.0
1992-11-18,211.0,56.0,0.0,0.0,0.0
1992-11-19,222.0,111.0,0.0,0.0,0.0
1992-11-20,239.0,111.0,8.0,0.0,0.0
1992-11-21,178.0,156.0,130.0,0.0,0.0
1992-11-22,222.0,83.0,127.0,0.0,0.0
1992-11-23,94.0,6.0,0.0,0.0,0.0
1992-11-24,150.0,22.0,43.0,0.0,0.0
1992-11-25,117.0,33.0,0.0,0.0,0.0
1992-11-26,83.0,17.0,0.0,0.0,0.0
1992-11-27,56.0,17.0,0.0,0.0,0.0
1992-11-28,22.0,6.0,0.0,0.0,0.0
1992-11-29,44.0,-50.0,0.0,0.0,0.0
1992-11-30,111.0,-33.0,0.0,0.0,0.0
1992-12-01,128.0,-28.0,0.0,0.0,0.0
1992-12-02,150.0,6.0,0.0,0.0,0.0
1992-12-03,133.0,-28.0,0.0,0.0,0.0
1992-12-04,144.0,33.0,25.0,0.0,0.0
1992-12-05,150.0,17.0,0.0,0.0,0.0
1992-12-06,22.0,-11.0,36.0,0.0,0.0
1992-12-07,33.0,0.0,0.0,0.0,0.0
1992-12-08,39.0,-22.0,0.0,0.0,0.0
1992-12-09,67.0,-6.0,61.0,0.0,0.0
1992-12-10,78.0,39.0,84.0,0.0,0.0
1992-12-11,167.0,-22.0,0.0,0.0,0.0
1992-12-12,150.0,-6.0,0.0,0.0,0.0
1992-12-13,133.0,39.0,0.0,0.0,0.0
1992-12-14,117.0,56.0,0.0,0.0,0.0
1992-12-15,150.0,117.0,58.0,0.0,0.0
1992-12-16,156.0,-11.0,185.0,0.0,0.0
1992-12-17,78.0,-6.0,0.0,0.0,0.0
1992-12-18,117.0,39.0,0.0,0.0,0.0
1992-12-19,100.0,50.0,0.0,0.0,0.0
1992-12-20,156.0,67.0,302.0,0.0,0.0
1992-12-21,67.0,39.0,15.0,0.0,0.0
1992-12-22,83.0,44.0,5.0,0.0,0.0
1992-12-23,167.0,72.0,147.0,0.0,0.0
1992-12-24,167.0,-6.0,0.0,0.0,0.0
1992-12-25,56.0,-28.0,0.0,0.0,0.0
1992-12-26,50.0,6.0,36.0,0.0,0.0
1992-12-27,61.0,6.0,0.0,0.0,0.0
1992-12-28,94.0,50.0,3.0,0.0,0.0
1992-12-29,150.0,94.0,0.0,0.0,0.0
1992-12-30,228.0,133.0,0.0,0.0,0.0
1992-12-31,,,,0.0,0.0
1993-01-01,206.0,-6.0,18.0,0.0,0.0
1993-01-02,67.0,-11.0,0.0,0.0,0.0
1993-01-03,72.0,-6.0,0.0,0.0,0.0
1993-01-04,189.0,-6.0,3.0,0.0,0.0
1993-01-05,183.0,11.0,178.0,0.0,0.0
1993-01-06,39.0,11.0,0.0,0.0,0.0
1993-01-07,67.0,11.0,0.0,0.0,0.0
1993-01-08,67.0,11.0,97.0,0.0,0.0
1993-01-09,72.0,33.0,0.0,0.0,0.0
1993-01-10,72.0,39.0,86.0,0.0,0.0
1993-01-11,67.0,11.0,69.0,0.0,0.0
1993-01-12,11.0,33.0,46.0,0.0,0.0
1993-01-13,83.0,-11.0,0.0,0.0,0.0
1993-01-14,100.0,-11.0,0.0,0.0,0.0
1993-01-15,44.0,0.0,0.0,0.0,0.0
1993-01-16,,,0.0,0.0,0.0
1993-01-17,139.0,-11.0,0.0,0.0,0.0
1993-01-18,150.0,-6.0,221.0,0.0,0.0
1993-01-19,56.0,-6.0,160.0,0.0,0.0
1993-01-20,56.0,-6.0,81.0,0.0,0.0
1993-01-21,72.0,22.0,142.0,0.0,0.0
1993-01-22,117.0,22.0,0.0,0.0,0.0
1993-01-23,178.0,22.0,0.0,0.0,0.0
1993-01-24,228.0,39.0,145.0,0.0,0.0
1993-01-25,106.0,-28.0,0.0,0.0,0.0
1993-01-26,89.0,-22.0,0.0,0.0,0.0
1993-01-27,111.0,-33.0,0.0,0.0,0.0
1993-01-28,183.0,-28.0,0.0,0.0,0.0
1993-01-29,156.0,67.0,0.0,0.0,0.0
1993-01-30,67.0,-33.0,0.0,0.0,0.0
1993-01-31,106.0,-33.0,0.0,0.0,0.0
1993-02-01,189.0,-6.0,0.0,0.0,0.0
1993-02-02,167.0,-17.0,0.0,0.0,0.0
1993-02-03,139.0,-11.0,0.0,0.0,0.0
1993-02-04,183.0,28.0,0.0,0.0,0.0
1993-02-05,178.0,28.0,0.0,0.0,0.0
1993-02-06,156.0,44.0,0.0,0.0,0.0
1993-02-07,150.0,-22.0,0.0,0.0,0.0
1993-02-08,189.0,-11.0,0.0,0.0,0.0
1993-02-09,217.0,22.0,0.0,0.0,0.0
1993-02-10,217.0,44.0,0.0,0.0,0.0
1993-02-11,156.0,94.0,213.0,0.0,0.0
1993-02-12,167.0,33.0,41.0,0.0,0.0
1993-02-13,94.0,33.0,0.0,0.0,0.0
1993-02-14,156.0,11.0,0.0,0.0,0.0
1993-02-15,133.0,17.0,0.0,0.0,0.0
1993-02-16,94.0,39.0,259.0,0.0,0.0
1993-02-17,78.0,-33.0,0.0,0.0,0.0
1993-02-18,44.0,-61.0,0.0,0.0,0.0
1993-02-19,17.0,-56.0,0.0,0.0,0.0
1993-02-20,44.0,-22.0,0.0,0.0,0.0
1993-02-21,83.0,17.0,33.0,0.0,0.0
1993-02-22,250.0,22.0,0.0,0.0,0.0
1993-02-23,117.0,-28.0,0.0,0.0,0.0
1993-02-24,117.0,-6.0,0.0,0.0,0.0
1993-02-25,111.0,-6.0,0.0,0.0,0.0
1993-02-26,150.0,28.0,152.0,0.0,0.0
1993-02-27,39.0,-44.0,0.0,0.0,0.0
1993-02-28,78.0,-22.0,0.0,0.0,0.0
1993-03-01,111.0,28.0,0.0,0.0,0.0
1993-03-02,128.0,67.0,241.0,0.0,0.0
1993-03-03,217.0,56.0,0.0,0.0,0.0
1993-03-04,122.0,33.0,0.0,0.0,0.0
1993-03-05,100.0,6.0,0.0,0.0,0.0
1993-03-06,150.0,-22.0,0.0,0.0,0.0
1993-03-07,178.0,44.0,0.0,0.0,0.0
1993-03-08,178.0,44.0,0.0,0.0,0.0
1993-03-09,261.0,89.0,0.0,0.0,0.0
1993-03-10,278.0,94.0,0.0,0.0,0.0
1993-03-11,228.0,56.0,0.0,0.0,0.0
1993-03-12,117.0,0.0,0.0,0.0,0.0
1993-03-13,39.0,-22.0,23.0,0.0,0.0
1993-03-14,50.0,-89.0,0.0,0.0,0.0
1993-03-15,106.0,-44.0,0.0,0.0,0.0
1993-03-16,122.0,33.0,56.0,0.0,0.0
1993-03-17,156.0,83.0,180.0,0.0,0.0
1993-03-18,117.0,6.0,0.0,0.0,0.0
1993-03-19,128.0,6.0,0.0,0.0,0.0
1993-03-20,161.0,78.0,122.0,0.0,0.0
1993-03-21,117.0,78.0,155.0,0.0,0.0
1993-03-22,217.0,106.0,0.0,0.0,0.0
1993-03-23,206.0,100.0,30.0,0.0,0.0
1993-03-24,194.0,28.0,0.0,0.0,0.0
1993-03-25,222.0,94.0,0.0,0.0,0.0
1993-03-26,133.0,22.0,0.0,0.0,0.0
1993-03-27,156.0,61.0,0.0,0.0,0.0
1993-03-28,244.0,89.0,0.0,0.0,0.0
1993-03-29,250.0,100.0,0.0,0.0,0.0
1993-03-30,283.0,161.0,0.0,0.0,0.0
1993-03-31,244.0,111.0,76.0,0.0,0.0
1993-04-01,161.0,83.0,0.0,0.0,0.0
1993-04-02,111.0,44.0,0.0,0.0,0.0
1993-04-03,144.0,28.0,0.0,0.0,0.0
1993-04-04,167.0,94.0,0.0,0.0,0.0
1993-04-05,106.0,56.0,160.0,0.0,0.0
1993-04-06,111.0,56.0,0.0,0.0,0.0
1993-04-07,161.0,72.0,0.0,0.0,0.0
1993-04-08,150.0,100.0,696.0,0.0,0.0
1993-04-09,156.0,78.0,315.0,0.0,0.0
1993-04-10,189.0,44.0,0.0,0.0,0.0
1993-04-11,256.0,67.0,0.0,0.0,0.0
1993-04-12,272.0,150.0,0.0,0.0,0.0
1993-04-13,267.0,144.0,0.0,0.0,0.0
1993-04-14,267.0,156.0,0.0,0.0,0.0
1993-04-15,233.0,78.0,503.0,0.0,0.0
1993-04-16,83.0,39.0,8.0,0.0,0.0
1993-04-17,194.0,39.0,0.0,0.0,0.0
1993-04-18,211.0,72.0,18.0,0.0,0.0
1993-04-19,228.0,122.0,0.0,0.0,0.0
1993-04-20,272.0,122.0,71.0,0.0,0.0
1993-04-21,217.0,33.0,0.0,0.0,0.0
1993-04-22,183.0,17.0,0.0,0.0,0.0
1993-04-23,178.0,56.0,0.0,0.0,0.0
1993-04-24,244.0,111.0,0.0,0.0,0.0
1993-04-25,261.0,167.0,0.0,0.0,0.0
1993-04-26,183.0,50.0,251.0,0.0,0.0
1993-04-27,228.0,78.0,0.0,0.0,0.0
1993-04-28,244.0,111.0,0.0,0.0,0.0
1993-04-29,261.0,161.0,0.0,0.0,0.0
1993-04-30,217.0,167.0,102.0,0.0,0.0
1993-05-01,250.0,178.0,0.0,0.0,0.0
1993-05-02,250.0,167.0,114.0,0.0,0.0
1993-05-03,233.0,133.0,0.0,0.0,0.0
1993-05-04,183.0,117.0,0.0,0.0,0.0
1993-05-05,278.0,133.0,0.0,0.0,0.0
1993-05-06,294.0,133.0,0.0,0.0,0.0
1993-05-07,306.0,167.0,0.0,0.0,0.0
1993-05-08,300.0,172.0,0.0,0.0,0.0
1993-05-09,294.0,189.0,0.0,0.0,0.0
1993-05-10,289.0,161.0,269.0,0.0,0.0
1993-05-11,206.0,117.0,13.0,0.0,0.0
1993-05-12,261.0,139.0,10.0,0.0,0.0
1993-05-13,233.0,122.0,13.0,0.0,0.0
1993-05-14,244.0,100.0,0.0,0.0,0.0
1993-05-15,256.0,128.0,0.0,0.0,0.0
1993-05-16,289.0,156.0,0.0,0.0,0.0
1993-05-17,294.0,183.0,0.0,0.0,0.0
1993-05-18,300.0,183.0,0.0,0.0,0.0
1993-05-19,278.0,128.0,135.0,0.0,0.0
1993-05-20,244.0,111.0,0.0,0.0,0.0
1993-05-21,239.0,106.0,0.0,0.0,0.0
1993-05-22,250.0,117.0,0.0,0.0,0.0
1993-05-23,233.0,94.0,0.0,0.0,0.0
1993-05-24,272.0,111.0,0.0,0.0,0.0
1993-05-25,272.0,94.0,224.0,0.0,0.0
1993-05-26,256.0,156.0,5.0,0.0,0.0
1993-05-27,256.0,139.0,0.0,0.0,0.0
1993-05-28,289.0,183.0,0.0,0.0,0.0
1993-05-29,289.0,189.0,0.0,0.0,0.0
1993-05-30,300.0,194.0,10.0,0.0,0.0
1993-05-31,306.0,178.0,13.0,0.0,0.0
1993-06-01,239.0,106.0,0.0,0.0,0.0
1993-06-02,250.0,122.0,0.0,0.0,0.0
1993-06-03,294.0,183.0,0.0,0.0,0.0
1993-06-04,317.0,206.0,0.0,0.0,0.0
1993-06-05,306.0,194.0,0.0,0.0,0.0
1993-06-06,278.0,194.0,0.0,0.0,0.0
1993-06-07,322.0,211.0,0.0,0.0,0.0
1993-06-08,322.0,233.0,0.0,0.0,0.0
1993-06-09,328.0,233.0,0.0,0.0,0.0
1993-06-10,328.0,217.0,0.0,0.0,0.0
1993-06-11,328.0,200.0,0.0,0.0,0.0
1993-06-12,311.0,183.0,91.0,0.0,0.0
1993-06-13,300.0,211.0,0.0,0.0,0.0
1993-06-14,322.0,189.0,0.0,0.0,0.0
1993-06-15,333.0,217.0,0.0,0.0,0.0
1993-06-16,328.0,206.0,0.0,0.0,0.0
1993-06-17,344.0,206.0,0.0,0.0,0.0
1993-06-18,339.0,211.0,0.0,0.0,0.0
1993-06-19,322.0,217.0,0.0,0.0,0.0
1993-06-20,317.0,206.0,127.0,0.0,0.0
1993-06-21,244.0,206.0,76.0,0.0,0.0
1993-06-22,294.0,222.0,15.0,0.0,0.0
1993-06-23,283.0,228.0,15.0,0.0,0.0
1993-06-24,294.0,217.0,0.0,0.0,0.0
1993-06-25,317.0,217.0,0.0,0.0,0.0
1993-06-26,294.0,194.0,25.0,0.0,0.0
1993-06-27,317.0,211.0,0.0,0.0,0.0
1993-06-28,317.0,222.0,0.0,0.0,0.0
1993-06-29,322.0,233.0,0.0,0.0,0.0
1993-06-30,328.0,244.0,0.0,0.0,0.0
1993-07-01,333.0,228.0,0.0,0.0,0.0
1993-07-02,333.0,228.0,0.0,0.0,0.0
1993-07-03,333.0,228.0,0.0,0.0,0.0
1993-07-04,328.0,233.0,0.0,0.0,0.0
1993-07-05,339.0,228.0,0.0,0.0,0.0
1993-07-06,339.0,228.0,0.0,0.0,0.0
1993-07-07,339.0,233.0,0.0,0.0,0.0
1993-07-08,344.0,228.0,0.0,0.0,0.0
1993-07-09,339.0,206.0,0.0,0.0,0.0
1993-07-10,344.0,217.0,0.0,0.0,0.0
1993-07-11,339.0,228.0,0.0,0.0,0.0
1993-07-12,328.0,217.0,81.0,0.0,0.0
1993-07-13,344.0,222.0,0.0,0.0,0.0
1993-07-14,350.0,222.0,0.0,0.0,0.0
1993-07-15,339.0,228.0,0.0,0.0,0.0
1993-07-16,339.0,222.0,18.0,0.0,0.0
1993-07-17,328.0,228.0,0.0,0.0,0.0
1993-07-18,344.0,233.0,0.0,0.0,0.0
1993-07-19,350.0,233.0,0.0,0.0,0.0
1993-07-20,356.0,228.0,0.0,0.0,0.0
1993-07-21,350.0,233.0,8.0,0.0,0.0
1993-07-22,356.0,217.0,0.0,0.0,0.0
1993-07-23,356.0,239.0,0.0,0.0,0.0
1993-07-24,356.0,233.0,0.0,0.0,0.0
1993-07-25,356.0,233.0,0.0,0.0,0.0
1993-07-26,361.0,239.0,0.0,0.0,0.0
1993-07-27,372.0,244.0,0.0,0.0,0.0
1993-07-28,367.0,239.0,0.0,0.0,0.0
1993-07-29,372.0,244.0,0.0,0.0,0.0
1993-07-30,383.0,217.0,0.0,0.0,0.0
1993-07-31,367.0,206.0,0.0,0.0,0.0
1993-08-01,389.0,228.0,0.0,0.0,0.0
1993-08-02,372.0,228.0,0.0,0.0,0.0
1993-08-03,333.0,211.0,13.0,0.0,0.0
1993-08-04,300.0,222.0,0.0,0.0,0.0
1993-08-05,294.0,211.0,30.0,0.0,0.0
1993-08-06,328.0,206.0,406.0,0.0,0.0
1993-08-07,244.0,206.0,259.0,0.0,0.0
1993-08-08,278.0,194.0,0.0,0.0,0.0
1993-08-09,317.0,200.0,0.0,0.0,0.0
1993-08-10,317.0,200.0,0.0,0.0,0.0
1993-08-11,333.0,217.0,0.0,0.0,0.0
1993-08-12,339.0,222.0,0.0,0.0,0.0
1993-08-13,333.0,244.0,0.0,0.0,0.0
1993-08-14,350.0,244.0,0.0,0.0,0.0
1993-08-15,356.0,244.0,0.0,0.0,0.0
1993-08-16,350.0,217.0,0.0,0.0,0.0
1993-08-17,350.0,206.0,0.0,0.0,0.0
1993-08-18,356.0,211.0,0.0,0.0,0.0
1993-08-19,361.0,228.0,0.0,0.0,0.0
1993-08-20,372.0,228.0,0.0,0.0,0.0
1993-08-21,378.0,222.0,0.0,0.0,0.0
1993-08-22,367.0,222.0,0.0,0.0,0.0
1993-08-23,350.0,233.0,0.0,0.0,0.0
1993-08-24,344.0,233.0,0.0,0.0,0.0
1993-08-25,350.0,239.0,0.0,0.0,0.0
1993-08-26,372.0,228.0,0.0,0.0,0.0
1993-08-27,339.0,233.0,0.0,0.0,0.0
1993-08-28,361.0,211.0,0.0,0.0,0.0
1993-08-29,344.0,217.0,0.0,0.0,0.0
1993-08-30,339.0,222.0,0.0,0.0,0.0
1993-08-31,339.0,222.0,119.0,0.0,0.0
1993-09-01,339.0,211.0,69.0,0.0,0.0
1993-09-02,322.0,211.0,23.0,0.0,0.0
1993-09-03,350.0,222.0,0.0,0.0,0.0
1993-09-04,311.0,167.0,0.0,0.0,0.0
1993-09-05,306.0,161.0,0.0,0.0,0.0
1993-09-06,311.0,161.0,0.0,0.0,0.0
1993-09-07,328.0,172.0,0.0,0.0,0.0
1993-09-08,311.0,183.0,0.0,0.0,0.0
1993-09-09,317.0,172.0,0.0,0.0,0.0
1993-09-10,300.0,144.0,0.0,0.0,0.0
1993-09-11,300.0,128.0,0.0,0.0,0.0
1993-09-12,306.0,189.0,0.0,0.0,0.0
1993-09-13,344.0,206.0,0.0,0.0,0.0
1993-09-14,333.0,233.0,10.0,0.0,0.0
1993-09-15,328.0,128.0,41.0,0.0,0.0
1993-09-16,161.0,106.0,0.0,0.0,0.0
1993-09-17,178.0,67.0,0.0,0.0,0.0
1993-09-18,217.0,139.0,0.0,0.0,0.0
1993-09-19,289.0,167.0,0.0,0.0,0.0
1993-09-20,328.0,189.0,0.0,0.0,0.0
1993-09-21,339.0,200.0,0.0,0.0,0.0
1993-09-22,350.0,217.0,0.0,0.0,0.0
1993-09-23,356.0,228.0,0.0,0.0,0.0
1993-09-24,361.0,206.0,0.0,0.0,0.0
1993-09-25,361.0,217.0,0.0,0.0,0.0
1993-09-26,344.0,217.0,0.0,0.0,0.0
1993-09-27,189.0,89.0,513.0,0.0,0.0
1993-09-28,,78.0,0.0,0.0,0.0
1993-09-29,289.0,122.0,0.0,0.0,0.0
1993-09-30,272.0,128.0,0.0,0.0,0.0
1993-10-01,267.0,133.0,0.0,0.0,0.0
1993-10-02,294.0,133.0,0.0,0.0,0.0
1993-10-03,250.0,133.0,211.0,0.0,0.0
1993-10-04,233.0,78.0,0.0,0.0,0.0
1993-10-05,267.0,94.0,0.0,0.0,0.0
1993-10-06,283.0,106.0,0.0,0.0,0.0
1993-10-07,300.0,122.0,0.0,0.0,0.0
1993-10-08,294.0,144.0,0.0,0.0,0.0
1993-10-09,294.0,189.0,30.0,0.0,0.0
1993-10-10,222.0,94.0,0.0,0.0,0.0
1993-10-11,172.0,50.0,0.0,0.0,0.0
1993-10-12,206.0,67.0,0.0,0.0,0.0
1993-10-13,244.0,139.0,0.0,0.0,0.0
1993-10-14,172.0,122.0,18.0,0.0,0.0
1993-10-15,217.0,117.0,0.0,0.0,0.0
1993-10-16,272.0,128.0,0.0,0.0,0.0
1993-10-17,,,,0.0,0.0
1993-10-18,261.0,161.0,,0.0,0.0
1993-10-19,261.0,161.0,0.0,0.0,0.0
1993-10-20,278.0,183.0,119.0,0.0,0.0
1993-10-21,222.0,133.0,58.0,0.0,0.0
1993-10-22,150.0,50.0,15.0,0.0,0.0
1993-10-23,183.0,50.0,0.0,0.0,0.0
1993-10-24,200.0,44.0,0.0,0.0,0.0
1993-10-25,211.0,67.0,0.0,0.0,0.0
1993-10-26,244.0,89.0,0.0,0.0,0.0
1993-10-27,239.0,89.0,0.0,0.0,0.0
1993-10-28,183.0,6.0,0.0,0.0,0.0
1993-10-29,189.0,11.0,0.0,0.0,0.0
1993-10-30,83.0,11.0,99.0,0.0,0.0
1993-10-31,44.0,-44.0,0.0,0.0,0.0
1993-11-01,83.0,-44.0,0.0,0.0,0.0
1993-11-02,133.0,-17.0,0.0,0.0,0.0
1993-11-03,133.0,61.0,20.0,0.0,0.0
1993-11-04,150.0,94.0,5.0,0.0,0.0
1993-11-05,217.0,150.0,0.0,0.0,0.0
1993-11-06,178.0,-22.0,0.0,0.0,0.0
1993-11-07,83.0,-67.0,0.0,0.0,0.0
1993-11-08,100.0,-33.0,0.0,0.0,0.0
1993-11-09,161.0,44.0,0.0,0.0,0.0
1993-11-10,167.0,0.0,0.0,0.0,0.0
1993-11-11,194.0,39.0,0.0,0.0,0.0
1993-11-12,206.0,83.0,10.0,0.0,0.0
1993-11-13,217.0,133.0,3.0,0.0,0.0
1993-11-14,278.0,217.0,3.0,0.0,0.0
1993-11-15,244.0,117.0,378.0,0.0,0.0
1993-11-16,133.0,94.0,0.0,0.0,0.0
1993-11-17,172.0,72.0,424.0,0.0,0.0
1993-11-18,133.0,33.0,0.0,0.0,0.0
1993-11-19,111.0,61.0,0.0,0.0,0.0
1993-11-20,178.0,-17.0,0.0,0.0,0.0
1993-11-21,117.0,-39.0,0.0,0.0,0.0
1993-11-22,150.0,-22.0,0.0,0.0,0.0
1993-11-23,183.0,0.0,0.0,0.0,0.0
1993-11-24,206.0,89.0,0.0,0.0,0.0
1993-11-25,189.0,39.0,51.0,0.0,0.0
1993-11-26,50.0,11.0,94.0,0.0,0.0
1993-11-27,50.0,-67.0,0.0,0.0,0.0
1993-11-28,100.0,-28.0,0.0,0.0,0.0
1993-11-29,167.0,0.0,0.0,0.0,0.0
1993-11-30,167.0,0.0,0.0,0.0,0.0
1993-12-01,156.0,17.0,0.0,0.0,0.0
1993-12-02,206.0,67.0,0.0,0.0,0.0
1993-12-03,167.0,133.0,1039.0,0.0,0.0
1993-12-04,189.0,144.0,203.0,0.0,0.0
1993-12-05,150.0,-6.0,0.0,0.0,0.0
1993-12-06,150.0,6.0,0.0,0.0,0.0
1993-12-07,44.0,-17.0,0.0,0.0,0.0
1993-12-08,150.0,22.0,0.0,0.0,0.0
1993-12-09,189.0,100.0,0.0,0.0,0.0
1993-12-10,183.0,133.0,119.0,0.0,0.0
1993-12-11,206.0,0.0,0.0,0.0,0.0
1993-12-12,100.0,-22.0,0.0,0.0,0.0
1993-12-13,100.0,22.0,122.0,0.0,0.0
1993-12-14,161.0,50.0,109.0,0.0,0.0
1993-12-15,67.0,6.0,0.0,0.0,0.0
1993-12-16,111.0,-22.0,0.0,0.0,0.0
1993-12-17,139.0,-17.0,0.0,0.0,0.0
1993-12-18,150.0,44.0,0.0,0.0,0.0
1993-12-19,139.0,-11.0,0.0,0.0,0.0
1993-12-20,139.0,33.0,38.0,0.0,0.0
1993-12-21,100.0,-44.0,0.0,0.0,0.0
1993-12-22,106.0,-39.0,0.0,0.0,0.0
1993-12-23,83.0,-61.0,56.0,0.0,0.0
1993-12-24,56.0,-67.0,0.0,0.0,0.0
1993-12-25,106.0,-67.0,0.0,0.0,0.0
1993-12-26,117.0,-33.0,0.0,0.0,0.0
1993-12-27,189.0,39.0,0.0,0.0,0.0
1993-12-28,194.0,78.0,46.0,0.0,0.0
1993-12-29,78.0,-11.0,203.0,0.0,0.0
1993-12-30,44.0,-44.0,0.0,0.0,0.0
1993-12-31,72.0,-39.0,0.0,0.0,0.0
1994-01-01,139.0,-17.0,135.0,0.0,0.0
1994-01-02,94.0,17.0,13.0,0.0,0.0
1994-01-03,72.0,33.0,79.0,0.0,0.0
1994-01-04,44.0,-17.0,0.0,0.0,0.0
1994-01-05,28.0,-50.0,0.0,0.0,0.0
1994-01-06,117.0,-28.0,0.0,0.0,0.0
1994-01-07,200.0,-28.0,79.0,0.0,0.0
1994-01-08,33.0,-78.0,0.0,0.0,0.0
1994-01-09,67.0,-72.0,0.0,0.0,0.0
1994-01-10,100.0,-17.0,0.0,0.0,0.0
1994-01-11,144.0,28.0,64.0,0.0,0.0
1994-01-12,106.0,17.0,0.0,0.0,0.0
1994-01-13,128.0,11.0,0.0,0.0,0.0
1994-01-14,122.0,22.0,0.0,0.0,0.0
1994-01-15,94.0,-50.0,0.0,0.0,0.0
1994-01-16,0.0,-61.0,0.0,0.0,0.0
1994-01-17,117.0,-28.0,0.0,0.0,0.0
1994-01-18,28.0,-94.0,0.0,0.0,0.0
1994-01-19,-28.0,-106.0,0.0,0.0,0.0
1994-01-20,22.0,-83.0,0.0,0.0,0.0
1994-01-21,6.0,-61.0,0.0,0.0,0.0
1994-01-22,61.0,-56.0,0.0,0.0,0.0
1994-01-23,133.0,-44.0,0.0,0.0,0.0
1994-01-24,150.0,33.0,0.0,0.0,0.0
1994-01-25,172.0,100.0,13.0,0.0,0.0
1994-01-26,211.0,133.0,183.0,0.0,0.0
1994-01-27,172.0,133.0,1067.0,0.0,0.0
1994-01-28,189.0,11.0,305.0,0.0,0.0
1994-01-29,39.0,-22.0,0.0,0.0,0.0
1994-01-30,78.0,-17.0,0.0,0.0,0.0
1994-01-31,89.0,-39.0,0.0,0.0,0.0
1994-02-01,50.0,-78.0,0.0,0.0,0.0
1994-02-02,56.0,-72.0,0.0,0.0,0.0
1994-02-03,89.0,-33.0,0.0,0.0,0.0
1994-02-04,139.0,11.0,0.0,0.0,0.0
1994-02-05,156.0,83.0,13.0,0.0,0.0
1994-02-06,161.0,17.0,8.0,0.0,0.0
1994-02-07,194.0,22.0,0.0,0.0,0.0
1994-02-08,211.0,72.0,0.0,0.0,0.0
1994-02-09,267.0,56.0,241.0,0.0,0.0
1994-02-10,56.0,-39.0,386.0,,
1994-02-11,,,,0.0,0.0
1994-02-12,,,,0.0,0.0
1994-02-13,,,,0.0,0.0
1994-02-14,83.0,-44.0,0.0,0.0,0.0
1994-02-15,128.0,-33.0,0.0,0.0,0.0
1994-02-16,156.0,-11.0,0.0,0.0,0.0
1994-02-17,178.0,0.0,0.0,0.0,0.0
1994-02-18,211.0,61.0,0.0,0.0,0.0
1994-02-19,194.0,72.0,0.0,0.0,0.0
1994-02-20,217.0,128.0,0.0,0.0,0.0
1994-02-21,167.0,128.0,102.0,0.0,0.0
1994-02-22,178.0,111.0,335.0,0.0,0.0
1994-02-23,172.0,94.0,91.0,0.0,0.0
1994-02-24,117.0,-44.0,0.0,0.0,0.0
1994-02-25,117.0,-11.0,0.0,0.0,0.0
1994-02-26,200.0,-44.0,0.0,0.0,0.0
1994-02-27,39.0,-44.0,0.0,0.0,0.0
1994-02-28,100.0,-6.0,0.0,0.0,0.0
1994-03-01,194.0,56.0,269.0,0.0,0.0
1994-03-02,94.0,44.0,216.0,0.0,0.0
1994-03-03,56.0,-28.0,0.0,0.0,0.0
1994-03-04,178.0,-11.0,0.0,0.0,0.0
1994-03-05,250.0,61.0,0.0,0.0,0.0
1994-03-06,250.0,94.0,0.0,0.0,0.0
1994-03-07,233.0,122.0,33.0,0.0,0.0
1994-03-08,206.0,67.0,0.0,0.0,0.0
1994-03-09,67.0,6.0,389.0,0.0,0.0
1994-03-10,17.0,-22.0,69.0,0.0,0.0
1994-03-11,144.0,-6.0,0.0,0.0,0.0
1994-03-12,189.0,28.0,0.0,0.0,0.0
1994-03-13,194.0,56.0,0.0,0.0,0.0
1994-03-14,200.0,28.0,0.0,0.0,0.0
1994-03-15,228.0,78.0,0.0,0.0,0.0
1994-03-16,244.0,72.0,0.0,0.0,0.0
1994-03-17,183.0,44.0,0.0,0.0,0.0
1994-03-18,233.0,94.0,0.0,0.0,0.0
1994-03-19,272.0,83.0,0.0,0.0,0.0
1994-03-20,256.0,156.0,0.0,0.0,0.0
1994-03-21,267.0,172.0,0.0,0.0,0.0
1994-03-22,233.0,33.0,0.0,0.0,0.0
1994-03-23,239.0,122.0,0.0,0.0,0.0
1994-03-24,233.0,167.0,0.0,0.0,0.0
1994-03-25,239.0,72.0,33.0,0.0,0.0
1994-03-26,178.0,67.0,0.0,0.0,0.0
1994-03-27,217.0,100.0,175.0,0.0,0.0
1994-03-28,106.0,44.0,188.0,0.0,0.0
1994-03-29,144.0,-22.0,0.0,0.0,0.0
1994-03-30,183.0,44.0,0.0,0.0,0.0
1994-03-31,144.0,-17.0,0.0,0.0,0.0
1994-04-01,172.0,44.0,0.0,0.0,0.0
1994-04-02,228.0,94.0,0.0,0.0,0.0
1994-04-03,239.0,133.0,13.0,0.0,0.0
1994-04-04,183.0,28.0,0.0,0.0,0.0
1994-04-05,211.0,39.0,0.0,0.0,0.0
1994-04-06,222.0,61.0,43.0,0.0,0.0
1994-04-07,100.0,-11.0,0.0,0.0,0.0
1994-04-08,161.0,-11.0,0.0,0.0,0.0
1994-04-09,228.0,78.0,0.0,0.0,0.0
1994-04-10,239.0,133.0,0.0,0.0,0.0
1994-04-11,283.0,189.0,0.0,0.0,0.0
1994-04-12,278.0,139.0,315.0,0.0,0.0
1994-04-13,217.0,89.0,0.0,0.0,0.0
1994-04-14,272.0,106.0,0.0,0.0,0.0
1994-04-15,272.0,156.0,0.0,0.0,0.0
1994-04-16,244.0,56.0,5.0,0.0,0.0
1994-04-17,217.0,56.0,0.0,0.0,0.0
1994-04-18,283.0,78.0,0.0,0.0,0.0
1994-04-19,283.0,106.0,0.0,0.0,0.0
1994-04-20,294.0,128.0,0.0,0.0,0.0
1994-04-21,306.0,133.0,0.0,0.0,0.0
1994-04-22,300.0,150.0,0.0,0.0,0.0
1994-04-23,267.0,128.0,0.0,0.0,0.0
1994-04-24,267.0,122.0,0.0,0.0,0.0
1994-04-25,278.0,183.0,0.0,0.0,0.0
1994-04-26,278.0,206.0,0.0,0.0,0.0
1994-04-27,306.0,217.0,0.0,0.0,0.0
1994-04-28,311.0,206.0,0.0,0.0,0.0
1994-04-29,300.0,183.0,0.0,0.0,0.0
1994-04-30,272.0,178.0,41.0,0.0,0.0
1994-05-01,261.0,83.0,0.0,0.0,0.0
1994-05-02,172.0,61.0,0.0,0.0,0.0
1994-05-03,156.0,89.0,447.0,0.0,0.0
1994-05-04,172.0,78.0,0.0,0.0,0.0
1994-05-05,239.0,100.0,0.0,0.0,0.0
1994-05-06,272.0,133.0,0.0,0.0,0.0
1994-05-07,278.0,144.0,0.0,0.0,0.0
1994-05-08,233.0,128.0,46.0,0.0,0.0
1994-05-09,217.0,128.0,0.0,0.0,0.0
1994-05-10,222.0,178.0,38.0,0.0,0.0
1994-05-11,272.0,144.0,0.0,0.0,0.0
1994-05-12,289.0,161.0,0.0,0.0,0.0
1994-05-13,300.0,200.0,69.0,0.0,0.0
1994-05-14,300.0,189.0,284.0,0.0,0.0
1994-05-15,283.0,183.0,236.0,0.0,0.0
1994-05-16,278.0,178.0,0.0,0.0,0.0
1994-05-17,289.0,189.0,0.0,0.0,0.0
1994-05-18,267.0,117.0,0.0,0.0,0.0
1994-05-19,267.0,100.0,0.0,0.0,0.0
1994-05-20,256.0,106.0,0.0,0.0,0.0
1994-05-21,256.0,100.0,0.0,0.0,0.0
1994-05-22,278.0,106.0,0.0,0.0,0.0
1994-05-23,294.0,128.0,0.0,0.0,0.0
1994-05-24,300.0,144.0,0.0,0.0,0.0
1994-05-25,289.0,172.0,0.0,0.0,0.0
1994-05-26,283.0,200.0,193.0,0.0,0.0
1994-05-27,272.0,178.0,5.0,0.0,0.0
1994-05-28,244.0,150.0,0.0,0.0,0.0
1994-05-29,272.0,150.0,0.0,0.0,0.0
1994-05-30,278.0,156.0,8.0,0.0,0.0
1994-05-31,300.0,189.0,112.0,0.0,0.0
1994-06-01,300.0,172.0,0.0,0.0,0.0
1994-06-02,311.0,172.0,0.0,0.0,0.0
1994-06-03,317.0,194.0,0.0,0.0,0.0
1994-06-04,322.0,189.0,97.0,0.0,0.0
1994-06-05,317.0,200.0,0.0,0.0,0.0
1994-06-06,311.0,206.0,511.0,0.0,0.0
1994-06-07,317.0,206.0,3.0,0.0,0.0
1994-06-08,328.0,200.0,198.0,0.0,0.0
1994-06-09,333.0,233.0,0.0,0.0,0.0
1994-06-10,289.0,183.0,117.0,0.0,0.0
1994-06-11,250.0,183.0,0.0,0.0,0.0
1994-06-12,306.0,194.0,0.0,0.0,0.0
1994-06-13,311.0,211.0,51.0,0.0,0.0
1994-06-14,322.0,222.0,0.0,0.0,0.0
1994-06-15,322.0,233.0,0.0,0.0,0.0
1994-06-16,317.0,228.0,0.0,0.0,0.0
1994-06-17,333.0,217.0,0.0,0.0,0.0
1994-06-18,333.0,217.0,0.0,0.0,0.0
1994-06-19,339.0,200.0,0.0,0.0,0.0
1994-06-20,339.0,211.0,0.0,0.0,0.0
1994-06-21,322.0,211.0,8.0,0.0,0.0
1994-06-22,311.0,206.0,30.0,0.0,0.0
1994-06-23,311.0,217.0,15.0,0.0,0.0
1994-06-24,317.0,222.0,51.0,0.0,0.0
1994-06-25,317.0,189.0,0.0,0.0,0.0
1994-06-26,328.0,239.0,0.0,0.0,0.0
1994-06-27,328.0,256.0,0.0,0.0,0.0
1994-06-28,339.0,239.0,0.0,0.0,0.0
1994-06-29,339.0,244.0,0.0,0.0,0.0
1994-06-30,339.0,211.0,155.0,0.0,0.0
1994-07-01,322.0,178.0,109.0,0.0,0.0
1994-07-02,328.0,211.0,0.0,0.0,0.0
1994-07-03,328.0,217.0,0.0,0.0,0.0
1994-07-04,344.0,222.0,0.0,0.0,0.0
1994-07-05,344.0,233.0,0.0,0.0,0.0
1994-07-06,344.0,233.0,0.0,0.0,0.0
1994-07-07,339.0,222.0,0.0,0.0,0.0
1994-07-08,333.0,239.0,15.0,0.0,0.0
1994-07-09,344.0,228.0,0.0,0.0,0.0
1994-07-10,306.0,200.0,0.0,0.0,0.0
1994-07-11,311.0,206.0,0.0,0.0,0.0
1994-07-12,311.0,228.0,0.0,0.0,0.0
1994-07-13,283.0,228.0,241.0,0.0,0.0
1994-07-14,294.0,222.0,163.0,0.0,0.0
1994-07-15,294.0,211.0,0.0,0.0,0.0
1994-07-16,300.0,217.0,0.0,0.0,0.0
1994-07-17,339.0,217.0,81.0,0.0,0.0
1994-07-18,333.0,206.0,142.0,0.0,0.0
1994-07-19,317.0,206.0,0.0,0.0,0.0
1994-07-20,339.0,222.0,140.0,0.0,0.0
1994-07-21,333.0,228.0,0.0,0.0,0.0
1994-07-22,317.0,206.0,112.0,0.0,0.0
1994-07-23,322.0,211.0,0.0,0.0,0.0
1994-07-24,344.0,233.0,0.0,0.0,0.0
1994-07-25,328.0,239.0,0.0,0.0,0.0
1994-07-26,294.0,217.0,533.0,0.0,0.0
1994-07-27,306.0,200.0,216.0,0.0,0.0
1994-07-28,278.0,161.0,0.0,0.0,0.0
1994-07-29,289.0,150.0,0.0,0.0,0.0
1994-07-30,289.0,156.0,0.0,0.0,0.0
1994-07-31,294.0,178.0,0.0,0.0,0.0
1994-08-01,300.0,167.0,0.0,0.0,0.0
1994-08-02,306.0,194.0,0.0,0.0,0.0
1994-08-03,311.0,200.0,0.0,0.0,0.0
1994-08-04,306.0,222.0,0.0,0.0,0.0
1994-08-05,311.0,206.0,30.0,0.0,0.0
1994-08-06,294.0,178.0,0.0,0.0,0.0
1994-08-07,300.0,200.0,0.0,0.0,0.0
1994-08-08,306.0,194.0,0.0,0.0,0.0
1994-08-09,317.0,183.0,0.0,0.0,0.0
1994-08-10,333.0,194.0,0.0,0.0,0.0
1994-08-11,333.0,200.0,0.0,0.0,0.0
1994-08-12,339.0,206.0,0.0,0.0,0.0
1994-08-13,328.0,206.0,0.0,0.0,0.0
1994-08-14,344.0,211.0,0.0,0.0,0.0
1994-08-15,339.0,206.0,84.0,0.0,0.0
1994-08-16,289.0,150.0,0.0,0.0,0.0
1994-08-17,300.0,156.0,0.0,0.0,0.0
1994-08-18,311.0,167.0,0.0,0.0,0.0
1994-08-19,333.0,178.0,0.0,0.0,0.0
1994-08-20,306.0,200.0,117.0,0.0,0.0
1994-08-21,306.0,211.0,180.0,0.0,0.0
1994-08-22,294.0,156.0,0.0,0.0,0.0
1994-08-23,306.0,178.0,0.0,0.0,0.0
1994-08-24,311.0,183.0,0.0,0.0,0.0
1994-08-25,328.0,178.0,0.0,0.0,0.0
1994-08-26,322.0,200.0,0.0,0.0,0.0
1994-08-27,311.0,206.0,0.0,0.0,0.0
1994-08-28,328.0,217.0,0.0,0.0,0.0
1994-08-29,333.0,200.0,0.0,0.0,0.0
1994-08-30,339.0,228.0,0.0,0.0,0.0
1994-08-31,339.0,228.0,0.0,0.0,0.0
1994-09-01,328.0,217.0,48.0,0.0,0.0
1994-09-02,317.0,178.0,0.0,0.0,0.0
1994-09-03,256.0,167.0,0.0,0.0,0.0
1994-09-04,294.0,167.0,0.0,0.0,0.0
1994-09-05,317.0,206.0,0.0,0.0,0.0
1994-09-06,328.0,217.0,89.0,0.0,0.0
1994-09-07,294.0,189.0,8.0,0.0,0.0
1994-09-08,306.0,178.0,0.0,0.0,0.0
1994-09-09,300.0,150.0,0.0,0.0,0.0
1994-09-10,294.0,172.0,0.0,0.0,0.0
1994-09-11,311.0,178.0,0.0,0.0,0.0
1994-09-12,322.0,206.0,0.0,0.0,0.0
1994-09-13,333.0,194.0,0.0,0.0,0.0
1994-09-14,333.0,200.0,0.0,0.0,0.0
1994-09-15,317.0,167.0,0.0,0.0,0.0
1994-09-16,289.0,167.0,0.0,0.0,0.0
1994-09-17,289.0,161.0,152.0,0.0,0.0
1994-09-18,283.0,133.0,0.0,0.0,0.0
1994-09-19,278.0,128.0,0.0,0.0,0.0
1994-09-20,278.0,139.0,0.0,0.0,0.0
1994-09-21,289.0,122.0,0.0,0.0,0.0
1994-09-22,289.0,72.0,0.0,0.0,0.0
1994-09-23,228.0,89.0,0.0,0.0,0.0
1994-09-24,211.0,72.0,0.0,0.0,0.0
1994-09-25,233.0,94.0,0.0,0.0,0.0
1994-09-26,233.0,100.0,0.0,0.0,0.0
1994-09-27,311.0,117.0,0.0,0.0,0.0
1994-09-28,283.0,144.0,0.0,0.0,0.0
1994-09-29,339.0,161.0,0.0,0.0,0.0
1994-09-30,339.0,161.0,0.0,0.0,0.0
1994-10-01,328.0,178.0,0.0,0.0,0.0
1994-10-02,306.0,183.0,56.0,0.0,0.0
1994-10-03,283.0,156.0,64.0,0.0,0.0
1994-10-04,300.0,150.0,0.0,0.0,0.0
1994-10-05,306.0,150.0,0.0,0.0,0.0
1994-10-06,283.0,156.0,0.0,0.0,0.0
1994-10-07,306.0,178.0,0.0,0.0,0.0
1994-10-08,294.0,183.0,0.0,0.0,0.0
1994-10-09,250.0,117.0,69.0,0.0,0.0
1994-10-10,222.0,94.0,0.0,0.0,0.0
1994-10-11,206.0,83.0,513.0,0.0,0.0
1994-10-12,139.0,83.0,785.0,0.0,0.0
1994-10-13,139.0,122.0,13.0,0.0,0.0
1994-10-14,194.0,100.0,5.0,0.0,0.0
1994-10-15,183.0,144.0,8.0,0.0,0.0
1994-10-16,183.0,150.0,69.0,0.0,0.0
1994-10-17,178.0,167.0,119.0,0.0,0.0
1994-10-18,211.0,178.0,5.0,0.0,0.0
1994-10-19,228.0,194.0,41.0,0.0,0.0
1994-10-20,244.0,189.0,0.0,0.0,0.0
1994-10-21,217.0,156.0,180.0,0.0,0.0
1994-10-22,233.0,167.0,269.0,0.0,0.0
1994-10-23,244.0,133.0,0.0,0.0,0.0
1994-10-24,244.0,78.0,0.0,0.0,0.0
1994-10-25,256.0,128.0,0.0,0.0,0.0
1994-10-26,139.0,17.0,104.0,0.0,0.0
1994-10-27,167.0,22.0,0.0,0.0,0.0
1994-10-28,183.0,22.0,0.0,0.0,0.0
1994-10-29,217.0,33.0,0.0,0.0,0.0
1994-10-30,228.0,72.0,0.0,0.0,0.0
1994-10-31,244.0,122.0,0.0,0.0,0.0
1994-11-01,217.0,22.0,0.0,0.0,0.0
1994-11-02,178.0,72.0,0.0,0.0,0.0
1994-11-03,244.0,100.0,0.0,0.0,0.0
1994-11-04,267.0,178.0,0.0,0.0,0.0
1994-11-05,244.0,178.0,239.0,0.0,0.0
1994-11-06,200.0,78.0,3.0,0.0,0.0
1994-11-07,211.0,50.0,0.0,0.0,0.0
1994-11-08,233.0,72.0,0.0,0.0,0.0
1994-11-09,256.0,139.0,0.0,0.0,0.0
1994-11-10,256.0,106.0,254.0,0.0,0.0
1994-11-11,117.0,94.0,0.0,0.0,0.0
1994-11-12,128.0,100.0,15.0,0.0,0.0
1994-11-13,144.0,128.0,0.0,0.0,0.0
1994-11-14,217.0,139.0,0.0,0.0,0.0
1994-11-15,267.0,156.0,0.0,0.0,0.0
1994-11-16,200.0,100.0,15.0,0.0,0.0
1994-11-17,128.0,78.0,0.0,0.0,0.0
1994-11-18,122.0,83.0,0.0,0.0,0.0
1994-11-19,,,0.0,0.0,0.0
1994-11-20,211.0,100.0,0.0,0.0,0.0
1994-11-21,217.0,89.0,84.0,0.0,0.0
1994-11-22,194.0,50.0,0.0,0.0,0.0
1994-11-23,194.0,33.0,0.0,0.0,0.0
1994-11-24,122.0,11.0,0.0,0.0,0.0
1994-11-25,117.0,56.0,0.0,0.0,0.0
1994-11-26,94.0,72.0,46.0,0.0,0.0
1994-11-27,217.0,89.0,84.0,0.0,0.0
1994-11-28,239.0,17.0,132.0,0.0,0.0
1994-11-29,161.0,17.0,0.0,0.0,0.0
1994-11-30,178.0,-22.0,0.0,0.0,0.0
1994-12-01,144.0,-22.0,0.0,0.0,0.0
1994-12-02,161.0,-17.0,0.0,0.0,0.0
1994-12-03,156.0,67.0,0.0,0.0,0.0
1994-12-04,150.0,83.0,8.0,0.0,0.0
1994-12-05,150.0,122.0,3.0,0.0,0.0
1994-12-06,178.0,117.0,3.0,0.0,0.0
1994-12-07,167.0,133.0,0.0,0.0,0.0
1994-12-08,239.0,83.0,135.0,0.0,0.0
1994-12-09,183.0,89.0,20.0,0.0,0.0
1994-12-10,111.0,33.0,328.0,0.0,0.0
1994-12-11,78.0,-28.0,0.0,0.0,0.0
1994-12-12,39.0,-39.0,0.0,0.0,0.0
1994-12-13,78.0,-28.0,0.0,0.0,0.0
1994-12-14,89.0,6.0,89.0,0.0,0.0
1994-12-15,78.0,33.0,292.0,0.0,0.0
1994-12-16,117.0,78.0,109.0,0.0,0.0
1994-12-17,144.0,67.0,10.0,0.0,0.0
1994-12-18,150.0,-6.0,0.0,0.0,0.0
1994-12-19,122.0,-17.0,0.0,0.0,0.0
1994-12-20,133.0,-6.0,0.0,0.0,0.0
1994-12-21,161.0,33.0,23.0,0.0,0.0
1994-12-22,128.0,44.0,0.0,0.0,0.0
1994-12-23,133.0,28.0,0.0,0.0,0.0
1994-12-24,94.0,-11.0,0.0,0.0,0.0
1994-12-25,61.0,-28.0,0.0,0.0,0.0
1994-12-26,72.0,-50.0,0.0,0.0,0.0
1994-12-27,156.0,-33.0,0.0,0.0,0.0
1994-12-28,167.0,-6.0,0.0,0.0,0.0
1994-12-29,144.0,44.0,23.0,0.0,0.0
1994-12-30,117.0,56.0,10.0,0.0,0.0
1994-12-31,94.0,56.0,0.0,0.0,0.0
1995-01-01,117.0,44.0,0.0,0.0,0.0
1995-01-02,72.0,-67.0,0.0,0.0,0.0
1995-01-03,72.0,-67.0,8.0,0.0,0.0
1995-01-04,33.0,-33.0,13.0,0.0,0.0
1995-01-05,11.0,-72.0,0.0,0.0,0.0
1995-01-06,33.0,-44.0,142.0,0.0,0.0
1995-01-07,72.0,22.0,48.0,0.0,0.0
1995-01-08,83.0,-6.0,0.0,0.0,0.0
1995-01-09,167.0,-6.0,0.0,0.0,0.0
1995-01-10,156.0,22.0,0.0,0.0,0.0
1995-01-11,189.0,117.0,0.0,0.0,0.0
1995-01-12,244.0,172.0,0.0,0.0,0.0
1995-01-13,222.0,161.0,41.0,0.0,0.0
1995-01-14,167.0,67.0,18.0,0.0,0.0
1995-01-15,167.0,28.0,86.0,0.0,0.0
1995-01-16,167.0,17.0,0.0,0.0,0.0
1995-01-17,150.0,22.0,0.0,0.0,0.0
1995-01-18,150.0,72.0,366.0,0.0,0.0
1995-01-19,156.0,28.0,455.0,0.0,0.0
1995-01-20,111.0,-6.0,0.0,0.0,0.0
1995-01-21,128.0,-22.0,0.0,0.0,0.0
1995-01-22,150.0,-6.0,0.0,0.0,0.0
1995-01-23,33.0,-33.0,117.0,0.0,0.0
1995-01-24,67.0,-56.0,0.0,0.0,0.0
1995-01-25,133.0,6.0,0.0,0.0,0.0
1995-01-26,144.0,39.0,0.0,0.0,0.0
1995-01-27,144.0,39.0,91.0,0.0,0.0
1995-01-28,167.0,44.0,0.0,0.0,0.0
1995-01-29,44.0,-17.0,13.0,0.0,0.0
1995-01-30,67.0,-22.0,0.0,0.0,0.0
1995-01-31,78.0,-44.0,0.0,0.0,0.0
1995-02-01,144.0,-22.0,0.0,0.0,0.0
1995-02-02,200.0,50.0,0.0,0.0,0.0
1995-02-03,261.0,67.0,0.0,0.0,0.0
1995-02-04,178.0,6.0,0.0,0.0,0.0
1995-02-05,128.0,22.0,0.0,0.0,0.0
1995-02-06,94.0,-33.0,0.0,0.0,0.0
1995-02-07,133.0,17.0,0.0,0.0,0.0
1995-02-08,89.0,-39.0,0.0,0.0,0.0
1995-02-09,67.0,-28.0,0.0,0.0,0.0
1995-02-10,72.0,-6.0,0.0,0.0,0.0
1995-02-11,122.0,17.0,0.0,0.0,0.0
1995-02-12,17.0,-56.0,18.0,0.0,0.0
1995-02-13,17.0,-56.0,0.0,0.0,0.0
1995-02-14,11.0,-11.0,25.0,0.0,0.0
1995-02-15,133.0,-6.0,53.0,0.0,0.0
1995-02-16,183.0,56.0,56.0,0.0,0.0
1995-02-17,56.0,17.0,8.0,0.0,0.0
1995-02-18,100.0,-17.0,3.0,0.0,0.0
1995-02-19,183.0,-17.0,0.0,0.0,0.0
1995-02-20,206.0,-17.0,0.0,0.0,0.0
1995-02-21,233.0,17.0,0.0,0.0,0.0
1995-02-22,206.0,61.0,0.0,0.0,0.0
1995-02-23,206.0,106.0,0.0,0.0,0.0
1995-02-24,217.0,78.0,0.0,0.0,0.0
1995-02-25,139.0,0.0,0.0,0.0,0.0
1995-02-26,211.0,61.0,0.0,0.0,0.0
1995-02-27,189.0,100.0,246.0,0.0,0.0
1995-02-28,239.0,111.0,231.0,0.0,0.0
1995-03-01,111.0,28.0,0.0,0.0,0.0
1995-03-02,50.0,-17.0,0.0,0.0,0.0
1995-03-03,33.0,-17.0,0.0,0.0,0.0
1995-03-04,17.0,-17.0,30.0,0.0,0.0
1995-03-05,150.0,17.0,300.0,0.0,0.0
1995-03-06,183.0,106.0,38.0,0.0,0.0
1995-03-07,239.0,111.0,312.0,0.0,0.0
1995-03-08,161.0,-22.0,173.0,0.0,0.0
1995-03-09,83.0,-33.0,0.0,0.0,0.0
1995-03-10,117.0,-33.0,0.0,0.0,0.0
1995-03-11,172.0,39.0,0.0,0.0,0.0
1995-03-12,211.0,50.0,0.0,0.0,0.0
1995-03-13,233.0,128.0,0.0,0.0,0.0
1995-03-14,228.0,128.0,104.0,0.0,0.0
1995-03-15,156.0,128.0,389.0,0.0,0.0
1995-03-16,161.0,111.0,69.0,0.0,0.0
1995-03-17,206.0,111.0,0.0,0.0,0.0
1995-03-18,244.0,100.0,0.0,0.0,0.0
1995-03-19,256.0,100.0,0.0,0.0,0.0
1995-03-20,272.0,150.0,0.0,0.0,0.0
1995-03-21,250.0,67.0,0.0,0.0,0.0
1995-03-22,267.0,150.0,0.0,0.0,0.0
1995-03-23,317.0,139.0,0.0,0.0,0.0
1995-03-24,306.0,111.0,0.0,0.0,0.0
1995-03-25,206.0,128.0,0.0,0.0,0.0
1995-03-26,250.0,150.0,0.0,0.0,0.0
1995-03-27,244.0,117.0,64.0,0.0,0.0
1995-03-28,228.0,67.0,0.0,0.0,0.0
1995-03-29,178.0,94.0,10.0,0.0,0.0
1995-03-30,156.0,100.0,0.0,0.0,0.0
1995-03-31,189.0,94.0,0.0,0.0,0.0
1995-04-01,150.0,0.0,0.0,0.0,0.0
1995-04-02,211.0,0.0,0.0,0.0,0.0
1995-04-03,256.0,67.0,0.0,0.0,0.0
1995-04-04,244.0,122.0,74.0,0.0,0.0
1995-04-05,194.0,83.0,71.0,0.0,0.0
1995-04-06,183.0,89.0,10.0,0.0,0.0
1995-04-07,233.0,100.0,0.0,0.0,0.0
1995-04-08,267.0,100.0,0.0,0.0,0.0
1995-04-09,272.0,100.0,0.0,0.0,0.0
1995-04-10,294.0,178.0,0.0,0.0,0.0
1995-04-11,272.0,150.0,620.0,0.0,0.0
1995-04-12,183.0,28.0,0.0,0.0,0.0
1995-04-13,294.0,50.0,0.0,0.0,0.0
1995-04-14,228.0,39.0,0.0,0.0,0.0
1995-04-15,250.0,61.0,0.0,0.0,0.0
1995-04-16,261.0,128.0,0.0,0.0,0.0
1995-04-17,261.0,178.0,0.0,0.0,0.0
1995-04-18,261.0,183.0,3.0,0.0,0.0
1995-04-19,256.0,144.0,0.0,0.0,0.0
1995-04-20,272.0,161.0,279.0,0.0,0.0
1995-04-21,239.0,106.0,43.0,0.0,0.0
1995-04-22,267.0,117.0,5.0,0.0,0.0
1995-04-23,161.0,117.0,439.0,0.0,0.0
1995-04-24,144.0,44.0,0.0,0.0,0.0
1995-04-25,194.0,44.0,0.0,0.0,0.0
1995-04-26,217.0,111.0,0.0,0.0,0.0
1995-04-27,239.0,94.0,0.0,0.0,0.0
1995-04-28,211.0,83.0,0.0,0.0,0.0
1995-04-29,228.0,122.0,0.0,0.0,0.0
1995-04-30,256.0,139.0,38.0,0.0,0.0
1995-05-01,178.0,156.0,48.0,0.0,0.0
1995-05-02,228.0,72.0,3.0,0.0,0.0
1995-05-03,194.0,100.0,0.0,0.0,0.0
1995-05-04,200.0,117.0,147.0,0.0,0.0
1995-05-05,233.0,139.0,0.0,0.0,0.0
1995-05-06,244.0,144.0,0.0,0.0,0.0
1995-05-07,256.0,150.0,112.0,0.0,0.0
1995-05-08,261.0,172.0,0.0,0.0,0.0
1995-05-09,228.0,139.0,64.0,0.0,0.0
1995-05-10,294.0,139.0,0.0,0.0,0.0
1995-05-11,300.0,111.0,0.0,0.0,0.0
1995-05-12,228.0,106.0,0.0,0.0,0.0
1995-05-13,261.0,156.0,0.0,0.0,0.0
1995-05-14,317.0,233.0,0.0,0.0,0.0
1995-05-15,300.0,217.0,0.0,0.0,0.0
1995-05-16,322.0,189.0,351.0,0.0,0.0
1995-05-17,311.0,228.0,0.0,0.0,0.0
1995-05-18,300.0,228.0,5.0,0.0,0.0
1995-05-19,294.0,117.0,71.0,0.0,0.0
1995-05-20,183.0,78.0,0.0,0.0,0.0
1995-05-21,261.0,117.0,0.0,0.0,0.0
1995-05-22,283.0,156.0,0.0,0.0,0.0
1995-05-23,306.0,189.0,0.0,0.0,0.0
1995-05-24,311.0,200.0,0.0,0.0,0.0
1995-05-25,311.0,194.0,0.0,0.0,0.0
1995-05-26,317.0,200.0,0.0,0.0,0.0
1995-05-27,317.0,206.0,102.0,0.0,0.0
1995-05-28,317.0,206.0,51.0,0.0,0.0
1995-05-29,317.0,200.0,0.0,0.0,0.0
1995-05-30,244.0,189.0,25.0,0.0,0.0
1995-05-31,261.0,194.0,284.0,0.0,0.0
1995-06-01,261.0,172.0,191.0,0.0,0.0
1995-06-02,228.0,172.0,46.0,0.0,0.0
1995-06-03,317.0,194.0,0.0,0.0,0.0
1995-06-04,322.0,194.0,0.0,0.0,0.0
1995-06-05,328.0,194.0,0.0,0.0,0.0
1995-06-06,333.0,200.0,0.0,0.0,0.0
1995-06-07,322.0,222.0,0.0,0.0,0.0
1995-06-08,311.0,228.0,0.0,0.0,0.0
1995-06-09,322.0,239.0,0.0,0.0,0.0
1995-06-10,333.0,228.0,0.0,0.0,0.0
1995-06-11,328.0,194.0,241.0,0.0,0.0
1995-06-12,267.0,144.0,38.0,0.0,0.0
1995-06-13,261.0,122.0,0.0,0.0,0.0
1995-06-14,272.0,122.0,0.0,0.0,0.0
1995-06-15,294.0,183.0,0.0,0.0,0.0
1995-06-16,306.0,178.0,0.0,0.0,0.0
1995-06-17,306.0,172.0,0.0,0.0,0.0
1995-06-18,322.0,161.0,0.0,0.0,0.0
1995-06-19,311.0,156.0,0.0,0.0,0.0
1995-06-20,317.0,161.0,0.0,0.0,0.0
1995-06-21,311.0,189.0,0.0,0.0,0.0
1995-06-22,300.0,178.0,0.0,0.0,0.0
1995-06-23,317.0,194.0,0.0,0.0,0.0
1995-06-24,328.0,200.0,0.0,0.0,0.0
1995-06-25,317.0,206.0,0.0,0.0,0.0
1995-06-26,317.0,150.0,0.0,0.0,0.0
1995-06-27,339.0,194.0,157.0,0.0,0.0
1995-06-28,317.0,206.0,0.0,0.0,0.0
1995-06-29,322.0,206.0,0.0,0.0,0.0
1995-06-30,322.0,206.0,368.0,0.0,0.0
1995-07-01,283.0,206.0,30.0,0.0,0.0
1995-07-02,283.0,183.0,0.0,0.0,0.0
1995-07-03,300.0,183.0,0.0,0.0,0.0
1995-07-04,322.0,228.0,0.0,0.0,0.0
1995-07-05,289.0,183.0,406.0,0.0,0.0
1995-07-06,206.0,189.0,198.0,0.0,0.0
1995-07-07,306.0,189.0,0.0,0.0,0.0
1995-07-08,339.0,206.0,0.0,0.0,0.0
1995-07-09,344.0,244.0,0.0,0.0,0.0
1995-07-10,339.0,222.0,203.0,0.0,0.0
1995-07-11,344.0,222.0,0.0,0.0,0.0
1995-07-12,344.0,200.0,0.0,0.0,0.0
1995-07-13,350.0,222.0,0.0,0.0,0.0
1995-07-14,356.0,228.0,0.0,0.0,0.0
1995-07-15,344.0,206.0,0.0,0.0,0.0
1995-07-16,344.0,206.0,0.0,0.0,0.0
1995-07-17,328.0,228.0,0.0,0.0,0.0
1995-07-18,344.0,228.0,0.0,0.0,0.0
1995-07-19,339.0,217.0,0.0,0.0,0.0
1995-07-20,333.0,206.0,0.0,0.0,0.0
1995-07-21,333.0,228.0,23.0,0.0,0.0
1995-07-22,333.0,239.0,0.0,0.0,0.0
1995-07-23,344.0,256.0,0.0,0.0,0.0
1995-07-24,333.0,250.0,0.0,0.0,0.0
1995-07-25,344.0,228.0,0.0,0.0,0.0
1995-07-26,350.0,222.0,0.0,0.0,0.0
1995-07-27,356.0,222.0,0.0,0.0,0.0
1995-07-28,356.0,250.0,0.0,0.0,0.0
1995-07-29,378.0,217.0,0.0,0.0,0.0
1995-07-30,328.0,228.0,0.0,0.0,0.0
1995-07-31,333.0,222.0,10.0,0.0,0.0
1995-08-01,322.0,228.0,38.0,0.0,0.0
1995-08-02,328.0,217.0,46.0,0.0,0.0
1995-08-03,350.0,233.0,30.0,0.0,0.0
1995-08-04,339.0,233.0,0.0,0.0,0.0
1995-08-05,278.0,239.0,36.0,0.0,0.0
1995-08-06,339.0,228.0,196.0,0.0,0.0
1995-08-07,333.0,239.0,0.0,0.0,0.0
1995-08-08,339.0,233.0,0.0,0.0,0.0
1995-08-09,339.0,228.0,0.0,0.0,0.0
1995-08-10,344.0,222.0,0.0,0.0,0.0
1995-08-11,344.0,228.0,0.0,0.0,0.0
1995-08-12,356.0,256.0,0.0,0.0,0.0
1995-08-13,356.0,222.0,0.0,0.0,0.0
1995-08-14,361.0,228.0,0.0,0.0,0.0
1995-08-15,350.0,217.0,0.0,0.0,0.0
1995-08-16,350.0,228.0,0.0,0.0,0.0
1995-08-17,372.0,244.0,0.0,0.0,0.0
1995-08-18,378.0,239.0,0.0,0.0,0.0
1995-08-19,378.0,244.0,0.0,0.0,0.0
1995-08-20,378.0,239.0,0.0,0.0,0.0
1995-08-21,378.0,256.0,0.0,0.0,0.0
1995-08-22,350.0,244.0,0.0,0.0,0.0
1995-08-23,350.0,222.0,13.0,0.0,0.0
1995-08-24,350.0,217.0,0.0,0.0,0.0
1995-08-25,361.0,222.0,0.0,0.0,0.0
1995-08-26,356.0,228.0,0.0,0.0,0.0
1995-08-27,367.0,200.0,0.0,0.0,0.0
1995-08-28,367.0,200.0,0.0,0.0,0.0
1995-08-29,361.0,228.0,0.0,0.0,0.0
1995-08-30,378.0,244.0,0.0,0.0,0.0
1995-08-31,378.0,206.0,0.0,0.0,0.0
1995-09-01,383.0,206.0,0.0,0.0,0.0
1995-09-02,383.0,206.0,5.0,0.0,0.0
1995-09-03,383.0,183.0,0.0,0.0,0.0
1995-09-04,383.0,183.0,0.0,0.0,0.0
1995-09-05,228.0,189.0,38.0,0.0,0.0
1995-09-06,328.0,156.0,0.0,0.0,0.0
1995-09-07,333.0,156.0,0.0,0.0,0.0
1995-09-08,322.0,172.0,0.0,0.0,0.0
1995-09-09,311.0,172.0,0.0,0.0,0.0
1995-09-10,278.0,161.0,0.0,0.0,0.0
1995-09-11,267.0,133.0,0.0,0.0,0.0
1995-09-12,317.0,150.0,0.0,0.0,0.0
1995-09-13,333.0,189.0,46.0,0.0,0.0
1995-09-14,333.0,194.0,0.0,0.0,0.0
1995-09-15,344.0,206.0,0.0,0.0,0.0
1995-09-16,344.0,228.0,56.0,0.0,0.0
1995-09-17,344.0,211.0,358.0,0.0,0.0
1995-09-18,339.0,178.0,0.0,0.0,0.0
1995-09-19,333.0,172.0,25.0,0.0,0.0
1995-09-20,339.0,178.0,76.0,0.0,0.0
1995-09-21,250.0,178.0,0.0,0.0,0.0
1995-09-22,228.0,100.0,102.0,0.0,0.0
1995-09-23,228.0,72.0,0.0,0.0,0.0
1995-09-24,228.0,72.0,0.0,0.0,0.0
1995-09-25,256.0,94.0,0.0,0.0,0.0
1995-09-26,244.0,117.0,0.0,0.0,0.0
1995-09-27,256.0,117.0,0.0,0.0,0.0
1995-09-28,294.0,122.0,0.0,0.0,0.0
1995-09-29,306.0,167.0,0.0,0.0,0.0
1995-09-30,317.0,172.0,0.0,0.0,0.0
1995-10-01,322.0,183.0,0.0,0.0,0.0
1995-10-02,294.0,200.0,0.0,0.0,0.0
1995-10-03,322.0,183.0,15.0,0.0,0.0
1995-10-04,244.0,150.0,0.0,0.0,0.0
1995-10-05,256.0,117.0,0.0,0.0,0.0
1995-10-06,311.0,111.0,0.0,0.0,0.0
1995-10-07,228.0,56.0,0.0,0.0,0.0
1995-10-08,244.0,56.0,0.0,0.0,0.0
1995-10-09,250.0,72.0,0.0,0.0,0.0
1995-10-10,300.0,89.0,0.0,0.0,0.0
1995-10-11,306.0,133.0,0.0,0.0,0.0
1995-10-12,311.0,122.0,0.0,0.0,0.0
1995-10-13,306.0,139.0,0.0,0.0,0.0
1995-10-14,256.0,150.0,0.0,0.0,0.0
1995-10-15,239.0,44.0,0.0,0.0,0.0
1995-10-16,278.0,56.0,0.0,0.0,0.0
1995-10-17,317.0,94.0,0.0,0.0,0.0
1995-10-18,300.0,94.0,0.0,0.0,0.0
1995-10-19,294.0,117.0,0.0,0.0,0.0
1995-10-20,294.0,72.0,0.0,0.0,0.0
1995-10-21,206.0,17.0,0.0,0.0,0.0
1995-10-22,250.0,33.0,0.0,0.0,0.0
1995-10-23,272.0,100.0,0.0,0.0,0.0
1995-10-24,283.0,72.0,13.0,0.0,0.0
1995-10-25,228.0,61.0,0.0,0.0,0.0
1995-10-26,228.0,89.0,3.0,0.0,0.0
1995-10-27,244.0,139.0,5.0,0.0,0.0
1995-10-28,239.0,44.0,119.0,0.0,0.0
1995-10-29,228.0,44.0,0.0,0.0,0.0
1995-10-30,206.0,89.0,0.0,0.0,0.0
1995-10-31,139.0,111.0,0.0,0.0,0.0
1995-11-01,233.0,122.0,0.0,0.0,0.0
1995-11-02,261.0,172.0,249.0,0.0,0.0
1995-11-03,256.0,39.0,5.0,0.0,0.0
1995-11-04,106.0,-22.0,0.0,0.0,0.0
1995-11-05,122.0,39.0,0.0,0.0,0.0
1995-11-06,128.0,61.0,36.0,0.0,0.0
1995-11-07,211.0,89.0,94.0,0.0,0.0
1995-11-08,200.0,44.0,0.0,0.0,0.0
1995-11-09,133.0,33.0,0.0,0.0,0.0
1995-11-10,211.0,67.0,0.0,0.0,0.0
1995-11-11,228.0,28.0,94.0,0.0,0.0
1995-11-12,128.0,-28.0,0.0,0.0,0.0
1995-11-13,156.0,28.0,0.0,0.0,0.0
1995-11-14,167.0,0.0,0.0,0.0,0.0
1995-11-15,139.0,17.0,0.0,0.0,0.0
1995-11-16,178.0,28.0,0.0,0.0,0.0
1995-11-17,150.0,0.0,0.0,0.0,0.0
1995-11-18,178.0,22.0,0.0,0.0,0.0
1995-11-19,222.0,61.0,0.0,0.0,0.0
1995-11-20,233.0,67.0,0.0,0.0,0.0
1995-11-21,233.0,17.0,0.0,0.0,0.0
1995-11-22,172.0,-6.0,0.0,0.0,0.0
1995-11-23,200.0,28.0,51.0,0.0,0.0
1995-11-24,150.0,6.0,0.0,0.0,0.0
1995-11-25,122.0,-6.0,0.0,0.0,0.0
1995-11-26,200.0,28.0,0.0,0.0,0.0
1995-11-27,211.0,94.0,0.0,0.0,0.0
1995-11-28,239.0,17.0,0.0,0.0,0.0
1995-11-29,44.0,-28.0,0.0,0.0,0.0
1995-11-30,100.0,-33.0,0.0,0.0,0.0
1995-12-01,172.0,17.0,0.0,0.0,0.0
1995-12-02,217.0,44.0,0.0,0.0,0.0
1995-12-03,233.0,89.0,0.0,0.0,0.0
1995-12-04,239.0,61.0,0.0,0.0,0.0
1995-12-05,189.0,61.0,0.0,0.0,0.0
1995-12-06,217.0,83.0,0.0,0.0,0.0
1995-12-07,89.0,22.0,0.0,0.0,0.0
1995-12-08,106.0,22.0,0.0,0.0,0.0
1995-12-09,44.0,-50.0,437.0,0.0,0.0
1995-12-10,-11.0,-117.0,0.0,0.0,0.0
1995-12-11,22.0,-89.0,0.0,0.0,0.0
1995-12-12,83.0,-44.0,0.0,0.0,0.0
1995-12-13,144.0,-44.0,0.0,0.0,0.0
1995-12-14,228.0,139.0,0.0,0.0,0.0
1995-12-15,239.0,144.0,5.0,0.0,0.0
1995-12-16,228.0,83.0,183.0,0.0,0.0
1995-12-17,128.0,83.0,5.0,0.0,0.0
1995-12-18,178.0,100.0,290.0,0.0,0.0
1995-12-19,161.0,39.0,437.0,0.0,0.0
1995-12-20,56.0,17.0,5.0,0.0,0.0
1995-12-21,22.0,0.0,0.0,0.0,0.0
1995-12-22,22.0,-22.0,0.0,0.0,0.0
1995-12-23,56.0,-22.0,0.0,0.0,0.0
1995-12-24,56.0,-78.0,0.0,0.0,0.0
1995-12-25,78.0,-22.0,0.0,0.0,0.0
1995-12-26,94.0,-61.0,0.0,0.0,0.0
1995-12-27,78.0,-61.0,0.0,0.0,0.0
1995-12-28,72.0,-67.0,0.0,0.0,0.0
1995-12-29,39.0,-72.0,0.0,0.0,0.0
1995-12-30,72.0,-50.0,0.0,0.0,0.0
1995-12-31,122.0,17.0,406.0,0.0,0.0
1996-01-01,183.0,17.0,3.0,0.0,0.0
1996-01-02,111.0,39.0,137.0,0.0,0.0
1996-01-03,39.0,6.0,0.0,0.0,0.0
1996-01-04,17.0,-17.0,0.0,0.0,0.0
1996-01-05,128.0,-6.0,0.0,0.0,0.0
1996-01-06,89.0,-11.0,0.0,0.0,0.0
1996-01-07,-11.0,-100.0,0.0,0.0,0.0
1996-01-08,-17.0,-122.0,0.0,0.0,0.0
1996-01-09,56.0,-106.0,0.0,0.0,0.0
1996-01-10,144.0,-22.0,0.0,0.0,0.0
1996-01-11,144.0,33.0,20.0,0.0,0.0
1996-01-12,139.0,-33.0,41.0,0.0,0.0
1996-01-13,156.0,-33.0,0.0,0.0,0.0
1996-01-14,222.0,-28.0,0.0,0.0,0.0
1996-01-15,228.0,106.0,0.0,0.0,0.0
1996-01-16,194.0,67.0,0.0,0.0,0.0
1996-01-17,200.0,139.0,0.0,0.0,0.0
1996-01-18,222.0,111.0,127.0,0.0,0.0
1996-01-19,117.0,-106.0,20.0,0.0,0.0
1996-01-20,17.0,-100.0,0.0,0.0,0.0
1996-01-21,61.0,-50.0,51.0,0.0,0.0
1996-01-22,72.0,-17.0,0.0,0.0,0.0
1996-01-23,144.0,28.0,0.0,0.0,0.0
1996-01-24,178.0,-33.0,368.0,0.0,0.0
1996-01-25,100.0,-67.0,0.0,0.0,0.0
1996-01-26,133.0,11.0,13.0,0.0,0.0
1996-01-27,211.0,-56.0,0.0,0.0,0.0
1996-01-28,83.0,-50.0,0.0,0.0,0.0
1996-01-29,94.0,-28.0,0.0,0.0,0.0
1996-01-30,167.0,83.0,0.0,0.0,0.0
1996-01-31,89.0,-67.0,0.0,0.0,0.0
1996-02-01,-22.0,-67.0,0.0,0.0,0.0
1996-02-02,-33.0,-61.0,30.0,,33.0
1996-02-03,-50.0,-117.0,0.0,,0.0
1996-02-04,-56.0,-133.0,0.0,,0.0
1996-02-05,-39.0,-128.0,0.0,,0.0
1996-02-06,28.0,-111.0,0.0,,0.0
1996-02-07,72.0,17.0,178.0,,0.0
1996-02-08,178.0,17.0,107.0,,0.0
1996-02-09,200.0,17.0,0.0,0.0,0.0
1996-02-10,233.0,17.0,0.0,0.0,0.0
1996-02-11,239.0,17.0,0.0,0.0,0.0
1996-02-12,183.0,-39.0,0.0,0.0,0.0
1996-02-13,133.0,-33.0,0.0,0.0,0.0
1996-02-14,206.0,-22.0,0.0,0.0,0.0
1996-02-15,250.0,72.0,0.0,0.0,0.0
1996-02-16,111.0,-39.0,0.0,0.0,0.0
1996-02-17,61.0,-44.0,0.0,0.0,0.0
1996-02-18,167.0,-17.0,0.0,0.0,0.0
1996-02-19,150.0,6.0,36.0,0.0,0.0
1996-02-20,167.0,67.0,145.0,0.0,0.0
1996-02-21,256.0,94.0,0.0,0.0,0.0
1996-02-22,256.0,89.0,0.0,0.0,0.0
1996-02-23,256.0,94.0,0.0,0.0,0.0
1996-02-24,278.0,56.0,0.0,0.0,0.0
1996-02-25,211.0,83.0,0.0,0.0,0.0
1996-02-26,267.0,156.0,0.0,0.0,0.0
1996-02-27,261.0,183.0,0.0,0.0,0.0
1996-02-28,256.0,22.0,97.0,0.0,0.0
1996-02-29,67.0,-17.0,0.0,0.0,0.0
1996-03-01,28.0,-17.0,0.0,0.0,0.0
1996-03-02,117.0,6.0,0.0,0.0,0.0
1996-03-03,183.0,17.0,0.0,0.0,0.0
1996-03-04,144.0,17.0,0.0,0.0,0.0
1996-03-05,233.0,111.0,0.0,0.0,0.0
1996-03-06,217.0,161.0,8.0,0.0,0.0
1996-03-07,267.0,-11.0,239.0,0.0,0.0
1996-03-08,56.0,-78.0,0.0,0.0,0.0
1996-03-09,22.0,-106.0,0.0,0.0,0.0
1996-03-10,72.0,-67.0,0.0,0.0,0.0
1996-03-11,111.0,-44.0,0.0,0.0,0.0
1996-03-12,150.0,11.0,0.0,0.0,0.0
1996-03-13,189.0,78.0,0.0,0.0,0.0
1996-03-14,233.0,106.0,0.0,0.0,0.0
1996-03-15,233.0,150.0,0.0,0.0,0.0
1996-03-16,278.0,106.0,84.0,0.0,0.0
1996-03-17,228.0,117.0,0.0,0.0,0.0
1996-03-18,256.0,100.0,15.0,0.0,0.0
1996-03-19,106.0,22.0,236.0,0.0,0.0
1996-03-20,100.0,-17.0,0.0,0.0,0.0
1996-03-21,100.0,-33.0,0.0,0.0,0.0
1996-03-22,156.0,-11.0,0.0,0.0,0.0
1996-03-23,206.0,72.0,0.0,0.0,0.0
1996-03-24,222.0,89.0,0.0,0.0,0.0
1996-03-25,206.0,50.0,508.0,0.0,0.0
1996-03-26,128.0,6.0,20.0,0.0,0.0
1996-03-27,94.0,17.0,0.0,0.0,0.0
1996-03-28,133.0,39.0,25.0,0.0,0.0
1996-03-29,106.0,89.0,8.0,0.0,0.0
1996-03-30,128.0,78.0,61.0,0.0,0.0
1996-03-31,183.0,83.0,366.0,0.0,0.0
1996-04-01,133.0,44.0,0.0,0.0,0.0
1996-04-02,172.0,6.0,0.0,0.0,0.0
1996-04-03,222.0,83.0,0.0,0.0,0.0
1996-04-04,233.0,139.0,8.0,0.0,0.0
1996-04-05,228.0,39.0,0.0,0.0,0.0
1996-04-06,50.0,28.0,112.0,0.0,0.0
1996-04-07,122.0,-17.0,0.0,0.0,0.0
1996-04-08,189.0,-6.0,0.0,0.0,0.0
1996-04-09,194.0,56.0,0.0,0.0,0.0
1996-04-10,167.0,28.0,0.0,0.0,0.0
1996-04-11,217.0,89.0,0.0,0.0,0.0
1996-04-12,250.0,139.0,0.0,0.0,0.0
1996-04-13,233.0,111.0,211.0,0.0,0.0
1996-04-14,222.0,128.0,0.0,0.0,0.0
1996-04-15,244.0,67.0,33.0,0.0,0.0
1996-04-16,178.0,22.0,0.0,0.0,0.0
1996-04-17,239.0,67.0,0.0,0.0,0.0
1996-04-18,233.0,94.0,0.0,0.0,0.0
1996-04-19,267.0,156.0,0.0,0.0,0.0
1996-04-20,300.0,206.0,8.0,0.0,0.0
1996-04-21,306.0,167.0,442.0,0.0,0.0
1996-04-22,278.0,172.0,15.0,0.0,0.0
1996-04-23,278.0,111.0,417.0,0.0,0.0
1996-04-24,217.0,67.0,0.0,0.0,0.0
1996-04-25,250.0,122.0,0.0,0.0,0.0
1996-04-26,278.0,117.0,0.0,0.0,0.0
1996-04-27,283.0,122.0,0.0,0.0,0.0
1996-04-28,289.0,128.0,0.0,0.0,0.0
1996-04-29,294.0,133.0,127.0,0.0,0.0
1996-04-30,167.0,39.0,46.0,0.0,0.0
1996-05-01,211.0,72.0,0.0,0.0,0.0
1996-05-02,256.0,122.0,0.0,0.0,0.0
1996-05-03,256.0,150.0,0.0,0.0,0.0
1996-05-04,278.0,183.0,0.0,0.0,0.0
1996-05-05,294.0,194.0,0.0,0.0,0.0
1996-05-06,294.0,200.0,0.0,0.0,0.0
1996-05-07,294.0,183.0,0.0,0.0,0.0
1996-05-08,294.0,194.0,0.0,0.0,0.0
1996-05-09,294.0,200.0,0.0,0.0,0.0
1996-05-10,306.0,206.0,0.0,0.0,0.0
1996-05-11,300.0,178.0,394.0,0.0,0.0
1996-05-12,222.0,117.0,0.0,0.0,0.0
1996-05-13,233.0,128.0,0.0,0.0,0.0
1996-05-14,233.0,156.0,0.0,0.0,0.0
1996-05-15,278.0,161.0,0.0,0.0,0.0
1996-05-16,294.0,183.0,0.0,0.0,0.0
1996-05-17,300.0,183.0,0.0,0.0,0.0
1996-05-18,300.0,206.0,0.0,0.0,0.0
1996-05-19,317.0,206.0,0.0,0.0,0.0
1996-05-20,306.0,200.0,0.0,0.0,0.0
1996-05-21,311.0,217.0,0.0,0.0,0.0
1996-05-22,322.0,217.0,0.0,0.0,0.0
1996-05-23,278.0,217.0,0.0,0.0,0.0
1996-05-24,328.0,211.0,0.0,0.0,0.0
1996-05-25,322.0,211.0,0.0,0.0,0.0
1996-05-26,328.0,217.0,0.0,0.0,0.0
1996-05-27,322.0,233.0,0.0,0.0,0.0
1996-05-28,306.0,244.0,0.0,0.0,0.0
1996-05-29,322.0,211.0,211.0,0.0,0.0
1996-05-30,283.0,156.0,0.0,0.0,0.0
1996-05-31,278.0,172.0,0.0,0.0,0.0
1996-06-01,278.0,200.0,0.0,0.0,0.0
1996-06-02,267.0,183.0,152.0,0.0,0.0
1996-06-03,294.0,150.0,0.0,0.0,0.0
1996-06-04,306.0,167.0,0.0,0.0,0.0
1996-06-05,278.0,189.0,0.0,0.0,0.0
1996-06-06,306.0,211.0,0.0,0.0,0.0
1996-06-07,306.0,183.0,61.0,0.0,0.0
1996-06-08,278.0,161.0,79.0,0.0,0.0
1996-06-09,306.0,122.0,142.0,0.0,0.0
1996-06-10,306.0,128.0,0.0,0.0,0.0
1996-06-11,294.0,189.0,0.0,0.0,0.0
1996-06-12,300.0,200.0,0.0,0.0,0.0
1996-06-13,317.0,206.0,81.0,0.0,0.0
1996-06-14,272.0,200.0,0.0,0.0,0.0
1996-06-15,311.0,211.0,0.0,0.0,0.0
1996-06-16,333.0,211.0,0.0,0.0,0.0
1996-06-17,339.0,217.0,0.0,0.0,0.0
1996-06-18,339.0,217.0,0.0,0.0,0.0
1996-06-19,311.0,200.0,0.0,0.0,0.0
1996-06-20,311.0,206.0,0.0,0.0,0.0
1996-06-21,328.0,211.0,0.0,0.0,0.0
1996-06-22,350.0,222.0,0.0,0.0,0.0
1996-06-23,339.0,222.0,0.0,0.0,0.0
1996-06-24,339.0,222.0,0.0,0.0,0.0
1996-06-25,317.0,217.0,196.0,0.0,0.0
1996-06-26,317.0,217.0,0.0,0.0,0.0
1996-06-27,333.0,222.0,0.0,0.0,0.0
1996-06-28,317.0,178.0,0.0,0.0,0.0
1996-06-29,328.0,222.0,0.0,0.0,0.0
1996-06-30,339.0,217.0,0.0,0.0,0.0
1996-07-01,344.0,217.0,0.0,0.0,0.0
1996-07-02,339.0,222.0,0.0,0.0,0.0
1996-07-03,350.0,217.0,0.0,0.0,0.0
1996-07-04,356.0,183.0,0.0,0.0,0.0
1996-07-05,322.0,211.0,0.0,0.0,0.0
1996-07-06,306.0,211.0,8.0,0.0,0.0
1996-07-07,328.0,228.0,267.0,0.0,0.0
1996-07-08,339.0,250.0,0.0,0.0,0.0
1996-07-09,328.0,233.0,0.0,0.0,0.0
1996-07-10,328.0,206.0,10.0,0.0,0.0
1996-07-11,272.0,194.0,0.0,0.0,0.0
1996-07-12,306.0,211.0,0.0,0.0,0.0
1996-07-13,294.0,222.0,5.0,0.0,0.0
1996-07-14,294.0,217.0,41.0,0.0,0.0
1996-07-15,283.0,222.0,0.0,0.0,0.0
1996-07-16,333.0,228.0,0.0,0.0,0.0
1996-07-17,339.0,228.0,3.0,0.0,0.0
1996-07-18,339.0,233.0,0.0,0.0,0.0
1996-07-19,333.0,228.0,0.0,0.0,0.0
1996-07-20,344.0,239.0,0.0,0.0,0.0
1996-07-21,350.0,244.0,0.0,0.0,0.0
1996-07-22,356.0,244.0,0.0,0.0,0.0
1996-07-23,367.0,211.0,33.0,0.0,0.0
1996-07-24,333.0,211.0,0.0,0.0,0.0
1996-07-25,333.0,206.0,119.0,0.0,0.0
1996-07-26,317.0,194.0,61.0,0.0,0.0
1996-07-27,311.0,217.0,0.0,0.0,0.0
1996-07-28,278.0,194.0,297.0,0.0,0.0
1996-07-29,311.0,217.0,0.0,0.0,0.0
1996-07-30,328.0,222.0,0.0,0.0,0.0
1996-07-31,289.0,211.0,511.0,0.0,0.0
1996-08-01,261.0,200.0,84.0,0.0,0.0
1996-08-02,311.0,200.0,452.0,0.0,0.0
1996-08-03,306.0,206.0,3.0,0.0,0.0
1996-08-04,306.0,206.0,0.0,0.0,0.0
1996-08-05,328.0,228.0,0.0,0.0,0.0
1996-08-06,328.0,222.0,0.0,0.0,0.0
1996-08-07,328.0,217.0,58.0,0.0,0.0
1996-08-08,333.0,228.0,0.0,0.0,0.0
1996-08-09,339.0,217.0,23.0,0.0,0.0
1996-08-10,317.0,183.0,0.0,0.0,0.0
1996-08-11,306.0,189.0,0.0,0.0,0.0
1996-08-12,256.0,183.0,180.0,0.0,0.0
1996-08-13,289.0,178.0,0.0,0.0,0.0
1996-08-14,306.0,172.0,0.0,0.0,0.0
1996-08-15,311.0,172.0,0.0,0.0,0.0
1996-08-16,311.0,178.0,0.0,0.0,0.0
1996-08-17,317.0,183.0,0.0,0.0,0.0
1996-08-18,322.0,217.0,0.0,0.0,0.0
1996-08-19,322.0,211.0,0.0,0.0,0.0
1996-08-20,,,0.0,0.0,0.0
1996-08-21,333.0,217.0,0.0,0.0,0.0
1996-08-22,328.0,217.0,0.0,0.0,0.0
1996-08-23,289.0,211.0,0.0,0.0,0.0
1996-08-24,317.0,206.0,0.0,0.0,0.0
1996-08-25,322.0,206.0,66.0,0.0,0.0
1996-08-26,322.0,217.0,0.0,0.0,0.0
1996-08-27,322.0,206.0,0.0,0.0,0.0
1996-08-28,,,549.0,0.0,0.0
1996-08-29,300.0,217.0,0.0,0.0,0.0
1996-08-30,267.0,206.0,0.0,0.0,0.0
1996-08-31,306.0,189.0,0.0,0.0,0.0
1996-09-01,294.0,189.0,0.0,0.0,0.0
1996-09-02,217.0,200.0,386.0,0.0,0.0
1996-09-03,261.0,194.0,10.0,0.0,0.0
1996-09-04,283.0,183.0,0.0,0.0,0.0
1996-09-05,306.0,183.0,0.0,0.0,0.0
1996-09-06,311.0,183.0,0.0,0.0,0.0
1996-09-07,317.0,194.0,0.0,0.0,0.0
1996-09-08,322.0,200.0,0.0,0.0,0.0
1996-09-09,328.0,200.0,0.0,0.0,0.0
1996-09-10,317.0,178.0,0.0,0.0,0.0
1996-09-11,311.0,178.0,0.0,0.0,0.0
1996-09-12,317.0,161.0,0.0,0.0,0.0
1996-09-13,322.0,167.0,0.0,0.0,0.0
1996-09-14,267.0,139.0,0.0,0.0,0.0
1996-09-15,289.0,178.0,0.0,0.0,0.0
1996-09-16,278.0,189.0,91.0,0.0,0.0
1996-09-17,306.0,161.0,0.0,0.0,0.0
1996-09-18,222.0,150.0,0.0,0.0,0.0
1996-09-19,278.0,133.0,0.0,0.0,0.0
1996-09-20,278.0,133.0,0.0,0.0,0.0
1996-09-21,278.0,139.0,198.0,0.0,0.0
1996-09-22,283.0,122.0,0.0,0.0,0.0
1996-09-23,294.0,133.0,0.0,0.0,0.0
1996-09-24,306.0,178.0,30.0,0.0,0.0
1996-09-25,306.0,167.0,3.0,0.0,0.0
1996-09-26,294.0,194.0,0.0,0.0,0.0
1996-09-27,294.0,194.0,516.0,0.0,0.0
1996-09-28,206.0,83.0,183.0,0.0,0.0
1996-09-29,228.0,67.0,0.0,0.0,0.0
1996-09-30,244.0,72.0,0.0,0.0,0.0
1996-10-01,261.0,94.0,0.0,0.0,0.0
1996-10-02,256.0,172.0,0.0,0.0,0.0
1996-10-03,289.0,167.0,3.0,0.0,0.0
1996-10-04,194.0,117.0,0.0,0.0,0.0
1996-10-05,239.0,128.0,0.0,0.0,0.0
1996-10-06,244.0,128.0,0.0,0.0,0.0
1996-10-07,261.0,128.0,0.0,0.0,0.0
1996-10-08,261.0,106.0,0.0,0.0,0.0
1996-10-09,239.0,89.0,0.0,0.0,0.0
1996-10-10,239.0,89.0,0.0,0.0,0.0
1996-10-11,217.0,56.0,0.0,0.0,0.0
1996-10-12,217.0,50.0,0.0,0.0,0.0
1996-10-13,244.0,83.0,0.0,0.0,0.0
1996-10-14,261.0,89.0,0.0,0.0,0.0
1996-10-15,267.0,106.0,0.0,0.0,0.0
1996-10-16,261.0,117.0,0.0,0.0,0.0
1996-10-17,272.0,133.0,0.0,0.0,0.0
1996-10-18,283.0,56.0,318.0,0.0,0.0
1996-10-19,189.0,22.0,0.0,0.0,0.0
1996-10-20,206.0,17.0,0.0,0.0,0.0
1996-10-21,217.0,56.0,0.0,0.0,0.0
1996-10-22,261.0,172.0,224.0,0.0,0.0
1996-10-23,183.0,44.0,66.0,0.0,0.0
1996-10-24,211.0,44.0,0.0,0.0,0.0
1996-10-25,217.0,56.0,0.0,0.0,0.0
1996-10-26,211.0,133.0,127.0,0.0,0.0
1996-10-27,261.0,172.0,25.0,0.0,0.0
1996-10-28,300.0,206.0,0.0,0.0,0.0
1996-10-29,261.0,183.0,0.0,0.0,0.0
1996-10-30,261.0,117.0,0.0,0.0,0.0
1996-10-31,244.0,94.0,0.0,0.0,0.0
1996-11-01,244.0,94.0,46.0,0.0,0.0
1996-11-02,100.0,17.0,257.0,0.0,0.0
1996-11-03,150.0,-17.0,0.0,0.0,0.0
1996-11-04,144.0,44.0,0.0,0.0,0.0
1996-11-05,183.0,67.0,0.0,0.0,0.0
1996-11-06,250.0,67.0,0.0,0.0,0.0
1996-11-07,239.0,133.0,173.0,0.0,0.0
1996-11-08,172.0,39.0,69.0,0.0,0.0
1996-11-09,167.0,-11.0,0.0,0.0,0.0
1996-11-10,156.0,11.0,0.0,0.0,0.0
1996-11-11,128.0,17.0,0.0,0.0,0.0
1996-11-12,133.0,50.0,0.0,0.0,0.0
1996-11-13,78.0,39.0,0.0,0.0,0.0
1996-11-14,194.0,67.0,0.0,0.0,0.0
1996-11-15,133.0,67.0,0.0,0.0,0.0
1996-11-16,194.0,94.0,0.0,0.0,0.0
1996-11-17,194.0,94.0,0.0,0.0,0.0
1996-11-18,161.0,83.0,102.0,0.0,0.0
1996-11-19,133.0,83.0,0.0,0.0,0.0
1996-11-20,106.0,89.0,0.0,0.0,0.0
1996-11-21,156.0,211.0,15.0,0.0,0.0
1996-11-22,211.0,56.0,0.0,0.0,0.0
1996-11-23,128.0,44.0,0.0,0.0,0.0
1996-11-24,178.0,61.0,0.0,0.0,0.0
1996-11-25,228.0,61.0,178.0,0.0,0.0
1996-11-26,61.0,28.0,8.0,0.0,0.0
1996-11-27,89.0,-22.0,0.0,0.0,0.0
1996-11-28,89.0,-28.0,0.0,0.0,0.0
1996-11-29,133.0,-28.0,0.0,0.0,0.0
1996-11-30,178.0,78.0,366.0,0.0,0.0
1996-12-01,189.0,56.0,112.0,0.0,0.0
1996-12-02,83.0,0.0,0.0,0.0,0.0
1996-12-03,139.0,17.0,0.0,0.0,0.0
1996-12-04,172.0,22.0,0.0,0.0,0.0
1996-12-05,111.0,28.0,51.0,0.0,0.0
1996-12-06,161.0,78.0,0.0,0.0,0.0
1996-12-07,239.0,72.0,0.0,0.0,0.0
1996-12-08,178.0,0.0,0.0,0.0,0.0
1996-12-09,178.0,17.0,0.0,0.0,0.0
1996-12-10,211.0,78.0,0.0,0.0,0.0
1996-12-11,228.0,133.0,0.0,0.0,0.0
1996-12-12,244.0,178.0,0.0,0.0,0.0
1996-12-13,233.0,89.0,0.0,0.0,0.0
1996-12-14,139.0,50.0,0.0,0.0,0.0
1996-12-15,194.0,61.0,0.0,0.0,0.0
1996-12-16,150.0,11.0,282.0,0.0,0.0
1996-12-17,22.0,-11.0,165.0,0.0,0.0
1996-12-18,83.0,-44.0,0.0,0.0,0.0
1996-12-19,11.0,-100.0,0.0,0.0,0.0
1996-12-20,11.0,-106.0,0.0,0.0,0.0
1996-12-21,50.0,-106.0,0.0,0.0,0.0
1996-12-22,139.0,-100.0,0.0,0.0,0.0
1996-12-23,178.0,-100.0,0.0,0.0,0.0
1996-12-24,206.0,-6.0,224.0,0.0,0.0
1996-12-25,50.0,-50.0,0.0,0.0,0.0
1996-12-26,78.0,-44.0,18.0,0.0,0.0
1996-12-27,,,,0.0,0.0
1996-12-28,,,0.0,0.0,0.0
1996-12-29,200.0,28.0,381.0,0.0,0.0
1996-12-30,239.0,28.0,0.0,0.0,0.0
1996-12-31,244.0,28.0,3.0,0.0,0.0
1997-01-01,167.0,128.0,0.0,0.0,0.0
1997-01-02,183.0,106.0,0.0,0.0,0.0
1997-01-03,194.0,139.0,0.0,0.0,0.0
1997-01-04,233.0,172.0,0.0,0.0,0.0
1997-01-05,261.0,56.0,99.0,0.0,0.0
1997-01-06,156.0,44.0,5.0,0.0,0.0
1997-01-07,61.0,-17.0,97.0,0.0,0.0
1997-01-08,22.0,-11.0,203.0,0.0,0.0
1997-01-09,6.0,0.0,185.0,0.0,0.0
1997-01-10,28.0,-28.0,0.0,0.0,0.0
1997-01-11,17.0,-100.0,0.0,0.0,0.0
1997-01-12,17.0,-100.0,0.0,0.0,0.0
1997-01-13,,,0.0,0.0,0.0
1997-01-14,17.0,-100.0,0.0,0.0,0.0
1997-01-15,6.0,-61.0,8.0,0.0,0.0
1997-01-16,78.0,-44.0,152.0,0.0,0.0
1997-01-17,28.0,-100.0,0.0,0.0,0.0
1997-01-18,17.0,-106.0,0.0,0.0,0.0
1997-01-19,61.0,-94.0,0.0,0.0,0.0
1997-01-20,167.0,-94.0,0.0,0.0,0.0
1997-01-21,206.0,22.0,0.0,0.0,0.0
1997-01-22,161.0,117.0,46.0,0.0,0.0
1997-01-23,239.0,78.0,0.0,0.0,0.0
1997-01-24,144.0,89.0,0.0,0.0,0.0
1997-01-25,228.0,17.0,0.0,0.0,0.0
1997-01-26,222.0,17.0,0.0,0.0,0.0
1997-01-27,172.0,-11.0,20.0,0.0,0.0
1997-01-28,222.0,-44.0,234.0,0.0,0.0
1997-01-29,17.0,-67.0,0.0,0.0,0.0
1997-01-30,78.0,-67.0,0.0,0.0,0.0
1997-01-31,150.0,-67.0,0.0,0.0,0.0
1997-02-01,211.0,72.0,0.0,0.0,0.0
1997-02-02,217.0,44.0,0.0,0.0,0.0
1997-02-03,167.0,22.0,0.0,0.0,0.0
1997-02-04,200.0,44.0,0.0,0.0,0.0
1997-02-05,228.0,17.0,0.0,0.0,0.0
1997-02-06,106.0,6.0,0.0,0.0,0.0
1997-02-07,50.0,28.0,160.0,0.0,0.0
1997-02-08,50.0,17.0,226.0,0.0,0.0
1997-02-09,56.0,0.0,0.0,0.0,0.0
1997-02-10,33.0,0.0,8.0,0.0,0.0
1997-02-11,56.0,-17.0,0.0,0.0,0.0
1997-02-12,128.0,0.0,8.0,0.0,0.0
1997-02-13,61.0,11.0,51.0,0.0,0.0
1997-02-14,61.0,6.0,0.0,0.0,0.0
1997-02-15,-11.0,139.0,0.0,0.0,0.0
1997-02-16,22.0,172.0,0.0,0.0,0.0
1997-02-17,189.0,-22.0,0.0,0.0,0.0
1997-02-18,206.0,50.0,0.0,0.0,0.0
1997-02-19,200.0,78.0,0.0,0.0,0.0
1997-02-20,183.0,128.0,0.0,0.0,0.0
1997-02-21,233.0,128.0,249.0,0.0,0.0
1997-02-22,228.0,11.0,0.0,0.0,0.0
1997-02-23,228.0,-6.0,0.0,0.0,0.0
1997-02-24,233.0,-6.0,0.0,0.0,0.0
1997-02-25,161.0,61.0,64.0,0.0,0.0
1997-02-26,144.0,72.0,66.0,0.0,0.0
1997-02-27,233.0,61.0,160.0,0.0,0.0
1997-02-28,150.0,67.0,0.0,0.0,0.0
1997-03-01,222.0,117.0,8.0,0.0,0.0
1997-03-02,244.0,122.0,668.0,0.0,0.0
1997-03-03,139.0,56.0,229.0,0.0,0.0
1997-03-04,139.0,67.0,0.0,0.0,0.0
1997-03-05,261.0,94.0,102.0,0.0,0.0
1997-03-06,206.0,-6.0,81.0,0.0,0.0
1997-03-07,161.0,17.0,0.0,0.0,0.0
1997-03-08,194.0,89.0,0.0,0.0,0.0
1997-03-09,206.0,128.0,0.0,0.0,0.0
1997-03-10,250.0,117.0,51.0,0.0,0.0
1997-03-11,156.0,78.0,0.0,0.0,0.0
1997-03-12,211.0,94.0,0.0,0.0,0.0
1997-03-13,233.0,144.0,104.0,0.0,0.0
1997-03-14,206.0,139.0,43.0,0.0,0.0
1997-03-15,206.0,6.0,0.0,0.0,0.0
1997-03-16,111.0,11.0,0.0,0.0,0.0
1997-03-17,150.0,44.0,25.0,0.0,0.0
1997-03-18,228.0,94.0,0.0,0.0,0.0
1997-03-19,217.0,94.0,165.0,0.0,0.0
1997-03-20,100.0,50.0,0.0,0.0,0.0
1997-03-21,217.0,72.0,0.0,0.0,0.0
1997-03-22,283.0,106.0,0.0,0.0,0.0
1997-03-23,211.0,67.0,0.0,0.0,0.0
1997-03-24,222.0,111.0,0.0,0.0,0.0
1997-03-25,256.0,139.0,0.0,0.0,0.0
1997-03-26,233.0,89.0,102.0,0.0,0.0
1997-03-27,194.0,33.0,0.0,0.0,0.0
1997-03-28,233.0,178.0,41.0,0.0,0.0
1997-03-29,294.0,83.0,0.0,0.0,0.0
1997-03-30,267.0,144.0,0.0,0.0,0.0
1997-03-31,189.0,44.0,0.0,0.0,0.0
1997-04-01,206.0,44.0,0.0,0.0,0.0
1997-04-02,217.0,89.0,0.0,0.0,0.0
1997-04-03,256.0,94.0,0.0,0.0,0.0
1997-04-04,261.0,156.0,5.0,0.0,0.0
1997-04-05,206.0,172.0,1402.0,0.0,0.0
1997-04-06,222.0,117.0,38.0,0.0,0.0
1997-04-07,233.0,33.0,0.0,0.0,0.0
1997-04-08,183.0,67.0,0.0,0.0,0.0
1997-04-09,156.0,83.0,0.0,0.0,0.0
1997-04-10,150.0,61.0,0.0,0.0,0.0
1997-04-11,233.0,72.0,0.0,0.0,0.0
1997-04-12,222.0,56.0,76.0,0.0,0.0
1997-04-13,133.0,-6.0,0.0,0.0,0.0
1997-04-14,144.0,-6.0,0.0,0.0,0.0
1997-04-15,172.0,17.0,0.0,0.0,0.0
1997-04-16,222.0,44.0,0.0,0.0,0.0
1997-04-17,244.0,67.0,0.0,0.0,0.0
1997-04-18,194.0,28.0,0.0,0.0,0.0
1997-04-19,244.0,100.0,0.0,0.0,0.0
1997-04-20,261.0,117.0,0.0,0.0,0.0
1997-04-21,278.0,144.0,0.0,0.0,0.0
1997-04-22,278.0,144.0,0.0,0.0,0.0
1997-04-23,178.0,67.0,226.0,0.0,0.0
1997-04-24,194.0,39.0,5.0,0.0,0.0
1997-04-25,211.0,83.0,0.0,0.0,0.0
1997-04-26,194.0,111.0,279.0,0.0,0.0
1997-04-27,144.0,117.0,236.0,0.0,0.0
1997-04-28,167.0,117.0,424.0,0.0,0.0
1997-04-29,144.0,56.0,38.0,0.0,0.0
1997-04-30,233.0,67.0,0.0,0.0,0.0
1997-05-01,283.0,78.0,0.0,0.0,0.0
1997-05-02,244.0,128.0,0.0,0.0,0.0
1997-05-03,217.0,111.0,569.0,0.0,0.0
1997-05-04,228.0,61.0,0.0,0.0,0.0
1997-05-05,239.0,117.0,0.0,0.0,0.0
1997-05-06,233.0,128.0,0.0,0.0,0.0
1997-05-07,283.0,156.0,0.0,0.0,0.0
1997-05-08,272.0,172.0,0.0,0.0,0.0
1997-05-09,278.0,150.0,0.0,0.0,0.0
1997-05-10,233.0,78.0,0.0,0.0,0.0
1997-05-11,239.0,61.0,0.0,0.0,0.0
1997-05-12,250.0,83.0,0.0,0.0,0.0
1997-05-13,233.0,44.0,0.0,0.0,0.0
1997-05-14,256.0,94.0,0.0,0.0,0.0
1997-05-15,289.0,106.0,0.0,0.0,0.0
1997-05-16,267.0,111.0,0.0,0.0,0.0
1997-05-17,267.0,117.0,0.0,0.0,0.0
1997-05-18,300.0,172.0,0.0,0.0,0.0
1997-05-19,,,0.0,0.0,0.0
1997-05-20,306.0,172.0,284.0,0.0,0.0
1997-05-21,233.0,139.0,43.0,0.0,0.0
1997-05-22,239.0,128.0,0.0,0.0,0.0
1997-05-23,239.0,133.0,0.0,0.0,0.0
1997-05-24,278.0,167.0,13.0,0.0,0.0
1997-05-25,250.0,200.0,170.0,0.0,0.0
1997-05-26,289.0,211.0,0.0,0.0,0.0
1997-05-27,283.0,189.0,251.0,0.0,0.0
1997-05-28,306.0,183.0,142.0,0.0,0.0
1997-05-29,267.0,156.0,0.0,0.0,0.0
1997-05-30,278.0,167.0,0.0,0.0,0.0
1997-05-31,283.0,172.0,142.0,0.0,0.0
1997-06-01,239.0,128.0,0.0,0.0,0.0
1997-06-02,261.0,133.0,0.0,0.0,0.0
1997-06-03,250.0,128.0,0.0,0.0,0.0
1997-06-04,283.0,161.0,0.0,0.0,0.0
1997-06-05,283.0,161.0,0.0,0.0,0.0
1997-06-06,272.0,128.0,0.0,0.0,0.0
1997-06-07,278.0,133.0,0.0,0.0,0.0
1997-06-08,283.0,172.0,0.0,0.0,0.0
1997-06-09,317.0,200.0,0.0,0.0,0.0
1997-06-10,261.0,194.0,140.0,0.0,0.0
1997-06-11,261.0,194.0,0.0,0.0,0.0
1997-06-12,267.0,167.0,0.0,0.0,0.0
1997-06-13,283.0,172.0,132.0,0.0,0.0
1997-06-14,322.0,150.0,0.0,0.0,0.0
1997-06-15,333.0,211.0,0.0,0.0,0.0
1997-06-16,200.0,311.0,0.0,0.0,0.0
1997-06-17,311.0,194.0,472.0,0.0,0.0
1997-06-18,289.0,194.0,124.0,0.0,0.0
1997-06-19,300.0,183.0,0.0,0.0,0.0
1997-06-20,317.0,217.0,0.0,0.0,0.0
1997-06-21,322.0,211.0,0.0,0.0,0.0
1997-06-22,317.0,256.0,0.0,0.0,0.0
1997-06-23,333.0,206.0,0.0,0.0,0.0
1997-06-24,339.0,222.0,0.0,0.0,0.0
1997-06-25,350.0,256.0,0.0,0.0,0.0
1997-06-26,344.0,217.0,381.0,0.0,0.0
1997-06-27,322.0,244.0,0.0,0.0,0.0
1997-06-28,344.0,211.0,0.0,0.0,0.0
1997-06-29,333.0,206.0,424.0,0.0,0.0
1997-06-30,317.0,211.0,30.0,0.0,0.0
1997-07-01,328.0,233.0,0.0,0.0,0.0
1997-07-02,333.0,244.0,0.0,0.0,0.0
1997-07-03,339.0,228.0,0.0,0.0,0.0
1997-07-04,344.0,228.0,0.0,0.0,0.0
1997-07-05,344.0,194.0,0.0,0.0,0.0
1997-07-06,344.0,161.0,0.0,0.0,0.0
1997-07-07,344.0,211.0,0.0,0.0,0.0
1997-07-08,300.0,206.0,0.0,0.0,0.0
1997-07-09,333.0,211.0,0.0,0.0,0.0
1997-07-10,328.0,217.0,0.0,0.0,0.0
1997-07-11,333.0,233.0,0.0,0.0,0.0
1997-07-12,322.0,228.0,20.0,0.0,0.0
1997-07-13,344.0,233.0,20.0,0.0,0.0
1997-07-14,344.0,217.0,0.0,0.0,0.0
1997-07-15,344.0,211.0,0.0,0.0,0.0
1997-07-16,317.0,217.0,0.0,0.0,0.0
1997-07-17,344.0,211.0,0.0,0.0,0.0
1997-07-18,350.0,222.0,0.0,0.0,0.0
1997-07-19,339.0,217.0,0.0,0.0,0.0
1997-07-20,344.0,217.0,0.0,0.0,0.0
1997-07-21,350.0,211.0,0.0,0.0,0.0
1997-07-22,356.0,228.0,0.0,0.0,0.0
1997-07-23,361.0,222.0,0.0,0.0,0.0
1997-07-24,361.0,222.0,3.0,0.0,0.0
1997-07-25,361.0,239.0,0.0,0.0,0.0
1997-07-26,367.0,233.0,0.0,0.0,0.0
1997-07-27,367.0,239.0,0.0,0.0,0.0
1997-07-28,372.0,244.0,0.0,0.0,0.0
1997-07-29,372.0,233.0,0.0,0.0,0.0
1997-07-30,372.0,217.0,427.0,0.0,0.0
1997-07-31,378.0,211.0,0.0,0.0,0.0
1997-08-01,311.0,211.0,0.0,0.0,0.0
1997-08-02,294.0,161.0,0.0,0.0,0.0
1997-08-03,306.0,178.0,0.0,0.0,0.0
1997-08-04,322.0,183.0,0.0,0.0,0.0
1997-08-05,344.0,217.0,0.0,0.0,0.0
1997-08-06,333.0,183.0,0.0,0.0,0.0
1997-08-07,306.0,200.0,0.0,0.0,0.0
1997-08-08,256.0,178.0,10.0,0.0,0.0
1997-08-09,250.0,172.0,102.0,0.0,0.0
1997-08-10,294.0,178.0,51.0,0.0,0.0
1997-08-11,322.0,211.0,0.0,0.0,0.0
1997-08-12,317.0,239.0,0.0,0.0,0.0
1997-08-13,328.0,244.0,0.0,0.0,0.0
1997-08-14,339.0,217.0,3.0,0.0,0.0
1997-08-15,333.0,233.0,0.0,0.0,0.0
1997-08-16,328.0,244.0,0.0,0.0,0.0
1997-08-17,339.0,244.0,0.0,0.0,0.0
1997-08-18,344.0,233.0,0.0,0.0,0.0
1997-08-19,328.0,233.0,0.0,0.0,0.0
1997-08-20,344.0,244.0,0.0,0.0,0.0
1997-08-21,344.0,194.0,15.0,0.0,0.0
1997-08-22,317.0,172.0,0.0,0.0,0.0
1997-08-23,317.0,161.0,8.0,0.0,0.0
1997-08-24,300.0,156.0,0.0,0.0,0.0
1997-08-25,311.0,144.0,0.0,0.0,0.0
1997-08-26,317.0,156.0,0.0,0.0,0.0
1997-08-27,339.0,178.0,0.0,0.0,0.0
1997-08-28,339.0,178.0,0.0,0.0,0.0
1997-08-29,344.0,194.0,0.0,0.0,0.0
1997-08-30,356.0,211.0,0.0,0.0,0.0
1997-08-31,,,0.0,0.0,0.0
1997-09-01,356.0,222.0,0.0,0.0,0.0
1997-09-02,350.0,211.0,0.0,0.0,0.0
1997-09-03,317.0,211.0,38.0,0.0,0.0
1997-09-04,333.0,161.0,0.0,0.0,0.0
1997-09-05,267.0,128.0,0.0,0.0,0.0
1997-09-06,300.0,150.0,0.0,0.0,0.0
1997-09-07,328.0,200.0,0.0,0.0,0.0
1997-09-08,333.0,211.0,0.0,0.0,0.0
1997-09-09,311.0,200.0,20.0,0.0,0.0
1997-09-10,339.0,183.0,0.0,0.0,0.0
1997-09-11,300.0,128.0,0.0,0.0,0.0
1997-09-12,300.0,128.0,0.0,0.0,0.0
1997-09-13,306.0,178.0,0.0,0.0,0.0
1997-09-14,328.0,178.0,0.0,0.0,0.0
1997-09-15,333.0,194.0,0.0,0.0,0.0
1997-09-16,339.0,206.0,0.0,0.0,0.0
1997-09-17,350.0,206.0,0.0,0.0,0.0
1997-09-18,344.0,217.0,0.0,0.0,0.0
1997-09-19,350.0,200.0,0.0,0.0,0.0
1997-09-20,344.0,200.0,0.0,0.0,0.0
1997-09-21,361.0,172.0,0.0,0.0,0.0
1997-09-22,361.0,172.0,0.0,0.0,0.0
1997-09-23,361.0,172.0,432.0,0.0,0.0
1997-09-24,361.0,167.0,0.0,0.0,0.0
1997-09-25,350.0,167.0,13.0,0.0,0.0
1997-09-26,261.0,106.0,0.0,0.0,0.0
1997-09-27,289.0,106.0,0.0,0.0,0.0
1997-09-28,300.0,117.0,0.0,0.0,0.0
1997-09-29,311.0,122.0,0.0,0.0,0.0
1997-09-30,306.0,139.0,0.0,0.0,0.0
1997-10-01,328.0,178.0,0.0,0.0,0.0
1997-10-02,328.0,111.0,0.0,0.0,0.0
1997-10-03,300.0,122.0,0.0,0.0,0.0
1997-10-04,311.0,122.0,0.0,0.0,0.0
1997-10-05,306.0,122.0,0.0,0.0,0.0
1997-10-06,311.0,167.0,0.0,0.0,0.0
1997-10-07,322.0,172.0,0.0,0.0,0.0
1997-10-08,317.0,217.0,0.0,0.0,0.0
1997-10-09,311.0,206.0,0.0,0.0,0.0
1997-10-10,306.0,211.0,0.0,0.0,0.0
1997-10-11,300.0,189.0,0.0,0.0,0.0
1997-10-12,311.0,189.0,0.0,0.0,0.0
1997-10-13,311.0,144.0,64.0,0.0,0.0
1997-10-14,150.0,50.0,183.0,0.0,0.0
1997-10-15,217.0,33.0,0.0,0.0,0.0
1997-10-16,211.0,39.0,0.0,0.0,0.0
1997-10-17,206.0,67.0,0.0,0.0,0.0
1997-10-18,200.0,22.0,0.0,0.0,0.0
1997-10-19,200.0,28.0,0.0,0.0,0.0
1997-10-20,228.0,28.0,0.0,0.0,0.0
1997-10-21,278.0,28.0,0.0,0.0,0.0
1997-10-22,189.0,50.0,0.0,0.0,0.0
1997-10-23,194.0,56.0,0.0,0.0,0.0
1997-10-24,200.0,78.0,625.0,0.0,0.0
1997-10-25,256.0,150.0,0.0,0.0,0.0
1997-10-26,272.0,94.0,33.0,0.0,0.0
1997-10-27,133.0,33.0,0.0,0.0,0.0
1997-10-28,100.0,0.0,0.0,0.0,0.0
1997-10-29,150.0,6.0,0.0,0.0,0.0
1997-10-30,194.0,22.0,0.0,0.0,0.0
1997-10-31,228.0,22.0,0.0,0.0,0.0
1997-11-01,233.0,22.0,36.0,0.0,0.0
1997-11-02,206.0,44.0,0.0,0.0,0.0
1997-11-03,200.0,61.0,0.0,0.0,0.0
1997-11-04,156.0,6.0,0.0,0.0,0.0
1997-11-05,178.0,78.0,38.0,0.0,0.0
1997-11-06,178.0,61.0,208.0,0.0,0.0
1997-11-07,100.0,67.0,0.0,0.0,0.0
1997-11-08,117.0,22.0,0.0,0.0,0.0
1997-11-09,133.0,-6.0,0.0,0.0,0.0
1997-11-10,144.0,44.0,0.0,0.0,0.0
1997-11-11,117.0,67.0,0.0,0.0,0.0
1997-11-12,106.0,67.0,43.0,0.0,0.0
1997-11-13,111.0,44.0,109.0,0.0,0.0
1997-11-14,56.0,33.0,64.0,0.0,0.0
1997-11-15,78.0,17.0,8.0,0.0,0.0
1997-11-16,78.0,-50.0,0.0,0.0,0.0
1997-11-17,78.0,-56.0,0.0,0.0,0.0
1997-11-18,94.0,0.0,0.0,0.0,0.0
1997-11-19,156.0,-11.0,0.0,0.0,0.0
1997-11-20,167.0,-11.0,0.0,0.0,0.0
1997-11-21,172.0,-11.0,3.0,0.0,0.0
1997-11-22,167.0,-11.0,0.0,0.0,0.0
1997-11-23,172.0,-11.0,0.0,0.0,0.0
1997-11-24,178.0,22.0,0.0,0.0,0.0
1997-11-25,200.0,83.0,0.0,0.0,0.0
1997-11-26,183.0,106.0,0.0,0.0,0.0
1997-11-27,206.0,106.0,0.0,0.0,0.0
1997-11-28,233.0,144.0,0.0,0.0,0.0
1997-11-29,217.0,144.0,229.0,0.0,0.0
1997-11-30,228.0,50.0,8.0,0.0,0.0
1997-12-01,122.0,61.0,0.0,0.0,0.0
1997-12-02,133.0,100.0,0.0,0.0,0.0
1997-12-03,122.0,56.0,127.0,0.0,0.0
1997-12-04,122.0,44.0,25.0,0.0,0.0
1997-12-05,,,0.0,0.0,0.0
1997-12-06,128.0,-56.0,0.0,0.0,0.0
1997-12-07,78.0,-56.0,0.0,0.0,0.0
1997-12-08,78.0,-56.0,160.0,0.0,0.0
1997-12-09,61.0,22.0,5.0,0.0,0.0
1997-12-10,200.0,28.0,0.0,0.0,0.0
1997-12-11,56.0,17.0,0.0,0.0,0.0
1997-12-12,44.0,22.0,0.0,0.0,0.0
1997-12-13,44.0,6.0,0.0,0.0,0.0
1997-12-14,39.0,-33.0,0.0,0.0,0.0
1997-12-15,89.0,-44.0,0.0,0.0,0.0
1997-12-16,139.0,-44.0,0.0,0.0,0.0
1997-12-17,167.0,0.0,0.0,0.0,0.0
1997-12-18,172.0,-22.0,0.0,0.0,0.0
1997-12-19,178.0,-11.0,0.0,0.0,0.0
1997-12-20,211.0,67.0,0.0,0.0,0.0
1997-12-21,217.0,72.0,320.0,0.0,0.0
1997-12-22,,,0.0,0.0,0.0
1997-12-23,167.0,22.0,0.0,0.0,0.0
1997-12-24,156.0,22.0,381.0,0.0,0.0
1997-12-25,167.0,17.0,0.0,0.0,0.0
1997-12-26,167.0,22.0,0.0,0.0,0.0
1997-12-27,56.0,-17.0,0.0,0.0,0.0
1997-12-28,78.0,-17.0,0.0,0.0,0.0
1997-12-29,83.0,-6.0,61.0,0.0,0.0
1997-12-30,89.0,-39.0,0.0,0.0,0.0
1997-12-31,150.0,-39.0,0.0,0.0,0.0
1998-01-01,150.0,-39.0,0.0,0.0,0.0
1998-01-02,150.0,-39.0,0.0,0.0,0.0
1998-01-03,183.0,-33.0,3.0,0.0,0.0
1998-01-04,189.0,128.0,0.0,0.0,0.0
1998-01-05,211.0,128.0,64.0,0.0,0.0
1998-01-06,178.0,139.0,246.0,0.0,0.0
1998-01-07,161.0,122.0,411.0,0.0,0.0
1998-01-08,122.0,56.0,71.0,0.0,0.0
1998-01-09,56.0,6.0,30.0,0.0,0.0
1998-01-10,89.0,6.0,25.0,0.0,0.0
1998-01-11,89.0,6.0,51.0,0.0,0.0
1998-01-12,144.0,67.0,295.0,0.0,0.0
1998-01-13,128.0,83.0,3.0,0.0,0.0
1998-01-14,83.0,39.0,0.0,0.0,0.0
1998-01-15,156.0,44.0,46.0,0.0,0.0
1998-01-16,28.0,-39.0,76.0,0.0,0.0
1998-01-17,117.0,-39.0,0.0,0.0,0.0
1998-01-18,150.0,17.0,0.0,0.0,0.0
1998-01-19,150.0,17.0,0.0,0.0,0.0
1998-01-20,150.0,0.0,0.0,0.0,0.0
1998-01-21,111.0,0.0,25.0,0.0,0.0
1998-01-22,150.0,0.0,150.0,0.0,0.0
1998-01-23,156.0,-22.0,0.0,0.0,0.0
1998-01-24,94.0,-33.0,0.0,0.0,0.0
1998-01-25,128.0,-28.0,0.0,0.0,0.0
1998-01-26,128.0,56.0,102.0,0.0,0.0
1998-01-27,133.0,22.0,155.0,0.0,0.0
1998-01-28,139.0,78.0,0.0,0.0,0.0
1998-01-29,172.0,61.0,0.0,0.0,0.0
1998-01-30,183.0,0.0,0.0,0.0,0.0
1998-01-31,183.0,0.0,0.0,0.0,0.0
1998-02-01,156.0,50.0,0.0,0.0,0.0
1998-02-02,128.0,56.0,25.0,0.0,0.0
1998-02-03,122.0,50.0,0.0,0.0,0.0
1998-02-04,156.0,22.0,0.0,0.0,0.0
1998-02-05,156.0,-28.0,0.0,0.0,0.0
1998-02-06,156.0,-28.0,0.0,0.0,0.0
1998-02-07,156.0,-28.0,0.0,0.0,0.0
1998-02-08,156.0,-28.0,0.0,0.0,0.0
1998-02-09,128.0,33.0,0.0,0.0,0.0
1998-02-10,156.0,28.0,25.0,0.0,0.0
1998-02-11,200.0,72.0,157.0,0.0,0.0
1998-02-12,206.0,-11.0,0.0,0.0,0.0
1998-02-13,133.0,39.0,0.0,0.0,0.0
1998-02-14,156.0,22.0,0.0,0.0,0.0
1998-02-15,172.0,22.0,0.0,0.0,0.0
1998-02-16,111.0,78.0,211.0,0.0,0.0
1998-02-17,117.0,78.0,127.0,0.0,0.0
1998-02-18,117.0,22.0,13.0,0.0,0.0
1998-02-19,167.0,33.0,0.0,0.0,0.0
1998-02-20,167.0,22.0,0.0,0.0,0.0
1998-02-21,183.0,22.0,0.0,0.0,0.0
1998-02-22,200.0,28.0,0.0,0.0,0.0
1998-02-23,89.0,22.0,163.0,0.0,0.0
1998-02-24,178.0,33.0,0.0,0.0,0.0
1998-02-25,211.0,50.0,0.0,0.0,0.0
1998-02-26,217.0,50.0,56.0,0.0,0.0
1998-02-27,200.0,17.0,0.0,0.0,0.0
1998-02-28,189.0,28.0,157.0,0.0,0.0
1998-03-01,200.0,-22.0,0.0,0.0,0.0
1998-03-02,156.0,-22.0,0.0,0.0,0.0
1998-03-03,128.0,-33.0,0.0,0.0,0.0
1998-03-04,133.0,-11.0,0.0,0.0,0.0
1998-03-05,172.0,78.0,178.0,0.0,0.0
1998-03-06,161.0,61.0,5.0,0.0,0.0
1998-03-07,156.0,61.0,56.0,0.0,0.0
1998-03-08,161.0,106.0,140.0,0.0,0.0
1998-03-09,122.0,11.0,18.0,0.0,0.0
1998-03-10,89.0,-39.0,0.0,0.0,0.0
1998-03-11,61.0,-67.0,0.0,0.0,0.0
1998-03-12,89.0,-61.0,0.0,0.0,0.0
1998-03-13,128.0,-44.0,0.0,0.0,0.0
1998-03-14,167.0,6.0,3.0,0.0,0.0
1998-03-15,194.0,67.0,0.0,0.0,0.0
1998-03-16,194.0,-39.0,8.0,0.0,0.0
1998-03-17,172.0,100.0,333.0,0.0,0.0
1998-03-18,239.0,72.0,0.0,0.0,0.0
1998-03-19,244.0,94.0,0.0,0.0,0.0
1998-03-20,172.0,44.0,30.0,0.0,0.0
1998-03-21,156.0,6.0,0.0,0.0,0.0
1998-03-22,183.0,0.0,0.0,0.0,0.0
1998-03-23,228.0,50.0,0.0,0.0,0.0
1998-03-24,244.0,56.0,0.0,0.0,0.0
1998-03-25,228.0,94.0,0.0,0.0,0.0
1998-03-26,239.0,144.0,0.0,0.0,0.0
1998-03-27,261.0,167.0,0.0,0.0,0.0
1998-03-28,244.0,183.0,0.0,0.0,0.0
1998-03-29,267.0,183.0,0.0,0.0,0.0
1998-03-30,278.0,167.0,0.0,0.0,0.0
1998-03-31,272.0,111.0,64.0,0.0,0.0
1998-04-01,272.0,61.0,3.0,0.0,0.0
1998-04-02,261.0,83.0,0.0,0.0,0.0
1998-04-03,272.0,178.0,10.0,0.0,0.0
1998-04-04,256.0,78.0,0.0,0.0,0.0
1998-04-05,156.0,44.0,0.0,0.0,0.0
1998-04-06,239.0,56.0,0.0,0.0,0.0
1998-04-07,244.0,61.0,0.0,0.0,0.0
1998-04-08,283.0,150.0,0.0,0.0,0.0
1998-04-09,278.0,72.0,69.0,0.0,0.0
1998-04-10,200.0,39.0,0.0,0.0,0.0
1998-04-11,206.0,39.0,0.0,0.0,0.0
1998-04-12,244.0,44.0,0.0,0.0,0.0
1998-04-13,250.0,106.0,0.0,0.0,0.0
1998-04-14,222.0,156.0,0.0,0.0,0.0
1998-04-15,222.0,194.0,0.0,0.0,0.0
1998-04-16,272.0,211.0,0.0,0.0,0.0
1998-04-17,272.0,61.0,0.0,0.0,0.0
1998-04-18,178.0,89.0,20.0,0.0,0.0
1998-04-19,111.0,67.0,163.0,0.0,0.0
1998-04-20,211.0,67.0,0.0,0.0,0.0
1998-04-21,233.0,94.0,41.0,0.0,0.0
1998-04-22,206.0,44.0,0.0,0.0,0.0
1998-04-23,211.0,44.0,0.0,0.0,0.0
1998-04-24,217.0,61.0,0.0,0.0,0.0
1998-04-25,244.0,67.0,0.0,0.0,0.0
1998-04-26,239.0,61.0,51.0,0.0,0.0
1998-04-27,256.0,144.0,495.0,0.0,0.0
1998-04-28,,,,0.0,0.0
1998-04-29,233.0,122.0,,0.0,0.0
1998-04-30,189.0,78.0,0.0,0.0,0.0
1998-05-01,211.0,78.0,0.0,0.0,0.0
1998-05-02,244.0,83.0,0.0,0.0,0.0
1998-05-03,278.0,78.0,38.0,0.0,0.0
1998-05-04,250.0,89.0,0.0,0.0,0.0
1998-05-05,272.0,144.0,0.0,0.0,0.0
1998-05-06,278.0,178.0,0.0,0.0,0.0
1998-05-07,272.0,211.0,0.0,0.0,0.0
1998-05-08,289.0,150.0,0.0,0.0,0.0
1998-05-09,261.0,172.0,38.0,0.0,0.0
1998-05-10,267.0,133.0,0.0,0.0,0.0
1998-05-11,294.0,178.0,0.0,0.0,0.0
1998-05-12,311.0,178.0,0.0,0.0,0.0
1998-05-13,306.0,172.0,0.0,0.0,0.0
1998-05-14,311.0,183.0,0.0,0.0,0.0
1998-05-15,322.0,183.0,0.0,0.0,0.0
1998-05-16,317.0,144.0,0.0,0.0,0.0
1998-05-17,311.0,161.0,0.0,0.0,0.0
1998-05-18,322.0,167.0,0.0,0.0,0.0
1998-05-19,322.0,167.0,0.0,0.0,0.0
1998-05-20,322.0,167.0,0.0,0.0,0.0
1998-05-21,311.0,206.0,0.0,0.0,0.0
1998-05-22,317.0,206.0,0.0,0.0,0.0
1998-05-23,311.0,211.0,0.0,0.0,0.0
1998-05-24,294.0,217.0,0.0,0.0,0.0
1998-05-25,294.0,217.0,0.0,0.0,0.0
1998-05-26,311.0,194.0,0.0,0.0,0.0
1998-05-27,317.0,183.0,5.0,0.0,0.0
1998-05-28,317.0,206.0,0.0,0.0,0.0
1998-05-29,278.0,206.0,310.0,0.0,0.0
1998-05-30,289.0,200.0,8.0,0.0,0.0
1998-05-31,322.0,200.0,0.0,0.0,0.0
1998-06-01,361.0,217.0,0.0,0.0,0.0
1998-06-02,361.0,217.0,0.0,0.0,0.0
1998-06-03,356.0,228.0,0.0,0.0,0.0
1998-06-04,339.0,239.0,0.0,0.0,0.0
1998-06-05,328.0,194.0,178.0,0.0,0.0
1998-06-06,278.0,150.0,160.0,0.0,0.0
1998-06-07,233.0,117.0,0.0,0.0,0.0
1998-06-08,256.0,167.0,0.0,0.0,0.0
1998-06-09,294.0,183.0,0.0,0.0,0.0
1998-06-10,333.0,189.0,0.0,0.0,0.0
1998-06-11,339.0,244.0,0.0,0.0,0.0
1998-06-12,339.0,244.0,0.0,0.0,0.0
1998-06-13,350.0,250.0,0.0,0.0,0.0
1998-06-14,350.0,244.0,0.0,0.0,0.0
1998-06-15,361.0,200.0,0.0,0.0,0.0
1998-06-16,350.0,183.0,0.0,0.0,0.0
1998-06-17,339.0,217.0,0.0,0.0,0.0
1998-06-18,350.0,222.0,0.0,0.0,0.0
1998-06-19,356.0,206.0,0.0,0.0,0.0
1998-06-20,356.0,206.0,48.0,0.0,0.0
1998-06-21,361.0,244.0,0.0,0.0,0.0
1998-06-22,361.0,244.0,0.0,0.0,0.0
1998-06-23,361.0,233.0,0.0,0.0,0.0
1998-06-24,356.0,239.0,0.0,0.0,0.0
1998-06-25,367.0,233.0,0.0,0.0,0.0
1998-06-26,367.0,228.0,0.0,0.0,0.0
1998-06-27,367.0,228.0,0.0,0.0,0.0
1998-06-28,344.0,233.0,0.0,0.0,0.0
1998-06-29,356.0,244.0,0.0,0.0,0.0
1998-06-30,356.0,239.0,0.0,0.0,0.0
1998-07-01,372.0,239.0,0.0,0.0,0.0
1998-07-02,372.0,222.0,127.0,0.0,0.0
1998-07-03,333.0,222.0,0.0,0.0,0.0
1998-07-04,344.0,233.0,0.0,0.0,0.0
1998-07-05,339.0,222.0,0.0,0.0,0.0
1998-07-06,344.0,222.0,0.0,0.0,0.0
1998-07-07,378.0,256.0,0.0,0.0,0.0
1998-07-08,383.0,267.0,0.0,0.0,0.0
1998-07-09,,,,0.0,0.0
1998-07-10,394.0,267.0,,0.0,0.0
1998-07-11,,,,0.0,0.0
1998-07-12,,,,0.0,0.0
1998-07-13,,,267.0,0.0,0.0
1998-07-14,,,10.0,0.0,0.0
1998-07-15,322.0,222.0,0.0,0.0,0.0
1998-07-16,322.0,217.0,0.0,0.0,0.0
1998-07-17,328.0,206.0,0.0,0.0,0.0
1998-07-18,339.0,217.0,0.0,0.0,0.0
1998-07-19,356.0,217.0,0.0,0.0,0.0
1998-07-20,356.0,222.0,0.0,0.0,0.0
1998-07-21,350.0,233.0,0.0,0.0,0.0
1998-07-22,350.0,228.0,0.0,0.0,0.0
1998-07-23,339.0,239.0,0.0,0.0,0.0
1998-07-24,350.0,228.0,36.0,0.0,0.0
1998-07-25,344.0,228.0,97.0,0.0,0.0
1998-07-26,328.0,222.0,23.0,0.0,0.0
1998-07-27,339.0,228.0,0.0,0.0,0.0
1998-07-28,356.0,228.0,0.0,0.0,0.0
1998-07-29,372.0,256.0,0.0,0.0,0.0
1998-07-30,372.0,256.0,0.0,0.0,0.0
1998-07-31,367.0,239.0,0.0,0.0,0.0
1998-08-01,383.0,233.0,0.0,0.0,0.0
1998-08-02,356.0,233.0,0.0,0.0,0.0
1998-08-03,367.0,239.0,0.0,0.0,0.0
1998-08-04,333.0,228.0,0.0,0.0,0.0
1998-08-05,356.0,217.0,0.0,0.0,0.0
1998-08-06,350.0,222.0,8.0,0.0,0.0
1998-08-07,356.0,217.0,38.0,0.0,0.0
1998-08-08,267.0,206.0,5.0,0.0,0.0
1998-08-09,311.0,200.0,0.0,0.0,0.0
1998-08-10,356.0,233.0,0.0,0.0,0.0
1998-08-11,344.0,217.0,0.0,0.0,0.0
1998-08-12,278.0,206.0,5.0,0.0,0.0
1998-08-13,278.0,211.0,0.0,0.0,0.0
1998-08-14,317.0,206.0,183.0,0.0,0.0
1998-08-15,322.0,211.0,74.0,0.0,0.0
1998-08-16,322.0,200.0,0.0,0.0,0.0
1998-08-17,311.0,200.0,0.0,0.0,0.0
1998-08-18,339.0,206.0,0.0,0.0,0.0
1998-08-19,356.0,217.0,0.0,0.0,0.0
1998-08-20,350.0,228.0,0.0,0.0,0.0
1998-08-21,356.0,228.0,0.0,0.0,0.0
1998-08-22,350.0,222.0,8.0,0.0,0.0
1998-08-23,350.0,200.0,0.0,0.0,0.0
1998-08-24,367.0,222.0,0.0,0.0,0.0
1998-08-25,361.0,222.0,0.0,0.0,0.0
1998-08-26,367.0,211.0,0.0,0.0,0.0
1998-08-27,389.0,244.0,0.0,0.0,0.0
1998-08-28,372.0,211.0,0.0,0.0,0.0
1998-08-29,394.0,217.0,8.0,0.0,0.0
1998-08-30,350.0,222.0,0.0,0.0,0.0
1998-08-31,356.0,222.0,0.0,0.0,0.0
1998-09-01,356.0,211.0,86.0,0.0,0.0
1998-09-02,350.0,206.0,0.0,0.0,0.0
1998-09-03,344.0,167.0,0.0,0.0,0.0
1998-09-04,367.0,189.0,0.0,0.0,0.0
1998-09-05,378.0,183.0,0.0,0.0,0.0
1998-09-06,383.0,189.0,0.0,0.0,0.0
1998-09-07,356.0,200.0,0.0,0.0,0.0
1998-09-08,367.0,200.0,0.0,0.0,0.0
1998-09-09,361.0,167.0,0.0,0.0,0.0
1998-09-10,300.0,172.0,0.0,0.0,0.0
1998-09-11,294.0,200.0,0.0,0.0,0.0
1998-09-12,233.0,206.0,381.0,0.0,0.0
1998-09-13,222.0,206.0,351.0,0.0,0.0
1998-09-14,267.0,206.0,56.0,0.0,0.0
1998-09-15,267.0,200.0,345.0,0.0,0.0
1998-09-16,278.0,200.0,5.0,0.0,0.0
1998-09-17,317.0,200.0,0.0,0.0,0.0
1998-09-18,328.0,217.0,0.0,0.0,0.0
1998-09-19,328.0,211.0,0.0,0.0,0.0
1998-09-20,333.0,222.0,0.0,0.0,0.0
1998-09-21,339.0,217.0,0.0,0.0,0.0
1998-09-22,328.0,211.0,0.0,0.0,0.0
1998-09-23,250.0,194.0,0.0,0.0,0.0
1998-09-24,306.0,189.0,0.0,0.0,0.0
1998-09-25,311.0,200.0,0.0,0.0,0.0
1998-09-26,322.0,211.0,0.0,0.0,0.0
1998-09-27,328.0,211.0,0.0,0.0,0.0
1998-09-28,350.0,211.0,0.0,0.0,0.0
1998-09-29,350.0,222.0,0.0,0.0,0.0
1998-09-30,350.0,189.0,0.0,0.0,0.0
1998-10-01,,,0.0,,0.0
1998-10-02,356.0,172.0,0.0,,0.0
1998-10-03,328.0,183.0,48.0,,0.0
1998-10-04,261.0,183.0,0.0,,0.0
1998-10-05,317.0,200.0,0.0,,0.0
1998-10-06,300.0,222.0,0.0,,0.0
1998-10-07,256.0,144.0,152.0,,0.0
1998-10-08,233.0,156.0,0.0,,0.0
1998-10-09,128.0,89.0,0.0,,0.0
1998-10-10,222.0,67.0,0.0,,0.0
1998-10-11,250.0,67.0,0.0,,0.0
1998-10-12,256.0,100.0,0.0,,0.0
1998-10-13,267.0,100.0,0.0,,0.0
1998-10-14,261.0,94.0,0.0,,0.0
1998-10-15,267.0,94.0,0.0,,0.0
1998-10-16,289.0,100.0,0.0,,0.0
1998-10-17,294.0,183.0,0.0,,0.0
1998-10-18,300.0,189.0,25.0,,0.0
1998-10-19,250.0,150.0,79.0,,0.0
1998-10-20,250.0,122.0,15.0,,0.0
1998-10-21,211.0,128.0,0.0,,0.0
1998-10-22,239.0,100.0,0.0,,0.0
1998-10-23,183.0,33.0,0.0,,0.0
1998-10-24,261.0,33.0,0.0,,0.0
1998-10-25,233.0,56.0,0.0,,0.0
1998-10-26,250.0,61.0,0.0,,0.0
1998-10-27,272.0,94.0,0.0,,0.0
1998-10-28,278.0,111.0,0.0,,0.0
1998-10-29,278.0,111.0,0.0,,0.0
1998-10-30,278.0,161.0,0.0,,0.0
1998-10-31,289.0,167.0,0.0,,0.0
1998-11-01,294.0,150.0,0.0,0.0,0.0
1998-11-02,261.0,100.0,30.0,0.0,0.0
1998-11-03,267.0,106.0,0.0,0.0,0.0
1998-11-04,217.0,100.0,0.0,0.0,0.0
1998-11-05,133.0,67.0,0.0,0.0,0.0
1998-11-06,133.0,-22.0,0.0,0.0,0.0
1998-11-07,133.0,17.0,5.0,0.0,0.0
1998-11-08,128.0,56.0,284.0,0.0,0.0
1998-11-09,128.0,56.0,5.0,0.0,0.0
1998-11-10,250.0,111.0,279.0,0.0,0.0
1998-11-11,250.0,0.0,0.0,0.0,0.0
1998-11-12,172.0,22.0,0.0,0.0,0.0
1998-11-13,172.0,22.0,46.0,0.0,0.0
1998-11-14,128.0,94.0,107.0,0.0,0.0
1998-11-15,128.0,111.0,0.0,0.0,0.0
1998-11-16,161.0,28.0,0.0,0.0,0.0
1998-11-17,172.0,33.0,0.0,0.0,0.0
1998-11-18,217.0,67.0,0.0,0.0,0.0
1998-11-19,217.0,67.0,0.0,0.0,0.0
1998-11-20,239.0,89.0,30.0,0.0,0.0
1998-11-21,133.0,22.0,0.0,0.0,0.0
1998-11-22,150.0,22.0,0.0,0.0,0.0
1998-11-23,211.0,106.0,0.0,0.0,0.0
1998-11-24,206.0,100.0,0.0,0.0,0.0
1998-11-25,217.0,106.0,0.0,0.0,0.0
1998-11-26,211.0,100.0,0.0,0.0,0.0
1998-11-27,233.0,39.0,0.0,0.0,0.0
1998-11-28,239.0,111.0,0.0,0.0,0.0
1998-11-29,250.0,111.0,0.0,0.0,0.0
1998-11-30,239.0,156.0,84.0,0.0,0.0
1998-12-01,211.0,100.0,0.0,0.0,0.0
1998-12-02,233.0,72.0,0.0,0.0,0.0
1998-12-03,239.0,161.0,0.0,0.0,0.0
1998-12-04,211.0,167.0,0.0,0.0,0.0
1998-12-05,250.0,144.0,30.0,0.0,0.0
1998-12-06,244.0,133.0,0.0,0.0,0.0
1998-12-07,256.0,139.0,71.0,0.0,0.0
1998-12-08,144.0,72.0,467.0,0.0,0.0
1998-12-09,144.0,-6.0,0.0,0.0,0.0
1998-12-10,144.0,-11.0,36.0,0.0,0.0
1998-12-11,144.0,-6.0,165.0,0.0,0.0
1998-12-12,61.0,-11.0,503.0,0.0,0.0
1998-12-13,122.0,-11.0,0.0,0.0,0.0
1998-12-14,139.0,-17.0,0.0,0.0,0.0
1998-12-15,156.0,-17.0,0.0,0.0,0.0
1998-12-16,144.0,-11.0,0.0,0.0,0.0
1998-12-17,172.0,-28.0,0.0,0.0,0.0
1998-12-18,156.0,44.0,0.0,0.0,0.0
1998-12-19,133.0,-6.0,147.0,0.0,0.0
1998-12-20,161.0,78.0,0.0,0.0,0.0
1998-12-21,183.0,83.0,0.0,0.0,0.0
1998-12-22,228.0,-39.0,193.0,0.0,0.0
1998-12-23,-28.0,-56.0,0.0,,10.0
1998-12-24,-22.0,-56.0,0.0,,0.0
1998-12-25,-28.0,-67.0,0.0,,0.0
1998-12-26,22.0,-83.0,0.0,,0.0
1998-12-27,67.0,-83.0,0.0,,0.0
1998-12-28,56.0,-11.0,231.0,0.0,0.0
1998-12-29,56.0,-6.0,5.0,0.0,0.0
1998-12-30,122.0,-39.0,0.0,0.0,0.0
1998-12-31,67.0,-28.0,0.0,0.0,0.0
1999-01-01,111.0,-11.0,0.0,0.0,0.0
1999-01-02,139.0,22.0,826.0,0.0,0.0
1999-01-03,78.0,-78.0,0.0,0.0,0.0
1999-01-04,44.0,-100.0,0.0,0.0,0.0
1999-01-05,33.0,-67.0,0.0,0.0,0.0
1999-01-06,50.0,-106.0,0.0,0.0,0.0
1999-01-07,83.0,28.0,203.0,0.0,0.0
1999-01-08,150.0,28.0,25.0,0.0,0.0
1999-01-09,194.0,-39.0,221.0,0.0,0.0
1999-01-10,6.0,-78.0,0.0,0.0,0.0
1999-01-11,89.0,-67.0,0.0,0.0,0.0
1999-01-12,183.0,-67.0,0.0,0.0,0.0
1999-01-13,161.0,-67.0,0.0,0.0,0.0
1999-01-14,217.0,-67.0,15.0,0.0,0.0
1999-01-15,56.0,-39.0,0.0,0.0,0.0
1999-01-16,100.0,-28.0,0.0,0.0,0.0
1999-01-17,172.0,28.0,0.0,0.0,0.0
1999-01-18,239.0,22.0,0.0,0.0,0.0
1999-01-19,178.0,17.0,0.0,0.0,0.0
1999-01-20,211.0,22.0,0.0,0.0,0.0
1999-01-21,211.0,17.0,0.0,0.0,0.0
1999-01-22,211.0,44.0,483.0,0.0,0.0
1999-01-23,144.0,-11.0,51.0,0.0,0.0
1999-01-24,67.0,-22.0,0.0,0.0,0.0
1999-01-25,156.0,-22.0,0.0,0.0,0.0
1999-01-26,233.0,67.0,0.0,0.0,0.0
1999-01-27,228.0,67.0,0.0,0.0,0.0
1999-01-28,228.0,72.0,0.0,0.0,0.0
1999-01-29,178.0,89.0,1400.0,0.0,0.0
1999-01-30,178.0,78.0,513.0,0.0,0.0
1999-01-31,139.0,33.0,127.0,0.0,0.0
1999-02-01,128.0,44.0,0.0,0.0,0.0
1999-02-02,111.0,61.0,0.0,0.0,0.0
1999-02-03,156.0,39.0,0.0,0.0,0.0
1999-02-04,200.0,33.0,0.0,0.0,0.0
1999-02-05,200.0,39.0,0.0,0.0,0.0
1999-02-06,211.0,133.0,0.0,0.0,0.0
1999-02-07,222.0,133.0,53.0,0.0,0.0
1999-02-08,244.0,67.0,0.0,0.0,0.0
1999-02-09,244.0,83.0,0.0,0.0,0.0
1999-02-10,261.0,167.0,0.0,0.0,0.0
1999-02-11,244.0,178.0,0.0,0.0,0.0
1999-02-12,250.0,-6.0,102.0,0.0,0.0
1999-02-13,256.0,-22.0,0.0,0.0,0.0
1999-02-14,94.0,-33.0,0.0,0.0,0.0
1999-02-15,144.0,-33.0,0.0,0.0,0.0
1999-02-16,183.0,50.0,0.0,0.0,0.0
1999-02-17,194.0,39.0,25.0,0.0,0.0
1999-02-18,194.0,11.0,0.0,0.0,0.0
1999-02-19,172.0,33.0,58.0,0.0,0.0
1999-02-20,139.0,6.0,0.0,0.0,0.0
1999-02-21,139.0,11.0,13.0,0.0,0.0
1999-02-22,56.0,-50.0,0.0,0.0,0.0
1999-02-23,100.0,-28.0,0.0,0.0,0.0
1999-02-24,156.0,-17.0,0.0,0.0,0.0
1999-02-25,172.0,-50.0,0.0,0.0,0.0
1999-02-26,222.0,50.0,0.0,0.0,0.0
1999-02-27,239.0,156.0,0.0,0.0,0.0
1999-02-28,222.0,39.0,89.0,0.0,0.0
1999-03-01,228.0,33.0,0.0,0.0,0.0
1999-03-02,250.0,39.0,0.0,0.0,0.0
1999-03-03,250.0,33.0,53.0,0.0,0.0
1999-03-04,133.0,-17.0,0.0,0.0,0.0
1999-03-05,178.0,67.0,0.0,0.0,0.0
1999-03-06,217.0,111.0,0.0,0.0,0.0
1999-03-07,139.0,11.0,0.0,0.0,0.0
1999-03-08,106.0,17.0,5.0,0.0,0.0
1999-03-09,178.0,22.0,246.0,0.0,0.0
1999-03-10,183.0,33.0,0.0,0.0,0.0
1999-03-11,122.0,33.0,0.0,0.0,0.0
1999-03-12,72.0,28.0,0.0,0.0,0.0
1999-03-13,56.0,22.0,610.0,0.0,0.0
1999-03-14,83.0,33.0,76.0,0.0,0.0
1999-03-15,72.0,-28.0,0.0,0.0,0.0
1999-03-16,150.0,-28.0,0.0,0.0,0.0
1999-03-17,172.0,44.0,0.0,0.0,0.0
1999-03-18,211.0,-28.0,0.0,0.0,0.0
1999-03-19,211.0,-28.0,0.0,0.0,0.0
1999-03-20,200.0,83.0,46.0,0.0,0.0
1999-03-21,156.0,28.0,0.0,0.0,0.0
1999-03-22,200.0,33.0,0.0,0.0,0.0
1999-03-23,217.0,33.0,0.0,0.0,0.0
1999-03-24,156.0,44.0,51.0,0.0,0.0
1999-03-25,217.0,78.0,224.0,0.0,0.0
1999-03-26,172.0,6.0,0.0,0.0,0.0
1999-03-27,172.0,0.0,0.0,0.0,0.0
1999-03-28,178.0,50.0,0.0,0.0,0.0
1999-03-29,211.0,94.0,56.0,0.0,0.0
1999-03-30,150.0,100.0,43.0,0.0,0.0
1999-03-31,150.0,111.0,61.0,0.0,0.0
1999-04-01,167.0,122.0,0.0,0.0,0.0
1999-04-02,244.0,128.0,0.0,0.0,0.0
1999-04-03,244.0,183.0,0.0,0.0,0.0
1999-04-04,272.0,144.0,439.0,0.0,0.0
1999-04-05,261.0,150.0,272.0,0.0,0.0
1999-04-06,261.0,94.0,0.0,0.0,0.0
1999-04-07,272.0,122.0,0.0,0.0,0.0
1999-04-08,289.0,172.0,0.0,0.0,0.0
1999-04-09,272.0,194.0,0.0,0.0,0.0
1999-04-10,300.0,194.0,0.0,0.0,0.0
1999-04-11,300.0,106.0,0.0,0.0,0.0
1999-04-12,278.0,128.0,0.0,0.0,0.0
1999-04-13,272.0,122.0,0.0,0.0,0.0
1999-04-14,239.0,133.0,0.0,0.0,0.0
1999-04-15,194.0,122.0,201.0,0.0,0.0
1999-04-16,144.0,39.0,0.0,0.0,0.0
1999-04-17,167.0,17.0,0.0,0.0,0.0
1999-04-18,178.0,11.0,0.0,0.0,0.0
1999-04-19,206.0,17.0,0.0,0.0,0.0
1999-04-20,272.0,22.0,0.0,0.0,0.0
1999-04-21,289.0,156.0,0.0,0.0,0.0
1999-04-22,283.0,167.0,0.0,0.0,0.0
1999-04-23,289.0,189.0,0.0,0.0,0.0
1999-04-24,300.0,217.0,0.0,0.0,0.0
1999-04-25,228.0,139.0,0.0,0.0,0.0
1999-04-26,267.0,139.0,396.0,0.0,0.0
1999-04-27,261.0,167.0,102.0,0.0,0.0
1999-04-28,267.0,117.0,0.0,0.0,0.0
1999-04-29,278.0,139.0,0.0,0.0,0.0
1999-04-30,211.0,100.0,10.0,0.0,0.0
1999-05-01,228.0,83.0,0.0,0.0,0.0
1999-05-02,256.0,94.0,0.0,0.0,0.0
1999-05-03,250.0,128.0,0.0,0.0,0.0
1999-05-04,267.0,133.0,0.0,0.0,0.0
1999-05-05,261.0,128.0,8.0,0.0,0.0
1999-05-06,289.0,111.0,91.0,0.0,0.0
1999-05-07,244.0,78.0,0.0,0.0,0.0
1999-05-08,261.0,106.0,0.0,0.0,0.0
1999-05-09,300.0,133.0,0.0,0.0,0.0
1999-05-10,311.0,178.0,0.0,0.0,0.0
1999-05-11,261.0,172.0,0.0,0.0,0.0
1999-05-12,267.0,150.0,76.0,0.0,0.0
1999-05-13,278.0,133.0,0.0,0.0,0.0
1999-05-14,278.0,100.0,0.0,0.0,0.0
1999-05-15,294.0,156.0,0.0,0.0,0.0
1999-05-16,306.0,156.0,0.0,0.0,0.0
1999-05-17,311.0,211.0,0.0,0.0,0.0
1999-05-18,294.0,161.0,376.0,0.0,0.0
1999-05-19,294.0,156.0,0.0,0.0,0.0
1999-05-20,311.0,156.0,0.0,0.0,0.0
1999-05-21,289.0,172.0,0.0,0.0,0.0
1999-05-22,289.0,189.0,0.0,0.0,0.0
1999-05-23,317.0,183.0,368.0,0.0,0.0
1999-05-24,294.0,144.0,0.0,0.0,0.0
1999-05-25,278.0,139.0,0.0,0.0,0.0
1999-05-26,278.0,139.0,0.0,0.0,0.0
1999-05-27,250.0,139.0,0.0,0.0,0.0
1999-05-28,283.0,139.0,0.0,0.0,0.0
1999-05-29,294.0,167.0,0.0,0.0,0.0
1999-05-30,211.0,167.0,0.0,0.0,0.0
1999-05-31,211.0,194.0,64.0,0.0,0.0
1999-06-01,267.0,189.0,43.0,0.0,0.0
1999-06-02,311.0,183.0,0.0,0.0,0.0
1999-06-03,322.0,233.0,0.0,0.0,0.0
1999-06-04,322.0,239.0,0.0,0.0,0.0
1999-06-05,,,0.0,0.0,0.0
1999-06-06,333.0,206.0,0.0,0.0,0.0
1999-06-07,317.0,194.0,0.0,0.0,0.0
1999-06-08,317.0,200.0,0.0,0.0,0.0
1999-06-09,317.0,206.0,0.0,0.0,0.0
1999-06-10,322.0,200.0,0.0,0.0,0.0
1999-06-11,322.0,200.0,0.0,0.0,0.0
1999-06-12,311.0,211.0,0.0,0.0,0.0
1999-06-13,311.0,211.0,0.0,0.0,0.0
1999-06-14,272.0,217.0,533.0,0.0,0.0
1999-06-15,278.0,200.0,13.0,0.0,0.0
1999-06-16,289.0,183.0,0.0,0.0,0.0
1999-06-17,300.0,189.0,0.0,0.0,0.0
1999-06-18,267.0,150.0,0.0,0.0,0.0
1999-06-19,267.0,133.0,0.0,0.0,0.0
1999-06-20,294.0,150.0,0.0,0.0,0.0
1999-06-21,306.0,156.0,0.0,0.0,0.0
1999-06-22,311.0,194.0,0.0,0.0,0.0
1999-06-23,322.0,200.0,38.0,0.0,0.0
1999-06-24,300.0,222.0,51.0,0.0,0.0
1999-06-25,322.0,211.0,15.0,0.0,0.0
1999-06-26,272.0,217.0,411.0,0.0,0.0
1999-06-27,300.0,217.0,74.0,0.0,0.0
1999-06-28,328.0,239.0,0.0,0.0,0.0
1999-06-29,317.0,211.0,0.0,0.0,0.0
1999-06-30,306.0,206.0,15.0,0.0,0.0
1999-07-01,328.0,239.0,0.0,0.0,0.0
1999-07-02,328.0,244.0,0.0,0.0,0.0
1999-07-03,339.0,233.0,0.0,0.0,0.0
1999-07-04,328.0,217.0,0.0,0.0,0.0
1999-07-05,333.0,222.0,0.0,0.0,0.0
1999-07-06,278.0,222.0,0.0,0.0,0.0
1999-07-07,344.0,233.0,0.0,0.0,0.0
1999-07-08,339.0,222.0,0.0,0.0,0.0
1999-07-09,328.0,233.0,0.0,0.0,0.0
1999-07-10,322.0,228.0,0.0,0.0,0.0
1999-07-11,250.0,200.0,216.0,0.0,0.0
1999-07-12,278.0,178.0,0.0,0.0,0.0
1999-07-13,289.0,167.0,0.0,0.0,0.0
1999-07-14,300.0,200.0,0.0,0.0,0.0
1999-07-15,328.0,217.0,15.0,0.0,0.0
1999-07-16,328.0,206.0,0.0,0.0,0.0
1999-07-17,333.0,211.0,0.0,0.0,0.0
1999-07-18,333.0,217.0,0.0,0.0,0.0
1999-07-19,322.0,222.0,0.0,0.0,0.0
1999-07-20,333.0,228.0,15.0,0.0,0.0
1999-07-21,333.0,239.0,0.0,0.0,0.0
1999-07-22,339.0,233.0,0.0,0.0,0.0
1999-07-23,344.0,239.0,0.0,0.0,0.0
1999-07-24,356.0,250.0,0.0,0.0,0.0
1999-07-25,267.0,111.0,0.0,0.0,0.0
1999-07-26,356.0,256.0,0.0,0.0,0.0
1999-07-27,356.0,256.0,0.0,0.0,0.0
1999-07-28,367.0,256.0,0.0,0.0,0.0
1999-07-29,372.0,261.0,0.0,0.0,0.0
1999-07-30,367.0,256.0,0.0,0.0,0.0
1999-07-31,367.0,256.0,0.0,0.0,0.0
1999-08-01,367.0,244.0,0.0,0.0,0.0
1999-08-02,372.0,239.0,0.0,0.0,0.0
1999-08-03,344.0,217.0,0.0,0.0,0.0
1999-08-04,350.0,200.0,0.0,0.0,0.0
1999-08-05,339.0,222.0,0.0,0.0,0.0
1999-08-06,350.0,206.0,0.0,0.0,0.0
1999-08-07,378.0,217.0,0.0,0.0,0.0
1999-08-08,372.0,261.0,0.0,0.0,0.0
1999-08-09,378.0,233.0,0.0,0.0,0.0
1999-08-10,,,348.0,0.0,0.0
1999-08-11,,,0.0,0.0,0.0
1999-08-12,361.0,267.0,0.0,0.0,0.0
1999-08-13,367.0,256.0,0.0,0.0,0.0
1999-08-14,306.0,189.0,0.0,0.0,0.0
1999-08-15,300.0,167.0,0.0,0.0,0.0
1999-08-16,350.0,156.0,0.0,0.0,0.0
1999-08-17,356.0,183.0,0.0,0.0,0.0
1999-08-18,378.0,172.0,0.0,0.0,0.0
1999-08-19,378.0,200.0,0.0,0.0,0.0
1999-08-20,406.0,211.0,0.0,0.0,0.0
1999-08-21,328.0,172.0,0.0,0.0,0.0
1999-08-22,350.0,178.0,0.0,0.0,0.0
1999-08-23,356.0,189.0,0.0,0.0,0.0
1999-08-24,356.0,233.0,0.0,0.0,0.0
1999-08-25,350.0,217.0,0.0,0.0,0.0
1999-08-26,361.0,183.0,0.0,0.0,0.0
1999-08-27,367.0,206.0,38.0,0.0,0.0
1999-08-28,339.0,211.0,0.0,0.0,0.0
1999-08-29,356.0,189.0,0.0,0.0,0.0
1999-08-30,344.0,211.0,0.0,0.0,0.0
1999-08-31,350.0,167.0,0.0,0.0,0.0
1999-09-01,339.0,222.0,0.0,0.0,0.0
1999-09-02,339.0,206.0,0.0,0.0,0.0
1999-09-03,339.0,217.0,0.0,0.0,0.0
1999-09-04,333.0,206.0,0.0,0.0,0.0
1999-09-05,344.0,211.0,178.0,0.0,0.0
1999-09-06,328.0,211.0,0.0,0.0,0.0
1999-09-07,350.0,206.0,0.0,0.0,0.0
1999-09-08,350.0,200.0,0.0,0.0,0.0
1999-09-09,294.0,194.0,191.0,0.0,0.0
1999-09-10,306.0,117.0,0.0,0.0,0.0
1999-09-11,333.0,117.0,0.0,0.0,0.0
1999-09-12,289.0,183.0,0.0,0.0,0.0
1999-09-13,339.0,211.0,0.0,0.0,0.0
1999-09-14,261.0,139.0,0.0,0.0,0.0
1999-09-15,306.0,117.0,0.0,0.0,0.0
1999-09-16,306.0,106.0,0.0,0.0,0.0
1999-09-17,278.0,100.0,0.0,0.0,0.0
1999-09-18,300.0,117.0,0.0,0.0,0.0
1999-09-19,317.0,106.0,0.0,0.0,0.0
1999-09-20,344.0,178.0,0.0,0.0,0.0
1999-09-21,333.0,167.0,0.0,0.0,0.0
1999-09-22,244.0,100.0,0.0,0.0,0.0
1999-09-23,289.0,61.0,0.0,0.0,0.0
1999-09-24,300.0,100.0,0.0,0.0,0.0
1999-09-25,317.0,106.0,0.0,0.0,0.0
1999-09-26,317.0,61.0,0.0,0.0,0.0
1999-09-27,317.0,67.0,0.0,0.0,0.0
1999-09-28,333.0,206.0,0.0,0.0,0.0
1999-09-29,328.0,150.0,122.0,0.0,0.0
1999-09-30,250.0,89.0,0.0,0.0,0.0
1999-10-01,256.0,61.0,0.0,0.0,0.0
1999-10-02,272.0,61.0,0.0,0.0,0.0
1999-10-03,294.0,67.0,0.0,0.0,0.0
1999-10-04,322.0,167.0,0.0,0.0,0.0
1999-10-05,328.0,61.0,0.0,0.0,0.0
1999-10-06,239.0,56.0,0.0,0.0,0.0
1999-10-07,289.0,72.0,0.0,0.0,0.0
1999-10-08,289.0,144.0,20.0,0.0,0.0
1999-10-09,256.0,211.0,254.0,0.0,0.0
1999-10-10,250.0,172.0,0.0,0.0,0.0
1999-10-11,294.0,156.0,0.0,0.0,0.0
1999-10-12,283.0,167.0,0.0,0.0,0.0
1999-10-13,300.0,139.0,0.0,0.0,0.0
1999-10-14,311.0,150.0,0.0,0.0,0.0
1999-10-15,289.0,156.0,0.0,0.0,0.0
1999-10-16,311.0,178.0,0.0,0.0,0.0
1999-10-17,300.0,150.0,0.0,0.0,0.0
1999-10-18,178.0,106.0,0.0,0.0,0.0
1999-10-19,183.0,78.0,25.0,0.0,0.0
1999-10-20,167.0,22.0,0.0,0.0,0.0
1999-10-21,211.0,28.0,0.0,0.0,0.0
1999-10-22,239.0,78.0,0.0,0.0,0.0
1999-10-23,283.0,94.0,0.0,0.0,0.0
1999-10-24,189.0,11.0,0.0,0.0,0.0
1999-10-25,178.0,6.0,0.0,0.0,0.0
1999-10-26,222.0,78.0,0.0,0.0,0.0
1999-10-27,272.0,100.0,0.0,0.0,0.0
1999-10-28,294.0,94.0,0.0,0.0,0.0
1999-10-29,294.0,94.0,0.0,0.0,0.0
1999-10-30,272.0,156.0,0.0,0.0,0.0
1999-10-31,283.0,156.0,89.0,0.0,0.0
1999-11-01,283.0,100.0,457.0,0.0,0.0
1999-11-02,283.0,94.0,13.0,0.0,0.0
1999-11-03,161.0,-17.0,0.0,0.0,0.0
1999-11-04,189.0,39.0,0.0,0.0,0.0
1999-11-05,222.0,94.0,0.0,0.0,0.0
1999-11-06,250.0,100.0,0.0,0.0,0.0
1999-11-07,267.0,94.0,0.0,0.0,0.0
1999-11-08,267.0,100.0,0.0,0.0,0.0
1999-11-09,267.0,111.0,0.0,0.0,0.0
1999-11-10,267.0,111.0,0.0,0.0,0.0
1999-11-11,261.0,100.0,0.0,0.0,0.0
1999-11-12,256.0,61.0,0.0,0.0,0.0
1999-11-13,239.0,56.0,0.0,0.0,0.0
1999-11-14,278.0,89.0,0.0,0.0,0.0
1999-11-15,167.0,106.0,0.0,0.0,0.0
1999-11-16,194.0,100.0,0.0,0.0,0.0
1999-11-17,222.0,22.0,0.0,0.0,0.0
1999-11-18,228.0,22.0,0.0,0.0,0.0
1999-11-19,233.0,100.0,0.0,0.0,0.0
1999-11-20,233.0,67.0,196.0,0.0,0.0
1999-11-21,167.0,44.0,0.0,0.0,0.0
1999-11-22,244.0,100.0,0.0,0.0,0.0
1999-11-23,244.0,111.0,127.0,0.0,0.0
1999-11-24,239.0,72.0,0.0,0.0,0.0
1999-11-25,133.0,39.0,76.0,0.0,0.0
1999-11-26,89.0,-17.0,0.0,0.0,0.0
1999-11-27,156.0,17.0,0.0,0.0,0.0
1999-11-28,217.0,22.0,0.0,0.0,0.0
1999-11-29,233.0,56.0,0.0,0.0,0.0
1999-11-30,233.0,-11.0,0.0,0.0,0.0
1999-12-01,33.0,28.0,0.0,0.0,0.0
1999-12-02,217.0,28.0,0.0,0.0,0.0
1999-12-03,167.0,89.0,89.0,0.0,0.0
1999-12-04,217.0,28.0,81.0,0.0,0.0
1999-12-05,233.0,67.0,191.0,0.0,0.0
1999-12-06,217.0,-6.0,0.0,0.0,0.0
1999-12-07,122.0,-11.0,0.0,0.0,0.0
1999-12-08,167.0,17.0,0.0,0.0,0.0
1999-12-09,189.0,78.0,0.0,0.0,0.0
1999-12-10,67.0,172.0,178.0,0.0,0.0
1999-12-11,128.0,50.0,0.0,0.0,0.0
1999-12-12,122.0,94.0,279.0,0.0,0.0
1999-12-13,100.0,72.0,406.0,0.0,0.0
1999-12-14,106.0,28.0,8.0,0.0,0.0
1999-12-15,150.0,28.0,0.0,0.0,0.0
1999-12-16,161.0,-28.0,0.0,0.0,0.0
1999-12-17,150.0,-28.0,0.0,0.0,0.0
1999-12-18,167.0,-22.0,0.0,0.0,0.0
1999-12-19,117.0,-17.0,0.0,0.0,0.0
1999-12-20,167.0,-11.0,0.0,0.0,0.0
1999-12-21,78.0,6.0,0.0,0.0,0.0
1999-12-22,78.0,-61.0,0.0,0.0,0.0
1999-12-23,111.0,-61.0,0.0,0.0,0.0
1999-12-24,128.0,6.0,0.0,0.0,0.0
1999-12-25,100.0,-6.0,0.0,0.0,0.0
1999-12-26,189.0,17.0,0.0,0.0,0.0
1999-12-27,144.0,-17.0,0.0,0.0,0.0
1999-12-28,194.0,-56.0,0.0,0.0,0.0
1999-12-29,122.0,-28.0,0.0,0.0,0.0
1999-12-30,189.0,-28.0,0.0,0.0,0.0
1999-12-31,222.0,56.0,0.0,0.0,0.0
2000-01-01,172.0,28.0,0.0,0.0,0.0
2000-01-02,222.0,78.0,0.0,0.0,0.0
2000-01-03,233.0,78.0,0.0,0.0,0.0
2000-01-04,228.0,50.0,0.0,0.0,0.0
2000-01-05,244.0,-28.0,0.0,0.0,0.0
2000-01-06,100.0,-28.0,0.0,0.0,0.0
2000-01-07,133.0,-28.0,0.0,0.0,0.0
2000-01-08,161.0,61.0,109.0,0.0,0.0
2000-01-09,83.0,67.0,38.0,0.0,0.0
2000-01-10,172.0,50.0,0.0,0.0,0.0
2000-01-11,217.0,17.0,0.0,0.0,0.0
2000-01-12,222.0,17.0,0.0,0.0,0.0
2000-01-13,244.0,117.0,30.0,0.0,0.0
2000-01-14,167.0,-17.0,0.0,0.0,0.0
2000-01-15,167.0,-22.0,0.0,0.0,0.0
2000-01-16,178.0,28.0,0.0,0.0,0.0
2000-01-17,244.0,78.0,0.0,0.0,0.0
2000-01-18,167.0,44.0,51.0,0.0,0.0
2000-01-19,211.0,22.0,0.0,0.0,0.0
2000-01-20,83.0,-17.0,0.0,0.0,0.0
2000-01-21,83.0,-39.0,0.0,0.0,0.0
2000-01-22,94.0,6.0,5.0,0.0,0.0
2000-01-23,133.0,6.0,0.0,0.0,0.0
2000-01-24,94.0,6.0,0.0,0.0,0.0
2000-01-25,72.0,-6.0,0.0,0.0,0.0
2000-01-26,33.0,-39.0,0.0,0.0,0.0
2000-01-27,-17.0,-44.0,8.0,0.0,3.0
2000-01-28,-11.0,-39.0,191.0,203.0,203.0
2000-01-29,44.0,-72.0,0.0,,0.0
2000-01-30,6.0,-67.0,0.0,,0.0
2000-01-31,72.0,-78.0,0.0,,0.0
2000-02-01,94.0,-83.0,0.0,,0.0
2000-02-02,83.0,-28.0,0.0,,0.0
2000-02-03,72.0,-17.0,0.0,,0.0
2000-02-04,183.0,-11.0,0.0,0.0,0.0
2000-02-05,94.0,-44.0,0.0,0.0,0.0
2000-02-06,189.0,-50.0,0.0,0.0,0.0
2000-02-07,133.0,-33.0,0.0,0.0,0.0
2000-02-08,167.0,-11.0,0.0,0.0,0.0
2000-02-09,178.0,28.0,0.0,0.0,0.0
2000-02-10,167.0,17.0,0.0,0.0,0.0
2000-02-11,178.0,-11.0,0.0,0.0,0.0
2000-02-12,211.0,28.0,0.0,0.0,0.0
2000-02-13,117.0,39.0,0.0,0.0,0.0
2000-02-14,200.0,44.0,3.0,0.0,0.0
2000-02-15,178.0,39.0,0.0,0.0,0.0
2000-02-16,239.0,44.0,0.0,0.0,0.0
2000-02-17,228.0,67.0,279.0,0.0,0.0
2000-02-18,211.0,156.0,0.0,0.0,0.0
2000-02-19,206.0,61.0,64.0,0.0,0.0
2000-02-20,100.0,-33.0,0.0,0.0,0.0
2000-02-21,156.0,61.0,0.0,0.0,0.0
2000-02-22,250.0,-33.0,0.0,0.0,0.0
2000-02-23,228.0,133.0,0.0,0.0,0.0
2000-02-24,239.0,128.0,0.0,0.0,0.0
2000-02-25,256.0,161.0,0.0,0.0,0.0
2000-02-26,239.0,156.0,0.0,0.0,0.0
2000-02-27,222.0,83.0,432.0,0.0,0.0
2000-02-28,256.0,33.0,0.0,0.0,0.0
2000-02-29,256.0,33.0,0.0,0.0,0.0
2000-03-01,239.0,89.0,0.0,0.0,0.0
2000-03-02,217.0,106.0,0.0,0.0,0.0
2000-03-03,217.0,72.0,3.0,0.0,0.0
2000-03-04,189.0,67.0,0.0,0.0,0.0
2000-03-05,189.0,-11.0,0.0,0.0,0.0
2000-03-06,100.0,6.0,0.0,0.0,0.0
2000-03-07,250.0,61.0,0.0,0.0,0.0
2000-03-08,267.0,156.0,0.0,0.0,0.0
2000-03-09,278.0,44.0,56.0,0.0,0.0
2000-03-10,289.0,106.0,0.0,0.0,0.0
2000-03-11,289.0,50.0,216.0,0.0,0.0
2000-03-12,289.0,-17.0,0.0,0.0,0.0
2000-03-13,156.0,22.0,0.0,0.0,0.0
2000-03-14,211.0,78.0,0.0,0.0,0.0
2000-03-15,161.0,72.0,0.0,0.0,0.0
2000-03-16,183.0,133.0,51.0,0.0,0.0
2000-03-17,289.0,-44.0,0.0,0.0,0.0
2000-03-18,289.0,-17.0,0.0,0.0,0.0
2000-03-19,289.0,-17.0,178.0,0.0,0.0
2000-03-20,128.0,11.0,0.0,0.0,0.0
2000-03-21,167.0,89.0,0.0,0.0,0.0
2000-03-22,222.0,144.0,0.0,0.0,0.0
2000-03-23,211.0,150.0,0.0,0.0,0.0
2000-03-24,267.0,161.0,0.0,0.0,0.0
2000-03-25,267.0,11.0,0.0,0.0,0.0
2000-03-26,228.0,133.0,25.0,0.0,0.0
2000-03-27,256.0,133.0,13.0,0.0,0.0
2000-03-28,217.0,94.0,0.0,0.0,0.0
2000-03-29,244.0,89.0,51.0,0.0,0.0
2000-03-30,194.0,100.0,152.0,0.0,0.0
2000-03-31,217.0,122.0,0.0,0.0,0.0
2000-04-01,211.0,133.0,0.0,0.0,0.0
2000-04-02,228.0,67.0,508.0,0.0,0.0
2000-04-03,217.0,156.0,279.0,0.0,0.0
2000-04-04,222.0,28.0,142.0,0.0,0.0
2000-04-05,172.0,39.0,0.0,0.0,0.0
2000-04-06,217.0,156.0,0.0,0.0,0.0
2000-04-07,244.0,161.0,0.0,0.0,0.0
2000-04-08,261.0,44.0,127.0,0.0,0.0
2000-04-09,156.0,11.0,0.0,0.0,0.0
2000-04-10,194.0,89.0,0.0,0.0,0.0
2000-04-11,200.0,106.0,51.0,0.0,0.0
2000-04-12,206.0,94.0,0.0,0.0,0.0
2000-04-13,100.0,78.0,152.0,0.0,0.0
2000-04-14,144.0,100.0,0.0,0.0,0.0
2000-04-15,194.0,117.0,0.0,0.0,0.0
2000-04-16,228.0,144.0,0.0,0.0,0.0
2000-04-17,256.0,78.0,0.0,0.0,0.0
2000-04-18,261.0,89.0,0.0,0.0,0.0
2000-04-19,,156.0,0.0,0.0,0.0
2000-04-20,278.0,156.0,0.0,0.0,0.0
2000-04-21,,106.0,0.0,0.0,0.0
2000-04-22,,56.0,0.0,0.0,0.0
2000-04-23,,156.0,0.0,0.0,0.0
2000-04-24,200.0,89.0,0.0,0.0,0.0
2000-04-25,239.0,83.0,0.0,0.0,0.0
2000-04-26,228.0,67.0,0.0,0.0,0.0
2000-04-27,244.0,94.0,0.0,0.0,0.0
2000-04-28,250.0,94.0,0.0,0.0,0.0
2000-04-29,244.0,78.0,0.0,0.0,0.0
2000-04-30,233.0,156.0,25.0,0.0,0.0
2000-05-01,256.0,144.0,25.0,0.0,0.0
2000-05-02,233.0,156.0,0.0,0.0,0.0
2000-05-03,244.0,167.0,25.0,0.0,0.0
2000-05-04,278.0,78.0,185.0,0.0,0.0
2000-05-05,228.0,161.0,102.0,0.0,0.0
2000-05-06,267.0,183.0,389.0,0.0,0.0
2000-05-07,294.0,189.0,0.0,0.0,0.0
2000-05-08,294.0,206.0,0.0,0.0,0.0
2000-05-09,289.0,189.0,0.0,0.0,0.0
2000-05-10,233.0,144.0,0.0,0.0,0.0
2000-05-11,306.0,194.0,0.0,0.0,0.0
2000-05-12,311.0,183.0,0.0,0.0,0.0
2000-05-13,261.0,150.0,427.0,0.0,0.0
2000-05-14,228.0,117.0,0.0,0.0,0.0
2000-05-15,250.0,89.0,0.0,0.0,0.0
2000-05-16,239.0,128.0,0.0,0.0,0.0
2000-05-17,300.0,194.0,0.0,0.0,0.0
2000-05-18,289.0,217.0,0.0,0.0,0.0
2000-05-19,250.0,183.0,0.0,0.0,0.0
2000-05-20,244.0,172.0,229.0,0.0,0.0
2000-05-21,250.0,167.0,152.0,0.0,0.0
2000-05-22,306.0,167.0,0.0,0.0,0.0
2000-05-23,317.0,217.0,0.0,0.0,0.0
2000-05-24,317.0,222.0,0.0,0.0,0.0
2000-05-25,317.0,222.0,0.0,0.0,0.0
2000-05-26,322.0,233.0,0.0,0.0,0.0
2000-05-27,317.0,194.0,0.0,0.0,0.0
2000-05-28,294.0,189.0,249.0,0.0,0.0
2000-05-29,311.0,167.0,0.0,0.0,0.0
2000-05-30,322.0,194.0,0.0,0.0,0.0
2000-05-31,317.0,178.0,0.0,0.0,0.0
2000-06-01,317.0,206.0,0.0,0.0,0.0
2000-06-02,311.0,189.0,0.0,0.0,0.0
2000-06-03,339.0,200.0,0.0,0.0,0.0
2000-06-04,278.0,206.0,203.0,0.0,0.0
2000-06-05,289.0,189.0,419.0,0.0,0.0
2000-06-06,256.0,117.0,13.0,0.0,0.0
2000-06-07,256.0,106.0,0.0,0.0,0.0
2000-06-08,267.0,122.0,0.0,0.0,0.0
2000-06-09,306.0,156.0,0.0,0.0,0.0
2000-06-10,317.0,194.0,0.0,0.0,0.0
2000-06-11,328.0,211.0,0.0,0.0,0.0
2000-06-12,317.0,194.0,0.0,0.0,0.0
2000-06-13,333.0,178.0,0.0,0.0,0.0
2000-06-14,322.0,222.0,0.0,0.0,0.0
2000-06-15,322.0,228.0,76.0,0.0,0.0
2000-06-16,328.0,222.0,13.0,0.0,0.0
2000-06-17,294.0,217.0,0.0,0.0,0.0
2000-06-18,289.0,217.0,330.0,0.0,0.0
2000-06-19,311.0,217.0,20.0,0.0,0.0
2000-06-20,317.0,222.0,0.0,0.0,0.0
2000-06-21,306.0,211.0,0.0,0.0,0.0
2000-06-22,300.0,206.0,25.0,0.0,0.0
2000-06-23,328.0,217.0,0.0,0.0,0.0
2000-06-24,328.0,222.0,0.0,0.0,0.0
2000-06-25,328.0,233.0,0.0,0.0,0.0
2000-06-26,322.0,228.0,0.0,0.0,0.0
2000-06-27,322.0,228.0,0.0,0.0,0.0
2000-06-28,300.0,222.0,0.0,0.0,0.0
2000-06-29,267.0,194.0,119.0,0.0,0.0
2000-06-30,283.0,189.0,0.0,0.0,0.0
2000-07-01,311.0,194.0,0.0,0.0,0.0
2000-07-02,328.0,217.0,0.0,0.0,0.0
2000-07-03,322.0,217.0,0.0,0.0,0.0
2000-07-04,328.0,233.0,0.0,0.0,0.0
2000-07-05,328.0,217.0,0.0,0.0,0.0
2000-07-06,339.0,211.0,0.0,0.0,0.0
2000-07-07,350.0,233.0,0.0,0.0,0.0
2000-07-08,350.0,228.0,0.0,0.0,0.0
2000-07-09,,200.0,0.0,0.0,0.0
2000-07-10,339.0,250.0,0.0,0.0,0.0
2000-07-11,361.0,211.0,0.0,0.0,0.0
2000-07-12,356.0,200.0,0.0,0.0,0.0
2000-07-13,356.0,217.0,0.0,0.0,0.0
2000-07-14,356.0,,0.0,0.0,0.0
2000-07-15,367.0,256.0,0.0,0.0,0.0
2000-07-16,372.0,228.0,0.0,0.0,0.0
2000-07-17,383.0,228.0,0.0,0.0,0.0
2000-07-18,367.0,244.0,0.0,0.0,0.0
2000-07-19,383.0,244.0,0.0,0.0,0.0
2000-07-20,383.0,217.0,0.0,0.0,0.0
2000-07-21,383.0,206.0,0.0,0.0,0.0
2000-07-22,300.0,167.0,0.0,0.0,0.0
2000-07-23,311.0,161.0,0.0,0.0,0.0
2000-07-24,322.0,167.0,0.0,0.0,0.0
2000-07-25,350.0,167.0,0.0,0.0,0.0
2000-07-26,356.0,217.0,0.0,0.0,0.0
2000-07-27,356.0,167.0,0.0,0.0,0.0
2000-07-28,333.0,183.0,0.0,0.0,0.0
2000-07-29,356.0,211.0,0.0,0.0,0.0
2000-07-30,344.0,172.0,152.0,0.0,0.0
2000-07-31,344.0,167.0,0.0,0.0,0.0
2000-08-01,356.0,167.0,56.0,0.0,0.0
2000-08-02,361.0,172.0,0.0,0.0,0.0
2000-08-03,344.0,217.0,13.0,0.0,0.0
2000-08-04,350.0,217.0,0.0,0.0,0.0
2000-08-05,344.0,228.0,0.0,0.0,0.0
2000-08-06,361.0,217.0,0.0,0.0,0.0
2000-08-07,356.0,222.0,0.0,0.0,0.0
2000-08-08,367.0,217.0,0.0,0.0,0.0
2000-08-09,361.0,239.0,0.0,0.0,0.0
2000-08-10,361.0,233.0,0.0,0.0,0.0
2000-08-11,378.0,228.0,0.0,0.0,0.0
2000-08-12,383.0,194.0,0.0,0.0,0.0
2000-08-13,372.0,211.0,0.0,0.0,0.0
2000-08-14,367.0,189.0,0.0,0.0,0.0
2000-08-15,383.0,200.0,0.0,0.0,0.0
2000-08-16,383.0,172.0,0.0,0.0,0.0
2000-08-17,394.0,228.0,0.0,0.0,0.0
2000-08-18,400.0,228.0,0.0,0.0,0.0
2000-08-19,400.0,217.0,25.0,0.0,0.0
2000-08-20,400.0,222.0,0.0,0.0,0.0
2000-08-21,400.0,217.0,0.0,0.0,0.0
2000-08-22,400.0,222.0,0.0,0.0,0.0
2000-08-23,394.0,217.0,0.0,0.0,0.0
2000-08-24,372.0,222.0,0.0,0.0,0.0
2000-08-25,372.0,228.0,0.0,0.0,0.0
2000-08-26,383.0,228.0,0.0,0.0,0.0
2000-08-27,394.0,233.0,0.0,0.0,0.0
2000-08-28,400.0,228.0,0.0,0.0,0.0
2000-08-29,411.0,222.0,0.0,0.0,0.0
2000-08-30,406.0,239.0,0.0,0.0,0.0
2000-08-31,417.0,233.0,0.0,0.0,0.0
2000-09-01,422.0,222.0,0.0,0.0,0.0
2000-09-02,417.0,217.0,0.0,0.0,0.0
2000-09-03,422.0,211.0,0.0,0.0,0.0
2000-09-04,400.0,211.0,0.0,0.0,0.0
2000-09-05,289.0,194.0,0.0,0.0,0.0
2000-09-06,322.0,206.0,0.0,0.0,0.0
2000-09-07,289.0,189.0,0.0,0.0,0.0
2000-09-08,300.0,200.0,25.0,0.0,0.0
2000-09-09,311.0,183.0,10.0,0.0,0.0
2000-09-10,294.0,222.0,165.0,0.0,0.0
2000-09-11,350.0,228.0,10.0,0.0,0.0
2000-09-12,344.0,228.0,0.0,0.0,0.0
2000-09-13,344.0,206.0,127.0,0.0,0.0
2000-09-14,333.0,211.0,0.0,0.0,0.0
2000-09-15,356.0,183.0,0.0,0.0,0.0
2000-09-16,283.0,161.0,0.0,0.0,0.0
2000-09-17,350.0,106.0,0.0,0.0,0.0
2000-09-18,289.0,111.0,0.0,0.0,0.0
2000-09-19,322.0,156.0,0.0,0.0,0.0
2000-09-20,328.0,106.0,0.0,0.0,0.0
2000-09-21,339.0,106.0,5.0,0.0,0.0
2000-09-22,344.0,111.0,0.0,0.0,0.0
2000-09-23,339.0,233.0,0.0,0.0,0.0
2000-09-24,328.0,228.0,0.0,0.0,0.0
2000-09-25,211.0,133.0,363.0,0.0,
2000-09-26,167.0,78.0,3.0,0.0,0.0
2000-09-27,222.0,56.0,0.0,0.0,0.0
2000-09-28,272.0,56.0,0.0,0.0,0.0
2000-09-29,278.0,117.0,0.0,0.0,0.0
2000-09-30,289.0,111.0,0.0,0.0,0.0
2000-10-01,289.0,111.0,0.0,0.0,0.0
2000-10-02,306.0,117.0,0.0,0.0,0.0
2000-10-03,228.0,183.0,0.0,0.0,0.0
2000-10-04,317.0,189.0,0.0,0.0,0.0
2000-10-05,322.0,200.0,0.0,0.0,0.0
2000-10-06,289.0,156.0,89.0,0.0,0.0
2000-10-07,317.0,83.0,3.0,0.0,0.0
2000-10-08,100.0,33.0,0.0,0.0,0.0
2000-10-09,156.0,22.0,0.0,0.0,0.0
2000-10-10,183.0,-17.0,0.0,0.0,0.0
2000-10-11,206.0,-17.0,0.0,0.0,0.0
2000-10-12,239.0,28.0,0.0,0.0,0.0
2000-10-13,289.0,28.0,0.0,0.0,0.0
2000-10-14,222.0,111.0,0.0,0.0,0.0
2000-10-15,283.0,111.0,0.0,0.0,0.0
2000-10-16,289.0,122.0,0.0,0.0,0.0
2000-10-17,256.0,94.0,0.0,0.0,0.0
2000-10-18,222.0,83.0,0.0,0.0,0.0
2000-10-19,289.0,78.0,0.0,0.0,0.0
2000-10-20,256.0,67.0,0.0,0.0,0.0
2000-10-21,256.0,67.0,0.0,0.0,0.0
2000-10-22,267.0,178.0,0.0,0.0,0.0
2000-10-23,294.0,178.0,0.0,0.0,0.0
2000-10-24,300.0,144.0,0.0,0.0,0.0
2000-10-25,311.0,144.0,0.0,0.0,0.0
2000-10-26,289.0,139.0,0.0,0.0,0.0
2000-10-27,289.0,144.0,0.0,0.0,0.0
2000-10-28,294.0,139.0,0.0,0.0,0.0
2000-10-29,294.0,139.0,3.0,0.0,0.0
2000-10-30,289.0,128.0,0.0,0.0,0.0
2000-10-31,294.0,128.0,0.0,0.0,0.0
2000-11-01,289.0,128.0,0.0,0.0,0.0
2000-11-02,294.0,133.0,0.0,0.0,0.0
2000-11-03,283.0,128.0,254.0,0.0,0.0
2000-11-04,294.0,128.0,267.0,0.0,0.0
2000-11-05,172.0,133.0,28.0,0.0,0.0
2000-11-06,206.0,144.0,137.0,0.0,0.0
2000-11-07,233.0,83.0,51.0,0.0,0.0
2000-11-08,100.0,89.0,178.0,0.0,0.0
2000-11-09,161.0,50.0,254.0,0.0,0.0
2000-11-10,106.0,17.0,0.0,0.0,0.0
2000-11-11,100.0,33.0,0.0,0.0,0.0
2000-11-12,128.0,33.0,0.0,0.0,0.0
2000-11-13,189.0,67.0,51.0,0.0,0.0
2000-11-14,128.0,-33.0,0.0,0.0,0.0
2000-11-15,117.0,-22.0,0.0,0.0,0.0
2000-11-16,122.0,72.0,152.0,0.0,0.0
2000-11-17,100.0,28.0,3.0,0.0,0.0
2000-11-18,78.0,-11.0,0.0,0.0,0.0
2000-11-19,17.0,-11.0,0.0,0.0,0.0
2000-11-20,144.0,-22.0,0.0,0.0,0.0
2000-11-21,133.0,-50.0,0.0,0.0,0.0
2000-11-22,139.0,-50.0,0.0,0.0,0.0
2000-11-23,156.0,50.0,0.0,0.0,0.0
2000-11-24,100.0,78.0,1270.0,0.0,0.0
2000-11-25,83.0,72.0,76.0,0.0,0.0
2000-11-26,150.0,39.0,0.0,0.0,0.0
2000-11-27,150.0,6.0,0.0,0.0,0.0
2000-11-28,189.0,6.0,0.0,0.0,0.0
2000-11-29,189.0,67.0,91.0,0.0,0.0
2000-11-30,194.0,-11.0,0.0,0.0,0.0
2000-12-01,133.0,17.0,0.0,0.0,0.0
2000-12-02,56.0,0.0,0.0,0.0,0.0
2000-12-03,61.0,-17.0,0.0,0.0,0.0
2000-12-04,61.0,-56.0,0.0,0.0,0.0
2000-12-05,94.0,-39.0,0.0,0.0,0.0
2000-12-06,133.0,17.0,0.0,0.0,0.0
2000-12-07,61.0,-39.0,0.0,0.0,0.0
2000-12-08,106.0,-33.0,0.0,0.0,0.0
2000-12-09,156.0,-6.0,0.0,0.0,0.0
2000-12-10,200.0,-6.0,0.0,0.0,0.0
2000-12-11,217.0,128.0,0.0,0.0,0.0
2000-12-12,189.0,-72.0,0.0,0.0,0.0
2000-12-13,-11.0,-39.0,25.0,0.0,0.0
2000-12-14,6.0,-11.0,312.0,0.0,0.0
2000-12-15,139.0,-6.0,0.0,0.0,0.0
2000-12-16,156.0,-6.0,229.0,0.0,0.0
2000-12-17,44.0,-83.0,0.0,0.0,0.0
2000-12-18,44.0,-83.0,0.0,0.0,0.0
2000-12-19,72.0,-28.0,0.0,0.0,0.0
2000-12-20,100.0,-67.0,0.0,0.0,0.0
2000-12-21,61.0,-78.0,0.0,0.0,0.0
2000-12-22,78.0,-83.0,0.0,0.0,0.0
2000-12-23,17.0,-83.0,0.0,0.0,0.0
2000-12-24,22.0,-83.0,0.0,0.0,0.0
2000-12-25,72.0,-39.0,0.0,0.0,0.0
2000-12-26,72.0,-39.0,0.0,0.0,0.0
2000-12-27,11.0,0.0,508.0,0.0,0.0
2000-12-28,11.0,-6.0,178.0,0.0,0.0
2000-12-29,22.0,-22.0,0.0,0.0,0.0
2000-12-30,28.0,-67.0,0.0,0.0,0.0
2000-12-31,6.0,-94.0,0.0,0.0,0.0
2001-01-01,6.0,-94.0,0.0,0.0,0.0
2001-01-02,6.0,-122.0,0.0,0.0,0.0
2001-01-03,6.0,-122.0,0.0,0.0,0.0
2001-01-04,39.0,-150.0,0.0,0.0,0.0
2001-01-05,111.0,-61.0,0.0,0.0,0.0
2001-01-06,172.0,-28.0,0.0,0.0,0.0
2001-01-07,178.0,-22.0,0.0,0.0,0.0
2001-01-08,122.0,-28.0,0.0,0.0,0.0
2001-01-09,128.0,-39.0,0.0,0.0,0.0
2001-01-10,72.0,-44.0,0.0,0.0,0.0
2001-01-11,89.0,39.0,0.0,0.0,0.0
2001-01-12,78.0,22.0,0.0,0.0,0.0
2001-01-13,72.0,33.0,0.0,0.0,0.0
2001-01-14,72.0,33.0,13.0,0.0,0.0
2001-01-15,178.0,-11.0,0.0,0.0,0.0
2001-01-16,144.0,-11.0,0.0,0.0,0.0
2001-01-17,150.0,-6.0,229.0,0.0,0.0
2001-01-18,33.0,17.0,508.0,0.0,0.0
2001-01-19,33.0,17.0,330.0,0.0,0.0
2001-01-20,17.0,-39.0,0.0,0.0,0.0
2001-01-21,56.0,-50.0,0.0,0.0,0.0
2001-01-22,89.0,0.0,0.0,0.0,0.0
2001-01-23,122.0,-44.0,0.0,0.0,0.0
2001-01-24,106.0,-11.0,0.0,0.0,0.0
2001-01-25,139.0,-11.0,0.0,0.0,0.0
2001-01-26,56.0,-11.0,0.0,0.0,0.0
2001-01-27,172.0,-11.0,0.0,0.0,0.0
2001-01-28,156.0,17.0,0.0,0.0,0.0
2001-01-29,189.0,6.0,318.0,0.0,0.0
2001-01-30,183.0,28.0,0.0,0.0,0.0
2001-01-31,200.0,17.0,0.0,0.0,0.0
2001-02-01,122.0,-33.0,0.0,0.0,0.0
2001-02-02,133.0,-33.0,0.0,0.0,0.0
2001-02-03,67.0,-50.0,0.0,0.0,0.0
2001-02-04,139.0,-44.0,0.0,0.0,0.0
2001-02-05,150.0,-17.0,0.0,0.0,0.0
2001-02-06,156.0,-28.0,0.0,0.0,0.0
2001-02-07,194.0,100.0,0.0,0.0,0.0
2001-02-08,222.0,139.0,0.0,0.0,0.0
2001-02-09,233.0,150.0,0.0,0.0,0.0
2001-02-10,233.0,-33.0,89.0,0.0,0.0
2001-02-11,56.0,-33.0,0.0,0.0,0.0
2001-02-12,61.0,-28.0,300.0,0.0,0.0
2001-02-13,167.0,117.0,508.0,0.0,0.0
2001-02-14,178.0,39.0,13.0,0.0,0.0
2001-02-15,211.0,144.0,318.0,0.0,0.0
2001-02-16,211.0,133.0,683.0,0.0,0.0
2001-02-17,128.0,-17.0,330.0,0.0,0.0
2001-02-18,128.0,-39.0,0.0,0.0,0.0
2001-02-19,100.0,-17.0,0.0,0.0,0.0
2001-02-20,178.0,-17.0,0.0,0.0,0.0
2001-02-21,189.0,22.0,20.0,0.0,0.0
2001-02-22,156.0,117.0,0.0,0.0,0.0
2001-02-23,106.0,28.0,0.0,0.0,0.0
2001-02-24,161.0,22.0,0.0,0.0,0.0
2001-02-25,239.0,94.0,318.0,0.0,0.0
2001-02-26,233.0,17.0,0.0,0.0,0.0
2001-02-27,172.0,89.0,165.0,0.0,0.0
2001-02-28,67.0,56.0,521.0,0.0,
2001-03-01,61.0,44.0,508.0,0.0,0.0
2001-03-02,172.0,50.0,38.0,0.0,0.0
2001-03-03,106.0,67.0,259.0,0.0,0.0
2001-03-04,94.0,67.0,269.0,0.0,0.0
2001-03-05,150.0,-11.0,0.0,0.0,0.0
2001-03-06,161.0,-11.0,0.0,0.0,0.0
2001-03-07,133.0,6.0,0.0,0.0,0.0
2001-03-08,200.0,6.0,0.0,0.0,0.0
2001-03-09,189.0,0.0,51.0,0.0,0.0
2001-03-10,206.0,-11.0,0.0,0.0,0.0
2001-03-11,206.0,-6.0,0.0,0.0,0.0
2001-03-12,167.0,106.0,754.0,0.0,0.0
2001-03-13,217.0,50.0,76.0,0.0,0.0
2001-03-14,233.0,56.0,0.0,0.0,0.0
2001-03-15,167.0,61.0,241.0,0.0,0.0
2001-03-16,194.0,61.0,0.0,0.0,0.0
2001-03-17,144.0,33.0,0.0,0.0,0.0
2001-03-18,161.0,0.0,0.0,0.0,0.0
2001-03-19,144.0,22.0,0.0,0.0,0.0
2001-03-20,156.0,28.0,0.0,0.0,0.0
2001-03-21,167.0,11.0,0.0,0.0,0.0
2001-03-22,194.0,11.0,0.0,0.0,0.0
2001-03-23,239.0,56.0,0.0,0.0,0.0
2001-03-24,250.0,56.0,0.0,0.0,0.0
2001-03-25,178.0,17.0,0.0,0.0,0.0
2001-03-26,67.0,17.0,0.0,0.0,0.0
2001-03-27,111.0,22.0,0.0,0.0,0.0
2001-03-28,133.0,44.0,0.0,0.0,0.0
2001-03-29,106.0,72.0,0.0,0.0,0.0
2001-03-30,117.0,78.0,8.0,0.0,0.0
2001-03-31,128.0,72.0,0.0,0.0,0.0
2001-04-01,200.0,22.0,119.0,0.0,0.0
2001-04-02,228.0,144.0,0.0,0.0,0.0
2001-04-03,244.0,117.0,0.0,0.0,0.0
2001-04-04,272.0,200.0,0.0,0.0,0.0
2001-04-05,283.0,194.0,0.0,0.0,0.0
2001-04-06,233.0,189.0,0.0,0.0,0.0
2001-04-07,267.0,189.0,0.0,0.0,0.0
2001-04-08,289.0,194.0,0.0,0.0,0.0
2001-04-09,300.0,206.0,0.0,0.0,0.0
2001-04-10,306.0,194.0,0.0,0.0,0.0
2001-04-11,289.0,183.0,0.0,0.0,0.0
2001-04-12,233.0,133.0,0.0,0.0,0.0
2001-04-13,222.0,133.0,508.0,0.0,0.0
2001-04-14,183.0,144.0,0.0,0.0,0.0
2001-04-15,250.0,150.0,432.0,0.0,0.0
2001-04-16,217.0,117.0,0.0,0.0,0.0
2001-04-17,144.0,44.0,0.0,0.0,0.0
2001-04-18,189.0,22.0,114.0,0.0,0.0
2001-04-19,,11.0,0.0,0.0,0.0
2001-04-20,256.0,161.0,0.0,0.0,0.0
2001-04-21,256.0,167.0,0.0,0.0,0.0
2001-04-22,267.0,194.0,0.0,0.0,0.0
2001-04-23,261.0,133.0,0.0,0.0,0.0
2001-04-24,206.0,72.0,165.0,0.0,0.0
2001-04-25,283.0,122.0,0.0,0.0,0.0
2001-04-26,278.0,122.0,0.0,0.0,0.0
2001-04-27,289.0,139.0,0.0,0.0,0.0
2001-04-28,294.0,122.0,0.0,0.0,0.0
2001-04-29,300.0,128.0,0.0,0.0,0.0
2001-04-30,278.0,144.0,0.0,0.0,0.0
2001-05-01,306.0,128.0,0.0,0.0,0.0
2001-05-02,300.0,128.0,0.0,0.0,0.0
2001-05-03,306.0,128.0,0.0,0.0,0.0
2001-05-04,289.0,178.0,0.0,0.0,0.0
2001-05-05,244.0,178.0,0.0,0.0,0.0
2001-05-06,289.0,172.0,0.0,0.0,0.0
2001-05-07,289.0,172.0,211.0,0.0,0.0
2001-05-08,278.0,178.0,183.0,0.0,0.0
2001-05-09,278.0,139.0,0.0,0.0,0.0
2001-05-10,289.0,172.0,0.0,0.0,0.0
2001-05-11,289.0,183.0,0.0,0.0,0.0
2001-05-12,289.0,117.0,0.0,0.0,0.0
2001-05-13,294.0,117.0,0.0,0.0,0.0
2001-05-14,289.0,144.0,0.0,0.0,0.0
2001-05-15,306.0,128.0,0.0,0.0,0.0
2001-05-16,311.0,183.0,0.0,0.0,0.0
2001-05-17,317.0,183.0,0.0,0.0,0.0
2001-05-18,300.0,189.0,0.0,0.0,0.0
2001-05-19,300.0,189.0,53.0,0.0,0.0
2001-05-20,239.0,172.0,0.0,0.0,0.0
2001-05-21,278.0,128.0,0.0,0.0,0.0
2001-05-22,278.0,94.0,0.0,0.0,0.0
2001-05-23,283.0,144.0,0.0,0.0,0.0
2001-05-24,283.0,128.0,0.0,0.0,0.0
2001-05-25,283.0,,0.0,0.0,0.0
2001-05-26,244.0,117.0,0.0,0.0,0.0
2001-05-27,289.0,117.0,0.0,0.0,0.0
2001-05-28,294.0,117.0,0.0,0.0,0.0
2001-05-29,206.0,117.0,53.0,0.0,0.0
2001-05-30,306.0,178.0,61.0,0.0,0.0
2001-05-31,311.0,117.0,508.0,0.0,0.0
2001-06-01,244.0,150.0,173.0,0.0,0.0
2001-06-02,272.0,156.0,0.0,0.0,0.0
2001-06-03,311.0,189.0,0.0,0.0,0.0
2001-06-04,322.0,194.0,0.0,0.0,0.0
2001-06-05,311.0,200.0,38.0,0.0,0.0
2001-06-06,256.0,211.0,18.0,0.0,0.0
2001-06-07,267.0,194.0,51.0,0.0,0.0
2001-06-08,300.0,217.0,0.0,0.0,0.0
2001-06-09,311.0,200.0,0.0,0.0,0.0
2001-06-10,317.0,183.0,0.0,0.0,0.0
2001-06-11,317.0,178.0,0.0,0.0,0.0
2001-06-12,317.0,183.0,0.0,0.0,0.0
2001-06-13,328.0,217.0,0.0,0.0,0.0
2001-06-14,333.0,233.0,0.0,0.0,0.0
2001-06-15,283.0,189.0,0.0,0.0,0.0
2001-06-16,333.0,167.0,0.0,0.0,0.0
2001-06-17,322.0,167.0,0.0,0.0,0.0
2001-06-18,344.0,172.0,0.0,0.0,0.0
2001-06-19,339.0,206.0,0.0,0.0,0.0
2001-06-20,344.0,200.0,0.0,0.0,0.0
2001-06-21,339.0,211.0,0.0,0.0,0.0
2001-06-22,333.0,194.0,432.0,0.0,0.0
2001-06-23,311.0,189.0,0.0,0.0,0.0
2001-06-24,306.0,161.0,0.0,0.0,0.0
2001-06-25,317.0,172.0,0.0,0.0,0.0
2001-06-26,317.0,172.0,0.0,0.0,0.0
2001-06-27,317.0,206.0,0.0,0.0,0.0
2001-06-28,322.0,194.0,0.0,0.0,0.0
2001-06-29,311.0,211.0,0.0,0.0,0.0
2001-06-30,283.0,200.0,0.0,0.0,0.0
2001-07-01,283.0,200.0,81.0,0.0,0.0
2001-07-02,317.0,200.0,0.0,0.0,0.0
2001-07-03,344.0,217.0,0.0,0.0,0.0
2001-07-04,339.0,211.0,0.0,0.0,0.0
2001-07-05,311.0,228.0,305.0,0.0,0.0
2001-07-06,356.0,233.0,0.0,0.0,0.0
2001-07-07,356.0,228.0,0.0,0.0,0.0
2001-07-08,350.0,228.0,0.0,0.0,0.0
2001-07-09,361.0,250.0,0.0,0.0,0.0
2001-07-10,350.0,233.0,0.0,0.0,0.0
2001-07-11,356.0,244.0,0.0,0.0,0.0
2001-07-12,367.0,244.0,0.0,0.0,0.0
2001-07-13,356.0,222.0,0.0,0.0,0.0
2001-07-14,356.0,194.0,145.0,0.0,0.0
2001-07-15,350.0,217.0,0.0,0.0,0.0
2001-07-16,367.0,194.0,0.0,0.0,0.0
2001-07-17,367.0,211.0,0.0,0.0,0.0
2001-07-18,333.0,167.0,0.0,0.0,0.0
2001-07-19,339.0,222.0,0.0,0.0,0.0
2001-07-20,361.0,228.0,0.0,0.0,0.0
2001-07-21,356.0,228.0,0.0,0.0,0.0
2001-07-22,361.0,222.0,0.0,0.0,0.0
2001-07-23,361.0,228.0,0.0,0.0,0.0
2001-07-24,344.0,244.0,0.0,0.0,0.0
2001-07-25,361.0,206.0,0.0,0.0,0.0
2001-07-26,356.0,233.0,0.0,0.0,0.0
2001-07-27,350.0,233.0,0.0,0.0,0.0
2001-07-28,350.0,233.0,0.0,0.0,0.0
2001-07-29,322.0,239.0,0.0,0.0,0.0
2001-07-30,322.0,239.0,0.0,0.0,0.0
2001-07-31,350.0,211.0,25.0,0.0,0.0
2001-08-01,344.0,200.0,0.0,0.0,0.0
2001-08-02,328.0,194.0,0.0,0.0,0.0
2001-08-03,339.0,172.0,0.0,0.0,0.0
2001-08-04,339.0,189.0,33.0,0.0,0.0
2001-08-05,328.0,194.0,0.0,0.0,0.0
2001-08-06,339.0,194.0,0.0,0.0,0.0
2001-08-07,306.0,189.0,0.0,0.0,0.0
2001-08-08,344.0,206.0,0.0,0.0,0.0
2001-08-09,361.0,211.0,0.0,0.0,0.0
2001-08-10,361.0,211.0,71.0,0.0,0.0
2001-08-11,283.0,228.0,25.0,0.0,0.0
2001-08-12,311.0,228.0,99.0,0.0,0.0
2001-08-13,306.0,194.0,0.0,0.0,0.0
2001-08-14,317.0,167.0,0.0,0.0,0.0
2001-08-15,328.0,156.0,20.0,0.0,0.0
2001-08-16,344.0,183.0,0.0,0.0,0.0
2001-08-17,322.0,194.0,0.0,0.0,0.0
2001-08-18,261.0,250.0,127.0,0.0,0.0
2001-08-19,283.0,211.0,0.0,0.0,0.0
2001-08-20,328.0,194.0,38.0,0.0,0.0
2001-08-21,339.0,200.0,0.0,0.0,0.0
2001-08-22,350.0,239.0,0.0,0.0,0.0
2001-08-23,361.0,222.0,0.0,0.0,0.0
2001-08-24,339.0,228.0,0.0,0.0,0.0
2001-08-25,350.0,211.0,0.0,0.0,0.0
2001-08-26,356.0,211.0,0.0,0.0,0.0
2001-08-27,356.0,211.0,0.0,0.0,0.0
2001-08-28,339.0,228.0,0.0,0.0,0.0
2001-08-29,294.0,161.0,0.0,0.0,0.0
2001-08-30,283.0,211.0,0.0,0.0,0.0
2001-08-31,267.0,183.0,406.0,0.0,0.0
2001-09-01,267.0,183.0,0.0,0.0,0.0
2001-09-02,272.0,222.0,0.0,0.0,0.0
2001-09-03,306.0,217.0,0.0,0.0,0.0
2001-09-04,328.0,183.0,0.0,0.0,0.0
2001-09-05,328.0,183.0,0.0,0.0,0.0
2001-09-06,322.0,178.0,0.0,0.0,0.0
2001-09-07,322.0,233.0,0.0,0.0,0.0
2001-09-08,350.0,267.0,0.0,0.0,0.0
2001-09-09,322.0,206.0,10.0,0.0,0.0
2001-09-10,294.0,183.0,0.0,0.0,0.0
2001-09-11,278.0,189.0,0.0,0.0,0.0
2001-09-12,333.0,139.0,0.0,0.0,0.0
2001-09-13,317.0,150.0,0.0,0.0,0.0
2001-09-14,333.0,156.0,76.0,0.0,0.0
2001-09-15,306.0,178.0,0.0,0.0,0.0
2001-09-16,322.0,178.0,0.0,0.0,0.0
2001-09-17,294.0,189.0,0.0,0.0,0.0
2001-09-18,311.0,167.0,0.0,0.0,0.0
2001-09-19,306.0,178.0,0.0,0.0,0.0
2001-09-20,311.0,150.0,0.0,0.0,0.0
2001-09-21,272.0,144.0,0.0,0.0,0.0
2001-09-22,278.0,128.0,0.0,0.0,0.0
2001-09-23,311.0,167.0,0.0,0.0,0.0
2001-09-24,239.0,122.0,0.0,0.0,0.0
2001-09-25,228.0,83.0,0.0,0.0,0.0
2001-09-26,261.0,56.0,0.0,0.0,0.0
2001-09-27,250.0,61.0,0.0,0.0,0.0
2001-09-28,267.0,83.0,0.0,0.0,0.0
2001-09-29,278.0,83.0,0.0,0.0,0.0
2001-09-30,283.0,83.0,0.0,0.0,0.0
2001-10-01,256.0,78.0,0.0,0.0,0.0
2001-10-02,289.0,94.0,0.0,0.0,0.0
2001-10-03,267.0,83.0,0.0,0.0,0.0
2001-10-04,272.0,100.0,0.0,0.0,0.0
2001-10-05,289.0,94.0,0.0,0.0,0.0
2001-10-06,283.0,78.0,345.0,0.0,0.0
2001-10-07,189.0,50.0,0.0,0.0,0.0
2001-10-08,217.0,61.0,0.0,0.0,0.0
2001-10-09,256.0,133.0,0.0,0.0,0.0
2001-10-10,267.0,133.0,0.0,0.0,0.0
2001-10-11,261.0,167.0,1270.0,0.0,0.0
2001-10-12,244.0,156.0,140.0,0.0,0.0
2001-10-13,239.0,172.0,508.0,0.0,0.0
2001-10-14,256.0,117.0,145.0,0.0,0.0
2001-10-15,244.0,111.0,0.0,0.0,0.0
2001-10-16,256.0,50.0,0.0,0.0,0.0
2001-10-17,178.0,111.0,0.0,0.0,0.0
2001-10-18,250.0,44.0,0.0,0.0,0.0
2001-10-19,211.0,17.0,0.0,0.0,0.0
2001-10-20,233.0,100.0,0.0,0.0,0.0
2001-10-21,261.0,117.0,0.0,0.0,0.0
2001-10-22,272.0,133.0,0.0,0.0,0.0
2001-10-23,278.0,161.0,0.0,0.0,0.0
2001-10-24,283.0,167.0,0.0,0.0,0.0
2001-10-25,289.0,67.0,0.0,0.0,0.0
2001-10-26,294.0,50.0,0.0,0.0,0.0
2001-10-27,172.0,28.0,0.0,0.0,0.0
2001-10-28,206.0,-6.0,0.0,0.0,0.0
2001-10-29,211.0,17.0,0.0,0.0,0.0
2001-10-30,206.0,0.0,0.0,0.0,0.0
2001-10-31,211.0,0.0,13.0,0.0,0.0
2001-11-01,228.0,0.0,0.0,0.0,0.0
2001-11-02,250.0,139.0,0.0,0.0,0.0
2001-11-03,267.0,128.0,0.0,0.0,0.0
2001-11-04,239.0,94.0,0.0,0.0,0.0
2001-11-05,278.0,56.0,0.0,0.0,0.0
2001-11-06,233.0,67.0,0.0,0.0,0.0
2001-11-07,256.0,56.0,0.0,0.0,0.0
2001-11-08,244.0,72.0,0.0,0.0,0.0
2001-11-09,250.0,78.0,0.0,0.0,0.0
2001-11-10,222.0,83.0,0.0,0.0,0.0
2001-11-11,211.0,72.0,0.0,0.0,0.0
2001-11-12,228.0,94.0,0.0,0.0,0.0
2001-11-13,211.0,44.0,0.0,0.0,0.0
2001-11-14,228.0,83.0,0.0,0.0,0.0
2001-11-15,239.0,67.0,0.0,0.0,0.0
2001-11-16,244.0,67.0,0.0,0.0,0.0
2001-11-17,239.0,72.0,0.0,0.0,0.0
2001-11-18,244.0,72.0,0.0,0.0,0.0
2001-11-19,244.0,72.0,0.0,0.0,0.0
2001-11-20,178.0,28.0,0.0,0.0,0.0
2001-11-21,172.0,-28.0,0.0,0.0,0.0
2001-11-22,167.0,28.0,0.0,0.0,0.0
2001-11-23,217.0,78.0,0.0,0.0,0.0
2001-11-24,244.0,122.0,2189.0,0.0,0.0
2001-11-25,244.0,44.0,0.0,0.0,0.0
2001-11-26,244.0,44.0,0.0,0.0,0.0
2001-11-27,244.0,44.0,429.0,0.0,0.0
2001-11-28,144.0,50.0,445.0,0.0,0.0
2001-11-29,122.0,33.0,559.0,0.0,0.0
2001-11-30,128.0,17.0,254.0,0.0,0.0
2001-12-01,128.0,17.0,0.0,0.0,0.0
2001-12-02,189.0,22.0,0.0,0.0,0.0
2001-12-03,200.0,22.0,0.0,0.0,0.0
2001-12-04,217.0,44.0,0.0,0.0,0.0
2001-12-05,244.0,44.0,0.0,0.0,0.0
2001-12-06,211.0,61.0,0.0,0.0,0.0
2001-12-07,228.0,167.0,279.0,0.0,0.0
2001-12-08,128.0,39.0,229.0,,
2001-12-09,217.0,39.0,0.0,,0.0
2001-12-10,111.0,28.0,0.0,,0.0
2001-12-11,144.0,17.0,0.0,,0.0
2001-12-12,122.0,44.0,64.0,,0.0
2001-12-13,183.0,122.0,0.0,,0.0
2001-12-14,100.0,78.0,368.0,,0.0
2001-12-15,183.0,28.0,0.0,0.0,0.0
2001-12-16,150.0,50.0,51.0,0.0,0.0
2001-12-17,211.0,72.0,513.0,0.0,0.0
2001-12-18,167.0,0.0,0.0,0.0,0.0
2001-12-19,172.0,6.0,0.0,0.0,0.0
2001-12-20,139.0,-28.0,0.0,0.0,0.0
2001-12-21,144.0,-22.0,0.0,0.0,0.0
2001-12-22,161.0,22.0,0.0,0.0,0.0
2001-12-23,128.0,11.0,140.0,0.0,0.0
2001-12-24,78.0,-44.0,0.0,0.0,0.0
2001-12-25,17.0,-39.0,0.0,0.0,0.0
2001-12-26,56.0,-39.0,0.0,0.0,0.0
2001-12-27,100.0,-39.0,0.0,0.0,0.0
2001-12-28,150.0,17.0,0.0,0.0,0.0
2001-12-29,161.0,17.0,0.0,0.0,0.0
2001-12-30,78.0,-22.0,0.0,0.0,0.0
2001-12-31,-6.0,-22.0,0.0,0.0,0.0
2002-01-01,39.0,-56.0,0.0,0.0,0.0
2002-01-02,-6.0,-44.0,0.0,0.0,0.0
2002-01-03,28.0,-83.0,0.0,0.0,0.0
2002-01-04,28.0,-83.0,0.0,0.0,0.0
2002-01-05,78.0,-67.0,0.0,0.0,0.0
2002-01-06,111.0,-67.0,0.0,0.0,0.0
2002-01-07,89.0,0.0,0.0,0.0,0.0
2002-01-08,139.0,11.0,0.0,0.0,0.0
2002-01-09,139.0,-33.0,0.0,0.0,0.0
2002-01-10,317.0,89.0,0.0,0.0,0.0
2002-01-11,200.0,72.0,0.0,0.0,0.0
2002-01-12,206.0,-17.0,0.0,0.0,0.0
2002-01-13,156.0,-22.0,0.0,0.0,0.0
2002-01-14,156.0,-22.0,0.0,0.0,0.0
2002-01-15,150.0,0.0,0.0,0.0,0.0
2002-01-16,172.0,-17.0,0.0,0.0,0.0
2002-01-17,156.0,44.0,0.0,0.0,0.0
2002-01-18,133.0,6.0,381.0,0.0,0.0
2002-01-19,67.0,0.0,533.0,0.0,0.0
2002-01-20,50.0,-11.0,373.0,0.0,0.0
2002-01-21,78.0,-6.0,0.0,0.0,0.0
2002-01-22,139.0,56.0,0.0,0.0,0.0
2002-01-23,200.0,28.0,0.0,0.0,0.0
2002-01-24,,17.0,241.0,,
2002-01-25,100.0,-17.0,178.0,,0.0
2002-01-26,139.0,-39.0,0.0,,0.0
2002-01-27,150.0,-33.0,0.0,,0.0
2002-01-28,206.0,-11.0,0.0,,0.0
2002-01-29,200.0,133.0,0.0,,0.0
2002-01-30,239.0,156.0,0.0,,0.0
2002-01-31,256.0,161.0,0.0,0.0,0.0
2002-02-01,256.0,-11.0,102.0,0.0,0.0
2002-02-02,133.0,-33.0,0.0,0.0,0.0
2002-02-03,111.0,-28.0,0.0,0.0,0.0
2002-02-04,83.0,6.0,13.0,0.0,0.0
2002-02-05,111.0,11.0,0.0,0.0,0.0
2002-02-06,28.0,-6.0,152.0,0.0,0.0
2002-02-07,28.0,-6.0,0.0,0.0,0.0
2002-02-08,117.0,11.0,0.0,0.0,0.0
2002-02-09,150.0,-28.0,0.0,0.0,0.0
2002-02-10,178.0,6.0,0.0,0.0,0.0
2002-02-11,56.0,33.0,0.0,0.0,0.0
2002-02-12,117.0,-22.0,0.0,0.0,0.0
2002-02-13,172.0,-17.0,0.0,0.0,0.0
2002-02-14,128.0,-33.0,0.0,0.0,0.0
2002-02-15,156.0,11.0,0.0,0.0,0.0
2002-02-16,167.0,-11.0,0.0,0.0,0.0
2002-02-17,200.0,-33.0,0.0,0.0,0.0
2002-02-18,172.0,89.0,0.0,0.0,0.0
2002-02-19,206.0,-28.0,0.0,0.0,0.0
2002-02-20,189.0,94.0,330.0,0.0,0.0
2002-02-21,183.0,22.0,0.0,0.0,0.0
2002-02-22,194.0,11.0,0.0,0.0,0.0
2002-02-23,183.0,0.0,0.0,0.0,0.0
2002-02-24,211.0,50.0,0.0,0.0,0.0
2002-02-25,211.0,-33.0,0.0,0.0,0.0
2002-02-26,44.0,-11.0,0.0,0.0,0.0
2002-02-27,78.0,-89.0,0.0,0.0,0.0
2002-02-28,50.0,-89.0,0.0,0.0,0.0
2002-03-01,122.0,-83.0,15.0,0.0,0.0
2002-03-02,78.0,28.0,89.0,0.0,0.0
2002-03-03,111.0,-67.0,0.0,0.0,0.0
2002-03-04,22.0,-100.0,0.0,0.0,0.0
2002-03-05,89.0,-83.0,0.0,0.0,0.0
2002-03-06,172.0,28.0,0.0,0.0,0.0
2002-03-07,189.0,33.0,13.0,0.0,0.0
2002-03-08,239.0,122.0,0.0,0.0,0.0
2002-03-09,222.0,117.0,157.0,0.0,0.0
2002-03-10,239.0,-11.0,0.0,0.0,0.0
2002-03-11,128.0,-11.0,0.0,0.0,0.0
2002-03-12,89.0,33.0,508.0,0.0,0.0
2002-03-13,239.0,-6.0,0.0,0.0,0.0
2002-03-14,228.0,39.0,0.0,0.0,0.0
2002-03-15,239.0,-6.0,0.0,0.0,0.0
2002-03-16,272.0,78.0,513.0,0.0,0.0
2002-03-17,272.0,78.0,23.0,0.0,0.0
2002-03-18,133.0,128.0,457.0,0.0,0.0
2002-03-19,194.0,122.0,18.0,0.0,0.0
2002-03-20,122.0,106.0,381.0,0.0,0.0
2002-03-21,183.0,61.0,0.0,0.0,0.0
2002-03-22,89.0,-11.0,0.0,0.0,0.0
2002-03-23,278.0,-22.0,0.0,0.0,0.0
2002-03-24,167.0,6.0,0.0,0.0,0.0
2002-03-25,200.0,44.0,0.0,0.0,0.0
2002-03-26,239.0,56.0,191.0,0.0,0.0
2002-03-27,128.0,44.0,0.0,0.0,0.0
2002-03-28,244.0,100.0,0.0,0.0,0.0
2002-03-29,267.0,,0.0,0.0,0.0
2002-03-30,144.0,100.0,76.0,0.0,0.0
2002-03-31,278.0,0.0,627.0,0.0,0.0
2002-04-01,167.0,44.0,0.0,0.0,0.0
2002-04-02,233.0,67.0,0.0,0.0,0.0
2002-04-03,244.0,83.0,0.0,0.0,0.0
2002-04-04,128.0,28.0,0.0,0.0,0.0
2002-04-05,178.0,17.0,0.0,0.0,0.0
2002-04-06,161.0,11.0,0.0,0.0,0.0
2002-04-07,244.0,67.0,0.0,0.0,0.0
2002-04-08,239.0,78.0,246.0,0.0,0.0
2002-04-09,161.0,106.0,127.0,0.0,0.0
2002-04-10,189.0,94.0,0.0,0.0,0.0
2002-04-11,244.0,111.0,0.0,0.0,0.0
2002-04-12,283.0,117.0,0.0,0.0,0.0
2002-04-13,278.0,156.0,0.0,0.0,0.0
2002-04-14,289.0,178.0,0.0,0.0,0.0
2002-04-15,289.0,178.0,0.0,0.0,0.0
2002-04-16,294.0,161.0,0.0,0.0,0.0
2002-04-17,283.0,178.0,5.0,0.0,0.0
2002-04-18,294.0,183.0,0.0,0.0,0.0
2002-04-19,217.0,200.0,0.0,0.0,0.0
2002-04-20,294.0,183.0,0.0,0.0,0.0
2002-04-21,300.0,189.0,0.0,0.0,0.0
2002-04-22,306.0,156.0,0.0,0.0,0.0
2002-04-23,300.0,156.0,0.0,0.0,0.0
2002-04-24,272.0,117.0,0.0,0.0,0.0
2002-04-25,283.0,122.0,0.0,0.0,0.0
2002-04-26,289.0,94.0,147.0,0.0,0.0
2002-04-27,156.0,89.0,81.0,0.0,0.0
2002-04-28,294.0,,0.0,0.0,0.0
2002-04-29,300.0,178.0,0.0,0.0,0.0
2002-04-30,311.0,183.0,0.0,0.0,0.0
2002-05-01,311.0,183.0,0.0,0.0,0.0
2002-05-02,317.0,211.0,0.0,0.0,0.0
2002-05-03,283.0,122.0,533.0,0.0,0.0
2002-05-04,289.0,128.0,693.0,0.0,0.0
2002-05-05,189.0,122.0,0.0,0.0,0.0
2002-05-06,300.0,167.0,0.0,0.0,0.0
2002-05-07,311.0,211.0,0.0,0.0,0.0
2002-05-08,306.0,217.0,0.0,0.0,0.0
2002-05-09,289.0,156.0,0.0,0.0,0.0
2002-05-10,306.0,178.0,508.0,0.0,0.0
2002-05-11,250.0,172.0,168.0,0.0,0.0
2002-05-12,311.0,211.0,0.0,0.0,0.0
2002-05-13,306.0,139.0,445.0,0.0,0.0
2002-05-14,300.0,117.0,0.0,0.0,0.0
2002-05-15,272.0,83.0,0.0,0.0,0.0
2002-05-16,256.0,78.0,0.0,0.0,0.0
2002-05-17,256.0,128.0,216.0,0.0,0.0
2002-05-18,294.0,117.0,183.0,0.0,0.0
2002-05-19,183.0,56.0,0.0,0.0,0.0
2002-05-20,217.0,56.0,0.0,0.0,0.0
2002-05-21,239.0,106.0,0.0,0.0,0.0
2002-05-22,250.0,100.0,0.0,0.0,0.0
2002-05-23,256.0,100.0,0.0,0.0,0.0
2002-05-24,272.0,133.0,0.0,0.0,0.0
2002-05-25,267.0,172.0,0.0,0.0,0.0
2002-05-26,283.0,106.0,0.0,0.0,0.0
2002-05-27,306.0,144.0,76.0,0.0,0.0
2002-05-28,306.0,144.0,0.0,0.0,0.0
2002-05-29,283.0,194.0,0.0,0.0,0.0
2002-05-30,294.0,200.0,0.0,0.0,0.0
2002-05-31,306.0,167.0,0.0,0.0,0.0
2002-06-01,317.0,183.0,0.0,0.0,0.0
2002-06-02,322.0,200.0,0.0,0.0,0.0
2002-06-03,333.0,206.0,0.0,0.0,0.0
2002-06-04,322.0,228.0,0.0,0.0,0.0
2002-06-05,317.0,217.0,0.0,0.0,0.0
2002-06-06,283.0,194.0,0.0,0.0,0.0
2002-06-07,289.0,161.0,0.0,0.0,0.0
2002-06-08,,,0.0,0.0,0.0
2002-06-09,311.0,228.0,15.0,0.0,0.0
2002-06-10,289.0,217.0,185.0,0.0,0.0
2002-06-11,306.0,211.0,0.0,0.0,0.0
2002-06-12,328.0,211.0,0.0,0.0,0.0
2002-06-13,333.0,217.0,23.0,0.0,0.0
2002-06-14,294.0,167.0,0.0,0.0,0.0
2002-06-15,289.0,150.0,0.0,0.0,0.0
2002-06-16,206.0,144.0,43.0,0.0,0.0
2002-06-17,289.0,133.0,0.0,0.0,0.0
2002-06-18,311.0,161.0,0.0,0.0,0.0
2002-06-19,328.0,183.0,0.0,0.0,0.0
2002-06-20,328.0,200.0,0.0,0.0,0.0
2002-06-21,333.0,206.0,0.0,0.0,0.0
2002-06-22,328.0,194.0,0.0,0.0,0.0
2002-06-23,306.0,200.0,0.0,0.0,0.0
2002-06-24,311.0,200.0,86.0,0.0,0.0
2002-06-25,272.0,194.0,175.0,0.0,0.0
2002-06-26,278.0,206.0,147.0,0.0,0.0
2002-06-27,283.0,217.0,46.0,0.0,0.0
2002-06-28,289.0,217.0,20.0,0.0,0.0
2002-06-29,306.0,211.0,3.0,0.0,0.0
2002-06-30,322.0,233.0,0.0,0.0,0.0
2002-07-01,333.0,233.0,0.0,0.0,0.0
2002-07-02,317.0,222.0,0.0,0.0,0.0
2002-07-03,306.0,217.0,0.0,0.0,0.0
2002-07-04,333.0,217.0,0.0,0.0,0.0
2002-07-05,350.0,228.0,0.0,0.0,0.0
2002-07-06,356.0,228.0,0.0,0.0,0.0
2002-07-07,344.0,222.0,0.0,0.0,0.0
2002-07-08,350.0,222.0,30.0,0.0,0.0
2002-07-09,344.0,239.0,3.0,0.0,0.0
2002-07-10,350.0,239.0,0.0,0.0,0.0
2002-07-11,322.0,228.0,0.0,0.0,0.0
2002-07-12,339.0,206.0,462.0,0.0,0.0
2002-07-13,294.0,211.0,0.0,0.0,0.0
2002-07-14,306.0,211.0,0.0,0.0,0.0
2002-07-15,300.0,200.0,3.0,0.0,0.0
2002-07-16,289.0,217.0,8.0,0.0,0.0
2002-07-17,328.0,222.0,142.0,0.0,0.0
2002-07-18,328.0,217.0,3.0,0.0,0.0
2002-07-19,339.0,233.0,0.0,0.0,0.0
2002-07-20,339.0,228.0,0.0,0.0,0.0
2002-07-21,344.0,239.0,0.0,0.0,0.0
2002-07-22,344.0,239.0,0.0,0.0,0.0
2002-07-23,344.0,233.0,0.0,0.0,0.0
2002-07-24,306.0,217.0,155.0,0.0,0.0
2002-07-25,322.0,222.0,0.0,0.0,0.0
2002-07-26,339.0,244.0,0.0,0.0,0.0
2002-07-27,328.0,233.0,0.0,0.0,0.0
2002-07-28,339.0,239.0,0.0,0.0,0.0
2002-07-29,333.0,244.0,0.0,0.0,0.0
2002-07-30,344.0,239.0,0.0,0.0,0.0
2002-07-31,333.0,228.0,3.0,0.0,0.0
2002-08-01,350.0,228.0,0.0,0.0,0.0
2002-08-02,367.0,239.0,0.0,0.0,0.0
2002-08-03,350.0,233.0,0.0,0.0,0.0
2002-08-04,344.0,228.0,0.0,0.0,0.0
2002-08-05,350.0,217.0,0.0,0.0,0.0
2002-08-06,350.0,211.0,0.0,0.0,0.0
2002-08-07,328.0,222.0,0.0,0.0,0.0
2002-08-08,328.0,194.0,0.0,0.0,0.0
2002-08-09,328.0,222.0,0.0,0.0,0.0
2002-08-10,344.0,200.0,0.0,0.0,0.0
2002-08-11,333.0,211.0,0.0,0.0,0.0
2002-08-12,333.0,206.0,0.0,0.0,0.0
2002-08-13,322.0,217.0,0.0,0.0,0.0
2002-08-14,322.0,222.0,18.0,0.0,0.0
2002-08-15,306.0,211.0,142.0,0.0,0.0
2002-08-16,306.0,217.0,312.0,0.0,0.0
2002-08-17,261.0,211.0,117.0,0.0,0.0
2002-08-18,333.0,222.0,0.0,0.0,0.0
2002-08-19,333.0,256.0,0.0,0.0,0.0
2002-08-20,339.0,217.0,0.0,0.0,0.0
2002-08-21,339.0,211.0,0.0,0.0,0.0
2002-08-22,344.0,228.0,0.0,0.0,0.0
2002-08-23,339.0,233.0,0.0,0.0,0.0
2002-08-24,339.0,217.0,0.0,0.0,0.0
2002-08-25,344.0,211.0,0.0,0.0,0.0
2002-08-26,356.0,211.0,0.0,0.0,0.0
2002-08-27,339.0,217.0,0.0,0.0,0.0
2002-08-28,294.0,183.0,0.0,0.0,0.0
2002-08-29,328.0,206.0,0.0,0.0,0.0
2002-08-30,306.0,211.0,0.0,0.0,0.0
2002-08-31,306.0,211.0,0.0,0.0,0.0
2002-09-01,333.0,206.0,0.0,0.0,0.0
2002-09-02,333.0,206.0,0.0,0.0,0.0
2002-09-03,339.0,206.0,0.0,0.0,0.0
2002-09-04,350.0,211.0,0.0,0.0,0.0
2002-09-05,350.0,222.0,0.0,0.0,0.0
2002-09-06,361.0,211.0,0.0,0.0,0.0
2002-09-07,367.0,222.0,0.0,0.0,0.0
2002-09-08,317.0,228.0,0.0,0.0,0.0
2002-09-09,322.0,222.0,0.0,0.0,0.0
2002-09-10,333.0,194.0,0.0,0.0,0.0
2002-09-11,350.0,194.0,0.0,0.0,0.0
2002-09-12,328.0,183.0,0.0,0.0,0.0
2002-09-13,317.0,183.0,0.0,0.0,0.0
2002-09-14,311.0,178.0,0.0,0.0,0.0
2002-09-15,356.0,194.0,0.0,0.0,0.0
2002-09-16,339.0,217.0,0.0,0.0,0.0
2002-09-17,322.0,200.0,0.0,0.0,0.0
2002-09-18,339.0,222.0,0.0,0.0,0.0
2002-09-19,322.0,211.0,0.0,0.0,0.0
2002-09-20,317.0,217.0,0.0,0.0,0.0
2002-09-21,294.0,183.0,0.0,0.0,0.0
2002-09-22,278.0,178.0,0.0,0.0,0.0
2002-09-23,333.0,128.0,0.0,0.0,0.0
2002-09-24,267.0,139.0,0.0,0.0,0.0
2002-09-25,239.0,178.0,64.0,0.0,0.0
2002-09-26,278.0,139.0,249.0,0.0,0.0
2002-09-27,289.0,172.0,0.0,0.0,0.0
2002-09-28,294.0,156.0,0.0,0.0,0.0
2002-09-29,306.0,150.0,0.0,0.0,0.0
2002-09-30,300.0,178.0,0.0,0.0,0.0
2002-10-01,311.0,139.0,0.0,0.0,0.0
2002-10-02,322.0,211.0,0.0,0.0,0.0
2002-10-03,328.0,211.0,0.0,0.0,0.0
2002-10-04,328.0,206.0,23.0,0.0,0.0
2002-10-05,222.0,156.0,0.0,0.0,0.0
2002-10-06,267.0,161.0,0.0,0.0,0.0
2002-10-07,222.0,122.0,0.0,0.0,0.0
2002-10-08,250.0,156.0,0.0,0.0,0.0
2002-10-09,328.0,144.0,0.0,0.0,0.0
2002-10-10,206.0,167.0,71.0,0.0,0.0
2002-10-11,206.0,156.0,0.0,0.0,0.0
2002-10-12,228.0,144.0,0.0,0.0,0.0
2002-10-13,178.0,94.0,0.0,0.0,0.0
2002-10-14,239.0,156.0,0.0,0.0,0.0
2002-10-15,206.0,89.0,0.0,0.0,0.0
2002-10-16,256.0,172.0,0.0,0.0,0.0
2002-10-17,261.0,56.0,0.0,0.0,0.0
2002-10-18,244.0,56.0,0.0,0.0,0.0
2002-10-19,244.0,56.0,13.0,0.0,0.0
2002-10-20,189.0,128.0,0.0,0.0,0.0
2002-10-21,161.0,111.0,0.0,0.0,0.0
2002-10-22,256.0,144.0,0.0,0.0,0.0
2002-10-23,200.0,133.0,0.0,0.0,0.0
2002-10-24,206.0,128.0,0.0,0.0,0.0
2002-10-25,206.0,167.0,0.0,0.0,0.0
2002-10-26,200.0,156.0,0.0,0.0,0.0
2002-10-27,161.0,128.0,0.0,0.0,0.0
2002-10-28,189.0,128.0,23.0,0.0,0.0
2002-10-29,239.0,128.0,51.0,0.0,0.0
2002-10-30,172.0,111.0,0.0,0.0,0.0
2002-10-31,100.0,50.0,0.0,0.0,0.0
2002-11-01,150.0,61.0,0.0,0.0,0.0
2002-11-02,222.0,56.0,0.0,0.0,0.0
2002-11-03,156.0,33.0,0.0,0.0,0.0
2002-11-04,106.0,61.0,5.0,0.0,0.0
2002-11-05,117.0,83.0,251.0,0.0,0.0
2002-11-06,161.0,44.0,0.0,0.0,0.0
2002-11-07,150.0,67.0,0.0,0.0,0.0
2002-11-08,211.0,83.0,0.0,0.0,0.0
2002-11-09,211.0,100.0,0.0,0.0,0.0
2002-11-10,244.0,122.0,0.0,0.0,0.0
2002-11-11,206.0,106.0,0.0,0.0,0.0
2002-11-12,256.0,61.0,0.0,0.0,0.0
2002-11-13,150.0,0.0,0.0,0.0,0.0
2002-11-14,194.0,22.0,0.0,0.0,0.0
2002-11-15,156.0,67.0,0.0,0.0,0.0
2002-11-16,106.0,11.0,0.0,0.0,0.0
2002-11-17,100.0,0.0,0.0,0.0,0.0
2002-11-18,194.0,-11.0,0.0,0.0,0.0
2002-11-19,206.0,,0.0,0.0,0.0
2002-11-20,200.0,28.0,0.0,0.0,0.0
2002-11-21,183.0,,0.0,0.0,0.0
2002-11-22,211.0,,0.0,0.0,0.0
2002-11-23,172.0,28.0,0.0,0.0,0.0
2002-11-24,172.0,6.0,0.0,0.0,0.0
2002-11-25,83.0,44.0,0.0,0.0,0.0
2002-11-26,194.0,33.0,178.0,0.0,0.0
2002-11-27,67.0,-6.0,0.0,0.0,0.0
2002-11-28,78.0,-17.0,0.0,0.0,0.0
2002-11-29,161.0,28.0,0.0,0.0,0.0
2002-11-30,167.0,33.0,0.0,0.0,0.0
2002-12-01,122.0,44.0,0.0,0.0,0.0
2002-12-02,189.0,33.0,0.0,0.0,0.0
2002-12-03,89.0,39.0,0.0,0.0,0.0
2002-12-04,189.0,,216.0,0.0,0.0
2002-12-05,50.0,-33.0,0.0,0.0,0.0
2002-12-06,50.0,-56.0,0.0,0.0,0.0
2002-12-07,78.0,-56.0,0.0,0.0,0.0
2002-12-08,122.0,0.0,0.0,0.0,0.0
2002-12-09,128.0,22.0,0.0,0.0,0.0
2002-12-10,89.0,0.0,0.0,0.0,0.0
2002-12-11,111.0,-28.0,0.0,0.0,0.0
2002-12-12,183.0,17.0,0.0,0.0,0.0
2002-12-13,94.0,22.0,0.0,0.0,0.0
2002-12-14,100.0,0.0,305.0,0.0,0.0
2002-12-15,189.0,61.0,0.0,0.0,0.0
2002-12-16,189.0,33.0,0.0,0.0,0.0
2002-12-17,144.0,22.0,0.0,0.0,0.0
2002-12-18,211.0,150.0,0.0,0.0,0.0
2002-12-19,211.0,200.0,1321.0,0.0,0.0
2002-12-20,211.0,22.0,0.0,0.0,0.0
2002-12-21,144.0,17.0,0.0,0.0,0.0
2002-12-22,167.0,33.0,0.0,0.0,0.0
2002-12-23,61.0,28.0,0.0,0.0,0.0
2002-12-24,56.0,6.0,46.0,0.0,0.0
2002-12-25,94.0,11.0,76.0,0.0,0.0
2002-12-26,78.0,-11.0,0.0,0.0,0.0
2002-12-27,133.0,-22.0,0.0,0.0,0.0
2002-12-28,167.0,6.0,0.0,0.0,0.0
2002-12-29,189.0,72.0,0.0,0.0,0.0
2002-12-30,189.0,139.0,0.0,0.0,0.0
2002-12-31,183.0,117.0,0.0,0.0,0.0
2003-01-01,83.0,39.0,0.0,0.0,0.0
2003-01-02,89.0,17.0,0.0,0.0,0.0
2003-01-03,83.0,-33.0,0.0,0.0,0.0
2003-01-04,61.0,0.0,0.0,0.0,0.0
2003-01-05,172.0,-33.0,0.0,0.0,0.0
2003-01-06,83.0,6.0,0.0,0.0,0.0
2003-01-07,156.0,-44.0,0.0,0.0,0.0
2003-01-08,100.0,22.0,0.0,0.0,0.0
2003-01-09,200.0,22.0,0.0,0.0,0.0
2003-01-10,200.0,0.0,0.0,0.0,0.0
2003-01-11,39.0,-22.0,0.0,0.0,0.0
2003-01-12,28.0,-6.0,0.0,0.0,0.0
2003-01-13,83.0,-6.0,0.0,0.0,0.0
2003-01-14,78.0,-11.0,0.0,0.0,0.0
2003-01-15,139.0,-17.0,0.0,0.0,0.0
2003-01-16,,,10.0,0.0,0.0
2003-01-17,94.0,-67.0,0.0,0.0,0.0
2003-01-18,100.0,-22.0,0.0,0.0,0.0
2003-01-19,150.0,-50.0,0.0,0.0,0.0
2003-01-20,128.0,11.0,0.0,0.0,0.0
2003-01-21,183.0,,0.0,0.0,0.0
2003-01-22,44.0,-22.0,0.0,0.0,0.0
2003-01-23,,-67.0,0.0,0.0,0.0
2003-01-24,-11.0,-100.0,0.0,0.0,0.0
2003-01-25,33.0,-44.0,0.0,0.0,0.0
2003-01-26,39.0,-78.0,0.0,0.0,0.0
2003-01-27,83.0,-56.0,0.0,0.0,0.0
2003-01-28,67.0,-67.0,0.0,0.0,0.0
2003-01-29,167.0,-106.0,203.0,0.0,0.0
2003-01-30,172.0,0.0,0.0,0.0,0.0
2003-01-31,161.0,-22.0,0.0,0.0,0.0
2003-02-01,172.0,-17.0,3.0,0.0,0.0
2003-02-02,206.0,78.0,0.0,0.0,0.0
2003-02-03,206.0,89.0,0.0,0.0,0.0
2003-02-04,106.0,-11.0,0.0,0.0,0.0
2003-02-05,67.0,-28.0,51.0,0.0,0.0
2003-02-06,206.0,-17.0,114.0,0.0,0.0
2003-02-07,50.0,-6.0,140.0,0.0,0.0
2003-02-08,50.0,-56.0,0.0,0.0,0.0
2003-02-09,39.0,11.0,0.0,0.0,0.0
2003-02-10,117.0,22.0,0.0,0.0,0.0
2003-02-11,217.0,78.0,0.0,0.0,0.0
2003-02-12,156.0,50.0,0.0,0.0,0.0
2003-02-13,183.0,67.0,0.0,0.0,0.0
2003-02-14,178.0,89.0,305.0,0.0,0.0
2003-02-15,178.0,72.0,262.0,0.0,0.0
2003-02-16,194.0,22.0,229.0,0.0,0.0
2003-02-17,200.0,-6.0,0.0,0.0,0.0
2003-02-18,156.0,-11.0,0.0,0.0,0.0
2003-02-19,117.0,56.0,25.0,0.0,0.0
2003-02-20,67.0,56.0,213.0,0.0,0.0
2003-02-21,94.0,56.0,508.0,0.0,0.0
2003-02-22,106.0,39.0,0.0,0.0,0.0
2003-02-23,150.0,-11.0,0.0,0.0,0.0
2003-02-24,161.0,-6.0,28.0,0.0,0.0
2003-02-25,-6.0,-33.0,86.0,0.0,0.0
2003-02-26,0.0,-22.0,221.0,0.0,0.0
2003-02-27,61.0,28.0,0.0,0.0,0.0
2003-02-28,56.0,6.0,0.0,0.0,0.0
2003-03-01,72.0,28.0,0.0,0.0,0.0
2003-03-02,78.0,6.0,13.0,0.0,0.0
2003-03-03,106.0,-17.0,0.0,0.0,0.0
2003-03-04,100.0,-11.0,0.0,0.0,0.0
2003-03-05,150.0,11.0,0.0,0.0,0.0
2003-03-06,89.0,17.0,0.0,0.0,0.0
2003-03-07,156.0,89.0,0.0,0.0,0.0
2003-03-08,217.0,100.0,0.0,0.0,0.0
2003-03-09,217.0,100.0,0.0,0.0,0.0
2003-03-10,211.0,0.0,0.0,0.0,0.0
2003-03-11,206.0,0.0,0.0,0.0,0.0
2003-03-12,217.0,11.0,0.0,0.0,0.0
2003-03-13,244.0,56.0,0.0,0.0,0.0
2003-03-14,189.0,50.0,0.0,0.0,0.0
2003-03-15,211.0,133.0,0.0,0.0,0.0
2003-03-16,211.0,78.0,0.0,0.0,0.0
2003-03-17,250.0,156.0,0.0,0.0,0.0
2003-03-18,239.0,72.0,0.0,0.0,0.0
2003-03-19,244.0,100.0,3.0,0.0,0.0
2003-03-20,239.0,100.0,0.0,0.0,0.0
2003-03-21,189.0,94.0,0.0,0.0,0.0
2003-03-22,200.0,50.0,0.0,0.0,0.0
2003-03-23,222.0,133.0,0.0,0.0,0.0
2003-03-24,256.0,100.0,0.0,0.0,0.0
2003-03-25,244.0,111.0,0.0,0.0,0.0
2003-03-26,256.0,44.0,25.0,0.0,0.0
2003-03-27,194.0,56.0,0.0,0.0,0.0
2003-03-28,256.0,56.0,0.0,0.0,0.0
2003-03-29,128.0,50.0,0.0,0.0,0.0
2003-03-30,128.0,6.0,0.0,0.0,0.0
2003-03-31,217.0,133.0,0.0,0.0,0.0
2003-04-01,244.0,122.0,0.0,0.0,0.0
2003-04-02,256.0,111.0,0.0,0.0,0.0
2003-04-03,250.0,-6.0,0.0,0.0,0.0
2003-04-04,256.0,167.0,0.0,0.0,0.0
2003-04-05,250.0,111.0,0.0,0.0,0.0
2003-04-06,233.0,122.0,0.0,0.0,0.0
2003-04-07,167.0,83.0,0.0,0.0,0.0
2003-04-08,211.0,100.0,0.0,0.0,0.0
2003-04-09,78.0,11.0,0.0,0.0,0.0
2003-04-10,150.0,39.0,0.0,0.0,0.0
2003-04-11,217.0,-6.0,0.0,0.0,0.0
2003-04-12,244.0,28.0,0.0,0.0,0.0
2003-04-13,283.0,28.0,0.0,0.0,0.0
2003-04-14,294.0,89.0,0.0,0.0,0.0
2003-04-15,289.0,133.0,0.0,0.0,0.0
2003-04-16,250.0,167.0,0.0,0.0,0.0
2003-04-17,272.0,139.0,0.0,0.0,0.0
2003-04-18,289.0,89.0,0.0,0.0,0.0
2003-04-19,244.0,172.0,0.0,0.0,0.0
2003-04-20,267.0,178.0,0.0,0.0,0.0
2003-04-21,289.0,89.0,0.0,0.0,0.0
2003-04-22,228.0,83.0,0.0,0.0,0.0
2003-04-23,244.0,111.0,173.0,0.0,0.0
2003-04-24,256.0,150.0,122.0,0.0,0.0
2003-04-25,250.0,72.0,0.0,0.0,0.0
2003-04-26,194.0,100.0,0.0,0.0,0.0
2003-04-27,222.0,83.0,0.0,0.0,0.0
2003-04-28,256.0,122.0,0.0,0.0,0.0
2003-04-29,294.0,172.0,0.0,0.0,0.0
2003-04-30,289.0,178.0,0.0,0.0,0.0
2003-05-01,283.0,172.0,0.0,0.0,0.0
2003-05-02,294.0,183.0,0.0,0.0,0.0
2003-05-03,272.0,172.0,0.0,0.0,0.0
2003-05-04,306.0,183.0,0.0,0.0,0.0
2003-05-05,300.0,172.0,0.0,0.0,0.0
2003-05-06,267.0,206.0,625.0,0.0,0.0
2003-05-07,283.0,206.0,13.0,0.0,0.0
2003-05-08,306.0,228.0,0.0,0.0,0.0
2003-05-09,317.0,222.0,0.0,0.0,0.0
2003-05-10,306.0,222.0,0.0,0.0,0.0
2003-05-11,306.0,189.0,0.0,0.0,0.0
2003-05-12,250.0,100.0,0.0,0.0,0.0
2003-05-13,267.0,117.0,0.0,0.0,0.0
2003-05-14,244.0,122.0,3.0,0.0,0.0
2003-05-15,244.0,122.0,53.0,0.0,0.0
2003-05-16,306.0,122.0,0.0,0.0,0.0
2003-05-17,300.0,189.0,254.0,0.0,0.0
2003-05-18,244.0,183.0,0.0,0.0,0.0
2003-05-19,194.0,156.0,0.0,0.0,0.0
2003-05-20,267.0,156.0,0.0,0.0,0.0
2003-05-21,294.0,150.0,56.0,0.0,0.0
2003-05-22,217.0,122.0,0.0,0.0,0.0
2003-05-23,250.0,106.0,0.0,0.0,0.0
2003-05-24,261.0,117.0,0.0,0.0,0.0
2003-05-25,272.0,178.0,0.0,0.0,0.0
2003-05-26,261.0,156.0,0.0,0.0,0.0
2003-05-27,256.0,117.0,0.0,0.0,0.0
2003-05-28,272.0,111.0,0.0,0.0,0.0
2003-05-29,283.0,111.0,0.0,0.0,0.0
2003-05-30,333.0,161.0,0.0,0.0,0.0
2003-05-31,317.0,217.0,0.0,0.0,0.0
2003-06-01,328.0,189.0,0.0,0.0,0.0
2003-06-02,267.0,211.0,0.0,0.0,0.0
2003-06-03,289.0,156.0,0.0,0.0,0.0
2003-06-04,300.0,144.0,0.0,0.0,0.0
2003-06-05,267.0,167.0,0.0,0.0,0.0
2003-06-06,261.0,156.0,0.0,0.0,0.0
2003-06-07,289.0,183.0,0.0,0.0,0.0
2003-06-08,294.0,161.0,0.0,0.0,0.0
2003-06-09,283.0,128.0,0.0,0.0,0.0
2003-06-10,306.0,150.0,0.0,0.0,0.0
2003-06-11,311.0,156.0,254.0,0.0,0.0
2003-06-12,322.0,183.0,559.0,0.0,0.0
2003-06-13,300.0,194.0,76.0,0.0,0.0
2003-06-14,289.0,183.0,5.0,0.0,0.0
2003-06-15,267.0,206.0,229.0,0.0,0.0
2003-06-16,294.0,211.0,13.0,0.0,0.0
2003-06-17,306.0,206.0,279.0,0.0,0.0
2003-06-18,294.0,200.0,292.0,0.0,0.0
2003-06-19,317.0,211.0,102.0,0.0,0.0
2003-06-20,306.0,194.0,0.0,0.0,0.0
2003-06-21,300.0,200.0,0.0,0.0,0.0
2003-06-22,300.0,189.0,0.0,0.0,0.0
2003-06-23,328.0,233.0,0.0,0.0,0.0
2003-06-24,333.0,206.0,0.0,0.0,0.0
2003-06-25,344.0,233.0,0.0,0.0,0.0
2003-06-26,322.0,200.0,0.0,0.0,0.0
2003-06-27,283.0,172.0,0.0,0.0,0.0
2003-06-28,311.0,161.0,0.0,0.0,0.0
2003-06-29,328.0,211.0,0.0,0.0,0.0
2003-06-30,322.0,178.0,0.0,0.0,0.0
2003-07-01,300.0,178.0,0.0,0.0,0.0
2003-07-02,306.0,211.0,0.0,0.0,0.0
2003-07-03,322.0,211.0,0.0,0.0,0.0
2003-07-04,339.0,211.0,0.0,0.0,0.0
2003-07-05,333.0,211.0,51.0,0.0,0.0
2003-07-06,294.0,217.0,51.0,0.0,0.0
2003-07-07,333.0,244.0,0.0,0.0,0.0
2003-07-08,328.0,217.0,0.0,0.0,0.0
2003-07-09,317.0,222.0,0.0,0.0,0.0
2003-07-10,322.0,222.0,0.0,0.0,0.0
2003-07-11,289.0,217.0,0.0,0.0,0.0
2003-07-12,344.0,206.0,0.0,0.0,0.0
2003-07-13,317.0,211.0,0.0,0.0,0.0
2003-07-14,322.0,206.0,0.0,0.0,0.0
2003-07-15,328.0,228.0,0.0,0.0,0.0
2003-07-16,333.0,217.0,0.0,0.0,0.0
2003-07-17,344.0,228.0,0.0,0.0,0.0
2003-07-18,272.0,228.0,0.0,0.0,0.0
2003-07-19,322.0,211.0,178.0,0.0,0.0
2003-07-20,333.0,233.0,0.0,0.0,0.0
2003-07-21,322.0,217.0,0.0,0.0,0.0
2003-07-22,333.0,239.0,0.0,0.0,0.0
2003-07-23,317.0,211.0,0.0,0.0,0.0
2003-07-24,306.0,156.0,0.0,0.0,0.0
2003-07-25,306.0,167.0,0.0,0.0,0.0
2003-07-26,322.0,167.0,0.0,0.0,0.0
2003-07-27,328.0,222.0,0.0,0.0,0.0
2003-07-28,344.0,222.0,0.0,0.0,0.0
2003-07-29,317.0,233.0,0.0,0.0,0.0
2003-07-30,350.0,233.0,0.0,0.0,0.0
2003-07-31,322.0,211.0,102.0,0.0,0.0
2003-08-01,339.0,217.0,0.0,0.0,0.0
2003-08-02,344.0,228.0,0.0,0.0,0.0
2003-08-03,317.0,222.0,30.0,0.0,0.0
2003-08-04,339.0,,0.0,0.0,0.0
2003-08-05,339.0,217.0,0.0,0.0,0.0
2003-08-06,339.0,217.0,25.0,0.0,0.0
2003-08-07,333.0,217.0,0.0,0.0,0.0
2003-08-08,317.0,183.0,0.0,0.0,0.0
2003-08-09,333.0,189.0,0.0,0.0,0.0
2003-08-10,194.0,322.0,0.0,0.0,0.0
2003-08-11,328.0,200.0,0.0,0.0,0.0
2003-08-12,317.0,211.0,0.0,0.0,0.0
2003-08-13,306.0,206.0,20.0,0.0,0.0
2003-08-14,311.0,211.0,0.0,0.0,0.0
2003-08-15,322.0,206.0,0.0,0.0,0.0
2003-08-16,344.0,228.0,0.0,0.0,0.0
2003-08-17,356.0,217.0,0.0,0.0,0.0
2003-08-18,356.0,217.0,0.0,0.0,0.0
2003-08-19,372.0,239.0,0.0,0.0,0.0
2003-08-20,378.0,239.0,0.0,0.0,0.0
2003-08-21,367.0,233.0,0.0,0.0,0.0
2003-08-22,361.0,233.0,0.0,0.0,0.0
2003-08-23,350.0,211.0,0.0,0.0,0.0
2003-08-24,356.0,217.0,0.0,0.0,0.0
2003-08-25,367.0,228.0,0.0,0.0,0.0
2003-08-26,356.0,239.0,0.0,0.0,0.0
2003-08-27,272.0,228.0,0.0,0.0,0.0
2003-08-28,350.0,217.0,0.0,0.0,0.0
2003-08-29,267.0,211.0,0.0,0.0,0.0
2003-08-30,339.0,228.0,0.0,0.0,0.0
2003-08-31,333.0,222.0,102.0,0.0,0.0
2003-09-01,294.0,211.0,38.0,0.0,0.0
2003-09-02,333.0,222.0,381.0,0.0,0.0
2003-09-03,300.0,228.0,25.0,0.0,0.0
2003-09-04,322.0,211.0,0.0,0.0,0.0
2003-09-05,317.0,167.0,0.0,0.0,0.0
2003-09-06,283.0,156.0,0.0,0.0,0.0
2003-09-07,317.0,156.0,0.0,0.0,0.0
2003-09-08,322.0,167.0,0.0,0.0,0.0
2003-09-09,306.0,178.0,0.0,0.0,0.0
2003-09-10,317.0,183.0,0.0,0.0,0.0
2003-09-11,322.0,211.0,0.0,0.0,0.0
2003-09-12,333.0,206.0,127.0,0.0,0.0
2003-09-13,283.0,217.0,203.0,0.0,0.0
2003-09-14,294.0,156.0,0.0,0.0,0.0
2003-09-15,294.0,161.0,0.0,0.0,0.0
2003-09-16,283.0,133.0,0.0,0.0,0.0
2003-09-17,311.0,156.0,0.0,0.0,0.0
2003-09-18,311.0,122.0,0.0,0.0,0.0
2003-09-19,311.0,156.0,0.0,0.0,0.0
2003-09-20,306.0,144.0,0.0,0.0,0.0
2003-09-21,300.0,133.0,0.0,0.0,0.0
2003-09-22,300.0,133.0,381.0,0.0,0.0
2003-09-23,278.0,161.0,0.0,0.0,0.0
2003-09-24,283.0,178.0,0.0,0.0,0.0
2003-09-25,300.0,156.0,0.0,0.0,0.0
2003-09-26,306.0,161.0,0.0,0.0,0.0
2003-09-27,306.0,178.0,0.0,0.0,0.0
2003-09-28,306.0,100.0,0.0,0.0,0.0
2003-09-29,244.0,67.0,0.0,0.0,0.0
2003-09-30,244.0,67.0,0.0,0.0,0.0
2003-10-01,244.0,50.0,0.0,0.0,0.0
2003-10-02,217.0,44.0,0.0,0.0,0.0
2003-10-03,233.0,61.0,0.0,0.0,0.0
2003-10-04,233.0,44.0,0.0,0.0,0.0
2003-10-05,278.0,156.0,0.0,0.0,0.0
2003-10-06,239.0,150.0,0.0,0.0,0.0
2003-10-07,267.0,150.0,0.0,0.0,0.0
2003-10-08,261.0,150.0,0.0,0.0,0.0
2003-10-09,267.0,178.0,0.0,0.0,0.0
2003-10-10,272.0,150.0,119.0,0.0,0.0
2003-10-11,250.0,156.0,0.0,0.0,0.0
2003-10-12,261.0,161.0,0.0,0.0,0.0
2003-10-13,244.0,161.0,0.0,0.0,0.0
2003-10-14,244.0,161.0,13.0,0.0,0.0
2003-10-15,239.0,156.0,0.0,0.0,0.0
2003-10-16,261.0,89.0,0.0,0.0,0.0
2003-10-17,244.0,83.0,0.0,0.0,0.0
2003-10-18,256.0,56.0,0.0,0.0,0.0
2003-10-19,272.0,78.0,0.0,0.0,0.0
2003-10-20,278.0,61.0,0.0,0.0,0.0
2003-10-21,311.0,106.0,0.0,0.0,0.0
2003-10-22,311.0,106.0,0.0,0.0,0.0
2003-10-23,317.0,94.0,0.0,0.0,0.0
2003-10-24,317.0,94.0,0.0,0.0,0.0
2003-10-25,267.0,189.0,0.0,0.0,0.0
2003-10-26,322.0,100.0,152.0,0.0,0.0
2003-10-27,172.0,56.0,0.0,0.0,0.0
2003-10-28,167.0,50.0,0.0,0.0,0.0
2003-10-29,239.0,61.0,0.0,0.0,0.0
2003-10-30,256.0,78.0,0.0,0.0,0.0
2003-10-31,267.0,144.0,0.0,0.0,0.0
2003-11-01,294.0,161.0,0.0,0.0,0.0
2003-11-02,283.0,156.0,0.0,0.0,0.0
2003-11-03,283.0,133.0,0.0,0.0,0.0
2003-11-04,267.0,133.0,0.0,0.0,0.0
2003-11-05,294.0,139.0,0.0,0.0,0.0
2003-11-06,289.0,128.0,0.0,0.0,0.0
2003-11-07,289.0,78.0,0.0,0.0,0.0
2003-11-08,89.0,67.0,25.0,0.0,0.0
2003-11-09,156.0,67.0,0.0,0.0,0.0
2003-11-10,200.0,139.0,0.0,0.0,0.0
2003-11-11,222.0,78.0,0.0,0.0,0.0
2003-11-12,239.0,161.0,0.0,0.0,0.0
2003-11-13,256.0,89.0,58.0,0.0,0.0
2003-11-14,122.0,61.0,0.0,0.0,0.0
2003-11-15,150.0,61.0,0.0,0.0,0.0
2003-11-16,233.0,111.0,203.0,0.0,0.0
2003-11-17,233.0,111.0,36.0,0.0,0.0
2003-11-18,233.0,100.0,0.0,0.0,0.0
2003-11-19,239.0,72.0,152.0,0.0,0.0
2003-11-20,239.0,89.0,0.0,0.0,0.0
2003-11-21,228.0,39.0,0.0,0.0,0.0
2003-11-22,228.0,106.0,0.0,0.0,0.0
2003-11-23,228.0,22.0,0.0,0.0,0.0
2003-11-24,233.0,-22.0,58.0,0.0,0.0
2003-11-25,89.0,-22.0,0.0,0.0,0.0
2003-11-26,178.0,172.0,0.0,0.0,0.0
2003-11-27,189.0,67.0,191.0,0.0,0.0
2003-11-28,156.0,22.0,51.0,0.0,0.0
2003-11-29,217.0,-44.0,0.0,0.0,0.0
2003-11-30,117.0,-44.0,0.0,0.0,0.0
2003-12-01,178.0,-44.0,0.0,0.0,0.0
2003-12-02,156.0,22.0,0.0,0.0,0.0
2003-12-03,150.0,22.0,0.0,0.0,0.0
2003-12-04,128.0,33.0,25.0,0.0,0.0
2003-12-05,89.0,0.0,0.0,0.0,0.0
2003-12-06,128.0,-17.0,0.0,0.0,0.0
2003-12-07,106.0,-17.0,0.0,0.0,0.0
2003-12-08,122.0,-17.0,0.0,0.0,0.0
2003-12-09,167.0,67.0,0.0,0.0,0.0
2003-12-10,206.0,28.0,165.0,0.0,0.0
2003-12-11,67.0,-44.0,0.0,0.0,0.0
2003-12-12,94.0,22.0,0.0,0.0,0.0
2003-12-13,111.0,-39.0,0.0,0.0,0.0
2003-12-14,56.0,0.0,0.0,0.0,0.0
2003-12-15,111.0,17.0,0.0,0.0,0.0
2003-12-16,161.0,33.0,140.0,0.0,0.0
2003-12-17,161.0,-56.0,0.0,0.0,0.0
2003-12-18,117.0,-56.0,0.0,0.0,0.0
2003-12-19,56.0,-11.0,0.0,0.0,0.0
2003-12-20,133.0,-39.0,0.0,0.0,0.0
2003-12-21,100.0,56.0,0.0,0.0,0.0
2003-12-22,200.0,94.0,3.0,0.0,0.0
2003-12-23,206.0,-39.0,295.0,0.0,0.0
2003-12-24,111.0,-33.0,8.0,0.0,0.0
2003-12-25,111.0,-33.0,0.0,0.0,0.0
2003-12-26,139.0,-17.0,0.0,0.0,0.0
2003-12-27,150.0,-22.0,0.0,0.0,0.0
2003-12-28,200.0,83.0,0.0,0.0,0.0
2003-12-29,200.0,61.0,211.0,0.0,0.0
2003-12-30,106.0,-33.0,0.0,0.0,0.0
2003-12-31,100.0,-28.0,0.0,0.0,0.0
2004-01-01,161.0,-6.0,0.0,0.0,0.0
2004-01-02,217.0,117.0,3.0,0.0,0.0
2004-01-03,217.0,172.0,0.0,0.0,0.0
2004-01-04,217.0,167.0,0.0,0.0,0.0
2004-01-05,33.0,6.0,0.0,0.0,0.0
2004-01-06,17.0,-33.0,0.0,0.0,0.0
2004-01-07,-22.0,-83.0,0.0,0.0,0.0
2004-01-08,50.0,-94.0,0.0,0.0,0.0
2004-01-09,44.0,11.0,0.0,0.0,0.0
2004-01-10,67.0,-11.0,0.0,0.0,0.0
2004-01-11,61.0,-17.0,0.0,0.0,0.0
2004-01-12,128.0,-28.0,0.0,0.0,0.0
2004-01-13,172.0,44.0,0.0,0.0,0.0
2004-01-14,194.0,33.0,140.0,0.0,0.0
2004-01-15,111.0,78.0,0.0,0.0,0.0
2004-01-16,150.0,50.0,0.0,0.0,0.0
2004-01-17,167.0,50.0,107.0,0.0,0.0
2004-01-18,150.0,61.0,8.0,0.0,0.0
2004-01-19,94.0,-33.0,0.0,0.0,0.0
2004-01-20,94.0,-72.0,0.0,0.0,0.0
2004-01-21,111.0,6.0,0.0,0.0,0.0
2004-01-22,94.0,44.0,0.0,0.0,0.0
2004-01-23,161.0,-17.0,0.0,0.0,0.0
2004-01-24,161.0,-22.0,0.0,0.0,0.0
2004-01-25,161.0,,635.0,0.0,0.0
2004-01-26,217.0,,0.0,0.0,0.0
2004-01-27,33.0,-44.0,0.0,0.0,0.0
2004-01-28,217.0,-78.0,0.0,0.0,0.0
2004-01-29,94.0,6.0,0.0,0.0,0.0
2004-01-30,106.0,-78.0,0.0,0.0,0.0
2004-01-31,61.0,-67.0,0.0,0.0,0.0
2004-02-01,78.0,-56.0,0.0,0.0,0.0
2004-02-02,100.0,44.0,508.0,0.0,0.0
2004-02-03,44.0,-67.0,0.0,0.0,0.0
2004-02-04,67.0,11.0,246.0,0.0,0.0
2004-02-05,83.0,28.0,485.0,0.0,0.0
2004-02-06,72.0,0.0,0.0,0.0,0.0
2004-02-07,67.0,-33.0,0.0,0.0,0.0
2004-02-08,56.0,-72.0,0.0,0.0,0.0
2004-02-09,44.0,28.0,8.0,0.0,0.0
2004-02-10,100.0,33.0,10.0,0.0,0.0
2004-02-11,61.0,39.0,0.0,0.0,0.0
2004-02-12,67.0,6.0,46.0,0.0,0.0
2004-02-13,39.0,-17.0,0.0,0.0,0.0
2004-02-14,28.0,11.0,272.0,0.0,0.0
2004-02-15,72.0,0.0,66.0,0.0,0.0
2004-02-16,83.0,-28.0,0.0,0.0,0.0
2004-02-17,94.0,-22.0,0.0,0.0,0.0
2004-02-18,156.0,-17.0,0.0,0.0,0.0
2004-02-19,194.0,61.0,0.0,0.0,0.0
2004-02-20,239.0,83.0,0.0,0.0,0.0
2004-02-21,183.0,17.0,0.0,0.0,0.0
2004-02-22,178.0,22.0,0.0,0.0,0.0
2004-02-23,117.0,83.0,104.0,0.0,0.0
2004-02-24,117.0,61.0,84.0,0.0,0.0
2004-02-25,122.0,33.0,399.0,0.0,0.0
2004-02-26,39.0,11.0,254.0,0.0,0.0
2004-02-27,100.0,-17.0,0.0,0.0,0.0
2004-02-28,156.0,-22.0,0.0,0.0,0.0
2004-02-29,183.0,56.0,236.0,0.0,0.0
2004-03-01,178.0,89.0,1041.0,0.0,0.0
2004-03-02,189.0,-17.0,0.0,0.0,0.0
2004-03-03,200.0,44.0,0.0,0.0,0.0
2004-03-04,239.0,111.0,0.0,0.0,0.0
2004-03-05,233.0,122.0,165.0,0.0,0.0
2004-03-06,239.0,94.0,0.0,0.0,0.0
2004-03-07,217.0,61.0,0.0,0.0,0.0
2004-03-08,222.0,11.0,0.0,0.0,0.0
2004-03-09,200.0,-11.0,0.0,0.0,0.0
2004-03-10,183.0,6.0,0.0,0.0,0.0
2004-03-11,233.0,78.0,0.0,0.0,0.0
2004-03-12,211.0,50.0,0.0,0.0,0.0
2004-03-13,200.0,56.0,0.0,0.0,0.0
2004-03-14,156.0,61.0,10.0,0.0,0.0
2004-03-15,156.0,61.0,0.0,0.0,0.0
2004-03-16,172.0,61.0,76.0,0.0,0.0
2004-03-17,272.0,50.0,0.0,0.0,0.0
2004-03-18,272.0,150.0,79.0,0.0,0.0
2004-03-19,289.0,144.0,0.0,0.0,0.0
2004-03-20,322.0,178.0,0.0,0.0,0.0
2004-03-21,183.0,72.0,0.0,0.0,0.0
2004-03-22,294.0,33.0,0.0,0.0,0.0
2004-03-23,139.0,33.0,0.0,0.0,0.0
2004-03-24,211.0,117.0,0.0,0.0,0.0
2004-03-25,233.0,172.0,0.0,0.0,0.0
2004-03-26,228.0,133.0,0.0,0.0,0.0
2004-03-27,272.0,133.0,0.0,0.0,0.0
2004-03-28,256.0,139.0,0.0,0.0,0.0
2004-03-29,261.0,106.0,0.0,0.0,0.0
2004-03-30,211.0,72.0,0.0,0.0,0.0
2004-03-31,178.0,61.0,0.0,0.0,0.0
2004-04-01,194.0,11.0,0.0,0.0,0.0
2004-04-02,228.0,56.0,0.0,0.0,0.0
2004-04-03,211.0,39.0,0.0,0.0,0.0
2004-04-04,228.0,61.0,0.0,0.0,0.0
2004-04-05,200.0,50.0,0.0,0.0,0.0
2004-04-06,194.0,,0.0,0.0,0.0
2004-04-07,250.0,128.0,0.0,0.0,0.0
2004-04-08,250.0,128.0,254.0,0.0,0.0
2004-04-09,267.0,128.0,0.0,0.0,0.0
2004-04-10,256.0,133.0,124.0,0.0,0.0
2004-04-11,233.0,89.0,180.0,0.0,0.0
2004-04-12,117.0,72.0,165.0,0.0,0.0
2004-04-13,172.0,67.0,0.0,0.0,0.0
2004-04-14,233.0,50.0,0.0,0.0,0.0
2004-04-15,267.0,67.0,0.0,0.0,0.0
2004-04-16,272.0,139.0,0.0,0.0,0.0
2004-04-17,250.0,11.0,0.0,0.0,0.0
2004-04-18,267.0,128.0,0.0,0.0,0.0
2004-04-19,261.0,144.0,0.0,0.0,0.0
2004-04-20,289.0,178.0,0.0,0.0,0.0
2004-04-21,261.0,161.0,0.0,0.0,0.0
2004-04-22,306.0,211.0,0.0,0.0,0.0
2004-04-23,283.0,183.0,0.0,0.0,0.0
2004-04-24,300.0,200.0,140.0,0.0,0.0
2004-04-25,294.0,167.0,41.0,0.0,0.0
2004-04-26,272.0,178.0,0.0,0.0,0.0
2004-04-27,244.0,72.0,0.0,0.0,0.0
2004-04-28,267.0,100.0,0.0,0.0,0.0
2004-04-29,256.0,128.0,0.0,0.0,0.0
2004-04-30,256.0,128.0,0.0,0.0,0.0
2004-05-01,211.0,122.0,267.0,0.0,0.0
2004-05-02,278.0,94.0,0.0,0.0,0.0
2004-05-03,211.0,67.0,0.0,0.0,0.0
2004-05-04,250.0,89.0,0.0,0.0,0.0
2004-05-05,272.0,200.0,0.0,0.0,0.0
2004-05-06,317.0,183.0,0.0,0.0,0.0
2004-05-07,289.0,150.0,0.0,0.0,0.0
2004-05-08,294.0,150.0,0.0,0.0,0.0
2004-05-09,311.0,189.0,0.0,0.0,0.0
2004-05-10,289.0,178.0,0.0,0.0,0.0
2004-05-11,294.0,189.0,0.0,0.0,0.0
2004-05-12,233.0,194.0,175.0,0.0,0.0
2004-05-13,289.0,178.0,152.0,0.0,0.0
2004-05-14,244.0,200.0,33.0,0.0,0.0
2004-05-15,278.0,161.0,3.0,0.0,0.0
2004-05-16,228.0,161.0,0.0,0.0,0.0
2004-05-17,267.0,178.0,160.0,0.0,0.0
2004-05-18,267.0,178.0,0.0,0.0,0.0
2004-05-19,289.0,178.0,0.0,0.0,0.0
2004-05-20,322.0,222.0,0.0,0.0,0.0
2004-05-21,294.0,183.0,0.0,0.0,0.0
2004-05-22,322.0,222.0,0.0,0.0,0.0
2004-05-23,322.0,222.0,0.0,0.0,0.0
2004-05-24,328.0,217.0,5.0,0.0,0.0
2004-05-25,306.0,194.0,0.0,0.0,0.0
2004-05-26,328.0,228.0,0.0,0.0,0.0
2004-05-27,311.0,222.0,0.0,0.0,0.0
2004-05-28,294.0,206.0,307.0,0.0,0.0
2004-05-29,333.0,228.0,13.0,0.0,0.0
2004-05-30,328.0,211.0,909.0,0.0,0.0
2004-05-31,311.0,183.0,3.0,0.0,0.0
2004-06-01,311.0,278.0,0.0,0.0,0.0
2004-06-02,311.0,161.0,8.0,0.0,0.0
2004-06-03,306.0,183.0,130.0,0.0,0.0
2004-06-04,300.0,183.0,0.0,0.0,0.0
2004-06-05,322.0,183.0,0.0,0.0,0.0
2004-06-06,322.0,211.0,0.0,0.0,0.0
2004-06-07,278.0,222.0,0.0,0.0,0.0
2004-06-08,311.0,167.0,0.0,0.0,0.0
2004-06-09,322.0,200.0,0.0,0.0,0.0
2004-06-10,317.0,228.0,0.0,0.0,0.0
2004-06-11,,,0.0,0.0,0.0
2004-06-12,322.0,233.0,0.0,0.0,0.0
2004-06-13,350.0,239.0,28.0,0.0,0.0
2004-06-14,322.0,239.0,10.0,0.0,0.0
2004-06-15,300.0,233.0,196.0,0.0,0.0
2004-06-16,328.0,211.0,46.0,0.0,0.0
2004-06-17,317.0,239.0,86.0,0.0,0.0
2004-06-18,300.0,222.0,0.0,0.0,0.0
2004-06-19,333.0,228.0,0.0,0.0,0.0
2004-06-20,322.0,211.0,0.0,0.0,0.0
2004-06-21,311.0,211.0,0.0,0.0,0.0
2004-06-22,317.0,200.0,183.0,0.0,0.0
2004-06-23,300.0,189.0,0.0,0.0,0.0
2004-06-24,294.0,211.0,135.0,0.0,0.0
2004-06-25,244.0,211.0,0.0,0.0,0.0
2004-06-26,272.0,211.0,188.0,0.0,0.0
2004-06-27,267.0,217.0,335.0,0.0,0.0
2004-06-28,289.0,211.0,338.0,0.0,0.0
2004-06-29,317.0,222.0,0.0,0.0,0.0
2004-06-30,294.0,194.0,3.0,0.0,0.0
2004-07-01,256.0,217.0,218.0,0.0,0.0
2004-07-02,278.0,200.0,323.0,0.0,0.0
2004-07-03,294.0,161.0,38.0,0.0,0.0
2004-07-04,278.0,217.0,0.0,0.0,0.0
2004-07-05,328.0,233.0,0.0,0.0,0.0
2004-07-06,339.0,233.0,86.0,0.0,0.0
2004-07-07,339.0,228.0,145.0,0.0,0.0
2004-07-08,350.0,228.0,33.0,0.0,0.0
2004-07-09,339.0,228.0,36.0,0.0,0.0
2004-07-10,322.0,206.0,0.0,0.0,0.0
2004-07-11,328.0,222.0,0.0,0.0,0.0
2004-07-12,328.0,222.0,0.0,0.0,0.0
2004-07-13,361.0,244.0,0.0,0.0,0.0
2004-07-14,372.0,250.0,0.0,0.0,0.0
2004-07-15,344.0,222.0,0.0,0.0,0.0
2004-07-16,350.0,217.0,305.0,0.0,0.0
2004-07-17,339.0,233.0,0.0,0.0,0.0
2004-07-18,317.0,222.0,0.0,0.0,0.0
2004-07-19,300.0,178.0,0.0,0.0,0.0
2004-07-20,289.0,189.0,0.0,0.0,0.0
2004-07-21,339.0,222.0,0.0,0.0,0.0
2004-07-22,311.0,194.0,0.0,0.0,0.0
2004-07-23,367.0,244.0,0.0,0.0,0.0
2004-07-24,367.0,244.0,97.0,0.0,0.0
2004-07-25,328.0,222.0,20.0,0.0,0.0
2004-07-26,339.0,189.0,3.0,0.0,0.0
2004-07-27,278.0,156.0,0.0,0.0,0.0
2004-07-28,294.0,178.0,0.0,0.0,0.0
2004-07-29,333.0,200.0,0.0,0.0,0.0
2004-07-30,339.0,256.0,0.0,0.0,0.0
2004-07-31,344.0,244.0,0.0,0.0,0.0
2004-08-01,328.0,222.0,0.0,0.0,0.0
2004-08-02,322.0,206.0,0.0,0.0,0.0
2004-08-03,333.0,189.0,0.0,0.0,0.0
2004-08-04,350.0,244.0,0.0,0.0,0.0
2004-08-05,339.0,200.0,0.0,0.0,0.0
2004-08-06,306.0,183.0,0.0,0.0,0.0
2004-08-07,300.0,172.0,0.0,0.0,0.0
2004-08-08,339.0,178.0,0.0,0.0,0.0
2004-08-09,322.0,156.0,0.0,0.0,0.0
2004-08-10,356.0,194.0,0.0,0.0,0.0
2004-08-11,333.0,183.0,0.0,0.0,0.0
2004-08-12,272.0,150.0,0.0,0.0,0.0
2004-08-13,317.0,128.0,0.0,0.0,0.0
2004-08-14,289.0,128.0,0.0,0.0,0.0
2004-08-15,278.0,111.0,0.0,0.0,0.0
2004-08-16,311.0,150.0,0.0,0.0,0.0
2004-08-17,289.0,144.0,0.0,0.0,0.0
2004-08-18,344.0,217.0,0.0,0.0,0.0
2004-08-19,339.0,206.0,89.0,0.0,0.0
2004-08-20,294.0,222.0,5.0,0.0,0.0
2004-08-21,322.0,156.0,0.0,0.0,0.0
2004-08-22,328.0,233.0,3.0,0.0,0.0
2004-08-23,306.0,217.0,0.0,0.0,0.0
2004-08-24,339.0,233.0,3.0,0.0,0.0
2004-08-25,317.0,222.0,0.0,0.0,0.0
2004-08-26,350.0,261.0,0.0,0.0,0.0
2004-08-27,333.0,233.0,0.0,0.0,0.0
2004-08-28,350.0,233.0,0.0,0.0,0.0
2004-08-29,339.0,200.0,0.0,0.0,0.0
2004-08-30,294.0,189.0,0.0,0.0,0.0
2004-08-31,289.0,161.0,0.0,0.0,0.0
2004-09-01,317.0,194.0,0.0,0.0,0.0
2004-09-02,306.0,161.0,0.0,0.0,0.0
2004-09-03,311.0,222.0,0.0,0.0,0.0
2004-09-04,317.0,167.0,0.0,0.0,0.0
2004-09-05,339.0,217.0,0.0,0.0,0.0
2004-09-06,356.0,217.0,0.0,0.0,0.0
2004-09-07,311.0,206.0,0.0,0.0,0.0
2004-09-08,333.0,167.0,0.0,0.0,0.0
2004-09-09,322.0,161.0,0.0,0.0,0.0
2004-09-10,333.0,189.0,0.0,0.0,0.0
2004-09-11,311.0,172.0,0.0,0.0,0.0
2004-09-12,322.0,161.0,0.0,0.0,0.0
2004-09-13,339.0,217.0,0.0,0.0,0.0
2004-09-14,328.0,217.0,0.0,0.0,0.0
2004-09-15,356.0,206.0,0.0,0.0,0.0
2004-09-16,356.0,228.0,0.0,0.0,0.0
2004-09-17,350.0,178.0,0.0,0.0,0.0
2004-09-18,339.0,144.0,0.0,0.0,0.0
2004-09-19,328.0,156.0,0.0,0.0,0.0
2004-09-20,339.0,161.0,0.0,0.0,0.0
2004-09-21,300.0,122.0,0.0,0.0,0.0
2004-09-22,300.0,122.0,0.0,0.0,0.0
2004-09-23,311.0,183.0,25.0,0.0,0.0
2004-09-24,306.0,217.0,0.0,0.0,0.0
2004-09-25,311.0,222.0,0.0,0.0,0.0
2004-09-26,317.0,200.0,0.0,0.0,0.0
2004-09-27,306.0,144.0,0.0,0.0,0.0
2004-09-28,300.0,122.0,0.0,0.0,0.0
2004-09-29,294.0,150.0,0.0,0.0,0.0
2004-09-30,283.0,122.0,0.0,0.0,0.0
2004-10-01,294.0,122.0,0.0,0.0,0.0
2004-10-02,306.0,167.0,0.0,0.0,0.0
2004-10-03,306.0,161.0,0.0,0.0,0.0
2004-10-04,289.0,122.0,0.0,0.0,0.0
2004-10-05,294.0,172.0,0.0,0.0,0.0
2004-10-06,283.0,144.0,0.0,0.0,0.0
2004-10-07,311.0,144.0,0.0,0.0,0.0
2004-10-08,306.0,189.0,5.0,0.0,0.0
2004-10-09,194.0,161.0,584.0,0.0,0.0
2004-10-10,183.0,167.0,521.0,0.0,0.0
2004-10-11,194.0,172.0,0.0,0.0,0.0
2004-10-12,250.0,172.0,0.0,0.0,0.0
2004-10-13,244.0,117.0,0.0,0.0,0.0
2004-10-14,233.0,83.0,0.0,0.0,0.0
2004-10-15,161.0,150.0,0.0,0.0,0.0
2004-10-16,222.0,122.0,0.0,0.0,0.0
2004-10-17,217.0,156.0,0.0,0.0,0.0
2004-10-18,278.0,111.0,0.0,0.0,0.0
2004-10-19,317.0,222.0,94.0,0.0,0.0
2004-10-20,294.0,206.0,3.0,0.0,0.0
2004-10-21,244.0,183.0,0.0,0.0,0.0
2004-10-22,300.0,172.0,0.0,0.0,0.0
2004-10-23,289.0,156.0,0.0,0.0,0.0
2004-10-24,306.0,172.0,3.0,0.0,0.0
2004-10-25,300.0,189.0,20.0,0.0,0.0
2004-10-26,283.0,200.0,3.0,0.0,0.0
2004-10-27,317.0,233.0,0.0,0.0,0.0
2004-10-28,294.0,200.0,0.0,0.0,0.0
2004-10-29,294.0,194.0,114.0,0.0,0.0
2004-10-30,317.0,211.0,0.0,0.0,0.0
2004-10-31,,,0.0,0.0,0.0
2004-11-01,294.0,194.0,109.0,0.0,0.0
2004-11-02,261.0,144.0,572.0,0.0,0.0
2004-11-03,144.0,117.0,0.0,0.0,0.0
2004-11-04,167.0,78.0,0.0,0.0,0.0
2004-11-05,150.0,33.0,0.0,0.0,0.0
2004-11-06,256.0,72.0,0.0,0.0,0.0
2004-11-07,239.0,44.0,0.0,0.0,0.0
2004-11-08,267.0,106.0,0.0,0.0,0.0
2004-11-09,267.0,50.0,0.0,0.0,0.0
2004-11-10,206.0,72.0,0.0,0.0,0.0
2004-11-11,211.0,67.0,152.0,0.0,0.0
2004-11-12,183.0,50.0,0.0,0.0,0.0
2004-11-13,128.0,72.0,0.0,0.0,0.0
2004-11-14,183.0,122.0,0.0,0.0,0.0
2004-11-15,172.0,106.0,0.0,0.0,0.0
2004-11-16,189.0,94.0,0.0,0.0,0.0
2004-11-17,228.0,100.0,0.0,0.0,0.0
2004-11-18,167.0,133.0,0.0,0.0,0.0
2004-11-19,200.0,128.0,0.0,0.0,0.0
2004-11-20,217.0,111.0,0.0,0.0,0.0
2004-11-21,217.0,111.0,523.0,0.0,0.0
2004-11-22,172.0,161.0,124.0,0.0,0.0
2004-11-23,161.0,144.0,356.0,0.0,0.0
2004-11-24,200.0,150.0,419.0,0.0,0.0
2004-11-25,200.0,0.0,0.0,0.0,0.0
2004-11-26,122.0,0.0,0.0,0.0,0.0
2004-11-27,156.0,39.0,114.0,0.0,0.0
2004-11-28,161.0,11.0,0.0,0.0,0.0
2004-11-29,100.0,78.0,0.0,0.0,0.0
2004-11-30,128.0,39.0,0.0,0.0,0.0
2004-12-01,206.0,-17.0,498.0,0.0,0.0
2004-12-02,144.0,-22.0,0.0,0.0,0.0
2004-12-03,39.0,-11.0,0.0,0.0,0.0
2004-12-04,150.0,-6.0,0.0,0.0,0.0
2004-12-05,94.0,89.0,0.0,0.0,0.0
2004-12-06,178.0,167.0,279.0,0.0,0.0
2004-12-07,206.0,89.0,445.0,0.0,0.0
2004-12-08,189.0,39.0,84.0,0.0,0.0
2004-12-09,211.0,33.0,152.0,0.0,0.0
2004-12-10,206.0,72.0,0.0,0.0,0.0
2004-12-11,156.0,0.0,0.0,0.0,0.0
2004-12-12,117.0,-6.0,0.0,0.0,0.0
2004-12-13,206.0,-6.0,0.0,0.0,0.0
2004-12-14,61.0,-39.0,0.0,,
2004-12-15,106.0,-78.0,0.0,0.0,0.0
2004-12-16,67.0,-39.0,10.0,,
2004-12-17,89.0,-78.0,0.0,0.0,0.0
2004-12-18,178.0,6.0,0.0,,
2004-12-19,161.0,-22.0,0.0,0.0,0.0
2004-12-20,78.0,-50.0,0.0,0.0,0.0
2004-12-21,133.0,-6.0,0.0,0.0,0.0
2004-12-22,156.0,-22.0,754.0,,
2004-12-23,-6.0,-72.0,0.0,0.0,0.0
2004-12-24,-11.0,-111.0,0.0,0.0,0.0
2004-12-25,56.0,-106.0,0.0,0.0,0.0
2004-12-26,44.0,-67.0,0.0,0.0,0.0
2004-12-27,122.0,-56.0,0.0,0.0,0.0
2004-12-28,122.0,-17.0,0.0,0.0,0.0
2004-12-29,167.0,72.0,0.0,0.0,0.0
2004-12-30,200.0,128.0,0.0,0.0,0.0
2004-12-31,244.0,144.0,0.0,0.0,0.0
2005-01-01,228.0,117.0,0.0,0.0,0.0
2005-01-02,233.0,122.0,8.0,0.0,0.0
2005-01-03,200.0,167.0,0.0,0.0,0.0
2005-01-04,200.0,167.0,0.0,0.0,0.0
2005-01-05,200.0,156.0,0.0,0.0,0.0
2005-01-06,228.0,17.0,559.0,0.0,0.0
2005-01-07,33.0,11.0,279.0,0.0,0.0
2005-01-08,61.0,6.0,381.0,0.0,0.0
2005-01-09,94.0,33.0,0.0,0.0,0.0
2005-01-10,144.0,33.0,0.0,0.0,0.0
2005-01-11,256.0,189.0,0.0,0.0,0.0
2005-01-12,239.0,194.0,0.0,0.0,0.0
2005-01-13,239.0,117.0,0.0,0.0,0.0
2005-01-14,122.0,-6.0,0.0,0.0,0.0
2005-01-15,78.0,-6.0,0.0,,
2005-01-16,67.0,-28.0,0.0,0.0,0.0
2005-01-17,39.0,-50.0,0.0,,
2005-01-18,72.0,-61.0,0.0,0.0,0.0
2005-01-19,67.0,-50.0,0.0,0.0,0.0
2005-01-20,150.0,11.0,0.0,0.0,0.0
2005-01-21,217.0,89.0,0.0,,
2005-01-22,217.0,11.0,0.0,0.0,0.0
2005-01-23,144.0,-72.0,0.0,0.0,0.0
2005-01-24,144.0,-78.0,0.0,0.0,0.0
2005-01-25,200.0,-33.0,0.0,0.0,0.0
2005-01-26,133.0,89.0,0.0,0.0,0.0
2005-01-27,89.0,39.0,3.0,0.0,0.0
2005-01-28,206.0,17.0,193.0,0.0,0.0
2005-01-29,83.0,61.0,8.0,,
2005-01-30,61.0,17.0,0.0,0.0,0.0
2005-01-31,67.0,22.0,292.0,0.0,0.0
2005-02-01,67.0,50.0,135.0,0.0,
2005-02-02,83.0,67.0,30.0,0.0,
2005-02-03,78.0,56.0,0.0,0.0,0.0
2005-02-04,133.0,17.0,0.0,0.0,0.0
2005-02-05,172.0,0.0,0.0,0.0,
2005-02-06,167.0,67.0,0.0,0.0,0.0
2005-02-07,172.0,122.0,173.0,0.0,0.0
2005-02-08,144.0,122.0,0.0,0.0,0.0
2005-02-09,128.0,22.0,15.0,0.0,
2005-02-10,139.0,-6.0,0.0,0.0,0.0
2005-02-11,206.0,11.0,0.0,0.0,0.0
2005-02-12,172.0,89.0,8.0,0.0,
2005-02-13,206.0,122.0,8.0,0.0,0.0
2005-02-14,250.0,117.0,0.0,0.0,0.0
2005-02-15,256.0,94.0,0.0,0.0,
2005-02-16,189.0,72.0,0.0,0.0,
2005-02-17,133.0,39.0,0.0,0.0,0.0
2005-02-18,161.0,22.0,0.0,0.0,0.0
2005-02-19,122.0,89.0,15.0,0.0,
2005-02-20,200.0,111.0,84.0,0.0,0.0
2005-02-21,278.0,161.0,0.0,0.0,0.0
2005-02-22,200.0,94.0,0.0,0.0,
2005-02-23,94.0,67.0,163.0,0.0,
2005-02-24,78.0,22.0,0.0,0.0,
2005-02-25,144.0,6.0,0.0,0.0,0.0
2005-02-26,167.0,11.0,0.0,0.0,0.0
2005-02-27,150.0,78.0,28.0,0.0,
2005-02-28,167.0,67.0,0.0,0.0,0.0
2005-03-01,133.0,17.0,0.0,0.0,0.0
2005-03-02,100.0,44.0,8.0,0.0,0.0
2005-03-03,167.0,44.0,0.0,0.0,0.0
2005-03-04,206.0,39.0,0.0,0.0,0.0
2005-03-05,228.0,100.0,0.0,0.0,0.0
2005-03-06,239.0,89.0,0.0,0.0,0.0
2005-03-07,211.0,106.0,86.0,0.0,0.0
2005-03-08,156.0,39.0,0.0,0.0,0.0
2005-03-09,144.0,28.0,112.0,0.0,0.0
2005-03-10,189.0,11.0,0.0,0.0,0.0
2005-03-11,183.0,94.0,0.0,0.0,0.0
2005-03-12,294.0,117.0,0.0,0.0,0.0
2005-03-13,194.0,72.0,0.0,0.0,0.0
2005-03-14,156.0,22.0,0.0,0.0,0.0
2005-03-15,139.0,56.0,15.0,0.0,0.0
2005-03-16,78.0,44.0,3.0,0.0,0.0
2005-03-17,172.0,44.0,0.0,0.0,0.0
2005-03-18,200.0,28.0,0.0,0.0,0.0
2005-03-19,244.0,117.0,0.0,0.0,0.0
2005-03-20,161.0,94.0,3.0,0.0,0.0
2005-03-21,178.0,111.0,84.0,0.0,0.0
2005-03-22,250.0,117.0,175.0,0.0,0.0
2005-03-23,167.0,72.0,0.0,0.0,0.0
2005-03-24,217.0,44.0,0.0,0.0,0.0
2005-03-25,261.0,117.0,0.0,0.0,0.0
2005-03-26,228.0,117.0,13.0,0.0,0.0
2005-03-27,117.0,83.0,165.0,0.0,0.0
2005-03-28,228.0,56.0,0.0,0.0,0.0
2005-03-29,250.0,78.0,0.0,0.0,0.0
2005-03-30,300.0,161.0,8.0,0.0,0.0
2005-03-31,256.0,133.0,23.0,0.0,0.0
2005-04-01,183.0,94.0,23.0,,
2005-04-02,222.0,56.0,3.0,,
2005-04-03,272.0,94.0,0.0,,
2005-04-04,222.0,139.0,0.0,,
2005-04-05,267.0,156.0,0.0,,
2005-04-06,278.0,156.0,53.0,,
2005-04-07,233.0,150.0,10.0,,
2005-04-08,244.0,150.0,0.0,,
2005-04-09,278.0,111.0,5.0,,
2005-04-10,278.0,139.0,0.0,,
2005-04-11,211.0,156.0,318.0,,
2005-04-12,233.0,111.0,0.0,,
2005-04-13,206.0,83.0,0.0,,
2005-04-14,239.0,106.0,3.0,,
2005-04-15,256.0,89.0,3.0,,
2005-04-16,289.0,100.0,0.0,,
2005-04-17,300.0,111.0,3.0,,
2005-04-18,278.0,156.0,0.0,,
2005-04-19,283.0,150.0,0.0,,
2005-04-20,294.0,167.0,0.0,,
2005-04-21,306.0,178.0,0.0,,
2005-04-22,306.0,156.0,8.0,,
2005-04-23,206.0,106.0,0.0,,
2005-04-24,206.0,50.0,0.0,,
2005-04-25,244.0,111.0,0.0,,
2005-04-26,228.0,139.0,130.0,,
2005-04-27,244.0,83.0,0.0,,
2005-04-28,322.0,117.0,0.0,,
2005-04-29,267.0,167.0,36.0,,
2005-04-30,189.0,78.0,3.0,,
2005-05-01,239.0,56.0,0.0,,
2005-05-02,217.0,94.0,0.0,,
2005-05-03,222.0,78.0,0.0,,
2005-05-04,233.0,83.0,0.0,,
2005-05-05,261.0,83.0,0.0,,
2005-05-06,283.0,89.0,0.0,,
2005-05-07,300.0,111.0,0.0,,
2005-05-08,278.0,178.0,28.0,,
2005-05-09,289.0,189.0,38.0,,
2005-05-10,322.0,194.0,0.0,,
2005-05-11,339.0,178.0,0.0,,
2005-05-12,339.0,189.0,0.0,,
2005-05-13,311.0,194.0,0.0,,
2005-05-14,306.0,183.0,325.0,,
2005-05-15,256.0,122.0,0.0,,
2005-05-16,244.0,94.0,0.0,,
2005-05-17,283.0,100.0,0.0,,
2005-05-18,322.0,150.0,0.0,,
2005-05-19,322.0,222.0,0.0,,
2005-05-20,350.0,222.0,0.0,,
2005-05-21,317.0,189.0,0.0,,
2005-05-22,339.0,167.0,0.0,,
2005-05-23,344.0,217.0,0.0,,
2005-05-24,350.0,206.0,38.0,,
2005-05-25,300.0,156.0,3.0,,
2005-05-26,317.0,139.0,0.0,,
2005-05-27,322.0,183.0,137.0,,
2005-05-28,306.0,183.0,277.0,,
2005-05-29,261.0,211.0,386.0,,
2005-05-30,267.0,211.0,0.0,,
2005-05-31,256.0,211.0,5.0,,
2005-06-01,300.0,200.0,0.0,,
2005-06-02,317.0,183.0,0.0,,
2005-06-03,322.0,189.0,0.0,,
2005-06-04,350.0,228.0,0.0,,
2005-06-05,350.0,239.0,0.0,,
2005-06-06,344.0,217.0,0.0,,
2005-06-07,350.0,217.0,0.0,,
2005-06-08,350.0,222.0,0.0,,
2005-06-09,339.0,228.0,137.0,,
2005-06-10,339.0,222.0,0.0,,
2005-06-11,333.0,222.0,0.0,,
2005-06-12,344.0,194.0,0.0,,
2005-06-13,350.0,244.0,0.0,,
2005-06-14,344.0,228.0,0.0,,
2005-06-15,356.0,217.0,0.0,,
2005-06-16,350.0,206.0,0.0,,
2005-06-17,239.0,200.0,79.0,,
2005-06-18,317.0,183.0,0.0,,
2005-06-19,311.0,183.0,0.0,,
2005-06-20,328.0,178.0,0.0,,
2005-06-21,344.0,194.0,0.0,,
2005-06-22,350.0,194.0,0.0,,
2005-06-23,356.0,200.0,0.0,,
2005-06-24,356.0,222.0,0.0,,
2005-06-25,361.0,228.0,0.0,,
2005-06-26,361.0,222.0,0.0,,
2005-06-27,339.0,222.0,0.0,,
2005-06-28,367.0,233.0,0.0,,
2005-06-29,372.0,228.0,0.0,,
2005-06-30,372.0,244.0,0.0,,
2005-07-01,322.0,222.0,0.0,,
2005-07-02,361.0,217.0,0.0,,
2005-07-03,372.0,222.0,0.0,,
2005-07-04,378.0,250.0,0.0,,
2005-07-05,311.0,228.0,0.0,,
2005-07-06,317.0,239.0,0.0,,
2005-07-07,306.0,222.0,0.0,,
2005-07-08,322.0,222.0,0.0,,
2005-07-09,339.0,228.0,0.0,,
2005-07-10,328.0,233.0,0.0,,
2005-07-11,333.0,244.0,10.0,,
2005-07-12,361.0,244.0,28.0,,
2005-07-13,367.0,233.0,0.0,,
2005-07-14,367.0,239.0,3.0,,
2005-07-15,350.0,239.0,0.0,,
2005-07-16,350.0,244.0,0.0,,
2005-07-17,344.0,244.0,112.0,,
2005-07-18,361.0,239.0,348.0,,
2005-07-19,367.0,239.0,48.0,,
2005-07-20,361.0,250.0,0.0,,
2005-07-21,372.0,239.0,13.0,,
2005-07-22,372.0,244.0,0.0,,
2005-07-23,378.0,256.0,0.0,,
2005-07-24,378.0,250.0,0.0,,
2005-07-25,383.0,256.0,0.0,,
2005-07-26,378.0,267.0,0.0,,
2005-07-27,372.0,239.0,74.0,,
2005-07-28,272.0,228.0,69.0,,
2005-07-29,322.0,206.0,0.0,,
2005-07-30,333.0,194.0,0.0,,
2005-07-31,356.0,239.0,0.0,,
2005-08-01,361.0,228.0,0.0,,
2005-08-02,361.0,233.0,0.0,,
2005-08-03,356.0,239.0,0.0,,
2005-08-04,356.0,233.0,0.0,,
2005-08-05,367.0,228.0,0.0,,
2005-08-06,372.0,217.0,0.0,,
2005-08-07,350.0,222.0,0.0,,
2005-08-08,361.0,233.0,0.0,,
2005-08-09,367.0,228.0,0.0,,
2005-08-10,367.0,233.0,0.0,,
2005-08-11,378.0,233.0,0.0,,
2005-08-12,394.0,250.0,0.0,,
2005-08-13,389.0,256.0,0.0,,
2005-08-14,394.0,267.0,0.0,,
2005-08-15,389.0,239.0,0.0,,
2005-08-16,389.0,239.0,0.0,,
2005-08-17,378.0,244.0,0.0,,
2005-08-18,394.0,272.0,0.0,,
2005-08-19,394.0,267.0,0.0,,
2005-08-20,406.0,278.0,0.0,,
2005-08-21,411.0,278.0,0.0,,
2005-08-22,400.0,256.0,0.0,,
2005-08-23,400.0,244.0,345.0,,
2005-08-24,350.0,244.0,170.0,,
2005-08-25,383.0,261.0,0.0,,
2005-08-26,378.0,267.0,0.0,,
2005-08-27,311.0,244.0,10.0,,
2005-08-28,333.0,233.0,0.0,,
2005-08-29,294.0,244.0,53.0,,
2005-08-30,350.0,244.0,0.0,,
2005-08-31,367.0,217.0,0.0,,
2005-09-01,356.0,217.0,0.0,,
2005-09-02,356.0,200.0,0.0,,
2005-09-03,350.0,206.0,0.0,,
2005-09-04,339.0,189.0,0.0,,
2005-09-05,344.0,172.0,0.0,,
2005-09-06,339.0,189.0,0.0,,
2005-09-07,339.0,178.0,0.0,,
2005-09-08,339.0,167.0,0.0,,
2005-09-09,344.0,172.0,0.0,,
2005-09-10,350.0,183.0,0.0,,
2005-09-11,356.0,194.0,0.0,,
2005-09-12,367.0,189.0,0.0,,
2005-09-13,350.0,228.0,0.0,,
2005-09-14,328.0,256.0,0.0,,
2005-09-15,361.0,244.0,142.0,,
2005-09-16,311.0,222.0,15.0,,
2005-09-17,333.0,194.0,0.0,,
2005-09-18,389.0,217.0,0.0,,
2005-09-19,383.0,244.0,0.0,,
2005-09-20,406.0,244.0,0.0,,
2005-09-21,406.0,244.0,0.0,,
2005-09-22,383.0,239.0,0.0,,
2005-09-23,350.0,233.0,0.0,,
2005-09-24,294.0,244.0,650.0,,
2005-09-25,294.0,233.0,86.0,,
2005-09-26,350.0,222.0,0.0,,
2005-09-27,317.0,222.0,0.0,,
2005-09-28,339.0,217.0,5.0,,
2005-09-29,256.0,128.0,0.0,,
2005-09-30,283.0,106.0,0.0,,
2005-10-01,339.0,150.0,0.0,,
2005-10-02,339.0,228.0,0.0,,
2005-10-03,339.0,211.0,0.0,,
2005-10-04,328.0,211.0,0.0,,
2005-10-05,344.0,206.0,0.0,,
2005-10-06,294.0,167.0,0.0,,
2005-10-07,228.0,128.0,0.0,,
2005-10-08,217.0,117.0,3.0,,
2005-10-09,244.0,106.0,3.0,,
2005-10-10,250.0,100.0,0.0,,
2005-10-11,267.0,133.0,3.0,,
2005-10-12,283.0,139.0,0.0,,
2005-10-13,311.0,167.0,0.0,,
2005-10-14,306.0,150.0,0.0,,
2005-10-15,322.0,128.0,0.0,,
2005-10-16,306.0,128.0,0.0,,
2005-10-17,306.0,106.0,0.0,,
2005-10-18,344.0,172.0,0.0,,
2005-10-19,339.0,211.0,0.0,,
2005-10-20,328.0,194.0,0.0,,
2005-10-21,239.0,150.0,0.0,,
2005-10-22,244.0,106.0,0.0,,
2005-10-23,183.0,56.0,0.0,,
2005-10-24,183.0,67.0,0.0,,
2005-10-25,172.0,33.0,0.0,,
2005-10-26,194.0,17.0,0.0,,
2005-10-27,211.0,28.0,0.0,,
2005-10-28,206.0,28.0,0.0,,
2005-10-29,228.0,33.0,0.0,,
2005-10-30,256.0,28.0,0.0,,
2005-10-31,267.0,122.0,76.0,,
2005-11-01,206.0,72.0,137.0,,
2005-11-02,261.0,61.0,0.0,,
2005-11-03,261.0,83.0,0.0,,
2005-11-04,261.0,156.0,0.0,,
2005-11-05,294.0,183.0,0.0,,
2005-11-06,278.0,172.0,0.0,,
2005-11-07,317.0,150.0,0.0,,
2005-11-08,311.0,194.0,0.0,,
2005-11-09,267.0,194.0,28.0,,
2005-11-10,211.0,50.0,0.0,,
2005-11-11,239.0,33.0,0.0,,
2005-11-12,272.0,106.0,0.0,,
2005-11-13,228.0,172.0,109.0,,
2005-11-14,261.0,194.0,409.0,,
2005-11-15,306.0,78.0,36.0,,
2005-11-16,128.0,17.0,0.0,,
2005-11-17,100.0,-11.0,0.0,,
2005-11-18,156.0,-11.0,0.0,,
2005-11-19,167.0,11.0,0.0,,
2005-11-20,194.0,56.0,0.0,,
2005-11-21,167.0,78.0,8.0,,
2005-11-22,172.0,50.0,0.0,,
2005-11-23,250.0,44.0,0.0,,
2005-11-24,228.0,89.0,0.0,,
2005-11-25,139.0,39.0,0.0,,
2005-11-26,228.0,89.0,38.0,,
2005-11-27,239.0,150.0,112.0,,
2005-11-28,178.0,72.0,15.0,,
2005-11-29,128.0,6.0,0.0,,
2005-11-30,133.0,-22.0,0.0,,
2005-12-01,161.0,11.0,0.0,,
2005-12-02,139.0,-6.0,0.0,,
2005-12-03,278.0,128.0,231.0,,
2005-12-04,178.0,39.0,48.0,,
2005-12-05,83.0,-6.0,0.0,,
2005-12-06,139.0,-33.0,0.0,,
2005-12-07,94.0,-6.0,0.0,,
2005-12-08,56.0,-28.0,46.0,,
2005-12-09,33.0,-56.0,0.0,,
2005-12-10,133.0,-61.0,0.0,,
2005-12-11,167.0,11.0,0.0,,
2005-12-12,206.0,28.0,0.0,,
2005-12-13,161.0,11.0,0.0,,
2005-12-14,150.0,100.0,165.0,,
2005-12-15,150.0,17.0,0.0,,
2005-12-16,106.0,-11.0,0.0,,
2005-12-17,111.0,-6.0,0.0,,
2005-12-18,117.0,0.0,0.0,,
2005-12-19,78.0,-6.0,0.0,,
2005-12-20,50.0,6.0,0.0,,
2005-12-21,94.0,28.0,0.0,,
2005-12-22,128.0,39.0,0.0,,
2005-12-23,183.0,44.0,0.0,,
2005-12-24,178.0,78.0,142.0,,
2005-12-25,128.0,22.0,0.0,,
2005-12-26,189.0,0.0,0.0,,
2005-12-27,256.0,117.0,0.0,,
2005-12-28,206.0,100.0,0.0,,
2005-12-29,200.0,33.0,0.0,,
2005-12-30,206.0,50.0,0.0,,
2005-12-31,189.0,22.0,0.0,,
2006-01-01,233.0,106.0,0.0,,
2006-01-02,233.0,106.0,0.0,,
2006-01-03,222.0,44.0,0.0,,
2006-01-04,250.0,122.0,0.0,,
2006-01-05,178.0,44.0,0.0,,
2006-01-06,78.0,6.0,0.0,,
2006-01-07,189.0,0.0,0.0,,
2006-01-08,256.0,117.0,0.0,,
2006-01-09,228.0,133.0,0.0,,
2006-01-10,178.0,28.0,188.0,,
2006-01-11,172.0,0.0,0.0,,
2006-01-12,206.0,61.0,0.0,,
2006-01-13,194.0,61.0,71.0,,
2006-01-14,161.0,22.0,0.0,,
2006-01-15,161.0,56.0,0.0,,
2006-01-16,194.0,133.0,394.0,,
2006-01-17,144.0,33.0,81.0,,
2006-01-18,194.0,28.0,0.0,,
2006-01-19,211.0,89.0,0.0,,
2006-01-20,206.0,150.0,33.0,,
2006-01-21,178.0,67.0,0.0,,
2006-01-22,106.0,67.0,701.0,,
2006-01-23,100.0,11.0,10.0,,
2006-01-24,189.0,6.0,0.0,,
2006-01-25,150.0,6.0,0.0,,
2006-01-26,133.0,0.0,0.0,,
2006-01-27,194.0,56.0,0.0,,
2006-01-28,189.0,89.0,274.0,,
2006-01-29,222.0,111.0,0.0,,
2006-01-30,178.0,56.0,0.0,,
2006-01-31,189.0,6.0,0.0,,
2006-02-01,200.0,61.0,56.0,,
2006-02-02,194.0,100.0,353.0,,
2006-02-03,133.0,72.0,79.0,,
2006-02-04,122.0,11.0,0.0,,
2006-02-05,128.0,-11.0,5.0,,
2006-02-06,83.0,28.0,10.0,,
2006-02-07,139.0,11.0,0.0,,
2006-02-08,194.0,6.0,0.0,,
2006-02-09,100.0,-6.0,0.0,,
2006-02-10,78.0,11.0,378.0,,
2006-02-11,78.0,-6.0,0.0,,
2006-02-12,94.0,-50.0,0.0,,
2006-02-13,133.0,-39.0,0.0,,
2006-02-14,183.0,33.0,0.0,,
2006-02-15,244.0,83.0,0.0,,
2006-02-16,250.0,150.0,18.0,,
2006-02-17,150.0,33.0,15.0,,
2006-02-18,44.0,-50.0,46.0,,
2006-02-19,-17.0,-56.0,3.0,,
2006-02-20,22.0,-22.0,13.0,,
2006-02-21,94.0,17.0,18.0,,
2006-02-22,100.0,72.0,33.0,,
2006-02-23,167.0,44.0,0.0,,
2006-02-24,206.0,61.0,10.0,,
2006-02-25,133.0,61.0,135.0,,
2006-02-26,133.0,22.0,0.0,,
2006-02-27,228.0,39.0,0.0,,
2006-02-28,267.0,122.0,0.0,,
2006-03-01,289.0,156.0,0.0,,
2006-03-02,256.0,150.0,0.0,,
2006-03-03,172.0,67.0,0.0,,
2006-03-04,194.0,33.0,0.0,,
2006-03-05,250.0,72.0,18.0,,
2006-03-06,239.0,83.0,0.0,,
2006-03-07,217.0,67.0,0.0,,
2006-03-08,278.0,144.0,0.0,,
2006-03-09,244.0,139.0,94.0,,
2006-03-10,283.0,83.0,0.0,,
2006-03-11,311.0,222.0,0.0,,
2006-03-12,317.0,233.0,0.0,,
2006-03-13,272.0,139.0,3.0,,
2006-03-14,178.0,61.0,0.0,,
2006-03-15,217.0,17.0,0.0,,
2006-03-16,256.0,150.0,0.0,,
2006-03-17,194.0,94.0,0.0,,
2006-03-18,133.0,83.0,160.0,,
2006-03-19,106.0,83.0,546.0,,
2006-03-20,133.0,72.0,480.0,,
2006-03-21,128.0,72.0,3.0,,
2006-03-22,100.0,33.0,0.0,,
2006-03-23,83.0,33.0,33.0,,
2006-03-24,167.0,11.0,0.0,,
2006-03-25,167.0,28.0,0.0,,
2006-03-26,178.0,11.0,0.0,,
2006-03-27,200.0,72.0,0.0,,
2006-03-28,239.0,83.0,0.0,,
2006-03-29,256.0,44.0,0.0,,
2006-03-30,272.0,150.0,0.0,,
2006-03-31,306.0,200.0,3.0,,
2006-04-01,317.0,211.0,0.0,,
2006-04-02,322.0,206.0,33.0,,
2006-04-03,272.0,144.0,3.0,,
2006-04-04,250.0,128.0,0.0,,
2006-04-05,278.0,122.0,3.0,,
2006-04-06,283.0,211.0,0.0,,
2006-04-07,317.0,167.0,119.0,,
2006-04-08,222.0,94.0,0.0,,
2006-04-09,222.0,56.0,0.0,,
2006-04-10,267.0,56.0,0.0,,
2006-04-11,294.0,133.0,0.0,,
2006-04-12,306.0,189.0,0.0,,
2006-04-13,317.0,161.0,0.0,,
2006-04-14,322.0,194.0,0.0,,
2006-04-15,322.0,189.0,0.0,,
2006-04-16,322.0,211.0,0.0,,
2006-04-17,350.0,217.0,0.0,,
2006-04-18,356.0,206.0,0.0,,
2006-04-19,333.0,233.0,0.0,,
2006-04-20,317.0,228.0,41.0,,
2006-04-21,250.0,172.0,5.0,,
2006-04-22,300.0,133.0,3.0,,
2006-04-23,317.0,144.0,3.0,,
2006-04-24,328.0,178.0,0.0,,
2006-04-25,294.0,194.0,0.0,,
2006-04-26,217.0,117.0,180.0,,
2006-04-27,244.0,94.0,0.0,,
2006-04-28,256.0,111.0,0.0,,
2006-04-29,217.0,178.0,427.0,,
2006-04-30,289.0,172.0,0.0,,
2006-05-01,306.0,150.0,0.0,,
2006-05-02,294.0,189.0,0.0,,
2006-05-03,317.0,206.0,107.0,,
2006-05-04,283.0,183.0,112.0,,
2006-05-05,222.0,167.0,3.0,,
2006-05-06,194.0,156.0,30.0,,
2006-05-07,233.0,144.0,0.0,,
2006-05-08,244.0,144.0,10.0,,
2006-05-09,311.0,183.0,10.0,,
2006-05-10,289.0,161.0,361.0,,
2006-05-11,261.0,117.0,0.0,,
2006-05-12,283.0,111.0,0.0,,
2006-05-13,300.0,167.0,0.0,,
2006-05-14,289.0,161.0,0.0,,
2006-05-15,239.0,106.0,0.0,,
2006-05-16,256.0,117.0,18.0,,
2006-05-17,289.0,133.0,0.0,,
2006-05-18,328.0,156.0,0.0,,
2006-05-19,350.0,167.0,0.0,,
2006-05-20,339.0,217.0,0.0,,
2006-05-21,322.0,200.0,0.0,,
2006-05-22,339.0,183.0,0.0,,
2006-05-23,350.0,194.0,0.0,,
2006-05-24,350.0,211.0,0.0,,
2006-05-25,350.0,233.0,0.0,,
2006-05-26,339.0,239.0,0.0,,
2006-05-27,339.0,239.0,0.0,,
2006-05-28,344.0,228.0,0.0,,
2006-05-29,294.0,217.0,224.0,,
2006-05-30,333.0,217.0,3.0,,
2006-05-31,317.0,222.0,193.0,,
2006-06-01,339.0,222.0,0.0,,
2006-06-02,300.0,194.0,0.0,,
2006-06-03,328.0,172.0,0.0,,
2006-06-04,333.0,172.0,0.0,,
2006-06-05,328.0,206.0,0.0,,
2006-06-06,300.0,194.0,0.0,,
2006-06-07,339.0,206.0,0.0,,
2006-06-08,356.0,211.0,0.0,,
2006-06-09,350.0,200.0,0.0,,
2006-06-10,361.0,189.0,0.0,,
2006-06-11,361.0,217.0,0.0,,
2006-06-12,361.0,228.0,0.0,,
2006-06-13,311.0,194.0,0.0,,
2006-06-14,339.0,172.0,0.0,,
2006-06-15,367.0,200.0,0.0,,
2006-06-16,350.0,233.0,0.0,,
2006-06-17,311.0,244.0,0.0,,
2006-06-18,322.0,233.0,43.0,,
2006-06-19,361.0,228.0,0.0,,
2006-06-20,356.0,217.0,0.0,,
2006-06-21,367.0,244.0,0.0,,
2006-06-22,367.0,239.0,0.0,,
2006-06-23,361.0,239.0,53.0,,
2006-06-24,322.0,233.0,46.0,,
2006-06-25,339.0,217.0,20.0,,
2006-06-26,322.0,206.0,0.0,,
2006-06-27,322.0,178.0,0.0,,
2006-06-28,350.0,172.0,0.0,,
2006-06-29,361.0,178.0,0.0,,
2006-06-30,372.0,189.0,0.0,,
2006-07-01,383.0,211.0,0.0,,
2006-07-02,361.0,228.0,0.0,,
2006-07-03,356.0,228.0,0.0,,
2006-07-04,328.0,239.0,0.0,,
2006-07-05,322.0,250.0,0.0,,
2006-07-06,317.0,211.0,0.0,,
2006-07-07,322.0,189.0,0.0,,
2006-07-08,356.0,189.0,0.0,,
2006-07-09,372.0,211.0,117.0,,
2006-07-10,361.0,244.0,0.0,,
2006-07-11,372.0,261.0,0.0,,
2006-07-12,383.0,267.0,0.0,,
2006-07-13,389.0,272.0,0.0,,
2006-07-14,394.0,272.0,0.0,,
2006-07-15,406.0,272.0,0.0,,
2006-07-16,394.0,239.0,0.0,,
2006-07-17,400.0,228.0,0.0,,
2006-07-18,411.0,239.0,0.0,,
2006-07-19,428.0,228.0,0.0,,
2006-07-20,394.0,228.0,0.0,,
2006-07-21,411.0,278.0,0.0,,
2006-07-22,339.0,228.0,0.0,,
2006-07-23,344.0,194.0,0.0,,
2006-07-24,367.0,183.0,0.0,,
2006-07-25,383.0,250.0,0.0,,
2006-07-26,333.0,239.0,0.0,,
2006-07-27,322.0,244.0,0.0,,
2006-07-28,367.0,267.0,0.0,,
2006-07-29,400.0,256.0,0.0,,
2006-07-30,400.0,267.0,0.0,,
2006-07-31,400.0,272.0,0.0,,
2006-08-01,389.0,261.0,0.0,,
2006-08-02,400.0,267.0,0.0,,
2006-08-03,406.0,256.0,0.0,,
2006-08-04,389.0,250.0,0.0,,
2006-08-05,372.0,233.0,0.0,,
2006-08-06,361.0,228.0,0.0,,
2006-08-07,361.0,228.0,0.0,,
2006-08-08,372.0,233.0,0.0,,
2006-08-09,394.0,256.0,0.0,,
2006-08-10,378.0,256.0,0.0,,
2006-08-11,356.0,250.0,0.0,,
2006-08-12,311.0,217.0,0.0,,
2006-08-13,350.0,228.0,25.0,,
2006-08-14,367.0,244.0,0.0,,
2006-08-15,356.0,228.0,0.0,,
2006-08-16,344.0,228.0,0.0,,
2006-08-17,361.0,211.0,0.0,,
2006-08-18,367.0,217.0,0.0,,
2006-08-19,356.0,239.0,0.0,,
2006-08-20,378.0,228.0,0.0,,
2006-08-21,367.0,239.0,0.0,,
2006-08-22,322.0,239.0,0.0,,
2006-08-23,283.0,200.0,0.0,,
2006-08-24,322.0,200.0,0.0,,
2006-08-25,356.0,228.0,0.0,,
2006-08-26,356.0,239.0,69.0,,
2006-08-27,317.0,239.0,86.0,,
2006-08-28,339.0,228.0,427.0,,
2006-08-29,311.0,228.0,180.0,,
2006-08-30,278.0,178.0,0.0,,
2006-08-31,294.0,172.0,0.0,,
2006-09-01,306.0,183.0,0.0,,
2006-09-02,300.0,183.0,0.0,,
2006-09-03,261.0,167.0,3.0,,
2006-09-04,289.0,150.0,0.0,,
2006-09-05,300.0,189.0,0.0,,
2006-09-06,294.0,161.0,0.0,,
2006-09-07,300.0,144.0,0.0,,
2006-09-08,317.0,150.0,0.0,,
2006-09-09,339.0,161.0,0.0,,
2006-09-10,328.0,206.0,0.0,,
2006-09-11,333.0,211.0,135.0,,
2006-09-12,311.0,211.0,10.0,,
2006-09-13,272.0,144.0,0.0,,
2006-09-14,283.0,133.0,0.0,,
2006-09-15,300.0,133.0,0.0,,
2006-09-16,339.0,156.0,0.0,,
2006-09-17,328.0,228.0,13.0,,
2006-09-18,278.0,150.0,300.0,,
2006-09-19,261.0,128.0,3.0,,
2006-09-20,250.0,106.0,0.0,,
2006-09-21,283.0,117.0,0.0,,
2006-09-22,344.0,228.0,8.0,,
2006-09-23,322.0,194.0,241.0,,
2006-09-24,250.0,139.0,0.0,,
2006-09-25,244.0,117.0,0.0,,
2006-09-26,278.0,122.0,0.0,,
2006-09-27,306.0,172.0,0.0,,
2006-09-28,233.0,89.0,0.0,,
2006-09-29,239.0,67.0,0.0,,
2006-09-30,311.0,172.0,0.0,,
2006-10-01,333.0,200.0,0.0,,
2006-10-02,317.0,189.0,0.0,,
2006-10-03,328.0,189.0,0.0,,
2006-10-04,328.0,178.0,0.0,,
2006-10-05,294.0,178.0,0.0,,
2006-10-06,233.0,111.0,0.0,,
2006-10-07,244.0,72.0,0.0,,
2006-10-08,267.0,72.0,0.0,,
2006-10-09,289.0,106.0,0.0,,
2006-10-10,272.0,133.0,0.0,,
2006-10-11,261.0,111.0,0.0,,
2006-10-12,133.0,72.0,0.0,,
2006-10-13,217.0,22.0,0.0,,
2006-10-14,256.0,72.0,0.0,,
2006-10-15,278.0,89.0,0.0,,
2006-10-16,239.0,150.0,488.0,,
2006-10-17,300.0,172.0,0.0,,
2006-10-18,311.0,161.0,0.0,,
2006-10-19,228.0,83.0,56.0,,
2006-10-20,172.0,28.0,0.0,,
2006-10-21,211.0,50.0,0.0,,
2006-10-22,167.0,56.0,0.0,,
2006-10-23,178.0,17.0,0.0,,
2006-10-24,189.0,56.0,0.0,,
2006-10-25,144.0,100.0,193.0,,
2006-10-26,183.0,122.0,20.0,,
2006-10-27,200.0,106.0,157.0,,
2006-10-28,211.0,72.0,0.0,,
2006-10-29,261.0,89.0,0.0,,
2006-10-30,233.0,111.0,0.0,,
2006-10-31,261.0,128.0,188.0,,
2006-11-01,128.0,50.0,94.0,,
2006-11-02,122.0,17.0,0.0,,
2006-11-03,144.0,6.0,0.0,,
2006-11-04,172.0,6.0,0.0,,
2006-11-05,200.0,67.0,0.0,,
2006-11-06,167.0,133.0,282.0,,
2006-11-07,200.0,94.0,3.0,,
2006-11-08,256.0,72.0,0.0,,
2006-11-09,244.0,150.0,0.0,,
2006-11-10,256.0,144.0,0.0,,
2006-11-11,144.0,22.0,0.0,,
2006-11-12,144.0,-6.0,0.0,,
2006-11-13,183.0,28.0,0.0,,
2006-11-14,189.0,83.0,8.0,,
2006-11-15,217.0,72.0,163.0,,
2006-11-16,128.0,33.0,0.0,,
2006-11-17,167.0,6.0,0.0,,
2006-11-18,183.0,44.0,0.0,,
2006-11-19,133.0,-11.0,0.0,,
2006-11-20,117.0,-17.0,0.0,,
2006-11-21,150.0,-33.0,0.0,,
2006-11-22,183.0,-17.0,0.0,,
2006-11-23,206.0,11.0,0.0,,
2006-11-24,222.0,56.0,0.0,,
2006-11-25,228.0,44.0,0.0,,
2006-11-26,222.0,67.0,0.0,,
2006-11-27,217.0,83.0,0.0,,
2006-11-28,194.0,122.0,71.0,,
2006-11-29,228.0,178.0,0.0,,
2006-11-30,244.0,-11.0,56.0,,
2006-12-01,78.0,-33.0,0.0,,
2006-12-02,83.0,-28.0,0.0,,
2006-12-03,72.0,-17.0,0.0,,
2006-12-04,72.0,-61.0,0.0,,
2006-12-05,128.0,-50.0,0.0,,
2006-12-06,111.0,6.0,0.0,,
2006-12-07,83.0,-39.0,0.0,,
2006-12-08,33.0,-83.0,0.0,,
2006-12-09,100.0,-61.0,0.0,,
2006-12-10,167.0,28.0,0.0,,
2006-12-11,206.0,117.0,94.0,,
2006-12-12,222.0,89.0,328.0,,
2006-12-13,206.0,33.0,0.0,,
2006-12-14,217.0,61.0,0.0,,
2006-12-15,150.0,106.0,0.0,,
2006-12-16,228.0,111.0,0.0,,
2006-12-17,206.0,122.0,0.0,,
2006-12-18,228.0,89.0,3.0,,
2006-12-19,156.0,100.0,0.0,,
2006-12-20,183.0,111.0,74.0,,
2006-12-21,172.0,117.0,147.0,,
2006-12-22,139.0,28.0,0.0,,
2006-12-23,144.0,0.0,0.0,,
2006-12-24,78.0,17.0,18.0,,
2006-12-25,72.0,33.0,264.0,,
2006-12-26,89.0,-11.0,0.0,,
2006-12-27,117.0,-17.0,0.0,,
2006-12-28,156.0,-6.0,0.0,,
2006-12-29,189.0,111.0,5.0,,
2006-12-30,172.0,139.0,518.0,,
2006-12-31,150.0,61.0,0.0,,
2007-01-01,111.0,-6.0,0.0,,
2007-01-02,100.0,-28.0,0.0,,
2007-01-03,128.0,-28.0,0.0,,
2007-01-04,172.0,28.0,257.0,,
2007-01-05,172.0,122.0,10.0,,
2007-01-06,161.0,83.0,0.0,,
2007-01-07,122.0,56.0,71.0,,
2007-01-08,122.0,-6.0,0.0,,
2007-01-09,139.0,11.0,0.0,,
2007-01-10,117.0,-17.0,0.0,,
2007-01-11,172.0,39.0,0.0,,
2007-01-12,206.0,139.0,69.0,,
2007-01-13,228.0,167.0,58.0,,
2007-01-14,200.0,139.0,51.0,,
2007-01-15,139.0,-6.0,5.0,,
2007-01-16,-6.0,-22.0,122.0,,
2007-01-17,0.0,-28.0,0.0,,
2007-01-18,56.0,0.0,5.0,,
2007-01-19,56.0,17.0,3.0,,
2007-01-20,78.0,28.0,43.0,,
2007-01-21,128.0,39.0,198.0,,
2007-01-22,89.0,11.0,0.0,,
2007-01-23,72.0,-17.0,0.0,,
2007-01-24,100.0,11.0,0.0,,
2007-01-25,106.0,-6.0,0.0,,
2007-01-26,144.0,-22.0,0.0,,
2007-01-27,94.0,39.0,43.0,,
2007-01-28,44.0,-50.0,0.0,,
2007-01-29,83.0,-61.0,0.0,,
2007-01-30,94.0,-17.0,0.0,,
2007-01-31,22.0,-39.0,13.0,,
2007-02-01,33.0,-11.0,43.0,,
2007-02-02,50.0,-39.0,5.0,,
2007-02-03,94.0,-56.0,0.0,,
2007-02-04,89.0,-11.0,0.0,,
2007-02-05,83.0,-33.0,0.0,,
2007-02-06,194.0,0.0,0.0,,
2007-02-07,128.0,39.0,0.0,,
2007-02-08,39.0,0.0,0.0,,
2007-02-09,28.0,0.0,5.0,,
2007-02-10,56.0,-22.0,0.0,,
2007-02-11,117.0,-44.0,0.0,,
2007-02-12,194.0,72.0,130.0,,
2007-02-13,161.0,11.0,30.0,,
2007-02-14,17.0,-11.0,0.0,,
2007-02-15,17.0,-28.0,0.0,,
2007-02-16,50.0,-44.0,0.0,,
2007-02-17,117.0,-11.0,0.0,,
2007-02-18,117.0,-50.0,0.0,,
2007-02-19,183.0,22.0,0.0,,
2007-02-20,200.0,133.0,0.0,,
2007-02-21,261.0,100.0,0.0,,
2007-02-22,222.0,72.0,0.0,,
2007-02-23,206.0,72.0,0.0,,
2007-02-24,217.0,139.0,114.0,,
2007-02-25,172.0,67.0,0.0,,
2007-02-26,239.0,0.0,0.0,,
2007-02-27,206.0,28.0,0.0,,
2007-02-28,194.0,56.0,0.0,,
2007-03-01,217.0,72.0,58.0,,
2007-03-02,194.0,22.0,0.0,,
2007-03-03,156.0,-6.0,0.0,,
2007-03-04,128.0,-33.0,0.0,,
2007-03-05,200.0,-11.0,0.0,,
2007-03-06,211.0,33.0,0.0,,
2007-03-07,222.0,56.0,0.0,,
2007-03-08,244.0,56.0,0.0,,
2007-03-09,244.0,50.0,0.0,,
2007-03-10,211.0,111.0,0.0,,
2007-03-11,239.0,106.0,0.0,,
2007-03-12,272.0,94.0,0.0,,
2007-03-13,261.0,172.0,15.0,,
2007-03-14,228.0,144.0,338.0,,
2007-03-15,233.0,117.0,23.0,,
2007-03-16,161.0,44.0,23.0,,
2007-03-17,183.0,6.0,0.0,,
2007-03-18,239.0,78.0,0.0,,
2007-03-19,261.0,128.0,0.0,,
2007-03-20,250.0,117.0,0.0,,
2007-03-21,267.0,139.0,0.0,,
2007-03-22,267.0,150.0,0.0,,
2007-03-23,278.0,161.0,0.0,,
2007-03-24,289.0,133.0,0.0,,
2007-03-25,272.0,172.0,0.0,,
2007-03-26,267.0,139.0,0.0,,
2007-03-27,256.0,139.0,104.0,,
2007-03-28,283.0,172.0,3.0,,
2007-03-29,289.0,150.0,0.0,,
2007-03-30,289.0,167.0,0.0,,
2007-03-31,228.0,172.0,76.0,,
2007-04-01,267.0,133.0,0.0,,
2007-04-02,289.0,122.0,0.0,,
2007-04-03,306.0,178.0,61.0,,
2007-04-04,183.0,94.0,0.0,,
2007-04-05,150.0,50.0,0.0,,
2007-04-06,128.0,44.0,0.0,,
2007-04-07,111.0,0.0,0.0,,
2007-04-08,122.0,-17.0,0.0,,
2007-04-09,139.0,56.0,0.0,,
2007-04-10,161.0,83.0,117.0,,
2007-04-11,233.0,111.0,23.0,,
2007-04-12,233.0,50.0,0.0,,
2007-04-13,183.0,94.0,312.0,,
2007-04-14,117.0,72.0,198.0,,
2007-04-15,172.0,44.0,0.0,,
2007-04-16,222.0,56.0,0.0,,
2007-04-17,244.0,83.0,5.0,,
2007-04-18,233.0,117.0,28.0,,
2007-04-19,256.0,100.0,0.0,,
2007-04-20,239.0,83.0,0.0,,
2007-04-21,267.0,89.0,0.0,,
2007-04-22,261.0,122.0,0.0,,
2007-04-23,272.0,178.0,0.0,,
2007-04-24,250.0,200.0,0.0,,
2007-04-25,211.0,144.0,478.0,,
2007-04-26,217.0,122.0,0.0,,
2007-04-27,239.0,83.0,0.0,,
2007-04-28,283.0,139.0,0.0,,
2007-04-29,289.0,117.0,0.0,,
2007-04-30,300.0,139.0,0.0,,
2007-05-01,294.0,150.0,0.0,,
2007-05-02,239.0,189.0,114.0,,
2007-05-03,261.0,172.0,112.0,,
2007-05-04,272.0,167.0,0.0,,
2007-05-05,289.0,206.0,0.0,,
2007-05-06,311.0,189.0,0.0,,
2007-05-07,294.0,183.0,41.0,,
2007-05-08,294.0,178.0,0.0,,
2007-05-09,289.0,194.0,249.0,,
2007-05-10,278.0,183.0,3.0,,
2007-05-11,294.0,167.0,0.0,,
2007-05-12,289.0,167.0,0.0,,
2007-05-13,317.0,189.0,0.0,,
2007-05-14,317.0,161.0,0.0,,
2007-05-15,300.0,178.0,150.0,,
2007-05-16,233.0,117.0,48.0,,
2007-05-17,256.0,94.0,3.0,,
2007-05-18,222.0,106.0,0.0,,
2007-05-19,250.0,89.0,0.0,,
2007-05-20,272.0,100.0,0.0,,
2007-05-21,294.0,139.0,0.0,,
2007-05-22,300.0,178.0,0.0,,
2007-05-23,306.0,183.0,0.0,,
2007-05-24,300.0,161.0,0.0,,
2007-05-25,300.0,172.0,0.0,,
2007-05-26,294.0,189.0,0.0,,
2007-05-27,300.0,194.0,0.0,,
2007-05-28,306.0,167.0,0.0,,
2007-05-29,278.0,206.0,0.0,,
2007-05-30,283.0,200.0,20.0,,
2007-05-31,317.0,194.0,0.0,,
2007-06-01,306.0,178.0,0.0,,
2007-06-02,306.0,167.0,236.0,,
2007-06-03,306.0,178.0,0.0,,
2007-06-04,306.0,183.0,3.0,,
2007-06-05,311.0,183.0,0.0,,
2007-06-06,328.0,178.0,0.0,,
2007-06-07,339.0,228.0,0.0,,
2007-06-08,328.0,239.0,5.0,,
2007-06-09,333.0,228.0,0.0,,
2007-06-10,333.0,228.0,5.0,,
2007-06-11,339.0,200.0,0.0,,
2007-06-12,344.0,211.0,0.0,,
2007-06-13,339.0,194.0,0.0,,
2007-06-14,339.0,189.0,0.0,,
2007-06-15,278.0,206.0,0.0,,
2007-06-16,317.0,211.0,0.0,,
2007-06-17,322.0,206.0,0.0,,
2007-06-18,328.0,222.0,46.0,,
2007-06-19,333.0,222.0,0.0,,
2007-06-20,322.0,206.0,0.0,,
2007-06-21,333.0,206.0,0.0,,
2007-06-22,339.0,194.0,0.0,,
2007-06-23,328.0,228.0,0.0,,
2007-06-24,322.0,228.0,0.0,,
2007-06-25,333.0,211.0,0.0,,
2007-06-26,311.0,206.0,239.0,,
2007-06-27,328.0,200.0,0.0,,
2007-06-28,322.0,217.0,0.0,,
2007-06-29,333.0,228.0,0.0,,
2007-06-30,339.0,228.0,0.0,,
2007-07-01,322.0,222.0,5.0,,
2007-07-02,300.0,211.0,48.0,,
2007-07-03,322.0,222.0,20.0,,
2007-07-04,300.0,211.0,20.0,,
2007-07-05,283.0,217.0,15.0,,
2007-07-06,239.0,211.0,112.0,,
2007-07-07,306.0,222.0,41.0,,
2007-07-08,328.0,217.0,0.0,,
2007-07-09,306.0,211.0,66.0,,
2007-07-10,322.0,217.0,178.0,,
2007-07-11,322.0,228.0,452.0,,
2007-07-12,317.0,222.0,363.0,,
2007-07-13,256.0,217.0,287.0,,
2007-07-14,272.0,217.0,0.0,,
2007-07-15,289.0,217.0,18.0,,
2007-07-16,300.0,222.0,0.0,,
2007-07-17,300.0,222.0,122.0,,
2007-07-18,317.0,217.0,0.0,,
2007-07-19,339.0,222.0,0.0,,
2007-07-20,339.0,222.0,8.0,,
2007-07-21,317.0,206.0,0.0,,
2007-07-22,294.0,183.0,0.0,,
2007-07-23,311.0,161.0,0.0,,
2007-07-24,317.0,189.0,0.0,,
2007-07-25,333.0,211.0,0.0,,
2007-07-26,322.0,222.0,0.0,,
2007-07-27,328.0,222.0,0.0,,
2007-07-28,333.0,228.0,0.0,,
2007-07-29,339.0,233.0,0.0,,
2007-07-30,344.0,228.0,28.0,,
2007-07-31,328.0,233.0,0.0,,
2007-08-01,350.0,222.0,0.0,,
2007-08-02,344.0,217.0,0.0,,
2007-08-03,361.0,228.0,0.0,,
2007-08-04,361.0,233.0,0.0,,
2007-08-05,350.0,250.0,0.0,,
2007-08-06,350.0,256.0,0.0,,
2007-08-07,356.0,256.0,0.0,,
2007-08-08,356.0,239.0,0.0,,
2007-08-09,361.0,228.0,0.0,,
2007-08-10,394.0,233.0,0.0,,
2007-08-11,394.0,211.0,0.0,,
2007-08-12,394.0,217.0,0.0,,
2007-08-13,400.0,222.0,0.0,,
2007-08-14,394.0,233.0,0.0,,
2007-08-15,394.0,217.0,0.0,,
2007-08-16,372.0,256.0,0.0,,
2007-08-17,367.0,239.0,0.0,,
2007-08-18,356.0,239.0,0.0,,
2007-08-19,350.0,239.0,0.0,,
2007-08-20,356.0,233.0,0.0,,
2007-08-21,361.0,239.0,0.0,,
2007-08-22,372.0,228.0,0.0,,
2007-08-23,372.0,233.0,0.0,,
2007-08-24,367.0,239.0,0.0,,
2007-08-25,356.0,228.0,28.0,,
2007-08-26,350.0,217.0,0.0,,
2007-08-27,361.0,206.0,0.0,,
2007-08-28,344.0,233.0,0.0,,
2007-08-29,344.0,228.0,198.0,,
2007-08-30,306.0,222.0,15.0,,
2007-08-31,322.0,222.0,0.0,,
2007-09-01,333.0,211.0,0.0,,
2007-09-02,339.0,211.0,0.0,,
2007-09-03,306.0,222.0,3.0,,
2007-09-04,317.0,222.0,5.0,,
2007-09-05,311.0,217.0,478.0,,
2007-09-06,328.0,228.0,0.0,,
2007-09-07,300.0,228.0,3.0,,
2007-09-08,328.0,233.0,0.0,,
2007-09-09,317.0,233.0,0.0,,
2007-09-10,317.0,228.0,0.0,,
2007-09-11,239.0,172.0,8.0,,
2007-09-12,289.0,156.0,0.0,,
2007-09-13,239.0,194.0,84.0,,
2007-09-14,300.0,211.0,0.0,,
2007-09-15,256.0,144.0,0.0,,
2007-09-16,289.0,117.0,0.0,,
2007-09-17,317.0,144.0,0.0,,
2007-09-18,317.0,183.0,0.0,,
2007-09-19,311.0,161.0,0.0,,
2007-09-20,311.0,144.0,0.0,,
2007-09-21,322.0,150.0,0.0,,
2007-09-22,317.0,178.0,0.0,,
2007-09-23,317.0,228.0,0.0,,
2007-09-24,289.0,222.0,5.0,,
2007-09-25,261.0,217.0,163.0,,
2007-09-26,283.0,211.0,3.0,,
2007-09-27,311.0,200.0,0.0,,
2007-09-28,300.0,150.0,0.0,,
2007-09-29,306.0,122.0,0.0,,
2007-09-30,317.0,172.0,0.0,,
2007-10-01,272.0,200.0,3.0,,
2007-10-02,306.0,172.0,0.0,,
2007-10-03,317.0,172.0,0.0,,
2007-10-04,322.0,183.0,0.0,,
2007-10-05,322.0,206.0,5.0,,
2007-10-06,322.0,211.0,0.0,,
2007-10-07,328.0,206.0,0.0,,
2007-10-08,317.0,217.0,5.0,,
2007-10-09,278.0,139.0,0.0,,
2007-10-10,300.0,117.0,3.0,,
2007-10-11,233.0,94.0,0.0,,
2007-10-12,244.0,61.0,0.0,,
2007-10-13,267.0,89.0,0.0,,
2007-10-14,278.0,111.0,0.0,,
2007-10-15,206.0,139.0,160.0,,
2007-10-16,267.0,161.0,0.0,,
2007-10-17,261.0,183.0,46.0,,
2007-10-18,311.0,167.0,0.0,,
2007-10-19,244.0,111.0,0.0,,
2007-10-20,278.0,100.0,0.0,,
2007-10-21,272.0,100.0,0.0,,
2007-10-22,239.0,128.0,284.0,,
2007-10-23,128.0,78.0,41.0,,
2007-10-24,139.0,83.0,69.0,,
2007-10-25,94.0,78.0,38.0,,
2007-10-26,161.0,72.0,0.0,,
2007-10-27,194.0,50.0,0.0,,
2007-10-28,194.0,83.0,0.0,,
2007-10-29,194.0,61.0,0.0,,
2007-10-30,222.0,56.0,0.0,,
2007-10-31,250.0,89.0,0.0,,
2007-11-01,189.0,89.0,0.0,,
2007-11-02,217.0,56.0,0.0,,
2007-11-03,222.0,56.0,0.0,,
2007-11-04,244.0,89.0,0.0,,
2007-11-05,267.0,167.0,0.0,,
2007-11-06,183.0,6.0,0.0,,
2007-11-07,144.0,-11.0,0.0,,
2007-11-08,200.0,22.0,0.0,,
2007-11-09,233.0,117.0,0.0,,
2007-11-10,211.0,106.0,0.0,,
2007-11-11,261.0,139.0,0.0,,
2007-11-12,256.0,161.0,0.0,,
2007-11-13,261.0,156.0,0.0,,
2007-11-14,261.0,133.0,28.0,,
2007-11-15,150.0,11.0,0.0,,
2007-11-16,172.0,-11.0,0.0,,
2007-11-17,206.0,67.0,0.0,,
2007-11-18,172.0,133.0,236.0,,
2007-11-19,211.0,156.0,0.0,,
2007-11-20,244.0,150.0,0.0,,
2007-11-21,250.0,83.0,112.0,,
2007-11-22,100.0,44.0,0.0,,
2007-11-23,78.0,-11.0,0.0,,
2007-11-24,56.0,11.0,46.0,,
2007-11-25,94.0,44.0,475.0,,
2007-11-26,89.0,61.0,3.0,,
2007-11-27,133.0,22.0,0.0,,
2007-11-28,167.0,17.0,0.0,,
2007-11-29,122.0,22.0,0.0,,
2007-11-30,128.0,22.0,0.0,,
2007-12-01,200.0,39.0,0.0,,
2007-12-02,228.0,72.0,0.0,,
2007-12-03,100.0,-17.0,0.0,,
2007-12-04,161.0,-22.0,0.0,,
2007-12-05,228.0,22.0,0.0,,
2007-12-06,83.0,6.0,0.0,,
2007-12-07,228.0,61.0,0.0,,
2007-12-08,256.0,189.0,0.0,,
2007-12-09,261.0,172.0,3.0,,
2007-12-10,189.0,117.0,10.0,,
2007-12-11,244.0,122.0,0.0,,
2007-12-12,206.0,83.0,213.0,,
2007-12-13,139.0,50.0,51.0,,
2007-12-14,72.0,22.0,0.0,,
2007-12-15,83.0,17.0,295.0,,
2007-12-16,78.0,-17.0,0.0,,
2007-12-17,122.0,-33.0,0.0,,
2007-12-18,122.0,39.0,3.0,,
2007-12-19,139.0,106.0,18.0,,
2007-12-20,211.0,100.0,104.0,,
2007-12-21,172.0,67.0,0.0,,
2007-12-22,189.0,33.0,119.0,,
2007-12-23,78.0,-22.0,0.0,,
2007-12-24,122.0,-33.0,0.0,,
2007-12-25,122.0,-28.0,0.0,,
2007-12-26,94.0,-22.0,165.0,,
2007-12-27,61.0,28.0,0.0,,
2007-12-28,100.0,6.0,71.0,,
2007-12-29,100.0,-17.0,0.0,,
2007-12-30,139.0,-22.0,0.0,,
2007-12-31,200.0,-6.0,0.0,,
2008-01-01,89.0,-11.0,0.0,,
2008-01-02,17.0,-72.0,0.0,,
2008-01-03,33.0,-89.0,0.0,,
2008-01-04,128.0,-44.0,0.0,,
2008-01-05,167.0,100.0,8.0,,
2008-01-06,211.0,156.0,0.0,,
2008-01-07,206.0,156.0,94.0,,
2008-01-08,250.0,61.0,107.0,,
2008-01-09,133.0,6.0,0.0,,
2008-01-10,194.0,39.0,112.0,,
2008-01-11,133.0,0.0,0.0,,
2008-01-12,156.0,-6.0,0.0,,
2008-01-13,122.0,-11.0,0.0,,
2008-01-14,150.0,-39.0,0.0,,
2008-01-15,100.0,-11.0,0.0,,
2008-01-16,78.0,39.0,8.0,,
2008-01-17,94.0,-22.0,0.0,,
2008-01-18,56.0,-28.0,0.0,,
2008-01-19,39.0,-50.0,0.0,,
2008-01-20,33.0,-78.0,0.0,,
2008-01-21,83.0,-72.0,13.0,,
2008-01-22,67.0,33.0,71.0,,
2008-01-23,56.0,6.0,0.0,,
2008-01-24,44.0,-22.0,0.0,,
2008-01-25,-6.0,-33.0,71.0,,
2008-01-26,17.0,-11.0,0.0,,
2008-01-27,39.0,0.0,0.0,,
2008-01-28,150.0,11.0,0.0,,
2008-01-29,222.0,0.0,132.0,,
2008-01-30,78.0,-50.0,0.0,,
2008-01-31,50.0,17.0,290.0,,
2008-02-01,106.0,-6.0,3.0,,
2008-02-02,183.0,6.0,0.0,,
2008-02-03,183.0,100.0,71.0,,
2008-02-04,228.0,183.0,0.0,,
2008-02-05,239.0,150.0,86.0,,
2008-02-06,150.0,0.0,0.0,,
2008-02-07,133.0,-17.0,0.0,,
2008-02-08,161.0,-11.0,0.0,,
2008-02-09,194.0,0.0,0.0,,
2008-02-10,206.0,0.0,0.0,,
2008-02-11,211.0,-6.0,0.0,,
2008-02-12,178.0,-6.0,277.0,,
2008-02-13,72.0,-50.0,0.0,,
2008-02-14,144.0,-22.0,0.0,,
2008-02-15,150.0,89.0,0.0,,
2008-02-16,156.0,56.0,114.0,,
2008-02-17,183.0,61.0,99.0,,
2008-02-18,133.0,17.0,0.0,,
2008-02-19,167.0,22.0,0.0,,
2008-02-20,200.0,56.0,0.0,,
2008-02-21,56.0,22.0,64.0,,
2008-02-22,61.0,17.0,5.0,,
2008-02-23,89.0,28.0,3.0,,
2008-02-24,117.0,39.0,15.0,,
2008-02-25,217.0,44.0,79.0,,
2008-02-26,139.0,6.0,0.0,,
2008-02-27,111.0,-39.0,0.0,,
2008-02-28,189.0,-11.0,0.0,,
2008-02-29,194.0,83.0,15.0,,
2008-03-01,194.0,61.0,3.0,,
2008-03-02,244.0,128.0,0.0,,
2008-03-03,211.0,50.0,328.0,,
2008-03-04,50.0,11.0,13.0,,
2008-03-05,161.0,-6.0,0.0,,
2008-03-06,167.0,28.0,0.0,,
2008-03-07,39.0,-11.0,119.0,,
2008-03-08,61.0,-67.0,18.0,,
2008-03-09,167.0,-22.0,0.0,,
2008-03-10,167.0,67.0,3.0,,
2008-03-11,183.0,61.0,46.0,,
2008-03-12,244.0,67.0,0.0,,
2008-03-13,233.0,117.0,0.0,,
2008-03-14,261.0,156.0,41.0,,
2008-03-15,217.0,111.0,3.0,,
2008-03-16,178.0,61.0,0.0,,
2008-03-17,267.0,94.0,0.0,,
2008-03-18,289.0,183.0,28.0,,
2008-03-19,183.0,33.0,102.0,,
2008-03-20,194.0,17.0,0.0,,
2008-03-21,239.0,83.0,0.0,,
2008-03-22,200.0,78.0,0.0,,
2008-03-23,144.0,50.0,5.0,,
2008-03-24,150.0,-11.0,0.0,,
2008-03-25,222.0,44.0,0.0,,
2008-03-26,244.0,133.0,0.0,,
2008-03-27,272.0,161.0,0.0,,
2008-03-28,211.0,94.0,0.0,,
2008-03-29,200.0,89.0,0.0,,
2008-03-30,228.0,122.0,66.0,,
2008-03-31,261.0,161.0,86.0,,
2008-04-01,189.0,133.0,135.0,,
2008-04-02,133.0,89.0,5.0,,
2008-04-03,261.0,100.0,0.0,,
2008-04-04,228.0,100.0,401.0,,
2008-04-05,172.0,72.0,0.0,,
2008-04-06,228.0,61.0,0.0,,
2008-04-07,267.0,100.0,0.0,,
2008-04-08,272.0,128.0,0.0,,
2008-04-09,267.0,167.0,0.0,,
2008-04-10,294.0,178.0,8.0,,
2008-04-11,244.0,133.0,38.0,,
2008-04-12,200.0,72.0,0.0,,
2008-04-13,161.0,33.0,0.0,,
2008-04-14,144.0,22.0,0.0,,
2008-04-15,178.0,0.0,0.0,,
2008-04-16,228.0,61.0,0.0,,
2008-04-17,250.0,106.0,0.0,,
2008-04-18,178.0,78.0,89.0,,
2008-04-19,267.0,72.0,0.0,,
2008-04-20,278.0,100.0,0.0,,
2008-04-21,278.0,133.0,0.0,,
2008-04-22,300.0,144.0,295.0,,
2008-04-23,300.0,139.0,0.0,,
2008-04-24,289.0,194.0,13.0,,
2008-04-25,278.0,167.0,460.0,,
2008-04-26,189.0,122.0,160.0,,
2008-04-27,167.0,111.0,132.0,,
2008-04-28,217.0,78.0,0.0,,
2008-04-29,211.0,72.0,0.0,,
2008-04-30,272.0,117.0,0.0,,
2008-05-01,278.0,156.0,0.0,,
2008-05-02,283.0,161.0,140.0,,
2008-05-03,211.0,100.0,0.0,,
2008-05-04,239.0,72.0,0.0,,
2008-05-05,256.0,100.0,0.0,,
2008-05-06,244.0,117.0,0.0,,
2008-05-07,278.0,172.0,97.0,,
2008-05-08,239.0,167.0,0.0,,
2008-05-09,311.0,139.0,0.0,,
2008-05-10,300.0,183.0,0.0,,
2008-05-11,239.0,122.0,0.0,,
2008-05-12,250.0,67.0,0.0,,
2008-05-13,228.0,144.0,231.0,,
2008-05-14,217.0,172.0,257.0,,
2008-05-15,272.0,150.0,262.0,,
2008-05-16,211.0,111.0,0.0,,
2008-05-17,256.0,94.0,0.0,,
2008-05-18,294.0,167.0,10.0,,
2008-05-19,317.0,139.0,0.0,,
2008-05-20,322.0,183.0,0.0,,
2008-05-21,283.0,156.0,0.0,,
2008-05-22,306.0,183.0,30.0,,
2008-05-23,283.0,183.0,0.0,,
2008-05-24,306.0,217.0,0.0,,
2008-05-25,333.0,194.0,0.0,,
2008-05-26,328.0,233.0,0.0,,
2008-05-27,317.0,222.0,0.0,,
2008-05-28,289.0,211.0,0.0,,
2008-05-29,283.0,200.0,0.0,,
2008-05-30,322.0,194.0,0.0,,
2008-05-31,322.0,222.0,0.0,,
2008-06-01,317.0,194.0,0.0,,
2008-06-02,333.0,194.0,0.0,,
2008-06-03,333.0,228.0,0.0,,
2008-06-04,339.0,233.0,0.0,,
2008-06-05,333.0,244.0,0.0,,
2008-06-06,339.0,250.0,0.0,,
2008-06-07,339.0,239.0,0.0,,
2008-06-08,339.0,228.0,0.0,,
2008-06-09,322.0,200.0,53.0,,
2008-06-10,278.0,206.0,3.0,,
2008-06-11,328.0,206.0,0.0,,
2008-06-12,328.0,228.0,0.0,,
2008-06-13,333.0,228.0,0.0,,
2008-06-14,300.0,211.0,0.0,,
2008-06-15,328.0,194.0,0.0,,
2008-06-16,328.0,211.0,0.0,,
2008-06-17,317.0,194.0,0.0,,
2008-06-18,300.0,172.0,0.0,,
2008-06-19,306.0,167.0,0.0,,
2008-06-20,294.0,183.0,0.0,,
2008-06-21,322.0,194.0,0.0,,
2008-06-22,333.0,183.0,0.0,,
2008-06-23,328.0,194.0,0.0,,
2008-06-24,350.0,200.0,0.0,,
2008-06-25,333.0,200.0,1069.0,,
2008-06-26,317.0,194.0,0.0,,
2008-06-27,333.0,200.0,0.0,,
2008-06-28,311.0,222.0,0.0,,
2008-06-29,272.0,217.0,3.0,,
2008-06-30,311.0,189.0,0.0,,
2008-07-01,311.0,172.0,0.0,,
2008-07-02,328.0,178.0,0.0,,
2008-07-03,339.0,189.0,0.0,,
2008-07-04,333.0,217.0,104.0,,
2008-07-05,328.0,217.0,0.0,,
2008-07-06,339.0,233.0,0.0,,
2008-07-07,344.0,222.0,0.0,,
2008-07-08,378.0,222.0,0.0,,
2008-07-09,344.0,233.0,0.0,,
2008-07-10,339.0,228.0,5.0,,
2008-07-11,344.0,228.0,0.0,,
2008-07-12,350.0,250.0,0.0,,
2008-07-13,317.0,239.0,0.0,,
2008-07-14,317.0,178.0,0.0,,
2008-07-15,322.0,172.0,0.0,,
2008-07-16,339.0,172.0,0.0,,
2008-07-17,350.0,194.0,0.0,,
2008-07-18,344.0,206.0,0.0,,
2008-07-19,356.0,217.0,0.0,,
2008-07-20,367.0,244.0,0.0,,
2008-07-21,378.0,244.0,0.0,,
2008-07-22,367.0,239.0,0.0,,
2008-07-23,356.0,211.0,0.0,,
2008-07-24,344.0,228.0,0.0,,
2008-07-25,339.0,239.0,0.0,,
2008-07-26,372.0,256.0,0.0,,
2008-07-27,372.0,250.0,0.0,,
2008-07-28,389.0,228.0,0.0,,
2008-07-29,383.0,250.0,0.0,,
2008-07-30,372.0,261.0,0.0,,
2008-07-31,367.0,250.0,0.0,,
2008-08-01,378.0,250.0,0.0,,
2008-08-02,400.0,239.0,0.0,,
2008-08-03,378.0,228.0,0.0,,
2008-08-04,367.0,222.0,0.0,,
2008-08-05,356.0,228.0,0.0,,
2008-08-06,361.0,228.0,0.0,,
2008-08-07,344.0,228.0,0.0,,
2008-08-08,328.0,200.0,0.0,,
2008-08-09,350.0,183.0,0.0,,
2008-08-10,250.0,200.0,696.0,,
2008-08-11,233.0,206.0,371.0,,
2008-08-12,267.0,217.0,378.0,,
2008-08-13,317.0,194.0,0.0,,
2008-08-14,322.0,194.0,0.0,,
2008-08-15,278.0,200.0,191.0,,
2008-08-16,244.0,194.0,170.0,,
2008-08-17,306.0,206.0,0.0,,
2008-08-18,317.0,194.0,0.0,,
2008-08-19,228.0,200.0,127.0,,
2008-08-20,261.0,222.0,43.0,,
2008-08-21,300.0,211.0,5.0,,
2008-08-22,317.0,222.0,5.0,,
2008-08-23,317.0,222.0,3.0,,
2008-08-24,294.0,228.0,25.0,,
2008-08-25,300.0,217.0,5.0,,
2008-08-26,311.0,200.0,0.0,,
2008-08-27,328.0,217.0,0.0,,
2008-08-28,339.0,211.0,0.0,,
2008-08-29,333.0,222.0,0.0,,
2008-08-30,328.0,217.0,0.0,,
2008-08-31,328.0,211.0,0.0,,
2008-09-01,294.0,233.0,5.0,,
2008-09-02,250.0,239.0,932.0,,
2008-09-03,244.0,222.0,859.0,,
2008-09-04,228.0,200.0,13.0,,
2008-09-05,228.0,167.0,0.0,,
2008-09-06,267.0,156.0,0.0,,
2008-09-07,300.0,161.0,0.0,,
2008-09-08,306.0,189.0,46.0,,
2008-09-09,261.0,211.0,15.0,,
2008-09-10,272.0,206.0,0.0,,
2008-09-11,333.0,217.0,0.0,,
2008-09-12,317.0,228.0,8.0,,
2008-09-13,300.0,244.0,127.0,,
2008-09-14,267.0,194.0,13.0,,
2008-09-15,217.0,133.0,0.0,,
2008-09-16,228.0,122.0,0.0,,
2008-09-17,261.0,133.0,0.0,,
2008-09-18,289.0,156.0,0.0,,
2008-09-19,283.0,183.0,0.0,,
2008-09-20,283.0,189.0,0.0,,
2008-09-21,289.0,178.0,0.0,,
2008-09-22,294.0,172.0,0.0,,
2008-09-23,300.0,156.0,0.0,,
2008-09-24,294.0,167.0,0.0,,
2008-09-25,306.0,156.0,0.0,,
2008-09-26,294.0,128.0,0.0,,
2008-09-27,289.0,122.0,0.0,,
2008-09-28,294.0,117.0,0.0,,
2008-09-29,300.0,133.0,0.0,,
2008-09-30,267.0,133.0,0.0,,
2008-10-01,250.0,106.0,0.0,,
2008-10-02,244.0,100.0,0.0,,
2008-10-03,244.0,78.0,0.0,,
2008-10-04,250.0,106.0,0.0,,
2008-10-05,289.0,139.0,0.0,,
2008-10-06,289.0,161.0,0.0,,
2008-10-07,283.0,150.0,0.0,,
2008-10-08,233.0,133.0,0.0,,
2008-10-09,256.0,94.0,0.0,,
2008-10-10,272.0,106.0,0.0,,
2008-10-11,294.0,144.0,0.0,,
2008-10-12,250.0,167.0,0.0,,
2008-10-13,283.0,172.0,0.0,,
2008-10-14,294.0,183.0,0.0,,
2008-10-15,289.0,189.0,0.0,,
2008-10-16,222.0,139.0,226.0,,
2008-10-17,211.0,89.0,3.0,,
2008-10-18,217.0,83.0,0.0,,
2008-10-19,211.0,67.0,3.0,,
2008-10-20,233.0,61.0,0.0,,
2008-10-21,244.0,94.0,3.0,,
2008-10-22,244.0,106.0,0.0,,
2008-10-23,183.0,61.0,25.0,,
2008-10-24,200.0,39.0,0.0,,
2008-10-25,200.0,50.0,0.0,,
2008-10-26,267.0,67.0,0.0,,
2008-10-27,144.0,11.0,0.0,,
2008-10-28,139.0,-6.0,0.0,,
2008-10-29,194.0,0.0,0.0,,
2008-10-30,222.0,28.0,0.0,,
2008-10-31,228.0,50.0,0.0,,
2008-11-01,244.0,83.0,0.0,,
2008-11-02,239.0,78.0,0.0,,
2008-11-03,239.0,56.0,0.0,,
2008-11-04,239.0,72.0,0.0,,
2008-11-05,250.0,106.0,0.0,,
2008-11-06,239.0,150.0,0.0,,
2008-11-07,194.0,67.0,0.0,,
2008-11-08,183.0,44.0,0.0,,
2008-11-09,150.0,-6.0,0.0,,
2008-11-10,139.0,6.0,0.0,,
2008-11-11,122.0,94.0,168.0,,
2008-11-12,183.0,111.0,414.0,,
2008-11-13,150.0,83.0,0.0,,
2008-11-14,194.0,111.0,3.0,,
2008-11-15,122.0,17.0,3.0,,
2008-11-16,133.0,-17.0,0.0,,
2008-11-17,189.0,56.0,0.0,,
2008-11-18,94.0,-6.0,0.0,,
2008-11-19,167.0,0.0,0.0,,
2008-11-20,150.0,28.0,0.0,,
2008-11-21,67.0,-44.0,0.0,,
2008-11-22,78.0,-50.0,0.0,,
2008-11-23,167.0,61.0,3.0,,
2008-11-24,194.0,22.0,71.0,,
2008-11-25,172.0,6.0,0.0,,
2008-11-26,150.0,56.0,0.0,,
2008-11-27,200.0,61.0,0.0,,
2008-11-28,150.0,78.0,64.0,,
2008-11-29,117.0,78.0,3.0,,
2008-11-30,89.0,22.0,30.0,,
2008-12-01,78.0,0.0,0.0,,
2008-12-02,122.0,-17.0,0.0,,
2008-12-03,206.0,61.0,287.0,,
2008-12-04,89.0,-17.0,3.0,,
2008-12-05,50.0,-39.0,0.0,,
2008-12-06,117.0,-44.0,0.0,,
2008-12-07,111.0,0.0,0.0,,
2008-12-08,161.0,11.0,0.0,,
2008-12-09,172.0,89.0,785.0,,
2008-12-10,89.0,17.0,0.0,,
2008-12-11,100.0,-6.0,0.0,,
2008-12-12,117.0,-28.0,0.0,,
2008-12-13,122.0,17.0,0.0,,
2008-12-14,200.0,106.0,0.0,,
2008-12-15,172.0,-11.0,3.0,,
2008-12-16,17.0,-17.0,13.0,,
2008-12-17,56.0,17.0,5.0,,
2008-12-18,183.0,50.0,5.0,,
2008-12-19,217.0,161.0,23.0,,
2008-12-20,228.0,50.0,53.0,,
2008-12-21,50.0,-33.0,0.0,,
2008-12-22,-11.0,-72.0,0.0,,
2008-12-23,150.0,-11.0,114.0,,
2008-12-24,206.0,61.0,145.0,,
2008-12-25,133.0,33.0,3.0,,
2008-12-26,233.0,111.0,3.0,,
2008-12-27,244.0,83.0,206.0,,
2008-12-28,106.0,-6.0,0.0,,
2008-12-29,161.0,-28.0,0.0,,
2008-12-30,172.0,28.0,0.0,,
2008-12-31,94.0,-22.0,0.0,,
2009-01-01,128.0,-44.0,0.0,,
2009-01-02,183.0,106.0,0.0,,
2009-01-03,233.0,156.0,0.0,,
2009-01-04,222.0,56.0,3.0,,
2009-01-05,56.0,6.0,109.0,,
2009-01-06,78.0,22.0,157.0,,
2009-01-07,139.0,17.0,3.0,,
2009-01-08,139.0,33.0,0.0,,
2009-01-09,211.0,6.0,0.0,,
2009-01-10,211.0,22.0,23.0,,
2009-01-11,106.0,-11.0,0.0,,
2009-01-12,144.0,-17.0,0.0,,
2009-01-13,83.0,-28.0,0.0,,
2009-01-14,144.0,-28.0,0.0,,
2009-01-15,39.0,-50.0,0.0,,
2009-01-16,11.0,-67.0,0.0,,
2009-01-17,128.0,0.0,0.0,,
2009-01-18,167.0,50.0,0.0,,
2009-01-19,89.0,-22.0,0.0,,
2009-01-20,61.0,-44.0,0.0,,
2009-01-21,111.0,-50.0,0.0,,
2009-01-22,189.0,11.0,0.0,,
2009-01-23,194.0,117.0,69.0,,
2009-01-24,117.0,-6.0,104.0,,
2009-01-25,17.0,-11.0,0.0,,
2009-01-26,39.0,-6.0,3.0,,
2009-01-27,44.0,11.0,36.0,,
2009-01-28,28.0,-39.0,64.0,,
2009-01-29,94.0,-56.0,0.0,,
2009-01-30,144.0,-33.0,0.0,,
2009-01-31,183.0,-17.0,0.0,,
2009-02-01,189.0,67.0,8.0,,
2009-02-02,117.0,-11.0,23.0,,
2009-02-03,111.0,-28.0,0.0,,
2009-02-04,56.0,-78.0,0.0,,
2009-02-05,133.0,-56.0,0.0,,
2009-02-06,217.0,56.0,0.0,,
2009-02-07,228.0,94.0,0.0,,
2009-02-08,233.0,94.0,0.0,,
2009-02-09,228.0,106.0,0.0,,
2009-02-10,228.0,161.0,86.0,,
2009-02-11,206.0,100.0,38.0,,
2009-02-12,189.0,28.0,0.0,,
2009-02-13,167.0,67.0,0.0,,
2009-02-14,133.0,56.0,0.0,,
2009-02-15,122.0,17.0,0.0,,
2009-02-16,111.0,-11.0,0.0,,
2009-02-17,167.0,17.0,33.0,,
2009-02-18,267.0,122.0,0.0,,
2009-02-19,122.0,-6.0,0.0,,
2009-02-20,156.0,-33.0,0.0,,
2009-02-21,122.0,-6.0,28.0,,
2009-02-22,111.0,-39.0,0.0,,
2009-02-23,117.0,-28.0,0.0,,
2009-02-24,183.0,11.0,0.0,,
2009-02-25,222.0,117.0,0.0,,
2009-02-26,222.0,161.0,0.0,,
2009-02-27,200.0,61.0,43.0,,
2009-02-28,61.0,-6.0,15.0,,
2009-03-01,106.0,-28.0,0.0,,
2009-03-02,78.0,-39.0,0.0,,
2009-03-03,94.0,-22.0,0.0,,
2009-03-04,194.0,-6.0,0.0,,
2009-03-05,244.0,117.0,0.0,,
2009-03-06,261.0,161.0,0.0,,
2009-03-07,261.0,150.0,0.0,,
2009-03-08,283.0,194.0,0.0,,
2009-03-09,278.0,161.0,0.0,,
2009-03-10,283.0,167.0,0.0,,
2009-03-11,217.0,28.0,114.0,,
2009-03-12,33.0,22.0,216.0,,
2009-03-13,56.0,22.0,206.0,,
2009-03-14,83.0,56.0,43.0,,
2009-03-15,111.0,78.0,0.0,,
2009-03-16,139.0,94.0,0.0,,
2009-03-17,217.0,94.0,0.0,,
2009-03-18,256.0,44.0,3.0,,
2009-03-19,228.0,67.0,3.0,,
2009-03-20,194.0,50.0,0.0,,
2009-03-21,228.0,61.0,0.0,,
2009-03-22,256.0,100.0,0.0,,
2009-03-23,244.0,144.0,0.0,,
2009-03-24,239.0,117.0,234.0,,
2009-03-25,217.0,100.0,305.0,,
2009-03-26,200.0,83.0,0.0,,
2009-03-27,233.0,133.0,163.0,,
2009-03-28,178.0,44.0,25.0,,
2009-03-29,183.0,28.0,0.0,,
2009-03-30,217.0,56.0,0.0,,
2009-03-31,206.0,61.0,99.0,,
2009-04-01,228.0,22.0,0.0,,
2009-04-02,217.0,106.0,516.0,,
2009-04-03,194.0,78.0,0.0,,
2009-04-04,250.0,72.0,0.0,,
2009-04-05,261.0,83.0,0.0,,
2009-04-06,133.0,44.0,0.0,,
2009-04-07,156.0,0.0,0.0,,
2009-04-08,261.0,78.0,0.0,,
2009-04-09,228.0,128.0,124.0,,
2009-04-10,206.0,83.0,0.0,,
2009-04-11,200.0,67.0,0.0,,
2009-04-12,139.0,94.0,338.0,,
2009-04-13,178.0,72.0,33.0,,
2009-04-14,200.0,83.0,0.0,,
2009-04-15,200.0,56.0,0.0,,
2009-04-16,217.0,83.0,0.0,,
2009-04-17,256.0,100.0,15.0,,
2009-04-18,200.0,156.0,64.0,,
2009-04-19,239.0,139.0,43.0,,
2009-04-20,233.0,106.0,0.0,,
2009-04-21,233.0,100.0,0.0,,
2009-04-22,322.0,89.0,0.0,,
2009-04-23,311.0,139.0,0.0,,
2009-04-24,294.0,167.0,0.0,,
2009-04-25,283.0,183.0,0.0,,
2009-04-26,283.0,161.0,0.0,,
2009-04-27,283.0,189.0,13.0,,
2009-04-28,256.0,189.0,41.0,,
2009-04-29,283.0,178.0,10.0,,
2009-04-30,272.0,189.0,3.0,,
2009-05-01,294.0,206.0,0.0,,
2009-05-02,261.0,172.0,556.0,,
2009-05-03,233.0,167.0,516.0,,
2009-05-04,200.0,150.0,18.0,,
2009-05-05,233.0,144.0,3.0,,
2009-05-06,228.0,200.0,0.0,,
2009-05-07,278.0,178.0,18.0,,
2009-05-08,306.0,217.0,0.0,,
2009-05-09,256.0,189.0,198.0,,
2009-05-10,211.0,161.0,480.0,,
2009-05-11,167.0,133.0,264.0,,
2009-05-12,217.0,128.0,267.0,,
2009-05-13,300.0,172.0,0.0,,
2009-05-14,278.0,200.0,0.0,,
2009-05-15,311.0,178.0,0.0,,
2009-05-16,272.0,189.0,0.0,,
2009-05-17,211.0,111.0,51.0,,
2009-05-18,228.0,89.0,0.0,,
2009-05-19,256.0,83.0,0.0,,
2009-05-20,278.0,94.0,0.0,,
2009-05-21,294.0,150.0,0.0,,
2009-05-22,272.0,189.0,109.0,,
2009-05-23,244.0,200.0,160.0,,
2009-05-24,217.0,183.0,180.0,,
2009-05-25,289.0,183.0,79.0,,
2009-05-26,306.0,200.0,0.0,,
2009-05-27,300.0,200.0,0.0,,
2009-05-28,228.0,150.0,0.0,,
2009-05-29,278.0,156.0,0.0,,
2009-05-30,311.0,150.0,0.0,,
2009-05-31,322.0,172.0,0.0,,
2009-06-01,328.0,183.0,0.0,,
2009-06-02,317.0,200.0,0.0,,
2009-06-03,317.0,200.0,264.0,,
2009-06-04,211.0,172.0,20.0,,
2009-06-05,267.0,139.0,0.0,,
2009-06-06,283.0,128.0,0.0,,
2009-06-07,306.0,167.0,0.0,,
2009-06-08,311.0,211.0,0.0,,
2009-06-09,322.0,206.0,0.0,,
2009-06-10,311.0,239.0,0.0,,
2009-06-11,300.0,200.0,25.0,,
2009-06-12,328.0,217.0,0.0,,
2009-06-13,339.0,211.0,0.0,,
2009-06-14,322.0,244.0,0.0,,
2009-06-15,328.0,233.0,0.0,,
2009-06-16,339.0,239.0,0.0,,
2009-06-17,344.0,239.0,0.0,,
2009-06-18,344.0,239.0,0.0,,
2009-06-19,350.0,239.0,0.0,,
2009-06-20,350.0,244.0,0.0,,
2009-06-21,356.0,244.0,0.0,,
2009-06-22,367.0,244.0,0.0,,
2009-06-23,367.0,233.0,0.0,,
2009-06-24,350.0,222.0,0.0,,
2009-06-25,344.0,222.0,0.0,,
2009-06-26,361.0,217.0,0.0,,
2009-06-27,372.0,228.0,0.0,,
2009-06-28,356.0,250.0,0.0,,
2009-06-29,328.0,200.0,0.0,,
2009-06-30,361.0,206.0,10.0,,
2009-07-01,339.0,200.0,0.0,,
2009-07-02,339.0,222.0,0.0,,
2009-07-03,339.0,211.0,0.0,,
2009-07-04,356.0,233.0,0.0,,
2009-07-05,294.0,233.0,0.0,,
2009-07-06,300.0,200.0,0.0,,
2009-07-07,317.0,183.0,0.0,,
2009-07-08,333.0,189.0,0.0,,
2009-07-09,344.0,206.0,0.0,,
2009-07-10,356.0,200.0,0.0,,
2009-07-11,361.0,228.0,0.0,,
2009-07-12,367.0,239.0,0.0,,
2009-07-13,339.0,250.0,0.0,,
2009-07-14,267.0,222.0,0.0,,
2009-07-15,356.0,228.0,0.0,,
2009-07-16,333.0,211.0,130.0,,
2009-07-17,306.0,206.0,0.0,,
2009-07-18,294.0,172.0,0.0,,
2009-07-19,283.0,161.0,0.0,,
2009-07-20,283.0,194.0,168.0,,
2009-07-21,256.0,217.0,333.0,,
2009-07-22,283.0,189.0,0.0,,
2009-07-23,306.0,183.0,0.0,,
2009-07-24,322.0,178.0,0.0,,
2009-07-25,339.0,211.0,0.0,,
2009-07-26,278.0,217.0,36.0,,
2009-07-27,306.0,206.0,13.0,,
2009-07-28,261.0,222.0,254.0,,
2009-07-29,289.0,228.0,183.0,,
2009-07-30,300.0,228.0,137.0,,
2009-07-31,306.0,217.0,0.0,,
2009-08-01,283.0,222.0,224.0,,
2009-08-02,311.0,228.0,0.0,,
2009-08-03,344.0,239.0,0.0,,
2009-08-04,344.0,244.0,0.0,,
2009-08-05,283.0,200.0,66.0,,
2009-08-06,322.0,239.0,0.0,,
2009-08-07,333.0,228.0,0.0,,
2009-08-08,339.0,228.0,0.0,,
2009-08-09,333.0,233.0,0.0,,
2009-08-10,339.0,233.0,0.0,,
2009-08-11,306.0,233.0,0.0,,
2009-08-12,322.0,222.0,0.0,,
2009-08-13,317.0,194.0,0.0,,
2009-08-14,333.0,183.0,0.0,,
2009-08-15,339.0,200.0,0.0,,
2009-08-16,339.0,233.0,0.0,,
2009-08-17,339.0,222.0,0.0,,
2009-08-18,339.0,228.0,0.0,,
2009-08-19,322.0,233.0,0.0,,
2009-08-20,294.0,222.0,25.0,,
2009-08-21,306.0,200.0,33.0,,
2009-08-22,283.0,161.0,0.0,,
2009-08-23,283.0,150.0,0.0,,
2009-08-24,289.0,139.0,0.0,,
2009-08-25,306.0,150.0,0.0,,
2009-08-26,317.0,178.0,0.0,,
2009-08-27,333.0,178.0,0.0,,
2009-08-28,328.0,189.0,0.0,,
2009-08-29,306.0,211.0,0.0,,
2009-08-30,283.0,200.0,0.0,,
2009-08-31,278.0,161.0,0.0,,
2009-09-01,267.0,133.0,0.0,,
2009-09-02,278.0,117.0,0.0,,
2009-09-03,294.0,167.0,0.0,,
2009-09-04,317.0,178.0,0.0,,
2009-09-05,322.0,194.0,0.0,,
2009-09-06,317.0,189.0,0.0,,
2009-09-07,333.0,194.0,0.0,,
2009-09-08,344.0,189.0,0.0,,
2009-09-09,333.0,194.0,0.0,,
2009-09-10,311.0,211.0,0.0,,
2009-09-11,289.0,206.0,0.0,,
2009-09-12,278.0,222.0,10.0,,
2009-09-13,244.0,217.0,488.0,,
2009-09-14,272.0,222.0,490.0,,
2009-09-15,250.0,222.0,401.0,,
2009-09-16,272.0,222.0,5.0,,
2009-09-17,261.0,211.0,259.0,,
2009-09-18,272.0,222.0,0.0,,
2009-09-19,278.0,211.0,0.0,,
2009-09-20,289.0,211.0,0.0,,
2009-09-21,322.0,194.0,0.0,,
2009-09-22,272.0,183.0,284.0,,
2009-09-23,256.0,211.0,114.0,,
2009-09-24,239.0,194.0,152.0,,
2009-09-25,261.0,194.0,0.0,,
2009-09-26,289.0,183.0,3.0,,
2009-09-27,317.0,161.0,0.0,,
2009-09-28,256.0,139.0,0.0,,
2009-09-29,244.0,100.0,0.0,,
2009-09-30,256.0,100.0,0.0,,
2009-10-01,267.0,150.0,254.0,,
2009-10-02,239.0,111.0,3.0,,
2009-10-03,261.0,83.0,0.0,,
2009-10-04,178.0,128.0,401.0,,
2009-10-05,167.0,128.0,0.0,,
2009-10-06,267.0,156.0,0.0,,
2009-10-07,206.0,133.0,64.0,,
2009-10-08,311.0,167.0,0.0,,
2009-10-09,283.0,122.0,178.0,,
2009-10-10,128.0,111.0,0.0,,
2009-10-11,150.0,117.0,33.0,,
2009-10-12,200.0,139.0,445.0,,
2009-10-13,194.0,183.0,1067.0,,
2009-10-14,211.0,150.0,0.0,,
2009-10-15,217.0,133.0,33.0,,
2009-10-16,167.0,100.0,0.0,,
2009-10-17,150.0,50.0,0.0,,
2009-10-18,161.0,28.0,0.0,,
2009-10-19,200.0,56.0,0.0,,
2009-10-20,228.0,78.0,3.0,,
2009-10-21,206.0,94.0,0.0,,
2009-10-22,217.0,161.0,622.0,,
2009-10-23,156.0,94.0,0.0,,
2009-10-24,183.0,67.0,0.0,,
2009-10-25,217.0,72.0,0.0,,
2009-10-26,200.0,94.0,13.0,,
2009-10-27,144.0,94.0,229.0,,
2009-10-28,211.0,67.0,0.0,,
2009-10-29,256.0,139.0,518.0,,
2009-10-30,211.0,100.0,1181.0,,
2009-10-31,194.0,78.0,3.0,,
2009-11-01,200.0,61.0,0.0,,
2009-11-02,228.0,56.0,0.0,,
2009-11-03,206.0,83.0,3.0,,
2009-11-04,239.0,61.0,0.0,,
2009-11-05,206.0,78.0,0.0,,
2009-11-06,228.0,67.0,0.0,,
2009-11-07,233.0,94.0,0.0,,
2009-11-08,239.0,78.0,0.0,,
2009-11-09,233.0,139.0,0.0,,
2009-11-10,239.0,133.0,0.0,,
2009-11-11,206.0,100.0,0.0,,
2009-11-12,178.0,50.0,0.0,,
2009-11-13,189.0,22.0,0.0,,
2009-11-14,239.0,72.0,0.0,,
2009-11-15,244.0,117.0,0.0,,
2009-11-16,183.0,72.0,145.0,,
2009-11-17,106.0,56.0,0.0,,
2009-11-18,117.0,56.0,0.0,,
2009-11-19,189.0,28.0,0.0,,
2009-11-20,167.0,67.0,0.0,,
2009-11-21,172.0,94.0,0.0,,
2009-11-22,156.0,111.0,0.0,,
2009-11-23,150.0,83.0,0.0,,
2009-11-24,178.0,50.0,5.0,,
2009-11-25,161.0,28.0,0.0,,
2009-11-26,133.0,11.0,0.0,,
2009-11-27,183.0,-17.0,0.0,,
2009-11-28,200.0,83.0,0.0,,
2009-11-29,189.0,100.0,376.0,,
2009-11-30,133.0,6.0,30.0,,
2009-12-01,89.0,6.0,0.0,,
2009-12-02,83.0,33.0,145.0,,
2009-12-03,78.0,-11.0,0.0,,
2009-12-04,33.0,-44.0,0.0,,
2009-12-05,72.0,-61.0,0.0,,
2009-12-06,78.0,-39.0,5.0,,
2009-12-07,150.0,56.0,41.0,,
2009-12-08,172.0,106.0,411.0,,
2009-12-09,67.0,-11.0,0.0,,
2009-12-10,39.0,-44.0,0.0,,
2009-12-11,61.0,-22.0,0.0,,
2009-12-12,78.0,11.0,163.0,,
2009-12-13,122.0,78.0,3.0,,
2009-12-14,161.0,67.0,3.0,,
2009-12-15,94.0,17.0,0.0,,
2009-12-16,89.0,-11.0,0.0,,
2009-12-17,67.0,0.0,3.0,,
2009-12-18,144.0,11.0,0.0,,
2009-12-19,111.0,-6.0,0.0,,
2009-12-20,100.0,-44.0,0.0,,
2009-12-21,172.0,33.0,0.0,,
2009-12-22,172.0,28.0,48.0,,
2009-12-23,150.0,117.0,348.0,,
2009-12-24,161.0,22.0,841.0,,
2009-12-25,61.0,-6.0,0.0,,
2009-12-26,106.0,0.0,0.0,,
2009-12-27,78.0,-11.0,0.0,,
2009-12-28,89.0,-39.0,0.0,,
2009-12-29,89.0,-17.0,0.0,,
2009-12-30,72.0,44.0,33.0,,
2009-12-31,106.0,22.0,48.0,,
2010-01-01,78.0,-28.0,0.0,,
2010-01-02,22.0,-39.0,0.0,,
2010-01-03,17.0,-33.0,0.0,,
2010-01-04,-11.0,-78.0,3.0,,
2010-01-05,17.0,-89.0,0.0,,
2010-01-06,50.0,-72.0,5.0,,
2010-01-07,11.0,-61.0,43.0,,
2010-01-08,-17.0,-100.0,0.0,,
2010-01-09,-17.0,-94.0,0.0,,
2010-01-10,28.0,-111.0,0.0,,
2010-01-11,117.0,-39.0,0.0,,
2010-01-12,50.0,-61.0,0.0,,
2010-01-13,106.0,-78.0,0.0,,
2010-01-14,144.0,-11.0,0.0,,
2010-01-15,150.0,-17.0,0.0,,
2010-01-16,94.0,61.0,170.0,,
2010-01-17,144.0,61.0,150.0,,
2010-01-18,178.0,28.0,0.0,,
2010-01-19,172.0,117.0,0.0,,
2010-01-20,178.0,150.0,302.0,,
2010-01-21,194.0,100.0,51.0,,
2010-01-22,144.0,56.0,0.0,,
2010-01-23,167.0,61.0,188.0,,
2010-01-24,172.0,50.0,0.0,,
2010-01-25,128.0,22.0,0.0,,
2010-01-26,133.0,0.0,0.0,,
2010-01-27,178.0,-11.0,0.0,,
2010-01-28,128.0,33.0,0.0,,
2010-01-29,33.0,-22.0,419.0,,
2010-01-30,-11.0,-44.0,0.0,,
2010-01-31,61.0,-44.0,0.0,,
2010-02-01,56.0,-33.0,0.0,,
2010-02-02,128.0,-6.0,0.0,,
2010-02-03,89.0,-22.0,0.0,,
2010-02-04,67.0,39.0,236.0,,
2010-02-05,83.0,44.0,56.0,,
2010-02-06,67.0,44.0,0.0,,
2010-02-07,44.0,-6.0,0.0,,
2010-02-08,44.0,6.0,389.0,,
2010-02-09,56.0,-17.0,3.0,,
2010-02-10,33.0,-33.0,0.0,,
2010-02-11,33.0,-17.0,20.0,,
2010-02-12,72.0,-11.0,0.0,,
2010-02-13,83.0,-22.0,0.0,,
2010-02-14,144.0,-6.0,51.0,,
2010-02-15,33.0,-44.0,0.0,,
2010-02-16,89.0,-67.0,0.0,,
2010-02-17,111.0,-44.0,0.0,,
2010-02-18,139.0,-50.0,0.0,,
2010-02-19,167.0,-22.0,0.0,,
2010-02-20,183.0,56.0,0.0,,
2010-02-21,150.0,44.0,69.0,,
2010-02-22,106.0,39.0,0.0,,
2010-02-23,67.0,6.0,0.0,,
2010-02-24,72.0,-33.0,0.0,,
2010-02-25,94.0,-56.0,0.0,,
2010-02-26,106.0,22.0,3.0,,
2010-02-27,150.0,28.0,0.0,,
2010-02-28,144.0,6.0,0.0,,
2010-03-01,83.0,39.0,0.0,,
2010-03-02,72.0,11.0,0.0,,
2010-03-03,128.0,-28.0,0.0,,
2010-03-04,156.0,-33.0,0.0,,
2010-03-05,172.0,-11.0,0.0,,
2010-03-06,189.0,17.0,0.0,,
2010-03-07,194.0,72.0,0.0,,
2010-03-08,222.0,72.0,0.0,,
2010-03-09,217.0,106.0,66.0,,
2010-03-10,250.0,150.0,94.0,,
2010-03-11,228.0,111.0,28.0,,
2010-03-12,161.0,83.0,53.0,,
2010-03-13,133.0,56.0,0.0,,
2010-03-14,200.0,50.0,0.0,,
2010-03-15,200.0,78.0,0.0,,
2010-03-16,183.0,39.0,0.0,,
2010-03-17,172.0,61.0,0.0,,
2010-03-18,200.0,39.0,0.0,,
2010-03-19,222.0,33.0,0.0,,
2010-03-20,206.0,50.0,28.0,,
2010-03-21,50.0,17.0,81.0,,
2010-03-22,200.0,44.0,0.0,,
2010-03-23,239.0,50.0,0.0,,
2010-03-24,250.0,89.0,0.0,,
2010-03-25,172.0,111.0,58.0,,
2010-03-26,172.0,67.0,0.0,,
2010-03-27,228.0,56.0,25.0,,
2010-03-28,133.0,89.0,0.0,,
2010-03-29,200.0,56.0,0.0,,
2010-03-30,244.0,89.0,0.0,,
2010-03-31,272.0,106.0,0.0,,
2010-04-01,272.0,128.0,0.0,,
2010-04-02,267.0,150.0,66.0,,
2010-04-03,239.0,122.0,122.0,,
2010-04-04,272.0,144.0,0.0,,
2010-04-05,289.0,178.0,0.0,,
2010-04-06,294.0,172.0,0.0,,
2010-04-07,233.0,150.0,132.0,,
2010-04-08,194.0,67.0,0.0,,
2010-04-09,228.0,44.0,0.0,,
2010-04-10,250.0,72.0,0.0,,
2010-04-11,267.0,89.0,0.0,,
2010-04-12,278.0,94.0,0.0,,
2010-04-13,289.0,106.0,0.0,,
2010-04-14,289.0,111.0,0.0,,
2010-04-15,289.0,139.0,0.0,,
2010-04-16,272.0,128.0,0.0,,
2010-04-17,267.0,139.0,0.0,,
2010-04-18,217.0,150.0,0.0,,
2010-04-19,211.0,117.0,10.0,,
2010-04-20,239.0,83.0,0.0,,
2010-04-21,261.0,89.0,0.0,,
2010-04-22,283.0,128.0,0.0,,
2010-04-23,250.0,161.0,89.0,,
2010-04-24,261.0,178.0,117.0,,
2010-04-25,256.0,144.0,0.0,,
2010-04-26,239.0,111.0,0.0,,
2010-04-27,200.0,78.0,0.0,,
2010-04-28,233.0,67.0,0.0,,
2010-04-29,294.0,106.0,0.0,,
2010-04-30,256.0,189.0,30.0,,
2010-05-01,294.0,222.0,142.0,,
2010-05-02,278.0,161.0,25.0,,
2010-05-03,300.0,128.0,0.0,,
2010-05-04,311.0,144.0,0.0,,
2010-05-05,322.0,144.0,0.0,,
2010-05-06,322.0,200.0,0.0,,
2010-05-07,306.0,178.0,0.0,,
2010-05-08,228.0,100.0,0.0,,
2010-05-09,167.0,106.0,8.0,,
2010-05-10,244.0,122.0,117.0,,
2010-05-11,311.0,211.0,0.0,,
2010-05-12,322.0,217.0,0.0,,
2010-05-13,300.0,217.0,0.0,,
2010-05-14,311.0,206.0,0.0,,
2010-05-15,272.0,200.0,23.0,,
2010-05-16,283.0,167.0,122.0,,
2010-05-17,300.0,150.0,5.0,,
2010-05-18,261.0,156.0,0.0,,
2010-05-19,278.0,139.0,0.0,,
2010-05-20,244.0,178.0,71.0,,
2010-05-21,294.0,183.0,8.0,,
2010-05-22,328.0,194.0,0.0,,
2010-05-23,328.0,217.0,0.0,,
2010-05-24,339.0,200.0,0.0,,
2010-05-25,333.0,189.0,0.0,,
2010-05-26,322.0,200.0,8.0,,
2010-05-27,322.0,183.0,0.0,,
2010-05-28,328.0,183.0,5.0,,
2010-05-29,317.0,194.0,0.0,,
2010-05-30,306.0,183.0,0.0,,
2010-05-31,328.0,194.0,0.0,,
2010-06-01,339.0,233.0,0.0,,
2010-06-02,333.0,211.0,0.0,,
2010-06-03,311.0,217.0,0.0,,
2010-06-04,317.0,222.0,13.0,,
2010-06-05,311.0,222.0,0.0,,
2010-06-06,350.0,244.0,89.0,,
2010-06-07,350.0,200.0,0.0,,
2010-06-08,350.0,222.0,0.0,,
2010-06-09,333.0,217.0,74.0,,
2010-06-10,328.0,217.0,0.0,,
2010-06-11,339.0,244.0,0.0,,
2010-06-12,350.0,250.0,0.0,,
2010-06-13,356.0,261.0,0.0,,
2010-06-14,361.0,261.0,0.0,,
2010-06-15,361.0,244.0,0.0,,
2010-06-16,361.0,222.0,216.0,,
2010-06-17,350.0,233.0,13.0,,
2010-06-18,356.0,228.0,0.0,,
2010-06-19,367.0,239.0,0.0,,
2010-06-20,372.0,250.0,0.0,,
2010-06-21,372.0,239.0,0.0,,
2010-06-22,367.0,233.0,0.0,,
2010-06-23,344.0,239.0,0.0,,
2010-06-24,350.0,244.0,0.0,,
2010-06-25,361.0,239.0,0.0,,
2010-06-26,361.0,244.0,0.0,,
2010-06-27,361.0,261.0,0.0,,
2010-06-28,361.0,239.0,206.0,,
2010-06-29,294.0,228.0,36.0,,
2010-06-30,317.0,233.0,251.0,,
2010-07-01,322.0,222.0,0.0,,
2010-07-02,328.0,222.0,0.0,,
2010-07-03,333.0,217.0,0.0,,
2010-07-04,328.0,228.0,0.0,,
2010-07-05,344.0,211.0,0.0,,
2010-07-06,317.0,228.0,91.0,,
2010-07-07,300.0,233.0,188.0,,
2010-07-08,333.0,228.0,0.0,,
2010-07-09,333.0,239.0,0.0,,
2010-07-10,306.0,244.0,13.0,,
2010-07-11,322.0,239.0,5.0,,
2010-07-12,339.0,256.0,0.0,,
2010-07-13,333.0,250.0,0.0,,
2010-07-14,350.0,256.0,0.0,,
2010-07-15,367.0,233.0,0.0,,
2010-07-16,367.0,244.0,0.0,,
2010-07-17,300.0,239.0,0.0,,
2010-07-18,344.0,239.0,0.0,,
2010-07-19,333.0,233.0,0.0,,
2010-07-20,356.0,244.0,0.0,,
2010-07-21,361.0,256.0,0.0,,
2010-07-22,356.0,261.0,0.0,,
2010-07-23,361.0,233.0,0.0,,
2010-07-24,350.0,267.0,0.0,,
2010-07-25,350.0,250.0,0.0,,
2010-07-26,356.0,228.0,15.0,,
2010-07-27,339.0,228.0,607.0,,
2010-07-28,328.0,233.0,0.0,,
2010-07-29,356.0,239.0,0.0,,
2010-07-30,367.0,250.0,0.0,,
2010-07-31,378.0,244.0,0.0,,
2010-08-01,394.0,267.0,0.0,,
2010-08-02,400.0,256.0,0.0,,
2010-08-03,411.0,261.0,0.0,,
2010-08-04,389.0,272.0,41.0,,
2010-08-05,361.0,222.0,396.0,,
2010-08-06,328.0,228.0,3.0,,
2010-08-07,333.0,244.0,0.0,,
2010-08-08,356.0,250.0,0.0,,
2010-08-09,372.0,261.0,0.0,,
2010-08-10,361.0,250.0,0.0,,
2010-08-11,372.0,244.0,0.0,,
2010-08-12,372.0,256.0,0.0,,
2010-08-13,383.0,261.0,0.0,,
2010-08-14,378.0,267.0,119.0,,
2010-08-15,383.0,256.0,0.0,,
2010-08-16,344.0,244.0,0.0,,
2010-08-17,344.0,228.0,0.0,,
2010-08-18,356.0,250.0,0.0,,
2010-08-19,361.0,244.0,0.0,,
2010-08-20,367.0,250.0,0.0,,
2010-08-21,378.0,261.0,0.0,,
2010-08-22,383.0,244.0,196.0,,
2010-08-23,356.0,239.0,0.0,,
2010-08-24,333.0,200.0,0.0,,
2010-08-25,328.0,200.0,0.0,,
2010-08-26,322.0,200.0,0.0,,
2010-08-27,333.0,178.0,0.0,,
2010-08-28,339.0,200.0,10.0,,
2010-08-29,267.0,211.0,0.0,,
2010-08-30,328.0,239.0,0.0,,
2010-08-31,339.0,233.0,0.0,,
2010-09-01,339.0,222.0,0.0,,
2010-09-02,344.0,217.0,0.0,,
2010-09-03,311.0,150.0,0.0,,
2010-09-04,306.0,133.0,0.0,,
2010-09-05,322.0,111.0,0.0,,
2010-09-06,356.0,156.0,0.0,,
2010-09-07,344.0,228.0,13.0,,
2010-09-08,317.0,228.0,3.0,,
2010-09-09,350.0,217.0,0.0,,
2010-09-10,367.0,250.0,0.0,,
2010-09-11,344.0,239.0,84.0,,
2010-09-12,328.0,178.0,0.0,,
2010-09-13,328.0,150.0,0.0,,
2010-09-14,350.0,139.0,0.0,,
2010-09-15,356.0,178.0,0.0,,
2010-09-16,361.0,228.0,0.0,,
2010-09-17,372.0,217.0,0.0,,
2010-09-18,372.0,194.0,0.0,,
2010-09-19,378.0,167.0,0.0,,
2010-09-20,372.0,161.0,0.0,,
2010-09-21,356.0,200.0,0.0,,
2010-09-22,356.0,217.0,0.0,,
2010-09-23,350.0,211.0,0.0,,
2010-09-24,350.0,233.0,0.0,,
2010-09-25,267.0,189.0,20.0,,
2010-09-26,261.0,150.0,0.0,,
2010-09-27,256.0,122.0,0.0,,
2010-09-28,289.0,106.0,0.0,,
2010-09-29,289.0,128.0,0.0,,
2010-09-30,311.0,117.0,0.0,,
2010-10-01,278.0,156.0,0.0,,
2010-10-02,289.0,83.0,0.0,,
2010-10-03,211.0,94.0,0.0,,
2010-10-04,217.0,44.0,0.0,,
2010-10-05,239.0,33.0,0.0,,
2010-10-06,272.0,50.0,0.0,,
2010-10-07,317.0,94.0,0.0,,
2010-10-08,339.0,139.0,0.0,,
2010-10-09,339.0,139.0,0.0,,
2010-10-10,333.0,144.0,0.0,,
2010-10-11,283.0,183.0,0.0,,
2010-10-12,267.0,156.0,117.0,,
2010-10-13,289.0,144.0,0.0,,
2010-10-14,244.0,89.0,0.0,,
2010-10-15,300.0,89.0,0.0,,
2010-10-16,289.0,72.0,0.0,,
2010-10-17,306.0,72.0,0.0,,
2010-10-18,300.0,128.0,0.0,,
2010-10-19,239.0,139.0,46.0,,
2010-10-20,250.0,133.0,0.0,,
2010-10-21,294.0,128.0,0.0,,
2010-10-22,289.0,106.0,0.0,,
2010-10-23,294.0,161.0,0.0,,
2010-10-24,278.0,161.0,254.0,,
2010-10-25,294.0,156.0,25.0,,
2010-10-26,272.0,156.0,84.0,,
2010-10-27,294.0,122.0,0.0,,
2010-10-28,217.0,111.0,0.0,,
2010-10-29,183.0,33.0,0.0,,
2010-10-30,222.0,17.0,0.0,,
2010-10-31,256.0,94.0,0.0,,
2010-11-01,278.0,106.0,0.0,,
2010-11-02,206.0,122.0,277.0,,
2010-11-03,156.0,117.0,97.0,,
2010-11-04,178.0,61.0,0.0,,
2010-11-05,139.0,11.0,0.0,,
2010-11-06,167.0,-11.0,0.0,,
2010-11-07,200.0,17.0,0.0,,
2010-11-08,228.0,72.0,0.0,,
2010-11-09,250.0,111.0,0.0,,
2010-11-10,261.0,94.0,0.0,,
2010-11-11,256.0,83.0,0.0,,
2010-11-12,256.0,67.0,0.0,,
2010-11-13,178.0,39.0,28.0,,
2010-11-14,150.0,11.0,0.0,,
2010-11-15,144.0,22.0,61.0,,
2010-11-16,106.0,56.0,107.0,,
2010-11-17,178.0,39.0,15.0,,
2010-11-18,122.0,78.0,0.0,,
2010-11-19,128.0,33.0,0.0,,
2010-11-20,161.0,6.0,0.0,,
2010-11-21,222.0,61.0,3.0,,
2010-11-22,228.0,167.0,0.0,,
2010-11-23,228.0,128.0,3.0,,
2010-11-24,261.0,133.0,0.0,,
2010-11-25,239.0,28.0,396.0,,
2010-11-26,89.0,-6.0,20.0,,
2010-11-27,161.0,0.0,0.0,,
2010-11-28,167.0,-6.0,0.0,,
2010-11-29,183.0,106.0,97.0,,
2010-11-30,144.0,-6.0,28.0,,
2010-12-01,133.0,-17.0,0.0,,
2010-12-02,178.0,-11.0,0.0,,
2010-12-03,189.0,39.0,0.0,,
2010-12-04,217.0,50.0,0.0,,
2010-12-05,67.0,-11.0,0.0,,
2010-12-06,83.0,-50.0,0.0,,
2010-12-07,100.0,-50.0,0.0,,
2010-12-08,50.0,-28.0,18.0,,
2010-12-09,89.0,-44.0,0.0,,
2010-12-10,156.0,11.0,0.0,,
2010-12-11,183.0,39.0,81.0,,
2010-12-12,67.0,-11.0,0.0,,
2010-12-13,22.0,-50.0,0.0,,
2010-12-14,50.0,-61.0,0.0,,
2010-12-15,194.0,39.0,0.0,,
2010-12-16,189.0,28.0,0.0,,
2010-12-17,89.0,-6.0,0.0,,
2010-12-18,94.0,-22.0,0.0,,
2010-12-19,111.0,-39.0,0.0,,
2010-12-20,144.0,-6.0,0.0,,
2010-12-21,256.0,122.0,0.0,,
2010-12-22,150.0,22.0,0.0,,
2010-12-23,78.0,-17.0,0.0,,
2010-12-24,117.0,-17.0,0.0,,
2010-12-25,44.0,11.0,48.0,,
2010-12-26,39.0,-61.0,0.0,,
2010-12-27,67.0,-72.0,0.0,,
2010-12-28,67.0,-44.0,5.0,,
2010-12-29,128.0,50.0,23.0,,
2010-12-30,183.0,117.0,3.0,,
2010-12-31,244.0,106.0,208.0,,
2011-01-01,117.0,-22.0,0.0,,
2011-01-02,67.0,-50.0,0.0,,
2011-01-03,111.0,-67.0,0.0,,
2011-01-04,156.0,56.0,0.0,,
2011-01-05,117.0,22.0,56.0,,
2011-01-06,139.0,6.0,0.0,,
2011-01-07,194.0,56.0,0.0,,
2011-01-08,100.0,-6.0,0.0,,
2011-01-09,-6.0,-44.0,109.0,,
2011-01-10,11.0,-28.0,0.0,,
2011-01-11,28.0,-33.0,0.0,,
2011-01-12,0.0,-78.0,0.0,,
2011-01-13,39.0,-83.0,0.0,,
2011-01-14,83.0,-33.0,0.0,,
2011-01-15,106.0,33.0,0.0,,
2011-01-16,78.0,50.0,114.0,,
2011-01-17,111.0,56.0,94.0,,
2011-01-18,122.0,61.0,0.0,,
2011-01-19,61.0,28.0,0.0,,
2011-01-20,61.0,-28.0,51.0,,
2011-01-21,50.0,-61.0,0.0,,
2011-01-22,106.0,-33.0,0.0,,
2011-01-23,117.0,11.0,8.0,,
2011-01-24,106.0,56.0,36.0,,
2011-01-25,67.0,-11.0,211.0,,
2011-01-26,117.0,-39.0,0.0,,
2011-01-27,150.0,6.0,0.0,,
2011-01-28,200.0,44.0,0.0,,
2011-01-29,244.0,106.0,0.0,,
2011-01-30,178.0,133.0,0.0,,
2011-01-31,178.0,122.0,0.0,,
2011-02-01,156.0,-61.0,193.0,,
2011-02-02,6.0,-78.0,0.0,,
2011-02-03,-22.0,-44.0,0.0,,
2011-02-04,6.0,-28.0,58.0,,
2011-02-05,78.0,-39.0,0.0,,
2011-02-06,167.0,11.0,84.0,,
2011-02-07,83.0,-22.0,5.0,,
2011-02-08,67.0,-44.0,0.0,,
2011-02-09,0.0,-56.0,53.0,,
2011-02-10,6.0,-83.0,0.0,,
2011-02-11,83.0,-106.0,0.0,,
2011-02-12,161.0,-11.0,0.0,,
2011-02-13,200.0,56.0,0.0,,
2011-02-14,222.0,83.0,0.0,,
2011-02-15,217.0,78.0,0.0,,
2011-02-16,228.0,133.0,0.0,,
2011-02-17,194.0,133.0,0.0,,
2011-02-18,228.0,156.0,0.0,,
2011-02-19,256.0,139.0,0.0,,
2011-02-20,256.0,144.0,0.0,,
2011-02-21,228.0,139.0,0.0,,
2011-02-22,156.0,50.0,0.0,,
2011-02-23,194.0,61.0,8.0,,
2011-02-24,267.0,139.0,180.0,,
2011-02-25,150.0,22.0,0.0,,
2011-02-26,239.0,6.0,0.0,,
2011-02-27,278.0,183.0,0.0,,
2011-02-28,233.0,72.0,20.0,,
2011-03-01,172.0,11.0,0.0,,
2011-03-02,194.0,6.0,0.0,,
2011-03-03,233.0,56.0,0.0,,
2011-03-04,194.0,156.0,25.0,,
2011-03-05,178.0,56.0,236.0,,
2011-03-06,89.0,6.0,0.0,,
2011-03-07,111.0,11.0,0.0,,
2011-03-08,172.0,89.0,23.0,,
2011-03-09,172.0,67.0,3.0,,
2011-03-10,161.0,17.0,0.0,,
2011-03-11,217.0,0.0,0.0,,
2011-03-12,244.0,89.0,0.0,,
2011-03-13,222.0,139.0,0.0,,
2011-03-14,178.0,72.0,102.0,,
2011-03-15,128.0,56.0,0.0,,
2011-03-16,211.0,17.0,0.0,,
2011-03-17,261.0,111.0,0.0,,
2011-03-18,278.0,144.0,0.0,,
2011-03-19,272.0,133.0,5.0,,
2011-03-20,283.0,122.0,0.0,,
2011-03-21,278.0,139.0,0.0,,
2011-03-22,283.0,161.0,0.0,,
2011-03-23,289.0,178.0,0.0,,
2011-03-24,206.0,61.0,0.0,,
2011-03-25,244.0,50.0,0.0,,
2011-03-26,294.0,83.0,0.0,,
2011-03-27,83.0,50.0,10.0,,
2011-03-28,128.0,56.0,0.0,,
2011-03-29,172.0,72.0,5.0,,
2011-03-30,94.0,67.0,0.0,,
2011-03-31,156.0,17.0,0.0,,
2011-04-01,250.0,33.0,5.0,,
2011-04-02,272.0,72.0,0.0,,
2011-04-03,300.0,128.0,0.0,,
2011-04-04,244.0,67.0,145.0,,
2011-04-05,200.0,22.0,0.0,,
2011-04-06,250.0,94.0,0.0,,
2011-04-07,272.0,128.0,0.0,,
2011-04-08,322.0,200.0,0.0,,
2011-04-09,317.0,200.0,0.0,,
2011-04-10,322.0,217.0,0.0,,
2011-04-11,261.0,144.0,86.0,,
2011-04-12,256.0,89.0,0.0,,
2011-04-13,278.0,117.0,0.0,,
2011-04-14,278.0,117.0,0.0,,
2011-04-15,261.0,122.0,170.0,,
2011-04-16,217.0,83.0,0.0,,
2011-04-17,244.0,78.0,0.0,,
2011-04-18,272.0,156.0,0.0,,
2011-04-19,328.0,211.0,33.0,,
2011-04-20,250.0,144.0,277.0,,
2011-04-21,211.0,128.0,343.0,,
2011-04-22,300.0,172.0,0.0,,
2011-04-23,300.0,200.0,0.0,,
2011-04-24,300.0,211.0,0.0,,
2011-04-25,289.0,161.0,328.0,,
2011-04-26,278.0,161.0,221.0,,
2011-04-27,272.0,117.0,152.0,,
2011-04-28,239.0,83.0,0.0,,
2011-04-29,267.0,117.0,0.0,,
2011-04-30,256.0,139.0,0.0,,
2011-05-01,283.0,167.0,0.0,,
2011-05-02,167.0,94.0,201.0,,
2011-05-03,200.0,83.0,38.0,,
2011-05-04,233.0,72.0,0.0,,
2011-05-05,233.0,78.0,3.0,,
2011-05-06,267.0,117.0,0.0,,
2011-05-07,289.0,156.0,0.0,,
2011-05-08,300.0,167.0,0.0,,
2011-05-09,322.0,189.0,0.0,,
2011-05-10,322.0,206.0,0.0,,
2011-05-11,311.0,200.0,0.0,,
2011-05-12,311.0,189.0,0.0,,
2011-05-13,306.0,206.0,23.0,,
2011-05-14,,122.0,0.0,,
2011-05-15,222.0,89.0,0.0,,
2011-05-16,211.0,94.0,0.0,,
2011-05-17,239.0,67.0,0.0,,
2011-05-18,267.0,111.0,0.0,,
2011-05-19,306.0,189.0,0.0,,
2011-05-20,306.0,194.0,15.0,,
2011-05-21,294.0,189.0,104.0,,
2011-05-22,317.0,222.0,0.0,,
2011-05-23,306.0,222.0,0.0,,
2011-05-24,322.0,194.0,10.0,,
2011-05-25,322.0,206.0,86.0,,
2011-05-26,233.0,156.0,0.0,,
2011-05-27,278.0,128.0,0.0,,
2011-05-28,339.0,189.0,0.0,,
2011-05-29,339.0,217.0,0.0,,
2011-05-30,339.0,222.0,0.0,,
2011-05-31,339.0,222.0,0.0,,
2011-06-01,356.0,194.0,0.0,,
2011-06-02,367.0,206.0,0.0,,
2011-06-03,372.0,228.0,0.0,,
2011-06-04,378.0,211.0,0.0,,
2011-06-05,372.0,222.0,0.0,,
2011-06-06,378.0,206.0,0.0,,
2011-06-07,372.0,211.0,0.0,,
2011-06-08,344.0,206.0,0.0,,
2011-06-09,344.0,222.0,10.0,,
2011-06-10,350.0,206.0,0.0,,
2011-06-11,367.0,233.0,0.0,,
2011-06-12,356.0,206.0,0.0,,
2011-06-13,372.0,228.0,0.0,,
2011-06-14,378.0,228.0,0.0,,
2011-06-15,361.0,250.0,0.0,,
2011-06-16,383.0,222.0,0.0,,
2011-06-17,378.0,244.0,0.0,,
2011-06-18,394.0,261.0,0.0,,
2011-06-19,389.0,261.0,0.0,,
2011-06-20,378.0,256.0,0.0,,
2011-06-21,283.0,217.0,315.0,,
2011-06-22,300.0,222.0,5.0,,
2011-06-23,339.0,222.0,0.0,,
2011-06-24,350.0,250.0,0.0,,
2011-06-25,356.0,244.0,0.0,,
2011-06-26,361.0,256.0,0.0,,
2011-06-27,361.0,256.0,0.0,,
2011-06-28,289.0,211.0,114.0,,
2011-06-29,344.0,206.0,0.0,,
2011-06-30,350.0,233.0,0.0,,
2011-07-01,361.0,211.0,0.0,,
2011-07-02,367.0,194.0,0.0,,
2011-07-03,372.0,222.0,0.0,,
2011-07-04,383.0,217.0,5.0,,
2011-07-05,361.0,206.0,0.0,,
2011-07-06,367.0,228.0,0.0,,
2011-07-07,333.0,256.0,0.0,,
2011-07-08,389.0,267.0,0.0,,
2011-07-09,383.0,250.0,0.0,,
2011-07-10,394.0,272.0,0.0,,
2011-07-11,389.0,272.0,0.0,,
2011-07-12,383.0,267.0,0.0,,
2011-07-13,383.0,256.0,,,
2011-07-14,311.0,244.0,0.0,,
2011-07-15,333.0,244.0,157.0,,
2011-07-16,344.0,244.0,0.0,,
2011-07-17,328.0,244.0,0.0,,
2011-07-18,328.0,233.0,0.0,,
2011-07-19,356.0,228.0,0.0,,
2011-07-20,367.0,233.0,0.0,,
2011-07-21,361.0,244.0,0.0,,
2011-07-22,356.0,256.0,28.0,,
2011-07-23,333.0,250.0,58.0,,
2011-07-24,350.0,244.0,15.0,,
2011-07-25,356.0,233.0,79.0,,
2011-07-26,339.0,233.0,389.0,,
2011-07-27,356.0,239.0,3.0,,
2011-07-28,339.0,239.0,0.0,,
2011-07-29,328.0,244.0,15.0,,
2011-07-30,350.0,239.0,0.0,,
2011-07-31,378.0,261.0,0.0,,
2011-08-01,372.0,250.0,25.0,,
2011-08-02,383.0,256.0,0.0,,
2011-08-03,417.0,283.0,0.0,,
2011-08-04,400.0,283.0,0.0,,
2011-08-05,389.0,261.0,0.0,,
2011-08-06,389.0,267.0,0.0,,
2011-08-07,394.0,250.0,8.0,,
2011-08-08,383.0,250.0,0.0,,
2011-08-09,367.0,228.0,0.0,,
2011-08-10,372.0,244.0,0.0,,
2011-08-11,322.0,206.0,381.0,,
2011-08-12,361.0,211.0,0.0,,
2011-08-13,261.0,217.0,643.0,,
2011-08-14,333.0,206.0,0.0,,
2011-08-15,311.0,183.0,0.0,,
2011-08-16,333.0,194.0,0.0,,
2011-08-17,356.0,228.0,8.0,,
2011-08-18,300.0,239.0,8.0,,
2011-08-19,356.0,217.0,0.0,,
2011-08-20,367.0,244.0,0.0,,
2011-08-21,328.0,250.0,0.0,,
2011-08-22,367.0,233.0,0.0,,
2011-08-23,367.0,272.0,0.0,,
2011-08-24,289.0,222.0,43.0,,
2011-08-25,350.0,206.0,0.0,,
2011-08-26,339.0,206.0,0.0,,
2011-08-27,339.0,183.0,0.0,,
2011-08-28,350.0,211.0,0.0,,
2011-08-29,328.0,194.0,3.0,,
2011-08-30,367.0,194.0,0.0,,
2011-08-31,378.0,211.0,0.0,,
2011-09-01,367.0,206.0,0.0,,
2011-09-02,356.0,222.0,23.0,,
2011-09-03,289.0,211.0,0.0,,
2011-09-04,244.0,211.0,513.0,,
2011-09-05,261.0,150.0,0.0,,
2011-09-06,256.0,117.0,0.0,,
2011-09-07,261.0,100.0,0.0,,
2011-09-08,289.0,117.0,0.0,,
2011-09-09,300.0,111.0,0.0,,
2011-09-10,317.0,156.0,0.0,,
2011-09-11,322.0,200.0,0.0,,
2011-09-12,350.0,172.0,0.0,,
2011-09-13,367.0,183.0,0.0,,
2011-09-14,294.0,178.0,43.0,,
2011-09-15,233.0,144.0,0.0,,
2011-09-16,228.0,139.0,0.0,,
2011-09-17,306.0,144.0,0.0,,
2011-09-18,283.0,194.0,0.0,,
2011-09-19,300.0,194.0,15.0,,
2011-09-20,283.0,172.0,0.0,,
2011-09-21,311.0,167.0,0.0,,
2011-09-22,317.0,156.0,81.0,,
2011-09-23,256.0,128.0,0.0,,
2011-09-24,294.0,111.0,0.0,,
2011-09-25,328.0,172.0,175.0,,
2011-09-26,261.0,144.0,0.0,,
2011-09-27,283.0,156.0,168.0,,
2011-09-28,317.0,139.0,0.0,,
2011-09-29,333.0,172.0,0.0,,
2011-09-30,261.0,111.0,0.0,,
2011-10-01,250.0,83.0,0.0,,
2011-10-02,239.0,56.0,0.0,,
2011-10-03,261.0,56.0,0.0,,
2011-10-04,278.0,67.0,0.0,,
2011-10-05,289.0,89.0,0.0,,
2011-10-06,300.0,117.0,0.0,,
2011-10-07,300.0,133.0,0.0,,
2011-10-08,306.0,128.0,0.0,,
2011-10-09,289.0,144.0,0.0,,
2011-10-10,283.0,144.0,0.0,,
2011-10-11,289.0,156.0,0.0,,
2011-10-12,244.0,144.0,0.0,,
2011-10-13,272.0,133.0,0.0,,
2011-10-14,300.0,94.0,0.0,,
2011-10-15,283.0,122.0,0.0,,
2011-10-16,322.0,133.0,0.0,,
2011-10-17,311.0,150.0,0.0,,
2011-10-18,222.0,78.0,175.0,,
2011-10-19,150.0,44.0,0.0,,
2011-10-20,178.0,17.0,0.0,,
2011-10-21,228.0,28.0,0.0,,
2011-10-22,239.0,89.0,0.0,,
2011-10-23,222.0,106.0,61.0,,
2011-10-24,250.0,100.0,0.0,,
2011-10-25,289.0,117.0,0.0,,
2011-10-26,283.0,144.0,0.0,,
2011-10-27,206.0,100.0,170.0,,
2011-10-28,150.0,39.0,122.0,,
2011-10-29,200.0,22.0,0.0,,
2011-10-30,189.0,17.0,0.0,,
2011-10-31,228.0,61.0,0.0,,
2011-11-01,233.0,78.0,0.0,,
2011-11-02,239.0,50.0,0.0,,
2011-11-03,200.0,61.0,71.0,,
2011-11-04,139.0,56.0,0.0,,
2011-11-05,200.0,67.0,0.0,,
2011-11-06,194.0,100.0,0.0,,
2011-11-07,261.0,144.0,0.0,,
2011-11-08,267.0,161.0,109.0,,
2011-11-09,194.0,56.0,0.0,,
2011-11-10,156.0,22.0,0.0,,
2011-11-11,200.0,33.0,0.0,,
2011-11-12,211.0,72.0,0.0,,
2011-11-13,256.0,156.0,0.0,,
2011-11-14,267.0,200.0,0.0,,
2011-11-15,267.0,178.0,0.0,,
2011-11-16,183.0,89.0,295.0,,
2011-11-17,128.0,-6.0,0.0,,
2011-11-18,150.0,-22.0,0.0,,
2011-11-19,239.0,61.0,0.0,,
2011-11-20,233.0,194.0,0.0,,
2011-11-21,244.0,194.0,0.0,,
2011-11-22,211.0,111.0,338.0,,
2011-11-23,133.0,78.0,0.0,,
2011-11-24,161.0,61.0,0.0,,
2011-11-25,206.0,39.0,0.0,,
2011-11-26,222.0,122.0,315.0,,
2011-11-27,122.0,56.0,30.0,,
2011-11-28,56.0,22.0,8.0,,
2011-11-29,150.0,17.0,0.0,,
2011-11-30,122.0,-28.0,0.0,,
2011-12-01,156.0,-28.0,0.0,,
2011-12-02,183.0,0.0,0.0,,
2011-12-03,189.0,44.0,0.0,,
2011-12-04,183.0,100.0,632.0,,
2011-12-05,100.0,39.0,404.0,,
2011-12-06,39.0,17.0,15.0,,
2011-12-07,67.0,-22.0,10.0,,
2011-12-08,100.0,-39.0,0.0,,
2011-12-09,111.0,-33.0,0.0,,
2011-12-10,89.0,-17.0,0.0,,
2011-12-11,94.0,-44.0,0.0,,
2011-12-12,133.0,-28.0,0.0,,
2011-12-13,117.0,33.0,0.0,,
2011-12-14,189.0,117.0,3.0,,
2011-12-15,189.0,100.0,84.0,,
2011-12-16,100.0,6.0,97.0,,
2011-12-17,133.0,-17.0,0.0,,
2011-12-18,150.0,0.0,0.0,,
2011-12-19,150.0,33.0,0.0,,
2011-12-20,178.0,89.0,127.0,,
2011-12-21,100.0,56.0,0.0,,
2011-12-22,106.0,78.0,279.0,,
2011-12-23,89.0,50.0,0.0,,
2011-12-24,83.0,17.0,38.0,,
2011-12-25,106.0,56.0,137.0,,
2011-12-26,83.0,67.0,315.0,,
2011-12-27,139.0,22.0,5.0,,
2011-12-28,128.0,-17.0,0.0,,
2011-12-29,156.0,0.0,0.0,,
2011-12-30,178.0,78.0,0.0,,
2011-12-31,200.0,11.0,0.0,,
2012-01-01,200.0,61.0,0.0,,
2012-01-02,111.0,11.0,0.0,,
2012-01-03,89.0,-61.0,0.0,,
2012-01-04,172.0,11.0,0.0,,
2012-01-05,183.0,-6.0,0.0,,
2012-01-06,189.0,67.0,0.0,,
2012-01-07,167.0,111.0,43.0,,
2012-01-08,117.0,89.0,3.0,,
2012-01-09,100.0,72.0,61.0,,
2012-01-10,150.0,83.0,53.0,,
2012-01-11,100.0,33.0,20.0,,
2012-01-12,72.0,-17.0,0.0,,
2012-01-13,89.0,-39.0,0.0,,
2012-01-14,183.0,6.0,0.0,,
2012-01-15,167.0,-11.0,0.0,,
2012-01-16,222.0,128.0,0.0,,
2012-01-17,239.0,39.0,25.0,,
2012-01-18,83.0,-17.0,0.0,,
2012-01-19,144.0,-11.0,0.0,,
2012-01-20,244.0,117.0,0.0,,
2012-01-21,200.0,28.0,10.0,,
2012-01-22,228.0,33.0,46.0,,
2012-01-23,189.0,22.0,0.0,,
2012-01-24,172.0,0.0,8.0,,
2012-01-25,167.0,106.0,140.0,,
2012-01-26,133.0,67.0,20.0,,
2012-01-27,167.0,22.0,0.0,,
2012-01-28,117.0,-22.0,0.0,,
2012-01-29,161.0,-39.0,0.0,,
2012-01-30,206.0,67.0,0.0,,
2012-01-31,228.0,111.0,0.0,,
2012-02-01,250.0,122.0,119.0,,
2012-02-02,200.0,94.0,0.0,,
2012-02-03,172.0,133.0,33.0,,
2012-02-04,183.0,89.0,307.0,,
2012-02-05,106.0,72.0,0.0,,
2012-02-06,133.0,17.0,0.0,,
2012-02-07,128.0,11.0,0.0,,
2012-02-08,128.0,44.0,0.0,,
2012-02-09,100.0,11.0,0.0,,
2012-02-10,89.0,28.0,46.0,,
2012-02-11,33.0,-33.0,0.0,,
2012-02-12,56.0,-67.0,0.0,,
2012-02-13,56.0,-28.0,97.0,,
2012-02-14,106.0,39.0,0.0,,
2012-02-15,167.0,39.0,33.0,,
2012-02-16,150.0,67.0,0.0,,
2012-02-17,156.0,67.0,0.0,,
2012-02-18,106.0,67.0,58.0,,
2012-02-19,139.0,17.0,58.0,,
2012-02-20,156.0,-6.0,0.0,,
2012-02-21,206.0,72.0,5.0,,
2012-02-22,256.0,133.0,0.0,,
2012-02-23,294.0,117.0,0.0,,
2012-02-24,189.0,50.0,0.0,,
2012-02-25,172.0,6.0,0.0,,
2012-02-26,194.0,6.0,0.0,,
2012-02-27,222.0,56.0,0.0,,
2012-02-28,217.0,139.0,0.0,,
2012-02-29,239.0,144.0,0.0,,
2012-03-01,272.0,89.0,0.0,,
2012-03-02,294.0,100.0,0.0,,
2012-03-03,167.0,33.0,0.0,,
2012-03-04,206.0,22.0,0.0,,
2012-03-05,206.0,67.0,0.0,,
2012-03-06,228.0,78.0,0.0,,
2012-03-07,250.0,139.0,0.0,,
2012-03-08,256.0,56.0,480.0,,
2012-03-09,150.0,56.0,3.0,,
2012-03-10,194.0,33.0,0.0,,
2012-03-11,211.0,117.0,297.0,,
2012-03-12,272.0,161.0,33.0,,
2012-03-13,278.0,178.0,0.0,,
2012-03-14,283.0,178.0,0.0,,
2012-03-15,289.0,189.0,0.0,,
2012-03-16,283.0,183.0,0.0,,
2012-03-17,256.0,183.0,0.0,,
2012-03-18,283.0,183.0,0.0,,
2012-03-19,261.0,189.0,0.0,,
2012-03-20,250.0,178.0,191.0,,
2012-03-21,211.0,133.0,320.0,,
2012-03-22,233.0,117.0,0.0,,
2012-03-23,233.0,117.0,0.0,,
2012-03-24,256.0,89.0,0.0,,
2012-03-25,272.0,111.0,0.0,,
2012-03-26,272.0,122.0,0.0,,
2012-03-27,294.0,128.0,0.0,,
2012-03-28,278.0,156.0,0.0,,
2012-03-29,272.0,156.0,5.0,,
2012-03-30,267.0,172.0,3.0,,
2012-03-31,300.0,167.0,0.0,,
2012-04-01,300.0,200.0,0.0,,
2012-04-02,294.0,172.0,64.0,,
2012-04-03,228.0,161.0,307.0,,
2012-04-04,261.0,150.0,5.0,,
2012-04-05,239.0,128.0,46.0,,
2012-04-06,222.0,94.0,0.0,,
2012-04-07,261.0,72.0,0.0,,
2012-04-08,233.0,111.0,0.0,,
2012-04-09,261.0,100.0,0.0,,
2012-04-10,272.0,133.0,0.0,,
2012-04-11,178.0,94.0,20.0,,
2012-04-12,211.0,72.0,0.0,,
2012-04-13,278.0,111.0,0.0,,
2012-04-14,294.0,178.0,0.0,,
2012-04-15,300.0,144.0,117.0,,
2012-04-16,206.0,133.0,218.0,,
2012-04-17,206.0,100.0,0.0,,
2012-04-18,244.0,89.0,0.0,,
2012-04-19,261.0,89.0,0.0,,
2012-04-20,250.0,117.0,155.0,,
2012-04-21,178.0,89.0,3.0,,
2012-04-22,256.0,78.0,0.0,,
2012-04-23,200.0,78.0,0.0,,
2012-04-24,261.0,78.0,0.0,,
2012-04-25,283.0,167.0,0.0,,
2012-04-26,283.0,178.0,0.0,,
2012-04-27,289.0,189.0,0.0,,
2012-04-28,294.0,178.0,0.0,,
2012-04-29,300.0,172.0,0.0,,
2012-04-30,300.0,206.0,0.0,,
2012-05-01,317.0,222.0,0.0,,
2012-05-02,311.0,194.0,5.0,,
2012-05-03,306.0,194.0,0.0,,
2012-05-04,322.0,206.0,0.0,,
2012-05-05,317.0,217.0,0.0,,
2012-05-06,328.0,200.0,0.0,,
2012-05-07,283.0,211.0,25.0,,
2012-05-08,244.0,194.0,3.0,,
2012-05-09,272.0,139.0,15.0,,
2012-05-10,283.0,117.0,0.0,,
2012-05-11,233.0,133.0,13.0,,
2012-05-12,206.0,161.0,0.0,,
2012-05-13,272.0,144.0,0.0,,
2012-05-14,283.0,133.0,0.0,,
2012-05-15,294.0,133.0,0.0,,
2012-05-16,311.0,144.0,0.0,,
2012-05-17,328.0,172.0,0.0,,
2012-05-18,322.0,172.0,132.0,,
2012-05-19,322.0,172.0,0.0,,
2012-05-20,328.0,178.0,0.0,,
2012-05-21,311.0,172.0,3.0,,
2012-05-22,283.0,150.0,0.0,,
2012-05-23,317.0,122.0,0.0,,
2012-05-24,328.0,200.0,0.0,,
2012-05-25,333.0,217.0,0.0,,
2012-05-26,328.0,183.0,0.0,,
2012-05-27,344.0,200.0,0.0,,
2012-05-28,350.0,217.0,0.0,,
2012-05-29,350.0,194.0,0.0,,
2012-05-30,322.0,206.0,0.0,,
2012-05-31,328.0,183.0,0.0,,
2012-06-01,261.0,156.0,0.0,,
2012-06-02,311.0,144.0,0.0,,
2012-06-03,350.0,222.0,0.0,,
2012-06-04,333.0,200.0,234.0,,
2012-06-05,300.0,189.0,0.0,,
2012-06-06,300.0,172.0,0.0,,
2012-06-07,294.0,167.0,0.0,,
2012-06-08,322.0,178.0,0.0,,
2012-06-09,306.0,200.0,0.0,,
2012-06-10,317.0,217.0,0.0,,
2012-06-11,356.0,217.0,196.0,,
2012-06-12,278.0,200.0,330.0,,
2012-06-13,311.0,178.0,0.0,,
2012-06-14,322.0,167.0,0.0,,
2012-06-15,328.0,194.0,0.0,,
2012-06-16,322.0,200.0,0.0,,
2012-06-17,322.0,211.0,0.0,,
2012-06-18,322.0,211.0,0.0,,
2012-06-19,322.0,217.0,0.0,,
2012-06-20,322.0,217.0,0.0,,
2012-06-21,333.0,200.0,0.0,,
2012-06-22,344.0,211.0,0.0,,
2012-06-23,356.0,211.0,0.0,,
2012-06-24,367.0,200.0,0.0,,
2012-06-25,389.0,189.0,0.0,,
2012-06-26,344.0,200.0,0.0,,
2012-06-27,367.0,156.0,0.0,,
2012-06-28,400.0,194.0,0.0,,
2012-06-29,389.0,239.0,0.0,,
2012-06-30,372.0,233.0,0.0,,
2012-07-01,372.0,261.0,0.0,,
2012-07-02,372.0,244.0,0.0,,
2012-07-03,383.0,239.0,0.0,,
2012-07-04,367.0,250.0,41.0,,
2012-07-05,367.0,239.0,0.0,,
2012-07-06,372.0,244.0,0.0,,
2012-07-07,378.0,256.0,0.0,,
2012-07-08,300.0,228.0,64.0,,
2012-07-09,306.0,228.0,0.0,,
2012-07-10,300.0,233.0,69.0,,
2012-07-11,278.0,233.0,25.0,,
2012-07-12,267.0,228.0,15.0,,
2012-07-13,300.0,222.0,0.0,,
2012-07-14,328.0,228.0,112.0,,
2012-07-15,306.0,228.0,3.0,,
2012-07-16,339.0,228.0,0.0,,
2012-07-17,344.0,233.0,28.0,,
2012-07-18,356.0,250.0,0.0,,
2012-07-19,367.0,256.0,0.0,,
2012-07-20,389.0,256.0,0.0,,
2012-07-21,350.0,250.0,0.0,,
2012-07-22,350.0,233.0,0.0,,
2012-07-23,356.0,228.0,0.0,,
2012-07-24,361.0,256.0,0.0,,
2012-07-25,372.0,261.0,0.0,,
2012-07-26,367.0,256.0,0.0,,
2012-07-27,306.0,244.0,8.0,,
2012-07-28,400.0,233.0,0.0,,
2012-07-29,383.0,200.0,0.0,,
2012-07-30,411.0,267.0,0.0,,
2012-07-31,406.0,278.0,0.0,,
2012-08-01,372.0,250.0,0.0,,
2012-08-02,372.0,256.0,13.0,,
2012-08-03,383.0,256.0,0.0,,
2012-08-04,383.0,278.0,0.0,,
2012-08-05,333.0,256.0,0.0,,
2012-08-06,356.0,228.0,0.0,,
2012-08-07,378.0,222.0,0.0,,
2012-08-08,372.0,228.0,188.0,,
2012-08-09,367.0,228.0,503.0,,
2012-08-10,333.0,222.0,0.0,,
2012-08-11,322.0,189.0,0.0,,
2012-08-12,344.0,178.0,0.0,,
2012-08-13,367.0,233.0,0.0,,
2012-08-14,311.0,200.0,0.0,,
2012-08-15,317.0,217.0,5.0,,
2012-08-16,367.0,228.0,0.0,,
2012-08-17,350.0,228.0,5.0,,
2012-08-18,283.0,206.0,61.0,,
2012-08-19,311.0,206.0,0.0,,
2012-08-20,317.0,189.0,0.0,,
2012-08-21,322.0,172.0,0.0,,
2012-08-22,339.0,161.0,0.0,,
2012-08-23,339.0,167.0,0.0,,
2012-08-24,333.0,167.0,23.0,,
2012-08-25,328.0,222.0,23.0,,
2012-08-26,317.0,211.0,51.0,,
2012-08-27,339.0,217.0,13.0,,
2012-08-28,344.0,239.0,0.0,,
2012-08-29,350.0,233.0,0.0,,
2012-08-30,278.0,239.0,1021.0,,
2012-08-31,322.0,239.0,94.0,,
2012-09-01,339.0,261.0,0.0,,
2012-09-02,350.0,244.0,0.0,,
2012-09-03,367.0,256.0,0.0,,
2012-09-04,372.0,256.0,0.0,,
2012-09-05,378.0,250.0,0.0,,
2012-09-06,372.0,244.0,0.0,,
2012-09-07,367.0,239.0,0.0,,
2012-09-08,267.0,156.0,145.0,,
2012-09-09,283.0,133.0,0.0,,
2012-09-10,306.0,144.0,0.0,,
2012-09-11,306.0,156.0,0.0,,
2012-09-12,311.0,178.0,0.0,,
2012-09-13,306.0,194.0,0.0,,
2012-09-14,306.0,200.0,8.0,,
2012-09-15,283.0,217.0,0.0,,
2012-09-16,289.0,211.0,137.0,,
2012-09-17,228.0,206.0,104.0,,
2012-09-18,233.0,117.0,0.0,,
2012-09-19,250.0,100.0,0.0,,
2012-09-20,272.0,100.0,0.0,,
2012-09-21,300.0,150.0,0.0,,
2012-09-22,322.0,172.0,0.0,,
2012-09-23,244.0,150.0,0.0,,
2012-09-24,278.0,133.0,0.0,,
2012-09-25,317.0,211.0,0.0,,
2012-09-26,306.0,211.0,0.0,,
2012-09-27,311.0,178.0,0.0,,
2012-09-28,317.0,183.0,0.0,,
2012-09-29,244.0,189.0,94.0,,
2012-09-30,189.0,150.0,572.0,,
2012-10-01,222.0,139.0,109.0,,
2012-10-02,244.0,122.0,0.0,,
2012-10-03,261.0,122.0,0.0,,
2012-10-04,283.0,133.0,0.0,,
2012-10-05,294.0,133.0,15.0,,
2012-10-06,133.0,83.0,10.0,,
2012-10-07,167.0,78.0,124.0,,
2012-10-08,167.0,61.0,58.0,,
2012-10-09,211.0,50.0,0.0,,
2012-10-10,222.0,128.0,0.0,,
2012-10-11,283.0,128.0,0.0,,
2012-10-12,278.0,167.0,0.0,,
2012-10-13,283.0,156.0,0.0,,
2012-10-14,272.0,167.0,371.0,,
2012-10-15,256.0,111.0,0.0,,
2012-10-16,217.0,111.0,0.0,,
2012-10-17,267.0,150.0,244.0,,
2012-10-18,228.0,100.0,0.0,,
2012-10-19,217.0,83.0,0.0,,
2012-10-20,256.0,56.0,0.0,,
2012-10-21,283.0,161.0,0.0,,
2012-10-22,283.0,122.0,0.0,,
2012-10-23,267.0,139.0,0.0,,
2012-10-24,278.0,150.0,0.0,,
2012-10-25,272.0,156.0,0.0,,
2012-10-26,194.0,78.0,53.0,,
2012-10-27,139.0,44.0,0.0,,
2012-10-28,150.0,28.0,0.0,,
2012-10-29,150.0,22.0,0.0,,
2012-10-30,200.0,28.0,0.0,,
2012-10-31,211.0,72.0,0.0,,
2012-11-01,233.0,61.0,0.0,,
2012-11-02,283.0,106.0,0.0,,
2012-11-03,278.0,144.0,142.0,,
2012-11-04,167.0,72.0,25.0,,
2012-11-05,150.0,61.0,38.0,,
2012-11-06,161.0,72.0,0.0,,
2012-11-07,183.0,44.0,0.0,,
2012-11-08,172.0,11.0,0.0,,
2012-11-09,222.0,61.0,0.0,,
2012-11-10,239.0,106.0,0.0,,
2012-11-11,244.0,117.0,114.0,,
2012-11-12,117.0,0.0,15.0,,
2012-11-13,133.0,0.0,0.0,,
2012-11-14,133.0,6.0,0.0,,
2012-11-15,144.0,-11.0,0.0,,
2012-11-16,161.0,11.0,0.0,,
2012-11-17,178.0,6.0,0.0,,
2012-11-18,189.0,11.0,0.0,,
2012-11-19,206.0,28.0,0.0,,
2012-11-20,233.0,111.0,0.0,,
2012-11-21,217.0,78.0,0.0,,
2012-11-22,228.0,56.0,0.0,,
2012-11-23,178.0,61.0,23.0,,
2012-11-24,111.0,6.0,0.0,,
2012-11-25,178.0,-11.0,0.0,,
2012-11-26,183.0,61.0,0.0,,
2012-11-27,111.0,-6.0,0.0,,
2012-11-28,150.0,-17.0,0.0,,
2012-11-29,172.0,-6.0,0.0,,
2012-11-30,206.0,17.0,0.0,,
2012-12-01,233.0,111.0,0.0,,
2012-12-02,239.0,156.0,0.0,,
2012-12-03,239.0,156.0,0.0,,
2012-12-04,244.0,150.0,135.0,,
2012-12-05,150.0,117.0,3.0,,
2012-12-06,178.0,122.0,3.0,,
2012-12-07,200.0,144.0,0.0,,
2012-12-08,200.0,161.0,124.0,,
2012-12-09,228.0,150.0,33.0,,
2012-12-10,150.0,0.0,76.0,,
2012-12-11,83.0,-28.0,0.0,,
2012-12-12,117.0,-39.0,0.0,,
2012-12-13,144.0,-33.0,0.0,,
2012-12-14,172.0,22.0,3.0,,
2012-12-15,211.0,117.0,147.0,,
2012-12-16,189.0,156.0,23.0,,
2012-12-17,194.0,56.0,3.0,,
2012-12-18,200.0,28.0,0.0,,
2012-12-19,233.0,94.0,0.0,,
2012-12-20,217.0,28.0,46.0,,
2012-12-21,133.0,-17.0,0.0,,
2012-12-22,178.0,-17.0,0.0,,
2012-12-23,172.0,100.0,3.0,,
2012-12-24,183.0,83.0,0.0,,
2012-12-25,94.0,6.0,376.0,,
2012-12-26,22.0,-22.0,0.0,,
2012-12-27,61.0,-39.0,0.0,,
2012-12-28,56.0,33.0,236.0,,
2012-12-29,50.0,-39.0,0.0,,
2012-12-30,78.0,-61.0,0.0,,
2012-12-31,100.0,22.0,203.0,,
2013-01-01,78.0,39.0,114.0,,
2013-01-02,44.0,0.0,0.0,,
2013-01-03,83.0,-33.0,0.0,,
2013-01-04,111.0,-17.0,0.0,,
2013-01-05,78.0,6.0,5.0,,
2013-01-06,133.0,0.0,0.0,,
2013-01-07,117.0,-22.0,0.0,,
2013-01-08,133.0,6.0,3.0,,
2013-01-09,139.0,111.0,521.0,,
2013-01-10,183.0,139.0,157.0,,
2013-01-11,206.0,89.0,0.0,,
2013-01-12,233.0,189.0,41.0,,
2013-01-13,206.0,17.0,922.0,,
2013-01-14,17.0,-17.0,33.0,,
2013-01-15,0.0,-17.0,53.0,,
2013-01-16,33.0,-6.0,0.0,,
2013-01-17,128.0,6.0,0.0,,
2013-01-18,128.0,-22.0,0.0,,
2013-01-19,161.0,28.0,0.0,,
2013-01-20,172.0,39.0,0.0,,
2013-01-21,94.0,0.0,0.0,,
2013-01-22,78.0,-22.0,0.0,,
2013-01-23,206.0,50.0,0.0,,
2013-01-24,156.0,61.0,0.0,,
2013-01-25,139.0,33.0,13.0,,
2013-01-26,78.0,44.0,20.0,,
2013-01-27,206.0,56.0,0.0,,
2013-01-28,211.0,167.0,0.0,,
2013-01-29,233.0,144.0,467.0,,
2013-01-30,144.0,17.0,56.0,,
2013-01-31,161.0,6.0,0.0,,
2013-02-01,72.0,-17.0,0.0,,
2013-02-02,156.0,6.0,0.0,,
2013-02-03,172.0,17.0,0.0,,
2013-02-04,144.0,67.0,28.0,,
2013-02-05,150.0,50.0,3.0,,
2013-02-06,150.0,22.0,0.0,,
2013-02-07,206.0,106.0,8.0,,
2013-02-08,150.0,28.0,5.0,,
2013-02-09,128.0,-6.0,0.0,,
2013-02-10,189.0,122.0,333.0,,
2013-02-11,144.0,89.0,0.0,,
2013-02-12,94.0,56.0,112.0,,
2013-02-13,111.0,22.0,0.0,,
2013-02-14,172.0,28.0,0.0,,
2013-02-15,133.0,33.0,0.0,,
2013-02-16,83.0,0.0,0.0,,
2013-02-17,172.0,-6.0,0.0,,
2013-02-18,194.0,94.0,157.0,,
2013-02-19,139.0,11.0,0.0,,
2013-02-20,56.0,17.0,5.0,,
2013-02-21,106.0,28.0,46.0,,
2013-02-22,100.0,28.0,0.0,,
2013-02-23,117.0,11.0,0.0,,
2013-02-24,161.0,-6.0,0.0,,
2013-02-25,167.0,67.0,244.0,,
2013-02-26,94.0,28.0,0.0,,
2013-02-27,144.0,-11.0,0.0,,
2013-02-28,133.0,-6.0,0.0,,
2013-03-01,50.0,-22.0,0.0,,
2013-03-02,61.0,-33.0,0.0,,
2013-03-03,133.0,-56.0,0.0,,
2013-03-04,228.0,56.0,0.0,,
2013-03-05,178.0,50.0,3.0,,
2013-03-06,111.0,11.0,0.0,,
2013-03-07,150.0,6.0,0.0,,
2013-03-08,194.0,6.0,0.0,,
2013-03-09,211.0,94.0,0.0,,
2013-03-10,189.0,72.0,183.0,,
2013-03-11,133.0,17.0,0.0,,
2013-03-12,183.0,-6.0,0.0,,
2013-03-13,161.0,28.0,0.0,,
2013-03-14,211.0,0.0,0.0,,
2013-03-15,267.0,111.0,0.0,,
2013-03-16,267.0,139.0,0.0,,
2013-03-17,250.0,144.0,0.0,,
2013-03-18,200.0,94.0,99.0,,
2013-03-19,178.0,39.0,0.0,,
2013-03-20,178.0,56.0,0.0,,
2013-03-21,106.0,22.0,3.0,,
2013-03-22,94.0,50.0,429.0,,
2013-03-23,117.0,83.0,292.0,,
2013-03-24,106.0,17.0,3.0,,
2013-03-25,106.0,-17.0,0.0,,
2013-03-26,111.0,-6.0,0.0,,
2013-03-27,161.0,-11.0,0.0,,
2013-03-28,222.0,22.0,0.0,,
2013-03-29,211.0,111.0,3.0,,
2013-03-30,194.0,128.0,130.0,,
2013-03-31,194.0,100.0,170.0,,
2013-04-01,244.0,67.0,0.0,,
2013-04-02,172.0,56.0,41.0,,
2013-04-03,72.0,50.0,130.0,,
2013-04-04,83.0,67.0,122.0,,
2013-04-05,211.0,28.0,0.0,,
2013-04-06,244.0,83.0,0.0,,
2013-04-07,239.0,139.0,0.0,,
2013-04-08,278.0,167.0,0.0,,
2013-04-09,300.0,183.0,0.0,,
2013-04-10,294.0,117.0,330.0,,
2013-04-11,128.0,67.0,333.0,,
2013-04-12,233.0,39.0,0.0,,
2013-04-13,244.0,78.0,0.0,,
2013-04-14,244.0,122.0,0.0,,
2013-04-15,289.0,156.0,0.0,,
2013-04-16,311.0,211.0,0.0,,
2013-04-17,300.0,217.0,0.0,,
2013-04-18,267.0,78.0,295.0,,
2013-04-19,156.0,44.0,0.0,,
2013-04-20,211.0,39.0,0.0,,
2013-04-21,217.0,61.0,0.0,,
2013-04-22,244.0,72.0,0.0,,
2013-04-23,272.0,117.0,3.0,,
2013-04-24,200.0,56.0,28.0,,
2013-04-25,211.0,33.0,0.0,,
2013-04-26,217.0,83.0,0.0,,
2013-04-27,267.0,156.0,236.0,,
2013-04-28,244.0,128.0,0.0,,
2013-04-29,289.0,111.0,0.0,,
2013-04-30,294.0,122.0,0.0,,
2013-05-01,211.0,178.0,124.0,,
2013-05-02,200.0,133.0,48.0,,
2013-05-03,133.0,44.0,64.0,,
2013-05-04,178.0,33.0,0.0,,
2013-05-05,183.0,44.0,0.0,,
2013-05-06,222.0,122.0,0.0,,
2013-05-07,261.0,117.0,0.0,,
2013-05-08,283.0,122.0,0.0,,
2013-05-09,267.0,172.0,33.0,,
2013-05-10,272.0,172.0,13.0,,
2013-05-11,244.0,139.0,0.0,,
2013-05-12,228.0,111.0,0.0,,
2013-05-13,267.0,83.0,0.0,,
2013-05-14,306.0,172.0,0.0,,
2013-05-15,294.0,172.0,23.0,,
2013-05-16,239.0,178.0,353.0,,
2013-05-17,283.0,189.0,23.0,,
2013-05-18,311.0,217.0,0.0,,
2013-05-19,317.0,211.0,0.0,,
2013-05-20,322.0,233.0,0.0,,
2013-05-21,317.0,172.0,406.0,,
2013-05-22,278.0,172.0,0.0,,
2013-05-23,306.0,161.0,0.0,,
2013-05-24,261.0,150.0,0.0,,
2013-05-25,289.0,139.0,0.0,,
2013-05-26,306.0,178.0,0.0,,
2013-05-27,311.0,211.0,0.0,,
2013-05-28,311.0,211.0,0.0,,
2013-05-29,311.0,200.0,0.0,,
2013-05-30,306.0,222.0,124.0,,
2013-05-31,311.0,233.0,0.0,,
2013-06-01,294.0,200.0,216.0,,
2013-06-02,267.0,194.0,8.0,,
2013-06-03,278.0,167.0,0.0,,
2013-06-04,306.0,161.0,3.0,,
2013-06-05,317.0,200.0,13.0,,
2013-06-06,267.0,194.0,173.0,,
2013-06-07,278.0,167.0,0.0,,
2013-06-08,294.0,144.0,0.0,,
2013-06-09,311.0,194.0,0.0,,
2013-06-10,339.0,206.0,0.0,,
2013-06-11,339.0,239.0,0.0,,
2013-06-12,339.0,250.0,0.0,,
2013-06-13,344.0,244.0,0.0,,
2013-06-14,322.0,206.0,0.0,,
2013-06-15,322.0,178.0,0.0,,
2013-06-16,322.0,217.0,0.0,,
2013-06-17,311.0,222.0,74.0,,
2013-06-18,289.0,211.0,0.0,,
2013-06-19,322.0,189.0,0.0,,
2013-06-20,333.0,206.0,0.0,,
2013-06-21,333.0,222.0,0.0,,
2013-06-22,339.0,217.0,0.0,,
2013-06-23,328.0,211.0,0.0,,
2013-06-24,333.0,222.0,0.0,,
2013-06-25,333.0,233.0,0.0,,
2013-06-26,339.0,244.0,0.0,,
2013-06-27,356.0,256.0,0.0,,
2013-06-28,356.0,250.0,5.0,,
2013-06-29,333.0,211.0,0.0,,
2013-06-30,294.0,194.0,0.0,,
2013-07-01,300.0,183.0,0.0,,0.0
2013-07-02,300.0,161.0,0.0,,0.0
2013-07-03,306.0,172.0,0.0,,0.0
2013-07-04,317.0,161.0,0.0,,0.0
2013-07-05,333.0,150.0,0.0,,0.0
2013-07-06,317.0,211.0,0.0,,0.0
2013-07-07,328.0,217.0,0.0,,0.0
2013-07-08,339.0,222.0,0.0,,0.0
2013-07-09,350.0,244.0,0.0,,0.0
2013-07-10,361.0,256.0,0.0,,0.0
2013-07-11,367.0,228.0,0.0,,0.0
2013-07-12,328.0,200.0,0.0,,0.0
2013-07-13,317.0,183.0,0.0,,0.0
2013-07-14,311.0,178.0,10.0,,0.0
2013-07-15,333.0,194.0,0.0,,0.0
2013-07-16,333.0,233.0,0.0,,0.0
2013-07-17,350.0,217.0,0.0,,0.0
2013-07-18,361.0,217.0,325.0,,0.0
2013-07-19,322.0,206.0,0.0,,0.0
2013-07-20,339.0,228.0,0.0,,0.0
2013-07-21,344.0,239.0,0.0,,0.0
2013-07-22,344.0,250.0,0.0,,0.0
2013-07-23,344.0,233.0,10.0,,0.0
2013-07-24,306.0,228.0,23.0,,0.0
2013-07-25,311.0,217.0,0.0,,0.0
2013-07-26,272.0,183.0,127.0,,0.0
2013-07-27,289.0,200.0,13.0,,0.0
2013-07-28,311.0,189.0,0.0,,0.0
2013-07-29,328.0,211.0,112.0,,0.0
2013-07-30,344.0,239.0,0.0,,0.0
2013-07-31,322.0,244.0,20.0,,0.0
2013-08-01,339.0,228.0,0.0,,0.0
2013-08-02,344.0,217.0,0.0,,0.0
2013-08-03,333.0,244.0,0.0,,0.0
2013-08-04,350.0,233.0,48.0,,0.0
2013-08-05,356.0,239.0,0.0,,0.0
2013-08-06,361.0,244.0,0.0,,0.0
2013-08-07,383.0,256.0,0.0,,0.0
2013-08-08,372.0,250.0,0.0,,0.0
2013-08-09,383.0,222.0,0.0,,0.0
2013-08-10,356.0,244.0,36.0,,0.0
2013-08-11,356.0,250.0,3.0,,0.0
2013-08-12,356.0,239.0,0.0,,0.0
2013-08-13,306.0,233.0,20.0,,0.0
2013-08-14,289.0,183.0,41.0,,0.0
2013-08-15,289.0,161.0,0.0,,0.0
2013-08-16,283.0,139.0,0.0,,0.0
2013-08-17,300.0,194.0,0.0,,0.0
2013-08-18,317.0,194.0,0.0,,0.0
2013-08-19,328.0,189.0,0.0,,0.0
2013-08-20,339.0,194.0,0.0,,0.0
2013-08-21,344.0,206.0,0.0,,0.0
2013-08-22,350.0,222.0,0.0,,0.0
2013-08-23,356.0,217.0,0.0,,0.0
2013-08-24,356.0,222.0,0.0,,0.0
2013-08-25,322.0,222.0,0.0,,0.0
2013-08-26,344.0,211.0,0.0,,0.0
2013-08-27,344.0,194.0,0.0,,0.0
2013-08-28,356.0,194.0,0.0,,0.0
2013-08-29,367.0,217.0,0.0,,0.0
2013-08-30,378.0,228.0,0.0,,0.0
2013-08-31,378.0,250.0,0.0,,0.0
2013-09-01,389.0,244.0,18.0,,
2013-09-02,333.0,244.0,23.0,,
2013-09-03,356.0,233.0,0.0,,
2013-09-04,350.0,189.0,0.0,,
2013-09-05,356.0,194.0,0.0,,
2013-09-06,367.0,194.0,0.0,,
2013-09-07,372.0,206.0,0.0,,
2013-09-08,383.0,228.0,0.0,,
2013-09-09,372.0,244.0,0.0,,
2013-09-10,367.0,217.0,0.0,,
2013-09-11,350.0,228.0,0.0,,
2013-09-12,361.0,211.0,0.0,,
2013-09-13,333.0,189.0,0.0,,
2013-09-14,294.0,139.0,0.0,,
2013-09-15,339.0,106.0,0.0,,
2013-09-16,356.0,172.0,0.0,,
2013-09-17,350.0,200.0,0.0,,
2013-09-18,361.0,206.0,0.0,,
2013-09-19,350.0,217.0,0.0,,
2013-09-20,261.0,217.0,658.0,,
2013-09-21,267.0,144.0,0.0,,
2013-09-22,267.0,128.0,0.0,,
2013-09-23,294.0,117.0,0.0,,
2013-09-24,322.0,194.0,5.0,,
2013-09-25,300.0,161.0,0.0,,
2013-09-26,311.0,156.0,0.0,,
2013-09-27,311.0,167.0,0.0,,
2013-09-28,311.0,200.0,0.0,,
2013-09-29,239.0,200.0,58.0,,
2013-09-30,294.0,217.0,64.0,,
2013-10-01,300.0,217.0,53.0,,
2013-10-02,306.0,211.0,0.0,,
2013-10-03,289.0,206.0,0.0,,
2013-10-04,306.0,206.0,0.0,,
2013-10-05,311.0,183.0,554.0,,
2013-10-06,228.0,139.0,0.0,,
2013-10-07,233.0,100.0,0.0,,
2013-10-08,239.0,100.0,0.0,,
2013-10-09,256.0,94.0,0.0,,
2013-10-10,261.0,133.0,0.0,,
2013-10-11,278.0,194.0,0.0,,
2013-10-12,250.0,172.0,257.0,,
2013-10-13,228.0,172.0,0.0,,
2013-10-14,272.0,139.0,0.0,,
2013-10-15,267.0,189.0,203.0,,
2013-10-16,194.0,133.0,234.0,,
2013-10-17,211.0,100.0,3.0,,
2013-10-18,222.0,89.0,0.0,,
2013-10-19,178.0,67.0,3.0,,
2013-10-20,200.0,50.0,0.0,,
2013-10-21,217.0,72.0,0.0,,
2013-10-22,206.0,117.0,8.0,,
2013-10-23,206.0,78.0,0.0,,
2013-10-24,222.0,72.0,0.0,,
2013-10-25,150.0,50.0,0.0,,
2013-10-26,189.0,44.0,5.0,,
2013-10-27,172.0,111.0,3.0,,
2013-10-28,228.0,117.0,0.0,,
2013-10-29,267.0,133.0,0.0,,
2013-10-30,233.0,178.0,41.0,,
2013-10-31,233.0,128.0,460.0,,
2013-11-01,233.0,94.0,0.0,,
2013-11-02,183.0,56.0,0.0,,
2013-11-03,167.0,33.0,0.0,,
2013-11-04,206.0,72.0,0.0,,
2013-11-05,222.0,122.0,0.0,,
2013-11-06,206.0,89.0,94.0,,
2013-11-07,156.0,44.0,0.0,,
2013-11-08,172.0,28.0,0.0,,
2013-11-09,150.0,89.0,0.0,,
2013-11-10,206.0,89.0,0.0,,
2013-11-11,222.0,67.0,0.0,,
2013-11-12,139.0,11.0,0.0,,
2013-11-13,100.0,-21.0,0.0,,
2013-11-14,144.0,-32.0,0.0,,
2013-11-15,167.0,72.0,15.0,,
2013-11-16,217.0,122.0,3.0,,
2013-11-17,278.0,189.0,69.0,,
2013-11-18,200.0,89.0,0.0,,
2013-11-19,156.0,39.0,0.0,,
2013-11-20,178.0,17.0,0.0,,
2013-11-21,189.0,83.0,234.0,,
2013-11-22,189.0,72.0,457.0,,
2013-11-23,72.0,22.0,152.0,,
2013-11-24,33.0,-21.0,0.0,,
2013-11-25,28.0,6.0,130.0,,
2013-11-26,67.0,22.0,8.0,,
2013-11-27,50.0,-27.0,0.0,,
2013-11-28,106.0,-55.0,0.0,,
2013-11-29,139.0,-43.0,0.0,,
2013-11-30,172.0,-21.0,0.0,,
2013-12-01,167.0,83.0,0.0,,
2013-12-02,200.0,89.0,0.0,,
2013-12-03,217.0,78.0,3.0,,
2013-12-04,261.0,178.0,0.0,,
2013-12-05,211.0,28.0,48.0,,
2013-12-06,28.0,-21.0,389.0,,
2013-12-07,-10.0,-38.0,46.0,,
2013-12-08,11.0,-27.0,15.0,,
2013-12-09,11.0,0.0,58.0,,
2013-12-10,44.0,-38.0,0.0,,
2013-12-11,94.0,-43.0,0.0,,
2013-12-12,83.0,-32.0,0.0,,
2013-12-13,72.0,-21.0,236.0,,
2013-12-14,100.0,33.0,18.0,,
2013-12-15,89.0,17.0,0.0,,
2013-12-16,167.0,28.0,0.0,,
2013-12-17,200.0,33.0,0.0,,
2013-12-18,183.0,28.0,0.0,,
2013-12-19,189.0,61.0,0.0,,
2013-12-20,222.0,167.0,8.0,,
2013-12-21,228.0,128.0,826.0,,
2013-12-22,128.0,33.0,0.0,,
2013-12-23,56.0,-27.0,0.0,,
2013-12-24,56.0,-32.0,0.0,,
2013-12-25,128.0,-38.0,0.0,,
2013-12-26,111.0,-16.0,0.0,,
2013-12-27,139.0,-21.0,0.0,,
2013-12-28,100.0,22.0,0.0,,
2013-12-29,161.0,33.0,0.0,,
2013-12-30,50.0,6.0,0.0,,
2013-12-31,83.0,-27.0,0.0,,
2014-01-01,150.0,-38.0,0.0,,
2014-01-02,133.0,-16.0,0.0,,
2014-01-03,39.0,-66.0,0.0,,
2014-01-04,128.0,-38.0,0.0,,
2014-01-05,133.0,-49.0,41.0,,
2014-01-06,-27.0,-93.0,0.0,,
2014-01-07,28.0,-121.0,0.0,,
2014-01-08,44.0,-49.0,3.0,,
2014-01-09,50.0,6.0,274.0,,
2014-01-10,178.0,50.0,117.0,,
2014-01-11,172.0,22.0,3.0,,
2014-01-12,194.0,11.0,3.0,,
2014-01-13,172.0,89.0,33.0,,
2014-01-14,194.0,17.0,0.0,,
2014-01-15,94.0,-10.0,0.0,,
2014-01-16,167.0,6.0,0.0,,
2014-01-17,89.0,-32.0,0.0,,
2014-01-18,172.0,-38.0,0.0,,
2014-01-19,156.0,0.0,0.0,,
2014-01-20,211.0,17.0,0.0,,
2014-01-21,133.0,-38.0,0.0,,
2014-01-22,106.0,-66.0,0.0,,
2014-01-23,28.0,-43.0,0.0,,
2014-01-24,33.0,-77.0,0.0,,
2014-01-25,150.0,-16.0,0.0,,
2014-01-26,167.0,11.0,0.0,,
2014-01-27,67.0,-43.0,0.0,,
2014-01-28,-21.0,-110.0,0.0,,
2014-01-29,44.0,-116.0,0.0,,
2014-01-30,100.0,-66.0,0.0,,
2014-01-31,156.0,50.0,0.0,,
2014-02-01,194.0,100.0,0.0,,
2014-02-02,178.0,0.0,404.0,,
2014-02-03,33.0,-10.0,0.0,,
2014-02-04,11.0,-10.0,343.0,,
2014-02-05,33.0,-10.0,0.0,,
2014-02-06,-10.0,-43.0,0.0,,
2014-02-07,0.0,-43.0,36.0,,
2014-02-08,28.0,-21.0,0.0,,
2014-02-09,50.0,11.0,0.0,,
2014-02-10,11.0,-21.0,0.0,,
2014-02-11,-16.0,-43.0,8.0,,
2014-02-12,28.0,-32.0,0.0,,
2014-02-13,139.0,-43.0,0.0,,
2014-02-14,172.0,50.0,0.0,,
2014-02-15,122.0,-21.0,0.0,,
2014-02-16,183.0,33.0,0.0,,
2014-02-17,244.0,72.0,0.0,,
2014-02-18,211.0,56.0,0.0,,
2014-02-19,211.0,167.0,0.0,,
2014-02-20,244.0,67.0,173.0,,
2014-02-21,167.0,11.0,0.0,,
2014-02-22,194.0,28.0,0.0,,
2014-02-23,217.0,50.0,0.0,,
2014-02-24,122.0,11.0,0.0,,
2014-02-25,122.0,39.0,20.0,,
2014-02-26,44.0,-49.0,20.0,,
2014-02-27,106.0,-71.0,0.0,,
2014-02-28,106.0,-16.0,0.0,,
2014-03-01,222.0,83.0,0.0,,
2014-03-02,217.0,6.0,157.0,,
2014-03-03,11.0,-66.0,0.0,,
2014-03-04,11.0,-60.0,0.0,,
2014-03-05,67.0,-55.0,8.0,,
2014-03-06,78.0,-5.0,127.0,,
2014-03-07,161.0,-32.0,0.0,,
2014-03-08,200.0,11.0,0.0,,
2014-03-09,139.0,39.0,0.0,,
2014-03-10,217.0,28.0,0.0,,
2014-03-11,239.0,133.0,0.0,,
2014-03-12,161.0,44.0,0.0,,
2014-03-13,194.0,0.0,0.0,,
2014-03-14,189.0,83.0,0.0,,
2014-03-15,189.0,100.0,84.0,,
2014-03-16,183.0,22.0,94.0,,
2014-03-17,67.0,6.0,5.0,,
2014-03-18,189.0,0.0,0.0,,
2014-03-19,194.0,61.0,0.0,,
2014-03-20,211.0,22.0,0.0,,
2014-03-21,244.0,61.0,0.0,,
2014-03-22,217.0,111.0,5.0,,
2014-03-23,122.0,39.0,23.0,,
2014-03-24,156.0,6.0,0.0,,
2014-03-25,139.0,0.0,0.0,,
2014-03-26,161.0,-5.0,0.0,,
2014-03-27,217.0,89.0,102.0,,
2014-03-28,250.0,150.0,427.0,,
2014-03-29,189.0,67.0,3.0,,
2014-03-30,200.0,50.0,0.0,,
2014-03-31,233.0,67.0,5.0,,
2014-04-01,244.0,100.0,0.0,,
2014-04-02,250.0,178.0,3.0,,
2014-04-03,294.0,200.0,3.0,,
2014-04-04,228.0,83.0,109.0,,
2014-04-05,133.0,67.0,0.0,,
2014-04-06,106.0,83.0,386.0,,
2014-04-07,167.0,94.0,13.0,,
2014-04-08,150.0,61.0,99.0,,
2014-04-09,211.0,33.0,0.0,,
2014-04-10,267.0,94.0,0.0,,
2014-04-11,261.0,139.0,0.0,,
2014-04-12,256.0,139.0,0.0,,
2014-04-13,256.0,183.0,48.0,,
2014-04-14,206.0,61.0,290.0,,
2014-04-15,128.0,28.0,0.0,,
2014-04-16,167.0,17.0,0.0,,
2014-04-17,200.0,33.0,0.0,,
2014-04-18,239.0,117.0,0.0,,
2014-04-19,261.0,94.0,0.0,,
2014-04-20,278.0,100.0,0.0,,
2014-04-21,278.0,161.0,112.0,,
2014-04-22,256.0,122.0,221.0,,
2014-04-23,261.0,94.0,0.0,,
2014-04-24,278.0,122.0,147.0,,
2014-04-25,244.0,106.0,0.0,,
2014-04-26,294.0,83.0,0.0,,
2014-04-27,294.0,206.0,51.0,,
2014-04-28,267.0,139.0,117.0,,
2014-04-29,217.0,111.0,0.0,,
2014-04-30,144.0,72.0,0.0,,
2014-05-01,211.0,56.0,0.0,,
2014-05-02,244.0,67.0,0.0,,
2014-05-03,283.0,89.0,0.0,,
2014-05-04,322.0,139.0,0.0,,
2014-05-05,300.0,172.0,0.0,,
2014-05-06,289.0,161.0,0.0,,
2014-05-07,300.0,167.0,0.0,,
2014-05-08,283.0,189.0,84.0,,
2014-05-09,250.0,172.0,53.0,,
2014-05-10,294.0,178.0,0.0,,
2014-05-11,306.0,211.0,0.0,,
2014-05-12,300.0,228.0,0.0,,
2014-05-13,239.0,150.0,102.0,,
2014-05-14,150.0,89.0,460.0,,
2014-05-15,217.0,61.0,10.0,,
2014-05-16,239.0,94.0,0.0,,
2014-05-17,256.0,122.0,0.0,,
2014-05-18,244.0,139.0,0.0,,
2014-05-19,283.0,156.0,0.0,,
2014-05-20,294.0,167.0,0.0,,
2014-05-21,300.0,194.0,0.0,,
2014-05-22,311.0,183.0,0.0,,
2014-05-23,311.0,167.0,0.0,,
2014-05-24,311.0,189.0,0.0,,
2014-05-25,311.0,189.0,0.0,,
2014-05-26,306.0,222.0,0.0,,
2014-05-27,289.0,206.0,81.0,,
2014-05-28,239.0,200.0,89.0,,
2014-05-29,267.0,200.0,124.0,,
2014-05-30,256.0,211.0,302.0,,
2014-05-31,283.0,217.0,56.0,,
2014-06-01,283.0,206.0,28.0,,
2014-06-02,294.0,217.0,5.0,,
2014-06-03,317.0,211.0,0.0,,
2014-06-04,317.0,222.0,0.0,,
2014-06-05,317.0,228.0,0.0,,
2014-06-06,311.0,228.0,0.0,,
2014-06-07,333.0,222.0,0.0,,
2014-06-08,306.0,222.0,23.0,,
2014-06-09,283.0,206.0,892.0,,
2014-06-10,272.0,206.0,61.0,,
2014-06-11,283.0,178.0,0.0,,
2014-06-12,311.0,178.0,13.0,,
2014-06-13,289.0,189.0,0.0,,
2014-06-14,300.0,167.0,0.0,,
2014-06-15,322.0,211.0,0.0,,
2014-06-16,317.0,211.0,0.0,,
2014-06-17,322.0,233.0,0.0,,
2014-06-18,328.0,233.0,0.0,,
2014-06-19,328.0,233.0,0.0,,
2014-06-20,333.0,228.0,0.0,,
2014-06-21,333.0,228.0,0.0,,
2014-06-22,328.0,233.0,0.0,,
2014-06-23,328.0,217.0,64.0,,
2014-06-24,311.0,222.0,18.0,,
2014-06-25,311.0,228.0,0.0,,
2014-06-26,306.0,217.0,0.0,,
2014-06-27,283.0,211.0,23.0,,
2014-06-28,317.0,217.0,13.0,,
2014-06-29,322.0,228.0,0.0,,
2014-06-30,333.0,250.0,0.0,,
2014-07-01,333.0,233.0,0.0,,
2014-07-02,317.0,222.0,25.0,,
2014-07-03,289.0,189.0,0.0,,
2014-07-04,283.0,161.0,0.0,,
2014-07-05,300.0,156.0,0.0,,
2014-07-06,322.0,178.0,0.0,,
2014-07-07,333.0,228.0,0.0,,
2014-07-08,339.0,239.0,0.0,,
2014-07-09,294.0,222.0,0.0,,
2014-07-10,322.0,222.0,5.0,,
2014-07-11,311.0,222.0,0.0,,
2014-07-12,344.0,217.0,0.0,,
2014-07-13,350.0,233.0,0.0,,
2014-07-14,356.0,228.0,117.0,,
2014-07-15,283.0,172.0,0.0,,
2014-07-16,283.0,150.0,0.0,,
2014-07-17,244.0,183.0,30.0,,
2014-07-18,200.0,183.0,384.0,,
2014-07-19,250.0,189.0,0.0,,
2014-07-20,278.0,194.0,0.0,,
2014-07-21,311.0,183.0,0.0,,
2014-07-22,317.0,194.0,0.0,,
2014-07-23,328.0,206.0,0.0,,
2014-07-24,300.0,206.0,0.0,,
2014-07-25,317.0,161.0,0.0,,
2014-07-26,344.0,217.0,0.0,,
2014-07-27,350.0,250.0,0.0,,
2014-07-28,317.0,200.0,0.0,,
2014-07-29,300.0,189.0,0.0,,
2014-07-30,272.0,172.0,8.0,,
2014-07-31,256.0,200.0,20.0,,
2014-08-01,233.0,206.0,142.0,,
2014-08-02,283.0,211.0,0.0,,
2014-08-03,311.0,222.0,3.0,,
2014-08-04,328.0,211.0,0.0,,
2014-08-05,333.0,200.0,0.0,,
2014-08-06,339.0,217.0,0.0,,
2014-08-07,339.0,233.0,51.0,,
2014-08-08,317.0,244.0,5.0,,
2014-08-09,311.0,233.0,0.0,,
2014-08-10,339.0,233.0,33.0,,
2014-08-11,317.0,233.0,71.0,,
2014-08-12,294.0,189.0,0.0,,
2014-08-13,300.0,172.0,0.0,,
2014-08-14,306.0,161.0,0.0,,
2014-08-15,311.0,167.0,0.0,,
2014-08-16,339.0,211.0,0.0,,
2014-08-17,344.0,250.0,0.0,,
2014-08-18,311.0,206.0,699.0,,
2014-08-19,339.0,211.0,0.0,,
2014-08-20,333.0,228.0,0.0,,
2014-08-21,339.0,233.0,0.0,,
2014-08-22,344.0,233.0,0.0,,
2014-08-23,350.0,233.0,0.0,,
2014-08-24,356.0,211.0,0.0,,
2014-08-25,350.0,233.0,0.0,,
2014-08-26,333.0,222.0,0.0,,
2014-08-27,339.0,206.0,0.0,,
2014-08-28,344.0,206.0,0.0,,
2014-08-29,328.0,222.0,0.0,,
2014-08-30,261.0,239.0,150.0,,
2014-08-31,317.0,233.0,5.0,,
2014-09-01,328.0,228.0,3.0,,
2014-09-02,278.0,222.0,36.0,,
2014-09-03,322.0,211.0,0.0,,
2014-09-04,339.0,217.0,0.0,,
2014-09-05,350.0,228.0,18.0,,
2014-09-06,328.0,217.0,20.0,,
2014-09-07,294.0,200.0,3.0,,
2014-09-08,322.0,200.0,0.0,,
2014-09-09,339.0,217.0,0.0,,
2014-09-10,339.0,250.0,0.0,,
2014-09-11,328.0,211.0,0.0,,
2014-09-12,217.0,172.0,0.0,,
2014-09-13,211.0,144.0,0.0,,
2014-09-14,278.0,150.0,0.0,,
2014-09-15,283.0,172.0,0.0,,
2014-09-16,317.0,211.0,0.0,,
2014-09-17,322.0,194.0,0.0,,
2014-09-18,317.0,206.0,0.0,,
2014-09-19,311.0,200.0,0.0,,
2014-09-20,333.0,189.0,0.0,,
2014-09-21,339.0,194.0,0.0,,
2014-09-22,272.0,150.0,0.0,,
2014-09-23,278.0,111.0,0.0,,
2014-09-24,294.0,117.0,0.0,,
2014-09-25,306.0,144.0,0.0,,
2014-09-26,311.0,150.0,0.0,,
2014-09-27,300.0,161.0,0.0,,
2014-09-28,300.0,167.0,0.0,,
2014-09-29,317.0,178.0,0.0,,
2014-09-30,317.0,161.0,0.0,,
2014-10-01,317.0,206.0,18.0,,
2014-10-02,306.0,194.0,221.0,,
2014-10-03,256.0,133.0,0.0,,
2014-10-04,222.0,72.0,0.0,,
2014-10-05,272.0,111.0,0.0,,
2014-10-06,272.0,161.0,38.0,,
2014-10-07,306.0,178.0,0.0,,
2014-10-08,294.0,206.0,0.0,,
2014-10-09,306.0,183.0,0.0,,
2014-10-10,306.0,194.0,490.0,,
2014-10-11,228.0,161.0,749.0,,
2014-10-12,239.0,161.0,107.0,,
2014-10-13,250.0,150.0,254.0,,
2014-10-14,211.0,122.0,0.0,,
2014-10-15,228.0,89.0,0.0,,
2014-10-16,256.0,72.0,0.0,,
2014-10-17,283.0,167.0,0.0,,
2014-10-18,222.0,100.0,0.0,,
2014-10-19,211.0,78.0,0.0,,
2014-10-20,233.0,72.0,0.0,,
2014-10-21,267.0,122.0,0.0,,
2014-10-22,233.0,83.0,0.0,,
2014-10-23,178.0,72.0,0.0,,
2014-10-24,239.0,67.0,0.0,,
2014-10-25,278.0,117.0,0.0,,
2014-10-26,294.0,172.0,0.0,,
2014-10-27,278.0,167.0,0.0,,
2014-10-28,256.0,144.0,196.0,,
2014-10-29,217.0,83.0,0.0,,
2014-10-30,222.0,67.0,0.0,,
2014-10-31,183.0,56.0,0.0,,
2014-11-01,122.0,6.0,0.0,,
2014-11-02,161.0,-5.0,0.0,,
2014-11-03,211.0,44.0,0.0,,
2014-11-04,250.0,128.0,5.0,,
2014-11-05,156.0,128.0,254.0,,
2014-11-06,206.0,72.0,0.0,,
2014-11-07,156.0,22.0,0.0,,
2014-11-08,178.0,33.0,0.0,,
2014-11-09,189.0,28.0,0.0,,
2014-11-10,233.0,94.0,0.0,,
2014-11-11,200.0,50.0,10.0,,
2014-11-12,72.0,6.0,0.0,,
2014-11-13,39.0,-38.0,3.0,,
2014-11-14,44.0,-38.0,0.0,,
2014-11-15,72.0,-32.0,10.0,,
2014-11-16,67.0,28.0,257.0,,
2014-11-17,67.0,-21.0,3.0,,
2014-11-18,72.0,-60.0,0.0,,
2014-11-19,161.0,0.0,0.0,,
2014-11-20,139.0,39.0,0.0,,
2014-11-21,161.0,94.0,5.0,,
2014-11-22,217.0,122.0,0.0,,
2014-11-23,183.0,139.0,251.0,,
2014-11-24,167.0,39.0,0.0,,
2014-11-25,128.0,0.0,0.0,,
2014-11-26,178.0,0.0,0.0,,
2014-11-27,94.0,0.0,0.0,,
2014-11-28,156.0,-5.0,0.0,,
2014-11-29,228.0,94.0,0.0,,
2014-11-30,244.0,161.0,0.0,,
2014-12-01,200.0,17.0,13.0,,
2014-12-02,50.0,17.0,0.0,,
2014-12-03,89.0,39.0,0.0,,
2014-12-04,172.0,56.0,0.0,,
2014-12-05,211.0,139.0,66.0,,
2014-12-06,200.0,83.0,89.0,,
2014-12-07,94.0,56.0,0.0,,
2014-12-08,156.0,17.0,0.0,,
2014-12-09,167.0,17.0,0.0,,
2014-12-10,106.0,-16.0,0.0,,
2014-12-11,94.0,0.0,5.0,,
2014-12-12,94.0,56.0,33.0,,
2014-12-13,189.0,89.0,3.0,,
2014-12-14,200.0,56.0,0.0,,
2014-12-15,222.0,100.0,61.0,,
2014-12-16,122.0,22.0,0.0,,
2014-12-17,89.0,0.0,0.0,,
2014-12-18,100.0,44.0,66.0,,
2014-12-19,78.0,56.0,8.0,,
2014-12-20,122.0,22.0,0.0,,
2014-12-21,144.0,-5.0,0.0,,
2014-12-22,161.0,67.0,0.0,,
2014-12-23,156.0,89.0,28.0,,
2014-12-24,89.0,44.0,5.0,,
2014-12-25,144.0,6.0,0.0,,
2014-12-26,133.0,33.0,20.0,,
2014-12-27,156.0,83.0,653.0,,
2014-12-28,83.0,44.0,51.0,,
2014-12-29,50.0,17.0,0.0,,
2014-12-30,78.0,0.0,0.0,,
2014-12-31,56.0,-21.0,0.0,,
2015-01-01,33.0,11.0,198.0,,
2015-01-02,94.0,33.0,150.0,,
2015-01-03,161.0,83.0,292.0,,
2015-01-04,89.0,-16.0,0.0,,
2015-01-05,44.0,-38.0,0.0,,
2015-01-06,128.0,-32.0,0.0,,
2015-01-07,39.0,-71.0,0.0,,
2015-01-08,6.0,-116.0,0.0,,
2015-01-09,56.0,-60.0,0.0,,
2015-01-10,28.0,-66.0,0.0,,
2015-01-11,72.0,0.0,15.0,,
2015-01-12,72.0,28.0,152.0,,
2015-01-13,28.0,-21.0,0.0,,
2015-01-14,44.0,-27.0,0.0,,
2015-01-15,94.0,-21.0,5.0,,
2015-01-16,144.0,-38.0,0.0,,
2015-01-17,172.0,6.0,0.0,,
2015-01-18,194.0,28.0,0.0,,
2015-01-19,211.0,78.0,0.0,,
2015-01-20,189.0,67.0,0.0,,
2015-01-21,161.0,22.0,0.0,,
2015-01-22,94.0,33.0,229.0,,
2015-01-23,44.0,17.0,25.0,,
2015-01-24,150.0,-16.0,0.0,,
2015-01-25,172.0,50.0,0.0,,
2015-01-26,144.0,28.0,0.0,,
2015-01-27,194.0,28.0,0.0,,
2015-01-28,189.0,22.0,0.0,,
2015-01-29,228.0,61.0,0.0,,
2015-01-30,111.0,17.0,0.0,,
2015-01-31,133.0,-5.0,0.0,,
2015-02-01,167.0,28.0,127.0,,
2015-02-02,44.0,-27.0,0.0,,
2015-02-03,100.0,-27.0,0.0,,
2015-02-04,117.0,6.0,3.0,,
2015-02-05,67.0,-32.0,0.0,,
2015-02-06,133.0,-55.0,0.0,,
2015-02-07,194.0,56.0,0.0,,
2015-02-08,183.0,122.0,0.0,,
2015-02-09,189.0,44.0,0.0,,
2015-02-10,111.0,6.0,0.0,,
2015-02-11,178.0,-5.0,0.0,,
2015-02-12,78.0,-10.0,0.0,,
2015-02-13,94.0,-38.0,0.0,,
2015-02-14,217.0,-5.0,0.0,,
2015-02-15,61.0,-21.0,0.0,,
2015-02-16,50.0,-32.0,318.0,,
2015-02-17,11.0,-66.0,0.0,,
2015-02-18,50.0,-32.0,0.0,,
2015-02-19,22.0,-66.0,0.0,,
2015-02-20,133.0,-27.0,76.0,,
2015-02-21,178.0,39.0,338.0,,
2015-02-22,67.0,-5.0,173.0,,
2015-02-23,-5.0,-49.0,53.0,,
2015-02-24,50.0,-49.0,0.0,,
2015-02-25,11.0,-5.0,152.0,,
2015-02-26,28.0,-16.0,0.0,,
2015-02-27,11.0,-43.0,0.0,,
2015-02-28,83.0,-21.0,0.0,,
2015-03-01,56.0,11.0,277.0,,
2015-03-02,44.0,17.0,104.0,,
2015-03-03,189.0,28.0,23.0,,
2015-03-04,217.0,-16.0,196.0,,
2015-03-05,28.0,-49.0,124.0,,
2015-03-06,72.0,-77.0,0.0,,
2015-03-07,167.0,-38.0,0.0,,
2015-03-08,117.0,33.0,124.0,,
2015-03-09,117.0,72.0,84.0,,
2015-03-10,144.0,111.0,180.0,,
2015-03-11,150.0,111.0,0.0,,
2015-03-12,156.0,117.0,279.0,,
2015-03-13,206.0,150.0,165.0,,
2015-03-14,178.0,133.0,3.0,,
2015-03-15,183.0,106.0,0.0,,
2015-03-16,244.0,89.0,0.0,,
2015-03-17,272.0,139.0,0.0,,
2015-03-18,156.0,89.0,173.0,,
2015-03-19,128.0,83.0,10.0,,
2015-03-20,172.0,111.0,89.0,,
2015-03-21,139.0,111.0,61.0,,
2015-03-22,139.0,111.0,196.0,,
2015-03-23,217.0,106.0,0.0,,
2015-03-24,244.0,117.0,0.0,,
2015-03-25,256.0,128.0,0.0,,
2015-03-26,200.0,33.0,13.0,,
2015-03-27,150.0,22.0,0.0,,
2015-03-28,128.0,22.0,0.0,,
2015-03-29,256.0,44.0,0.0,,
2015-03-30,256.0,144.0,10.0,,
2015-03-31,278.0,178.0,0.0,,
2015-04-01,289.0,139.0,0.0,,
2015-04-02,283.0,194.0,0.0,,
2015-04-03,278.0,139.0,13.0,,
2015-04-04,183.0,56.0,0.0,,
2015-04-05,144.0,56.0,13.0,,
2015-04-06,256.0,133.0,3.0,,
2015-04-07,289.0,189.0,0.0,,
2015-04-08,294.0,189.0,0.0,,
2015-04-09,289.0,200.0,836.0,,
2015-04-10,211.0,83.0,137.0,,
2015-04-11,239.0,61.0,0.0,,
2015-04-12,289.0,100.0,0.0,,
2015-04-13,222.0,172.0,109.0,,
2015-04-14,194.0,150.0,94.0,,
2015-04-15,256.0,133.0,15.0,,
2015-04-16,278.0,117.0,0.0,,
2015-04-17,256.0,172.0,15.0,,
2015-04-18,206.0,172.0,165.0,,
2015-04-19,267.0,172.0,94.0,,
2015-04-20,211.0,100.0,0.0,,
2015-04-21,233.0,67.0,0.0,,
2015-04-22,267.0,122.0,3.0,,
2015-04-23,189.0,122.0,224.0,,
2015-04-24,172.0,128.0,681.0,,
2015-04-25,300.0,167.0,5.0,,
2015-04-26,267.0,128.0,0.0,,
2015-04-27,211.0,122.0,0.0,,
2015-04-28,161.0,117.0,3.0,,
2015-04-29,244.0,94.0,0.0,,
2015-04-30,267.0,83.0,0.0,,
2015-05-01,244.0,106.0,0.0,,
2015-05-02,267.0,67.0,0.0,,
2015-05-03,289.0,133.0,0.0,,
2015-05-04,294.0,150.0,0.0,,
2015-05-05,294.0,178.0,0.0,,
2015-05-06,294.0,144.0,0.0,,
2015-05-07,300.0,178.0,3.0,,
2015-05-08,272.0,211.0,135.0,,
2015-05-09,283.0,206.0,318.0,,
2015-05-10,278.0,211.0,0.0,,
2015-05-11,233.0,172.0,165.0,,
2015-05-12,233.0,161.0,0.0,,
2015-05-13,239.0,144.0,0.0,,
2015-05-14,306.0,183.0,0.0,,
2015-05-15,300.0,206.0,13.0,,
2015-05-16,306.0,217.0,0.0,,
2015-05-17,311.0,217.0,3.0,,
2015-05-18,244.0,206.0,58.0,,
2015-05-19,283.0,194.0,0.0,,
2015-05-20,300.0,200.0,0.0,,
2015-05-21,217.0,100.0,0.0,,
2015-05-22,239.0,83.0,0.0,,
2015-05-23,289.0,144.0,0.0,,
2015-05-24,294.0,206.0,69.0,,
2015-05-25,300.0,172.0,109.0,,
2015-05-26,278.0,167.0,18.0,,
2015-05-27,267.0,200.0,150.0,,
2015-05-28,289.0,183.0,145.0,,
2015-05-29,311.0,194.0,8.0,,
2015-05-30,294.0,200.0,48.0,,
2015-05-31,250.0,189.0,165.0,,
2015-06-01,261.0,178.0,0.0,,
2015-06-02,278.0,161.0,0.0,,
2015-06-03,278.0,167.0,0.0,,
2015-06-04,300.0,167.0,0.0,,
2015-06-05,317.0,172.0,0.0,,
2015-06-06,322.0,200.0,0.0,,
2015-06-07,339.0,217.0,0.0,,
2015-06-08,339.0,244.0,0.0,,
2015-06-09,333.0,206.0,290.0,,
2015-06-10,333.0,206.0,0.0,,
2015-06-11,333.0,211.0,0.0,,
2015-06-12,328.0,222.0,0.0,,
2015-06-13,306.0,222.0,130.0,,
2015-06-14,322.0,228.0,8.0,,
2015-06-15,328.0,228.0,0.0,,
2015-06-16,333.0,217.0,15.0,,
2015-06-17,333.0,217.0,3.0,,
2015-06-18,306.0,233.0,0.0,,
2015-06-19,328.0,239.0,0.0,,
2015-06-20,333.0,233.0,0.0,,
2015-06-21,328.0,244.0,0.0,,
2015-06-22,339.0,250.0,0.0,,
2015-06-23,350.0,239.0,0.0,,
2015-06-24,356.0,228.0,0.0,,
2015-06-25,344.0,217.0,0.0,,
2015-06-26,344.0,222.0,38.0,,
2015-06-27,294.0,200.0,114.0,,
2015-06-28,306.0,183.0,0.0,,
2015-06-29,328.0,222.0,0.0,,
2015-06-30,328.0,217.0,117.0,,
2015-07-01,322.0,222.0,0.0,,
2015-07-02,328.0,239.0,0.0,,
2015-07-03,294.0,228.0,30.0,,
2015-07-04,267.0,206.0,455.0,,
2015-07-05,261.0,194.0,15.0,,
2015-07-06,322.0,189.0,0.0,,
2015-07-07,333.0,244.0,0.0,,
2015-07-08,339.0,228.0,0.0,,
2015-07-09,339.0,239.0,0.0,,
2015-07-10,339.0,244.0,0.0,,
2015-07-11,344.0,244.0,0.0,,
2015-07-12,344.0,256.0,0.0,,
2015-07-13,344.0,256.0,0.0,,
2015-07-14,350.0,250.0,0.0,,
2015-07-15,356.0,250.0,0.0,,
2015-07-16,350.0,239.0,0.0,,
2015-07-17,356.0,261.0,0.0,,
2015-07-18,356.0,256.0,0.0,,
2015-07-19,367.0,244.0,0.0,,
2015-07-20,367.0,250.0,0.0,,
2015-07-21,356.0,256.0,0.0,,
2015-07-22,344.0,250.0,5.0,,
2015-07-23,356.0,256.0,0.0,,
2015-07-24,361.0,261.0,0.0,,
2015-07-25,367.0,250.0,0.0,,
2015-07-26,361.0,233.0,0.0,,
2015-07-27,372.0,239.0,0.0,,
2015-07-28,367.0,244.0,0.0,,
2015-07-29,378.0,250.0,0.0,,
2015-07-30,356.0,233.0,0.0,,
2015-07-31,344.0,206.0,0.0,,
2015-08-01,356.0,200.0,0.0,,
2015-08-02,361.0,194.0,0.0,,
2015-08-03,367.0,200.0,0.0,,
2015-08-04,372.0,222.0,0.0,,
2015-08-05,372.0,256.0,0.0,,
2015-08-06,378.0,272.0,0.0,,
2015-08-07,389.0,261.0,0.0,,
2015-08-08,394.0,272.0,0.0,,
2015-08-09,389.0,239.0,0.0,,
2015-08-10,389.0,278.0,0.0,,
2015-08-11,372.0,256.0,0.0,,
2015-08-12,344.0,228.0,0.0,,
2015-08-13,328.0,206.0,0.0,,
2015-08-14,333.0,172.0,0.0,,
2015-08-15,350.0,194.0,0.0,,
2015-08-16,350.0,206.0,0.0,,
2015-08-17,344.0,222.0,0.0,,
2015-08-18,367.0,228.0,0.0,,
2015-08-19,328.0,217.0,254.0,,
2015-08-20,233.0,194.0,33.0,,
2015-08-21,300.0,211.0,0.0,,
2015-08-22,317.0,228.0,41.0,,
2015-08-23,328.0,222.0,0.0,,
2015-08-24,306.0,206.0,10.0,,
2015-08-25,311.0,172.0,0.0,,
2015-08-26,311.0,156.0,0.0,,
2015-08-27,300.0,167.0,0.0,,
2015-08-28,317.0,150.0,0.0,,
2015-08-29,339.0,178.0,0.0,,
2015-08-30,356.0,211.0,0.0,,
2015-08-31,356.0,211.0,0.0,,
2015-09-01,333.0,211.0,0.0,,
2015-09-02,339.0,217.0,0.0,,
2015-09-03,350.0,206.0,0.0,,
2015-09-04,350.0,217.0,0.0,,
2015-09-05,356.0,222.0,0.0,,
2015-09-06,356.0,228.0,0.0,,
2015-09-07,361.0,222.0,0.0,,
2015-09-08,361.0,217.0,0.0,,
2015-09-09,278.0,222.0,89.0,,
2015-09-10,317.0,217.0,0.0,,
2015-09-11,328.0,183.0,168.0,,
2015-09-12,261.0,128.0,0.0,,
2015-09-13,261.0,100.0,0.0,,
2015-09-14,289.0,117.0,0.0,,
2015-09-15,311.0,122.0,0.0,,
2015-09-16,328.0,183.0,0.0,,
2015-09-17,339.0,189.0,0.0,,
2015-09-18,350.0,189.0,0.0,,
2015-09-19,361.0,200.0,0.0,,
2015-09-20,283.0,200.0,0.0,,
2015-09-21,300.0,161.0,0.0,,
2015-09-22,328.0,139.0,0.0,,
2015-09-23,333.0,144.0,0.0,,
2015-09-24,328.0,178.0,0.0,,
2015-09-25,328.0,172.0,0.0,,
2015-09-26,317.0,150.0,0.0,,
2015-09-27,322.0,183.0,0.0,,
2015-09-28,294.0,217.0,0.0,,
2015-09-29,311.0,217.0,0.0,,
2015-09-30,289.0,189.0,0.0,,
2015-10-01,267.0,161.0,0.0,,
2015-10-02,239.0,128.0,0.0,,
2015-10-03,189.0,133.0,0.0,,
2015-10-04,200.0,128.0,0.0,,
2015-10-05,294.0,139.0,0.0,,
2015-10-06,306.0,172.0,0.0,,
2015-10-07,322.0,178.0,0.0,,
2015-10-08,339.0,178.0,0.0,,
2015-10-09,339.0,172.0,0.0,,
2015-10-10,250.0,106.0,0.0,,
2015-10-11,294.0,83.0,0.0,,
2015-10-12,344.0,156.0,0.0,,
2015-10-13,306.0,128.0,0.0,,
2015-10-14,339.0,94.0,0.0,,
2015-10-15,361.0,178.0,0.0,,
2015-10-16,261.0,117.0,0.0,,
2015-10-17,222.0,78.0,0.0,,
2015-10-18,228.0,72.0,0.0,,
2015-10-19,250.0,50.0,0.0,,
2015-10-20,278.0,67.0,0.0,,
2015-10-21,294.0,117.0,0.0,,
2015-10-22,300.0,122.0,0.0,,
2015-10-23,250.0,189.0,43.0,,
2015-10-24,239.0,194.0,43.0,,
2015-10-25,194.0,139.0,414.0,,
2015-10-26,189.0,144.0,450.0,,
2015-10-27,217.0,183.0,81.0,,
2015-10-28,256.0,156.0,0.0,,
2015-10-29,250.0,94.0,0.0,,
2015-10-30,233.0,83.0,0.0,,
2015-10-31,200.0,161.0,198.0,,
2015-11-01,178.0,156.0,28.0,,
2015-11-02,194.0,161.0,3.0,,
2015-11-03,217.0,161.0,0.0,,
2015-11-04,244.0,172.0,0.0,,
2015-11-05,278.0,156.0,0.0,,
2015-11-06,239.0,183.0,376.0,,
2015-11-07,183.0,106.0,145.0,,
2015-11-08,189.0,94.0,0.0,,
2015-11-09,200.0,67.0,0.0,,
2015-11-10,222.0,83.0,0.0,,
2015-11-11,267.0,128.0,97.0,,
2015-11-12,194.0,83.0,0.0,,
2015-11-13,194.0,39.0,0.0,,
2015-11-14,200.0,22.0,0.0,,
2015-11-15,194.0,67.0,0.0,,
2015-11-16,211.0,111.0,246.0,,
2015-11-17,244.0,133.0,279.0,,
2015-11-18,194.0,78.0,0.0,,
2015-11-19,200.0,50.0,0.0,,
2015-11-20,189.0,56.0,0.0,,
2015-11-21,150.0,11.0,0.0,,
2015-11-22,100.0,-16.0,0.0,,
2015-11-23,167.0,-27.0,0.0,,
2015-11-24,172.0,17.0,0.0,,
2015-11-25,222.0,50.0,0.0,,
2015-11-26,239.0,150.0,0.0,,
2015-11-27,233.0,161.0,0.0,,
2015-11-28,200.0,94.0,231.0,,
2015-11-29,94.0,83.0,226.0,,
2015-11-30,117.0,83.0,338.0,,
2015-12-01,117.0,78.0,76.0,,
2015-12-02,139.0,33.0,0.0,,
2015-12-03,128.0,0.0,0.0,,
2015-12-04,133.0,-10.0,0.0,,
2015-12-05,167.0,-10.0,0.0,,
2015-12-06,189.0,22.0,0.0,,
2015-12-07,189.0,28.0,0.0,,
2015-12-08,200.0,28.0,0.0,,
2015-12-09,222.0,94.0,0.0,,
2015-12-10,211.0,61.0,0.0,,
2015-12-11,267.0,156.0,0.0,,
2015-12-12,250.0,200.0,0.0,,
2015-12-13,244.0,111.0,348.0,,
2015-12-14,183.0,72.0,0.0,,
2015-12-15,217.0,44.0,0.0,,
2015-12-16,189.0,89.0,3.0,,
2015-12-17,122.0,6.0,0.0,,
2015-12-18,111.0,-10.0,0.0,,
2015-12-19,150.0,-16.0,0.0,,
2015-12-20,133.0,0.0,0.0,,
2015-12-21,189.0,128.0,0.0,,
2015-12-22,211.0,78.0,0.0,,
2015-12-23,256.0,144.0,51.0,,
2015-12-24,233.0,89.0,218.0,,
2015-12-25,211.0,139.0,1052.0,,
2015-12-26,267.0,139.0,89.0,,
2015-12-27,256.0,156.0,0.0,,
2015-12-28,233.0,61.0,300.0,,
2015-12-29,78.0,39.0,0.0,,
2015-12-30,78.0,22.0,0.0,,
2015-12-31,106.0,11.0,0.0,,
2016-01-01,83.0,17.0,0.0,,
2016-01-02,111.0,6.0,0.0,,
2016-01-03,128.0,17.0,0.0,,
2016-01-04,61.0,-27.0,0.0,,
2016-01-05,78.0,-49.0,0.0,,
2016-01-06,133.0,-21.0,0.0,,
2016-01-07,111.0,61.0,30.0,,
2016-01-08,178.0,111.0,79.0,,
2016-01-09,139.0,44.0,170.0,,
2016-01-10,61.0,-49.0,0.0,,
2016-01-11,94.0,-60.0,0.0,,
2016-01-12,156.0,6.0,0.0,,
2016-01-13,172.0,-21.0,0.0,,
2016-01-14,178.0,56.0,0.0,,
2016-01-15,206.0,89.0,0.0,,
2016-01-16,89.0,28.0,0.0,,
2016-01-17,100.0,-21.0,0.0,,
2016-01-18,22.0,-43.0,0.0,,
2016-01-19,83.0,-49.0,0.0,,
2016-01-20,106.0,17.0,33.0,,
2016-01-21,33.0,6.0,320.0,,
2016-01-22,61.0,0.0,33.0,,
2016-01-23,44.0,-27.0,0.0,,
2016-01-24,111.0,-32.0,0.0,,
2016-01-25,200.0,44.0,0.0,,
2016-01-26,139.0,44.0,0.0,,
2016-01-27,94.0,-27.0,0.0,,
2016-01-28,183.0,-38.0,0.0,,
2016-01-29,217.0,6.0,0.0,,
2016-01-30,233.0,100.0,0.0,,
2016-01-31,250.0,161.0,0.0,,
2016-02-01,189.0,139.0,0.0,,
2016-02-02,250.0,128.0,13.0,,
2016-02-03,133.0,39.0,0.0,,
2016-02-04,111.0,-21.0,0.0,,
2016-02-05,133.0,-38.0,0.0,,
2016-02-06,150.0,-5.0,0.0,,
2016-02-07,172.0,-5.0,0.0,,
2016-02-08,111.0,-5.0,0.0,,
2016-02-09,122.0,0.0,0.0,,
2016-02-10,133.0,-38.0,0.0,,
2016-02-11,167.0,44.0,0.0,,
2016-02-12,183.0,0.0,0.0,,
2016-02-13,83.0,0.0,0.0,,
2016-02-14,183.0,28.0,0.0,,
2016-02-15,161.0,61.0,381.0,,
2016-02-16,200.0,67.0,0.0,,
2016-02-17,167.0,6.0,0.0,,
2016-02-18,228.0,28.0,0.0,,
2016-02-19,250.0,128.0,0.0,,
2016-02-20,217.0,167.0,0.0,,
2016-02-21,222.0,167.0,0.0,,
2016-02-22,178.0,83.0,178.0,,
2016-02-23,106.0,72.0,249.0,,
2016-02-24,106.0,0.0,5.0,,
2016-02-25,139.0,0.0,0.0,,
2016-02-26,133.0,-21.0,0.0,,
2016-02-27,211.0,11.0,0.0,,
2016-02-28,233.0,78.0,0.0,,
2016-02-29,244.0,100.0,0.0,,
2016-03-01,178.0,89.0,56.0,,
2016-03-02,161.0,22.0,0.0,,
2016-03-03,178.0,89.0,109.0,,
2016-03-04,189.0,44.0,0.0,,
2016-03-05,239.0,61.0,0.0,,
2016-03-06,239.0,50.0,0.0,,
2016-03-07,244.0,122.0,0.0,,
2016-03-08,261.0,150.0,767.0,,
2016-03-09,183.0,156.0,1346.0,,
2016-03-10,189.0,144.0,414.0,,
2016-03-11,172.0,133.0,249.0,,
2016-03-12,211.0,144.0,114.0,,
2016-03-13,244.0,150.0,76.0,,
2016-03-14,267.0,133.0,0.0,,
2016-03-15,311.0,167.0,0.0,,
2016-03-16,256.0,89.0,0.0,,
2016-03-17,189.0,100.0,155.0,,
2016-03-18,206.0,117.0,8.0,,
2016-03-19,150.0,44.0,10.0,,
2016-03-20,117.0,17.0,0.0,,
2016-03-21,172.0,-10.0,0.0,,
2016-03-22,222.0,56.0,0.0,,
2016-03-23,233.0,133.0,0.0,,
2016-03-24,200.0,83.0,64.0,,
2016-03-25,167.0,28.0,0.0,,
2016-03-26,239.0,56.0,0.0,,
2016-03-27,278.0,106.0,0.0,,
2016-03-28,206.0,56.0,0.0,,
2016-03-29,239.0,44.0,0.0,,
2016-03-30,239.0,150.0,541.0,,
2016-03-31,294.0,172.0,0.0,,
2016-04-01,194.0,78.0,0.0,,
2016-04-02,200.0,56.0,0.0,,
2016-04-03,244.0,61.0,0.0,,
2016-04-04,289.0,128.0,0.0,,
2016-04-05,261.0,128.0,0.0,,
2016-04-06,244.0,122.0,0.0,,
2016-04-07,289.0,89.0,0.0,,
2016-04-08,222.0,67.0,0.0,,
2016-04-09,239.0,67.0,0.0,,
2016-04-10,283.0,133.0,0.0,,
2016-04-11,222.0,139.0,229.0,,
2016-04-12,200.0,117.0,3.0,,
2016-04-13,211.0,111.0,0.0,,
2016-04-14,194.0,111.0,18.0,,
2016-04-15,200.0,161.0,295.0,,
2016-04-16,200.0,156.0,0.0,,
2016-04-17,261.0,144.0,0.0,,
2016-04-18,256.0,156.0,3.0,,
2016-04-19,194.0,133.0,478.0,,
2016-04-20,244.0,150.0,28.0,,
2016-04-21,256.0,178.0,0.0,,
2016-04-22,261.0,139.0,0.0,,
2016-04-23,283.0,117.0,0.0,,
2016-04-24,283.0,122.0,0.0,,
2016-04-25,294.0,172.0,0.0,,
2016-04-26,300.0,194.0,0.0,,
2016-04-27,272.0,172.0,76.0,,
2016-04-28,300.0,156.0,0.0,,
2016-04-29,244.0,167.0,86.0,,
2016-04-30,278.0,189.0,196.0,,
2016-05-01,300.0,194.0,203.0,,
2016-05-02,211.0,139.0,117.0,,
2016-05-03,217.0,111.0,0.0,,
2016-05-04,272.0,106.0,0.0,,
2016-05-05,256.0,94.0,0.0,,
2016-05-06,256.0,89.0,0.0,,
2016-05-07,294.0,106.0,0.0,,
2016-05-08,272.0,172.0,0.0,,
2016-05-09,256.0,183.0,0.0,,
2016-05-10,317.0,211.0,0.0,,
2016-05-11,306.0,200.0,0.0,,
2016-05-12,294.0,183.0,5.0,,
2016-05-13,283.0,122.0,0.0,,
2016-05-14,239.0,122.0,0.0,,
2016-05-15,222.0,144.0,0.0,,
2016-05-16,189.0,144.0,48.0,,
2016-05-17,289.0,167.0,0.0,,
2016-05-18,183.0,144.0,0.0,,
2016-05-19,267.0,128.0,0.0,,
2016-05-20,272.0,167.0,0.0,,
2016-05-21,289.0,150.0,0.0,,
2016-05-22,294.0,150.0,0.0,,
2016-05-23,294.0,133.0,0.0,,
2016-05-24,328.0,167.0,5.0,,
2016-05-25,306.0,200.0,0.0,,
2016-05-26,322.0,222.0,0.0,,
2016-05-27,278.0,200.0,394.0,,
2016-05-28,289.0,189.0,0.0,,
2016-05-29,339.0,189.0,127.0,,
2016-05-30,322.0,178.0,5.0,,
2016-05-31,317.0,200.0,124.0,,
2016-06-01,306.0,206.0,38.0,,
2016-06-02,300.0,206.0,38.0,,
2016-06-03,289.0,211.0,356.0,,
2016-06-04,294.0,217.0,0.0,,
2016-06-05,311.0,211.0,0.0,,
2016-06-06,317.0,189.0,0.0,,
2016-06-07,339.0,172.0,0.0,,
2016-06-08,322.0,194.0,0.0,,
2016-06-09,328.0,183.0,0.0,,
2016-06-10,344.0,194.0,0.0,,
2016-06-11,350.0,222.0,0.0,,
2016-06-12,339.0,233.0,0.0,,
2016-06-13,322.0,222.0,38.0,,
2016-06-14,306.0,233.0,251.0,,
2016-06-15,344.0,250.0,0.0,,
2016-06-16,350.0,256.0,0.0,,
2016-06-17,356.0,228.0,170.0,,
2016-06-18,328.0,239.0,0.0,,
2016-06-19,317.0,233.0,0.0,,
2016-06-20,322.0,233.0,0.0,,
2016-06-21,344.0,228.0,0.0,,
2016-06-22,344.0,256.0,0.0,,
2016-06-23,344.0,250.0,0.0,,
2016-06-24,350.0,256.0,0.0,,
2016-06-25,350.0,244.0,0.0,,
2016-06-26,361.0,250.0,0.0,,
2016-06-27,350.0,239.0,112.0,,
2016-06-28,328.0,233.0,0.0,,
2016-06-29,339.0,222.0,0.0,,
2016-06-30,339.0,206.0,0.0,,
2016-07-01,361.0,211.0,0.0,,
2016-07-02,356.0,233.0,0.0,,
2016-07-03,356.0,256.0,0.0,,
2016-07-04,350.0,267.0,0.0,,
2016-07-05,333.0,228.0,434.0,,
2016-07-06,350.0,261.0,0.0,,
2016-07-07,356.0,250.0,0.0,,
2016-07-08,356.0,261.0,0.0,,
2016-07-09,339.0,244.0,3.0,,
2016-07-10,350.0,217.0,262.0,,
2016-07-11,344.0,217.0,0.0,,
2016-07-12,344.0,233.0,0.0,,
2016-07-13,356.0,256.0,0.0,,
2016-07-14,350.0,211.0,191.0,,
2016-07-15,350.0,233.0,0.0,,
2016-07-16,339.0,239.0,0.0,,
2016-07-17,356.0,239.0,0.0,,
2016-07-18,344.0,250.0,33.0,,
2016-07-19,356.0,250.0,0.0,,
2016-07-20,361.0,256.0,0.0,,
2016-07-21,378.0,244.0,0.0,,
2016-07-22,378.0,256.0,10.0,,
2016-07-23,367.0,244.0,28.0,,
2016-07-24,361.0,239.0,191.0,,
2016-07-25,350.0,233.0,0.0,,
2016-07-26,356.0,250.0,0.0,,
2016-07-27,322.0,244.0,792.0,,
2016-07-28,289.0,239.0,3.0,,
2016-07-29,333.0,233.0,163.0,,
2016-07-30,356.0,222.0,353.0,,
2016-07-31,339.0,228.0,0.0,,
2016-08-01,361.0,250.0,0.0,,
2016-08-02,367.0,267.0,0.0,,
2016-08-03,378.0,256.0,0.0,,
2016-08-04,378.0,261.0,0.0,,
2016-08-05,383.0,272.0,0.0,,
2016-08-06,367.0,244.0,183.0,,
2016-08-07,339.0,228.0,137.0,,
2016-08-08,333.0,233.0,0.0,,
2016-08-09,361.0,244.0,0.0,,
2016-08-10,367.0,256.0,0.0,,
2016-08-11,367.0,256.0,0.0,,
2016-08-12,356.0,256.0,0.0,,
2016-08-13,283.0,233.0,64.0,,
2016-08-14,272.0,233.0,135.0,,
2016-08-15,328.0,239.0,33.0,,
2016-08-16,306.0,239.0,500.0,,
2016-08-17,294.0,233.0,122.0,,
2016-08-18,322.0,233.0,58.0,,
2016-08-19,317.0,233.0,0.0,,
2016-08-20,328.0,250.0,3.0,,
2016-08-21,300.0,244.0,0.0,,
2016-08-22,294.0,222.0,56.0,,
2016-08-23,344.0,228.0,0.0,,
2016-08-24,356.0,261.0,0.0,,
2016-08-25,367.0,239.0,112.0,,
2016-08-26,356.0,239.0,0.0,,
2016-08-27,350.0,244.0,0.0,,
2016-08-28,356.0,250.0,0.0,,
2016-08-29,372.0,239.0,117.0,,
2016-08-30,361.0,250.0,8.0,,
2016-08-31,367.0,239.0,0.0,,
2016-09-01,344.0,244.0,0.0,,
2016-09-02,311.0,211.0,0.0,,
2016-09-03,333.0,189.0,0.0,,
2016-09-04,356.0,211.0,0.0,,
2016-09-05,361.0,250.0,0.0,,
2016-09-06,350.0,244.0,0.0,,
2016-09-07,356.0,250.0,0.0,,
2016-09-08,356.0,256.0,0.0,,
2016-09-09,344.0,256.0,3.0,,
2016-09-10,356.0,233.0,51.0,,
2016-09-11,328.0,200.0,0.0,,
2016-09-12,350.0,200.0,0.0,,
2016-09-13,350.0,228.0,0.0,,
2016-09-14,361.0,233.0,0.0,,
2016-09-15,344.0,233.0,0.0,,
2016-09-16,333.0,222.0,0.0,,
2016-09-17,328.0,233.0,0.0,,
2016-09-18,289.0,200.0,0.0,,
2016-09-19,328.0,183.0,0.0,,
2016-09-20,339.0,183.0,0.0,,
2016-09-21,339.0,189.0,0.0,,
2016-09-22,328.0,183.0,0.0,,
2016-09-23,344.0,200.0,0.0,,
2016-09-24,339.0,211.0,0.0,,
2016-09-25,350.0,211.0,3.0,,
2016-09-26,272.0,178.0,0.0,,
2016-09-27,278.0,128.0,0.0,,
2016-09-28,306.0,128.0,0.0,,
2016-09-29,256.0,133.0,0.0,,
2016-09-30,267.0,117.0,0.0,,
2016-10-01,272.0,128.0,0.0,,
2016-10-02,294.0,150.0,0.0,,
2016-10-03,306.0,133.0,0.0,,
2016-10-04,311.0,139.0,0.0,,
2016-10-05,328.0,178.0,0.0,,
2016-10-06,322.0,161.0,0.0,,
2016-10-07,333.0,167.0,0.0,,
2016-10-08,256.0,117.0,0.0,,
2016-10-09,272.0,100.0,0.0,,
2016-10-10,283.0,111.0,0.0,,
2016-10-11,300.0,111.0,0.0,,
2016-10-12,289.0,139.0,0.0,,
2016-10-13,228.0,167.0,3.0,,
2016-10-14,183.0,156.0,503.0,,
2016-10-15,289.0,144.0,0.0,,
2016-10-16,306.0,178.0,0.0,,
2016-10-17,306.0,183.0,0.0,,
2016-10-18,300.0,211.0,0.0,,
2016-10-19,311.0,189.0,0.0,,
2016-10-20,261.0,133.0,3.0,,
2016-10-21,206.0,78.0,0.0,,
2016-10-22,228.0,61.0,0.0,,
2016-10-23,256.0,89.0,0.0,,
2016-10-24,261.0,111.0,0.0,,
2016-10-25,272.0,117.0,0.0,,
2016-10-26,272.0,117.0,0.0,,
2016-10-27,289.0,139.0,0.0,,
2016-10-28,294.0,133.0,0.0,,
2016-10-29,294.0,133.0,0.0,,
2016-10-30,300.0,183.0,0.0,,
2016-10-31,306.0,156.0,0.0,,
2016-11-01,300.0,150.0,0.0,,
2016-11-02,267.0,178.0,0.0,,
2016-11-03,306.0,183.0,0.0,,
2016-11-04,261.0,100.0,0.0,,
2016-11-05,217.0,89.0,0.0,,
2016-11-06,250.0,100.0,0.0,,
2016-11-07,172.0,128.0,5.0,,
2016-11-08,211.0,144.0,20.0,,
2016-11-09,211.0,89.0,0.0,,
2016-11-10,211.0,44.0,0.0,,
2016-11-11,233.0,83.0,0.0,,
2016-11-12,194.0,56.0,0.0,,
2016-11-13,189.0,11.0,0.0,,
2016-11-14,217.0,33.0,0.0,,
2016-11-15,250.0,94.0,0.0,,
2016-11-16,278.0,83.0,0.0,,
2016-11-17,278.0,128.0,0.0,,
2016-11-18,272.0,78.0,185.0,,
2016-11-19,139.0,22.0,0.0,,
2016-11-20,150.0,-10.0,0.0,,
2016-11-21,183.0,0.0,0.0,,
2016-11-22,206.0,33.0,0.0,,
2016-11-23,183.0,117.0,196.0,,
2016-11-24,183.0,67.0,0.0,,
2016-11-25,183.0,44.0,0.0,,
2016-11-26,156.0,28.0,0.0,,
2016-11-27,139.0,11.0,0.0,,
2016-11-28,172.0,94.0,396.0,,
2016-11-29,211.0,83.0,18.0,,
2016-11-30,150.0,17.0,0.0,,
2016-12-01,167.0,0.0,0.0,,
2016-12-02,183.0,6.0,0.0,,
2016-12-03,106.0,72.0,300.0,,
2016-12-04,94.0,67.0,13.0,,
2016-12-05,83.0,67.0,43.0,,
2016-12-06,122.0,50.0,81.0,,
2016-12-07,89.0,56.0,0.0,,
2016-12-08,61.0,-16.0,0.0,,
2016-12-09,44.0,-38.0,0.0,,
2016-12-10,94.0,-43.0,0.0,,
2016-12-11,178.0,61.0,0.0,,
2016-12-12,178.0,89.0,135.0,,
2016-12-13,128.0,56.0,0.0,,
2016-12-14,61.0,28.0,0.0,,
2016-12-15,50.0,-21.0,0.0,,
2016-12-16,178.0,-27.0,0.0,,
2016-12-17,256.0,39.0,196.0,,
2016-12-18,39.0,-38.0,3.0,,
2016-12-19,17.0,-66.0,0.0,,
2016-12-20,100.0,-66.0,0.0,,
2016-12-21,167.0,39.0,0.0,,
2016-12-22,133.0,28.0,0.0,,
2016-12-23,183.0,17.0,18.0,,
2016-12-24,217.0,167.0,0.0,,
2016-12-25,239.0,167.0,0.0,,
2016-12-26,261.0,206.0,10.0,,
2016-12-27,217.0,61.0,30.0,,
2016-12-28,194.0,61.0,30.0,,
2016-12-29,161.0,33.0,0.0,,
2016-12-30,139.0,-21.0,0.0,,
2016-12-31,111.0,67.0,38.0,,
2017-01-01,111.0,89.0,0.0,,
2017-01-02,189.0,111.0,284.0,,
2017-01-03,183.0,94.0,0.0,,
2017-01-04,94.0,-16.0,0.0,,
2017-01-05,39.0,-5.0,0.0,,
2017-01-06,0.0,-60.0,0.0,,
2017-01-07,0.0,-82.0,0.0,,
2017-01-08,22.0,-93.0,0.0,,
2017-01-09,128.0,-66.0,0.0,,
2017-01-10,217.0,128.0,0.0,,
2017-01-11,250.0,178.0,0.0,,
2017-01-12,261.0,183.0,0.0,,
2017-01-13,194.0,83.0,0.0,,
2017-01-14,206.0,83.0,0.0,,
2017-01-15,150.0,89.0,0.0,,
2017-01-16,217.0,94.0,81.0,,
2017-01-17,167.0,111.0,28.0,,
2017-01-18,128.0,100.0,165.0,,
2017-01-19,144.0,106.0,43.0,,
2017-01-20,233.0,144.0,0.0,,
2017-01-21,222.0,117.0,178.0,,
2017-01-22,156.0,94.0,86.0,,
2017-01-23,139.0,61.0,0.0,,
2017-01-24,194.0,39.0,0.0,,
2017-01-25,233.0,83.0,0.0,,
2017-01-26,117.0,6.0,0.0,,
2017-01-27,122.0,-21.0,0.0,,
2017-01-28,144.0,0.0,0.0,,
2017-01-29,150.0,33.0,0.0,,
2017-01-30,211.0,22.0,0.0,,
2017-01-31,250.0,111.0,0.0,,
2017-02-01,239.0,106.0,0.0,,
2017-02-02,117.0,33.0,160.0,,
2017-02-03,83.0,0.0,0.0,,
2017-02-04,89.0,-27.0,13.0,,
2017-02-05,117.0,56.0,48.0,,
2017-02-06,228.0,117.0,0.0,,
2017-02-07,278.0,122.0,0.0,,
2017-02-08,261.0,61.0,0.0,,
2017-02-09,100.0,0.0,0.0,,
2017-02-10,228.0,6.0,0.0,,
2017-02-11,278.0,178.0,0.0,,
2017-02-12,228.0,100.0,3.0,,
2017-02-13,161.0,78.0,0.0,,
2017-02-14,133.0,61.0,119.0,,
2017-02-15,156.0,17.0,0.0,,
2017-02-16,183.0,-5.0,0.0,,
2017-02-17,211.0,44.0,0.0,,
2017-02-18,189.0,111.0,0.0,,
2017-02-19,261.0,94.0,0.0,,
2017-02-20,256.0,106.0,353.0,,
2017-02-21,189.0,144.0,69.0,,
2017-02-22,200.0,122.0,0.0,,
2017-02-23,261.0,106.0,0.0,,
2017-02-24,250.0,111.0,0.0,,
2017-02-25,128.0,28.0,0.0,,
2017-02-26,189.0,0.0,0.0,,
2017-02-27,161.0,89.0,272.0,,
2017-02-28,278.0,161.0,0.0,,
2017-03-01,250.0,100.0,0.0,,
2017-03-02,167.0,33.0,0.0,,
2017-03-03,178.0,17.0,0.0,,
2017-03-04,206.0,28.0,0.0,,
2017-03-05,161.0,100.0,30.0,,
2017-03-06,239.0,144.0,36.0,,
2017-03-07,200.0,56.0,147.0,,
2017-03-08,222.0,39.0,0.0,,
2017-03-09,217.0,89.0,0.0,,
2017-03-10,194.0,78.0,48.0,,
2017-03-11,89.0,33.0,53.0,,
2017-03-12,122.0,6.0,0.0,,
2017-03-13,106.0,11.0,79.0,,
2017-03-14,100.0,11.0,0.0,,
2017-03-15,100.0,-5.0,0.0,,
2017-03-16,150.0,33.0,0.0,,
2017-03-17,239.0,128.0,0.0,,
2017-03-18,267.0,128.0,0.0,,
2017-03-19,289.0,111.0,0.0,,
2017-03-20,300.0,178.0,0.0,,
2017-03-21,311.0,161.0,0.0,,
2017-03-22,217.0,122.0,0.0,,
2017-03-23,289.0,106.0,0.0,,
2017-03-24,256.0,183.0,0.0,,
2017-03-25,267.0,117.0,94.0,,
2017-03-26,272.0,89.0,0.0,,
2017-03-27,289.0,189.0,0.0,,
2017-03-28,272.0,144.0,0.0,,
2017-03-29,278.0,172.0,25.0,,
2017-03-30,222.0,94.0,135.0,,
2017-03-31,261.0,78.0,0.0,,
2017-04-01,272.0,117.0,0.0,,
2017-04-02,233.0,139.0,320.0,,
2017-04-03,250.0,156.0,30.0,,
2017-04-04,289.0,117.0,0.0,,
2017-04-05,211.0,106.0,0.0,,
2017-04-06,211.0,67.0,0.0,,
2017-04-07,217.0,39.0,0.0,,
2017-04-08,267.0,83.0,0.0,,
2017-04-09,272.0,133.0,0.0,,
2017-04-10,278.0,139.0,13.0,,
2017-04-11,217.0,167.0,152.0,,
2017-04-12,250.0,150.0,0.0,,
2017-04-13,289.0,139.0,0.0,,
2017-04-14,289.0,150.0,0.0,,
2017-04-15,283.0,133.0,10.0,,
2017-04-16,278.0,183.0,0.0,,
2017-04-17,267.0,178.0,3.0,,
2017-04-18,283.0,172.0,140.0,,
2017-04-19,294.0,189.0,0.0,,
2017-04-20,289.0,194.0,0.0,,
2017-04-21,294.0,211.0,0.0,,
2017-04-22,233.0,117.0,259.0,,
2017-04-23,211.0,89.0,0.0,,
2017-04-24,256.0,78.0,0.0,,
2017-04-25,283.0,106.0,0.0,,
2017-04-26,272.0,128.0,328.0,,
2017-04-27,222.0,89.0,0.0,,
2017-04-28,311.0,133.0,0.0,,
2017-04-29,306.0,217.0,23.0,,
2017-04-30,250.0,139.0,660.0,,
2017-05-01,239.0,100.0,0.0,,
2017-05-02,261.0,106.0,3.0,,
2017-05-03,256.0,133.0,315.0,,
2017-05-04,172.0,83.0,10.0,,
2017-05-05,239.0,83.0,0.0,,
2017-05-06,267.0,94.0,0.0,,
2017-05-07,283.0,122.0,0.0,,
2017-05-08,294.0,139.0,0.0,,
2017-05-09,294.0,172.0,0.0,,
2017-05-10,294.0,194.0,0.0,,
2017-05-11,283.0,194.0,107.0,,
2017-05-12,261.0,178.0,25.0,,
2017-05-13,256.0,133.0,0.0,,
2017-05-14,283.0,117.0,0.0,,
2017-05-15,300.0,150.0,0.0,,
2017-05-16,311.0,161.0,0.0,,
2017-05-17,306.0,183.0,0.0,,
2017-05-18,317.0,211.0,0.0,,
2017-05-19,311.0,228.0,3.0,,
2017-05-20,278.0,200.0,41.0,,
2017-05-21,233.0,161.0,457.0,,
2017-05-22,183.0,150.0,18.0,,
2017-05-23,261.0,156.0,457.0,,
2017-05-24,211.0,122.0,229.0,,
2017-05-25,272.0,106.0,0.0,,
2017-05-26,294.0,189.0,0.0,,
2017-05-27,322.0,233.0,0.0,,
2017-05-28,283.0,189.0,185.0,,
2017-05-29,267.0,189.0,15.0,,
2017-05-30,311.0,161.0,0.0,,
2017-05-31,306.0,178.0,0.0,,
2017-06-01,244.0,194.0,152.0,,
2017-06-02,289.0,206.0,0.0,,
2017-06-03,311.0,200.0,0.0,,
2017-06-04,283.0,228.0,124.0,,
2017-06-05,283.0,211.0,0.0,,
2017-06-06,311.0,222.0,61.0,,
2017-06-07,283.0,167.0,0.0,,
2017-06-08,278.0,144.0,0.0,,
2017-06-09,289.0,144.0,0.0,,
2017-06-10,311.0,172.0,0.0,,
2017-06-11,317.0,194.0,0.0,,
2017-06-12,333.0,217.0,25.0,,
2017-06-13,322.0,211.0,15.0,,
2017-06-14,328.0,228.0,0.0,,
2017-06-15,328.0,228.0,0.0,,
2017-06-16,339.0,217.0,0.0,,
2017-06-17,322.0,206.0,0.0,,
2017-06-18,322.0,222.0,0.0,,
2017-06-19,300.0,206.0,46.0,,
2017-06-20,322.0,194.0,0.0,,
2017-06-21,278.0,200.0,33.0,,
2017-06-22,294.0,239.0,216.0,,
2017-06-23,294.0,217.0,831.0,,
2017-06-24,283.0,211.0,0.0,,
2017-06-25,289.0,189.0,0.0,,
2017-06-26,300.0,172.0,0.0,,
2017-06-27,300.0,178.0,0.0,,
2017-06-28,317.0,194.0,0.0,,
2017-06-29,311.0,222.0,0.0,,
2017-06-30,317.0,250.0,0.0,,
2017-07-01,322.0,211.0,58.0,,
2017-07-02,311.0,217.0,132.0,,
2017-07-03,306.0,244.0,3.0,,
2017-07-04,322.0,250.0,0.0,,
2017-07-05,328.0,244.0,0.0,,
2017-07-06,328.0,228.0,3.0,,
2017-07-07,339.0,233.0,0.0,,
2017-07-08,311.0,222.0,38.0,,
2017-07-09,328.0,211.0,0.0,,
2017-07-10,333.0,206.0,0.0,,
2017-07-11,333.0,233.0,0.0,,
2017-07-12,333.0,233.0,0.0,,
2017-07-13,344.0,233.0,0.0,,
2017-07-14,339.0,233.0,0.0,,
2017-07-15,328.0,228.0,13.0,,
2017-07-16,328.0,228.0,0.0,,
2017-07-17,333.0,222.0,0.0,,
2017-07-18,344.0,222.0,0.0,,
2017-07-19,356.0,233.0,0.0,,
2017-07-20,361.0,250.0,0.0,,
2017-07-21,361.0,250.0,0.0,,
2017-07-22,356.0,244.0,0.0,,
2017-07-23,333.0,239.0,5.0,,
2017-07-24,322.0,239.0,0.0,,
2017-07-25,350.0,244.0,0.0,,
2017-07-26,350.0,233.0,0.0,,
2017-07-27,350.0,256.0,0.0,,
2017-07-28,328.0,244.0,79.0,,
2017-07-29,322.0,211.0,0.0,,
2017-07-30,306.0,194.0,0.0,,
2017-07-31,333.0,200.0,0.0,,
2017-08-01,311.0,217.0,0.0,,
2017-08-02,294.0,222.0,25.0,,
2017-08-03,322.0,206.0,0.0,,
2017-08-04,333.0,222.0,0.0,,
2017-08-05,328.0,206.0,0.0,,
2017-08-06,294.0,233.0,8.0,,
2017-08-07,278.0,233.0,678.0,,
2017-08-08,289.0,222.0,30.0,,
2017-08-09,311.0,217.0,5.0,,
2017-08-10,306.0,239.0,18.0,,
2017-08-11,322.0,228.0,218.0,,
2017-08-12,322.0,233.0,0.0,,
2017-08-13,289.0,222.0,180.0,,
2017-08-14,311.0,228.0,648.0,,
2017-08-15,333.0,244.0,0.0,,
2017-08-16,339.0,244.0,0.0,,
2017-08-17,300.0,244.0,25.0,,
2017-08-18,339.0,233.0,36.0,,
2017-08-19,350.0,228.0,0.0,,
2017-08-20,356.0,244.0,0.0,,
2017-08-21,344.0,239.0,0.0,,
2017-08-22,339.0,233.0,0.0,,
2017-08-23,328.0,239.0,0.0,,
2017-08-24,300.0,194.0,0.0,,
2017-08-25,306.0,183.0,0.0,,
2017-08-26,278.0,217.0,3.0,,
2017-08-27,283.0,222.0,18.0,,
2017-08-28,272.0,206.0,198.0,,
2017-08-29,294.0,200.0,0.0,,
2017-08-30,244.0,211.0,180.0,,
2017-08-31,239.0,211.0,414.0,,
2017-09-01,294.0,194.0,0.0,,
2017-09-02,306.0,178.0,0.0,,
2017-09-03,317.0,194.0,0.0,,
2017-09-04,317.0,217.0,0.0,,
2017-09-05,311.0,178.0,23.0,,
2017-09-06,256.0,133.0,0.0,,
2017-09-07,267.0,117.0,0.0,,
2017-09-08,278.0,122.0,0.0,,
2017-09-09,283.0,144.0,0.0,,
2017-09-10,289.0,156.0,0.0,,
2017-09-11,267.0,144.0,0.0,,
2017-09-12,189.0,144.0,132.0,,
2017-09-13,261.0,161.0,0.0,,
2017-09-14,300.0,167.0,0.0,,
2017-09-15,311.0,178.0,0.0,,
2017-09-16,322.0,194.0,0.0,,
2017-09-17,333.0,206.0,0.0,,
2017-09-18,311.0,211.0,3.0,,
2017-09-19,328.0,222.0,0.0,,
2017-09-20,322.0,239.0,0.0,,
2017-09-21,328.0,217.0,0.0,,
2017-09-22,339.0,211.0,0.0,,
2017-09-23,333.0,206.0,0.0,,
2017-09-24,328.0,200.0,0.0,,
2017-09-25,322.0,189.0,0.0,,
2017-09-26,317.0,183.0,0.0,,
2017-09-27,322.0,206.0,0.0,,
2017-09-28,300.0,194.0,0.0,,
2017-09-29,289.0,167.0,0.0,,
2017-09-30,289.0,167.0,0.0,,
2017-10-01,306.0,156.0,0.0,,
2017-10-02,239.0,183.0,23.0,,
2017-10-03,306.0,206.0,0.0,,
2017-10-04,300.0,178.0,0.0,,
2017-10-05,300.0,167.0,0.0,,
2017-10-06,306.0,167.0,0.0,,
2017-10-07,306.0,206.0,20.0,,
2017-10-08,322.0,222.0,0.0,,
2017-10-09,322.0,217.0,61.0,,
2017-10-10,328.0,150.0,0.0,,
2017-10-11,233.0,111.0,0.0,,
2017-10-12,261.0,117.0,0.0,,
2017-10-13,300.0,144.0,0.0,,
2017-10-14,328.0,161.0,0.0,,
2017-10-15,272.0,128.0,13.0,,
2017-10-16,211.0,72.0,0.0,,
2017-10-17,239.0,61.0,0.0,,
2017-10-18,250.0,67.0,0.0,,
2017-10-19,261.0,72.0,0.0,,
2017-10-20,244.0,100.0,0.0,,
2017-10-21,294.0,172.0,43.0,,
2017-10-22,233.0,133.0,117.0,,
2017-10-23,233.0,83.0,0.0,,
2017-10-24,200.0,83.0,0.0,,
2017-10-25,206.0,39.0,0.0,,
2017-10-26,267.0,94.0,0.0,,
2017-10-27,178.0,67.0,71.0,,
2017-10-28,128.0,17.0,0.0,,
2017-10-29,172.0,-5.0,0.0,,
2017-10-30,250.0,89.0,0.0,,
2017-10-31,144.0,67.0,28.0,,
2017-11-01,206.0,94.0,20.0,,
2017-11-02,289.0,206.0,0.0,,
2017-11-03,300.0,194.0,3.0,,
2017-11-04,267.0,189.0,18.0,,
2017-11-05,272.0,211.0,0.0,,
2017-11-06,256.0,183.0,0.0,,
2017-11-07,183.0,117.0,0.0,,
2017-11-08,117.0,83.0,173.0,,
2017-11-09,172.0,44.0,0.0,,
2017-11-10,167.0,28.0,0.0,,
2017-11-11,189.0,22.0,0.0,,
2017-11-12,161.0,117.0,15.0,,
2017-11-13,172.0,72.0,0.0,,
2017-11-14,200.0,44.0,0.0,,
2017-11-15,206.0,94.0,0.0,,
2017-11-16,172.0,117.0,0.0,,
2017-11-17,256.0,133.0,0.0,,
2017-11-18,267.0,83.0,0.0,,
2017-11-19,150.0,6.0,0.0,,
2017-11-20,139.0,-5.0,0.0,,
2017-11-21,183.0,11.0,0.0,,
2017-11-22,117.0,-21.0,0.0,,
2017-11-23,150.0,-27.0,0.0,,
2017-11-24,194.0,11.0,0.0,,
2017-11-25,222.0,56.0,0.0,,
2017-11-26,194.0,11.0,0.0,,
2017-11-27,211.0,17.0,0.0,,
2017-11-28,211.0,33.0,0.0,,
2017-11-29,239.0,94.0,0.0,,
2017-11-30,211.0,83.0,0.0,,
2017-12-01,194.0,50.0,0.0,,
2017-12-02,211.0,50.0,0.0,,
2017-12-03,217.0,100.0,0.0,,
2017-12-04,239.0,111.0,13.0,,
2017-12-05,211.0,50.0,259.0,,
2017-12-06,111.0,44.0,0.0,,
2017-12-07,67.0,22.0,0.0,,
2017-12-08,56.0,-49.0,0.0,,
2017-12-09,128.0,-49.0,0.0,,
2017-12-10,161.0,-32.0,0.0,,
2017-12-11,222.0,44.0,0.0,,
2017-12-12,133.0,-16.0,0.0,,
2017-12-13,178.0,-21.0,0.0,,
2017-12-14,144.0,11.0,0.0,,
2017-12-15,106.0,-10.0,0.0,,
2017-12-16,144.0,28.0,0.0,,
2017-12-17,100.0,56.0,277.0,,
2017-12-18,94.0,61.0,0.0,,
2017-12-19,161.0,83.0,747.0,,
2017-12-20,172.0,89.0,175.0,,
2017-12-21,206.0,100.0,0.0,,
2017-12-22,233.0,150.0,112.0,,
2017-12-23,150.0,56.0,28.0,,
2017-12-24,94.0,6.0,0.0,,
2017-12-25,39.0,-27.0,0.0,,
2017-12-26,67.0,-10.0,0.0,,
2017-12-27,28.0,-32.0,3.0,,
2017-12-28,28.0,-60.0,0.0,,
2017-12-29,83.0,-49.0,0.0,,
2017-12-30,83.0,0.0,0.0,,
2017-12-31,0.0,-60.0,0.0,,
2018-01-01,-38.0,-93.0,0.0,,
2018-01-02,-21.0,-99.0,0.0,,
2018-01-03,50.0,-99.0,0.0,,
2018-01-04,44.0,-60.0,0.0,,
2018-01-05,106.0,-71.0,0.0,,
2018-01-06,94.0,-49.0,0.0,,
2018-01-07,122.0,-10.0,48.0,,
2018-01-08,100.0,67.0,3.0,,
2018-01-09,89.0,61.0,0.0,,
2018-01-10,172.0,83.0,0.0,,
2018-01-11,200.0,56.0,216.0,,
2018-01-12,56.0,-27.0,43.0,,
2018-01-13,11.0,-55.0,0.0,,
2018-01-14,6.0,-55.0,0.0,,
2018-01-15,139.0,-49.0,0.0,,
2018-01-16,-55.0,-121.0,0.0,,
2018-01-17,-21.0,-143.0,0.0,,
2018-01-18,56.0,-121.0,0.0,,
2018-01-19,89.0,-16.0,0.0,,
2018-01-20,194.0,78.0,3.0,,
2018-01-21,217.0,139.0,0.0,,
2018-01-22,183.0,78.0,178.0,,
2018-01-23,144.0,0.0,0.0,,
2018-01-24,156.0,-21.0,0.0,,
2018-01-25,167.0,-10.0,0.0,,
2018-01-26,189.0,-5.0,0.0,,
2018-01-27,156.0,128.0,89.0,,
2018-01-28,167.0,61.0,0.0,,
2018-01-29,122.0,-10.0,0.0,,
2018-01-30,89.0,-27.0,0.0,,
2018-01-31,189.0,11.0,0.0,,
2018-02-01,167.0,50.0,5.0,,
2018-02-02,61.0,-10.0,0.0,,
2018-02-03,94.0,-38.0,38.0,,
2018-02-04,167.0,22.0,15.0,,
2018-02-05,106.0,-10.0,0.0,,
2018-02-06,83.0,33.0,493.0,,
2018-02-07,39.0,-10.0,191.0,,
2018-02-08,122.0,-27.0,0.0,,
2018-02-09,189.0,0.0,76.0,,
2018-02-10,178.0,72.0,511.0,,
2018-02-11,78.0,11.0,5.0,,
2018-02-12,39.0,-5.0,0.0,,
2018-02-13,78.0,6.0,38.0,,
2018-02-14,200.0,78.0,503.0,,
2018-02-15,256.0,189.0,0.0,,
2018-02-16,200.0,78.0,5.0,,
2018-02-17,94.0,50.0,48.0,,
2018-02-18,161.0,50.0,5.0,,
2018-02-19,267.0,150.0,0.0,,
2018-02-20,278.0,183.0,5.0,,
2018-02-21,228.0,67.0,1283.0,,
2018-02-22,106.0,56.0,170.0,,
2018-02-23,189.0,106.0,8.0,,
2018-02-24,250.0,128.0,259.0,,
2018-02-25,133.0,94.0,5.0,,
2018-02-26,194.0,56.0,0.0,,
2018-02-27,222.0,44.0,274.0,,
2018-02-28,239.0,156.0,89.0,,
2018-03-01,211.0,89.0,315.0,,
2018-03-02,167.0,50.0,0.0,,
2018-03-03,178.0,28.0,0.0,,
2018-03-04,128.0,56.0,152.0,,
2018-03-05,239.0,89.0,53.0,,
2018-03-06,189.0,28.0,0.0,,
2018-03-07,128.0,6.0,0.0,,
2018-03-08,167.0,0.0,0.0,,
2018-03-09,217.0,61.0,0.0,,
2018-03-10,244.0,128.0,414.0,,
2018-03-11,189.0,78.0,46.0,,
2018-03-12,139.0,39.0,0.0,,
2018-03-13,156.0,11.0,0.0,,
2018-03-14,167.0,-5.0,0.0,,
2018-03-15,222.0,67.0,0.0,,
2018-03-16,239.0,133.0,5.0,,
2018-03-17,283.0,156.0,0.0,,
2018-03-18,194.0,117.0,20.0,,
2018-03-19,272.0,117.0,0.0,,
2018-03-20,144.0,89.0,0.0,,
2018-03-21,183.0,56.0,0.0,,
2018-03-22,217.0,22.0,0.0,,
2018-03-23,250.0,83.0,0.0,,
2018-03-24,239.0,172.0,0.0,,
2018-03-25,194.0,122.0,33.0,,
2018-03-26,289.0,122.0,0.0,,
2018-03-27,267.0,194.0,0.0,,
2018-03-28,206.0,161.0,498.0,,
2018-03-29,233.0,139.0,196.0,,
2018-03-30,194.0,83.0,0.0,,
2018-03-31,250.0,61.0,0.0,,
2018-04-01,256.0,117.0,0.0,,
2018-04-02,250.0,83.0,0.0,,
2018-04-03,278.0,111.0,20.0,,
2018-04-04,144.0,50.0,0.0,,
2018-04-05,183.0,22.0,0.0,,
2018-04-06,156.0,122.0,513.0,,
2018-04-07,133.0,0.0,8.0,,
2018-04-08,139.0,-10.0,0.0,,
2018-04-09,172.0,61.0,0.0,,
2018-04-10,178.0,61.0,0.0,,
2018-04-11,239.0,44.0,0.0,,
2018-04-12,278.0,117.0,0.0,,
2018-04-13,250.0,183.0,91.0,,
2018-04-14,217.0,67.0,251.0,,
2018-04-15,128.0,28.0,0.0,,
2018-04-16,211.0,11.0,0.0,,
2018-04-17,289.0,78.0,0.0,,
2018-04-18,267.0,133.0,0.0,,
2018-04-19,161.0,56.0,0.0,,
2018-04-20,206.0,39.0,0.0,,
2018-04-21,233.0,61.0,94.0,,
2018-04-22,217.0,122.0,175.0,,
2018-04-23,183.0,117.0,0.0,,
2018-04-24,244.0,111.0,0.0,,
2018-04-25,256.0,111.0,107.0,,
2018-04-26,206.0,117.0,3.0,,
2018-04-27,244.0,106.0,0.0,,
2018-04-28,283.0,94.0,0.0,,
2018-04-29,239.0,111.0,0.0,,
2018-04-30,283.0,100.0,0.0,,
2018-05-01,278.0,156.0,0.0,,
2018-05-02,311.0,189.0,0.0,,
2018-05-03,289.0,200.0,0.0,,
2018-05-04,267.0,183.0,3.0,,
2018-05-05,278.0,150.0,8.0,,
2018-05-06,311.0,150.0,5.0,,
2018-05-07,322.0,150.0,0.0,,
2018-05-08,328.0,167.0,0.0,,
2018-05-09,322.0,200.0,0.0,,
2018-05-10,317.0,194.0,0.0,,
2018-05-11,317.0,200.0,0.0,,
2018-05-12,322.0,183.0,0.0,,
2018-05-13,322.0,206.0,0.0,,
2018-05-14,339.0,211.0,0.0,,
2018-05-15,322.0,200.0,0.0,,
2018-05-16,322.0,194.0,23.0,,
2018-05-17,289.0,194.0,23.0,,
2018-05-18,322.0,172.0,0.0,,
2018-05-19,333.0,206.0,0.0,,
2018-05-20,333.0,206.0,0.0,,
2018-05-21,306.0,206.0,0.0,,
2018-05-22,322.0,194.0,56.0,,
2018-05-23,317.0,206.0,18.0,,
2018-05-24,317.0,206.0,10.0,,
2018-05-25,333.0,200.0,175.0,,
2018-05-26,306.0,200.0,43.0,,
2018-05-27,317.0,189.0,0.0,,
2018-05-28,328.0,206.0,0.0,,
2018-05-29,317.0,206.0,0.0,,
2018-05-30,344.0,217.0,0.0,,
2018-05-31,333.0,244.0,0.0,,
2018-06-01,333.0,244.0,0.0,,
2018-06-02,350.0,244.0,0.0,,
2018-06-03,311.0,178.0,0.0,,
2018-06-04,311.0,156.0,0.0,,
2018-06-05,317.0,194.0,0.0,,
2018-06-06,339.0,189.0,0.0,,
2018-06-07,339.0,189.0,0.0,,
2018-06-08,344.0,194.0,0.0,,
2018-06-09,356.0,206.0,0.0,,
2018-06-10,344.0,206.0,0.0,,
2018-06-11,344.0,222.0,0.0,,
2018-06-12,356.0,217.0,0.0,,
2018-06-13,344.0,211.0,246.0,,
2018-06-14,339.0,206.0,0.0,,
2018-06-15,344.0,239.0,0.0,,
2018-06-16,344.0,239.0,0.0,,
2018-06-17,344.0,233.0,0.0,,
2018-06-18,344.0,217.0,0.0,,
2018-06-19,317.0,228.0,41.0,,
2018-06-20,283.0,233.0,84.0,,
2018-06-21,322.0,217.0,254.0,,
2018-06-22,272.0,211.0,833.0,,
2018-06-23,339.0,233.0,3.0,,
2018-06-24,328.0,217.0,76.0,,
2018-06-25,333.0,211.0,0.0,,
2018-06-26,344.0,256.0,0.0,,
2018-06-27,344.0,261.0,0.0,,
2018-06-28,350.0,261.0,0.0,,
2018-06-29,339.0,217.0,,,
2018-06-30,344.0,250.0,0.0,,
2018-07-01,350.0,250.0,0.0,,
2018-07-02,339.0,261.0,0.0,,
2018-07-03,322.0,244.0,0.0,,
2018-07-04,333.0,233.0,0.0,,
2018-07-05,339.0,244.0,0.0,,
2018-07-06,350.0,233.0,109.0,,
2018-07-07,311.0,228.0,76.0,,
2018-07-08,311.0,228.0,5.0,,
2018-07-09,311.0,222.0,0.0,,
2018-07-10,317.0,233.0,0.0,,
2018-07-11,339.0,228.0,0.0,,
2018-07-12,344.0,239.0,0.0,,
2018-07-13,350.0,244.0,0.0,,
2018-07-14,350.0,250.0,0.0,,
2018-07-15,356.0,261.0,0.0,,
2018-07-16,350.0,244.0,91.0,,
2018-07-17,333.0,239.0,15.0,,
2018-07-18,322.0,239.0,46.0,,
2018-07-19,367.0,239.0,0.0,,
2018-07-20,361.0,256.0,0.0,,
2018-07-21,350.0,250.0,0.0,,
2018-07-22,350.0,250.0,0.0,,
2018-07-23,317.0,217.0,0.0,,
2018-07-24,328.0,217.0,0.0,,
2018-07-25,339.0,200.0,0.0,,
2018-07-26,361.0,211.0,0.0,,
2018-07-27,311.0,239.0,0.0,,
2018-07-28,283.0,222.0,10.0,,
2018-07-29,306.0,206.0,0.0,,
2018-07-30,289.0,217.0,241.0,,
2018-07-31,294.0,211.0,28.0,,
2018-08-01,306.0,183.0,0.0,,
2018-08-02,322.0,172.0,0.0,,
2018-08-03,333.0,178.0,0.0,,
2018-08-04,328.0,211.0,0.0,,
2018-08-05,328.0,239.0,0.0,,
2018-08-06,350.0,217.0,0.0,,
2018-08-07,356.0,233.0,0.0,,
2018-08-08,356.0,222.0,188.0,,
2018-08-09,306.0,222.0,150.0,,
2018-08-10,322.0,228.0,0.0,,
2018-08-11,344.0,228.0,0.0,,
2018-08-12,328.0,233.0,3.0,,
2018-08-13,311.0,222.0,0.0,,
2018-08-14,322.0,233.0,0.0,,
2018-08-15,344.0,250.0,0.0,,
2018-08-16,361.0,261.0,0.0,,
2018-08-17,311.0,222.0,23.0,,
2018-08-18,322.0,228.0,51.0,,
2018-08-19,322.0,228.0,0.0,,
2018-08-20,344.0,228.0,142.0,,
2018-08-21,300.0,211.0,0.0,,
2018-08-22,317.0,206.0,0.0,,
2018-08-23,306.0,200.0,0.0,,
2018-08-24,328.0,189.0,0.0,,
2018-08-25,344.0,206.0,0.0,,
2018-08-26,344.0,228.0,0.0,,
2018-08-27,344.0,233.0,0.0,,
2018-08-28,339.0,233.0,0.0,,
2018-08-29,339.0,228.0,13.0,,
2018-08-30,333.0,228.0,0.0,,
2018-08-31,333.0,222.0,3.0,,
2018-09-01,333.0,222.0,0.0,,
2018-09-02,333.0,222.0,0.0,,
2018-09-03,339.0,217.0,0.0,,
2018-09-04,339.0,222.0,0.0,,
2018-09-05,317.0,217.0,28.0,,
2018-09-06,272.0,233.0,216.0,,
2018-09-07,306.0,239.0,224.0,,
2018-09-08,306.0,233.0,30.0,,
2018-09-09,244.0,194.0,89.0,,
2018-09-10,239.0,183.0,0.0,,
2018-09-11,250.0,183.0,0.0,,
2018-09-12,267.0,206.0,36.0,,
2018-09-13,322.0,206.0,0.0,,
2018-09-14,344.0,228.0,15.0,,
2018-09-15,344.0,233.0,0.0,,
2018-09-16,344.0,228.0,0.0,,
2018-09-17,350.0,222.0,0.0,,
2018-09-18,356.0,217.0,0.0,,
2018-09-19,372.0,228.0,0.0,,
2018-09-20,344.0,211.0,0.0,,
2018-09-21,344.0,228.0,168.0,,
2018-09-22,239.0,194.0,86.0,,
2018-09-23,233.0,200.0,8.0,,
2018-09-24,317.0,228.0,3.0,,
2018-09-25,322.0,228.0,5.0,,
2018-09-26,283.0,194.0,0.0,,
2018-09-27,200.0,156.0,0.0,,
2018-09-28,217.0,144.0,0.0,,
2018-09-29,267.0,144.0,0.0,,
2018-09-30,283.0,161.0,0.0,,
2018-10-01,300.0,211.0,33.0,,
2018-10-02,322.0,206.0,0.0,,
2018-10-03,328.0,222.0,0.0,,
2018-10-04,328.0,217.0,0.0,,
2018-10-05,328.0,211.0,0.0,,
2018-10-06,322.0,222.0,0.0,,
2018-10-07,328.0,217.0,0.0,,
2018-10-08,333.0,206.0,0.0,,
2018-10-09,300.0,222.0,538.0,,
2018-10-10,272.0,161.0,112.0,,
2018-10-11,217.0,117.0,0.0,,
2018-10-12,217.0,100.0,3.0,,
2018-10-13,217.0,161.0,38.0,,
2018-10-14,294.0,178.0,5.0,,
2018-10-15,228.0,100.0,15.0,,
2018-10-16,106.0,83.0,97.0,,
2018-10-17,167.0,94.0,8.0,,
2018-10-18,211.0,106.0,0.0,,
2018-10-19,239.0,111.0,8.0,,
2018-10-20,217.0,111.0,36.0,,
2018-10-21,167.0,44.0,0.0,,
2018-10-22,200.0,28.0,0.0,,
2018-10-23,206.0,78.0,0.0,,
2018-10-24,217.0,61.0,10.0,,
2018-10-25,150.0,117.0,234.0,,
2018-10-26,167.0,89.0,0.0,,
2018-10-27,244.0,67.0,0.0,,
2018-10-28,289.0,133.0,0.0,,
2018-10-29,244.0,117.0,0.0,,
2018-10-30,278.0,167.0,0.0,,
2018-10-31,261.0,183.0,173.0,,
2018-11-01,183.0,94.0,66.0,,
2018-11-02,178.0,61.0,0.0,,
2018-11-03,228.0,50.0,0.0,,
2018-11-04,194.0,94.0,84.0,,
2018-11-05,217.0,78.0,0.0,,
2018-11-06,228.0,106.0,0.0,,
2018-11-07,167.0,122.0,218.0,,
2018-11-08,156.0,106.0,5.0,,
2018-11-09,122.0,44.0,97.0,,
2018-11-10,78.0,-5.0,0.0,,
2018-11-11,100.0,28.0,10.0,,
2018-11-12,100.0,44.0,356.0,,
2018-11-13,50.0,11.0,0.0,,
2018-11-14,22.0,-27.0,20.0,,
2018-11-15,106.0,-38.0,0.0,,
2018-11-16,194.0,50.0,0.0,,
2018-11-17,194.0,39.0,0.0,,
2018-11-18,200.0,61.0,13.0,,
2018-11-19,117.0,28.0,5.0,,
2018-11-20,122.0,0.0,0.0,,
2018-11-21,133.0,-10.0,0.0,,
2018-11-22,167.0,6.0,0.0,,
2018-11-23,139.0,61.0,91.0,,
2018-11-24,217.0,106.0,0.0,,
2018-11-25,206.0,33.0,0.0,,
2018-11-26,94.0,0.0,0.0,,
2018-11-27,117.0,-21.0,0.0,,
2018-11-28,183.0,-5.0,0.0,,
2018-11-29,222.0,117.0,0.0,,
2018-11-30,206.0,194.0,89.0,,
2018-12-01,239.0,133.0,109.0,,
2018-12-02,194.0,106.0,0.0,,
2018-12-03,117.0,28.0,0.0,,
2018-12-04,89.0,-5.0,0.0,,
2018-12-05,100.0,-21.0,0.0,,
2018-12-06,100.0,0.0,0.0,,
2018-12-07,72.0,61.0,536.0,,
2018-12-08,67.0,11.0,361.0,,
2018-12-09,67.0,-10.0,0.0,,
2018-12-10,94.0,-27.0,0.0,,
2018-12-11,139.0,-43.0,0.0,,
2018-12-12,133.0,61.0,0.0,,
2018-12-13,156.0,122.0,150.0,,
2018-12-14,150.0,94.0,104.0,,
2018-12-15,106.0,83.0,0.0,,
2018-12-16,167.0,50.0,0.0,,
2018-12-17,167.0,28.0,0.0,,
2018-12-18,150.0,44.0,0.0,,
2018-12-19,111.0,67.0,157.0,,
2018-12-20,117.0,72.0,8.0,,
2018-12-21,128.0,11.0,0.0,,
2018-12-22,183.0,6.0,0.0,,
2018-12-23,139.0,11.0,0.0,,
2018-12-24,128.0,-5.0,0.0,,
2018-12-25,167.0,72.0,5.0,,
2018-12-26,200.0,111.0,71.0,,
2018-12-27,167.0,128.0,439.0,,
2018-12-28,133.0,44.0,0.0,,
2018-12-29,78.0,17.0,0.0,,
2018-12-30,100.0,39.0,272.0,,
2018-12-31,206.0,83.0,79.0,,
2019-01-01,117.0,33.0,0.0,,
2019-01-02,78.0,50.0,160.0,,
2019-01-03,89.0,50.0,216.0,,
2019-01-04,78.0,50.0,3.0,,
2019-01-05,172.0,6.0,0.0,,
2019-01-06,206.0,44.0,0.0,,
2019-01-07,189.0,111.0,0.0,,
2019-01-08,222.0,100.0,0.0,,
2019-01-09,139.0,22.0,0.0,,
2019-01-10,94.0,-5.0,0.0,,
2019-01-11,94.0,33.0,0.0,,
2019-01-12,144.0,67.0,122.0,,
2019-01-13,78.0,44.0,0.0,,
2019-01-14,56.0,39.0,0.0,,
2019-01-15,78.0,22.0,0.0,,
2019-01-16,122.0,6.0,0.0,,
2019-01-17,167.0,94.0,18.0,,
2019-01-18,172.0,89.0,102.0,,
2019-01-19,183.0,6.0,86.0,,
2019-01-20,61.0,-21.0,0.0,,
2019-01-21,83.0,-27.0,0.0,,
2019-01-22,161.0,56.0,104.0,,
2019-01-23,156.0,-10.0,394.0,,
2019-01-24,106.0,-38.0,0.0,,
2019-01-25,94.0,-16.0,0.0,,
2019-01-26,144.0,28.0,0.0,,
2019-01-27,161.0,22.0,0.0,,
2019-01-28,183.0,28.0,51.0,,
2019-01-29,44.0,-27.0,0.0,,
2019-01-30,50.0,-10.0,0.0,,
2019-01-31,128.0,-32.0,0.0,,
2019-02-01,144.0,56.0,0.0,,
2019-02-02,200.0,39.0,0.0,,
2019-02-03,217.0,61.0,0.0,,
2019-02-04,228.0,161.0,0.0,,
2019-02-05,222.0,167.0,38.0,,
2019-02-06,244.0,194.0,3.0,,
2019-02-07,239.0,0.0,163.0,,
2019-02-08,22.0,-32.0,0.0,,
2019-02-09,44.0,0.0,20.0,,
2019-02-10,178.0,28.0,8.0,,
2019-02-11,194.0,89.0,427.0,,
2019-02-12,156.0,39.0,64.0,,
2019-02-13,178.0,-5.0,0.0,,
2019-02-14,222.0,100.0,0.0,,
2019-02-15,172.0,33.0,0.0,,
2019-02-16,50.0,17.0,3.0,,
2019-02-17,72.0,39.0,25.0,,
2019-02-18,67.0,22.0,0.0,,
2019-02-19,50.0,17.0,310.0,,
2019-02-20,128.0,22.0,30.0,,
2019-02-21,83.0,6.0,185.0,,
2019-02-22,150.0,83.0,991.0,,
2019-02-23,244.0,139.0,56.0,,
2019-02-24,150.0,28.0,0.0,,
2019-02-25,144.0,0.0,0.0,,
2019-02-26,167.0,22.0,0.0,,
2019-02-27,217.0,100.0,0.0,,
2019-02-28,156.0,50.0,0.0,,
2019-03-01,94.0,44.0,3.0,,
2019-03-02,122.0,56.0,5.0,,
2019-03-03,56.0,11.0,183.0,,
2019-03-04,11.0,-49.0,0.0,,
2019-03-05,78.0,-43.0,0.0,,
2019-03-06,106.0,-21.0,0.0,,
2019-03-07,133.0,-10.0,0.0,,
2019-03-08,211.0,122.0,0.0,,
2019-03-09,211.0,139.0,86.0,,
2019-03-10,200.0,72.0,0.0,,
2019-03-11,178.0,89.0,81.0,,
2019-03-12,183.0,111.0,0.0,,
2019-03-13,239.0,133.0,384.0,,
2019-03-14,217.0,122.0,38.0,,
2019-03-15,167.0,44.0,0.0,,
2019-03-16,156.0,28.0,0.0,,
2019-03-17,194.0,11.0,0.0,,
2019-03-18,183.0,28.0,0.0,,
2019-03-19,183.0,33.0,0.0,,
2019-03-20,217.0,39.0,13.0,,
2019-03-21,222.0,50.0,0.0,,
2019-03-22,228.0,28.0,0.0,,
2019-03-23,228.0,56.0,0.0,,
2019-03-24,228.0,122.0,13.0,,
2019-03-25,217.0,117.0,411.0,,
2019-03-26,178.0,67.0,0.0,,
2019-03-27,206.0,22.0,0.0,,
2019-03-28,250.0,83.0,0.0,,
2019-03-29,239.0,144.0,10.0,,
2019-03-30,222.0,83.0,38.0,,
2019-03-31,128.0,22.0,0.0,,
2019-04-01,128.0,0.0,0.0,,
2019-04-02,194.0,11.0,0.0,,
2019-04-03,233.0,44.0,0.0,,
2019-04-04,161.0,128.0,612.0,,
2019-04-05,222.0,117.0,0.0,,
2019-04-06,228.0,117.0,69.0,,
2019-04-07,206.0,161.0,762.0,,
2019-04-08,211.0,144.0,10.0,,
2019-04-09,283.0,133.0,0.0,,
2019-04-10,306.0,133.0,0.0,,
2019-04-11,278.0,150.0,112.0,,
2019-04-12,211.0,100.0,3.0,,
2019-04-13,161.0,144.0,765.0,,
2019-04-14,161.0,72.0,3.0,,
2019-04-15,239.0,61.0,0.0,,
2019-04-16,261.0,139.0,0.0,,
2019-04-17,244.0,161.0,0.0,,
2019-04-18,206.0,111.0,358.0,,
2019-04-19,144.0,83.0,10.0,,
2019-04-20,233.0,61.0,0.0,,
2019-04-21,272.0,83.0,0.0,,
2019-04-22,272.0,111.0,0.0,,
2019-04-23,267.0,167.0,0.0,,
2019-04-24,261.0,156.0,3.0,,
2019-04-25,244.0,161.0,130.0,,
2019-04-26,261.0,144.0,0.0,,
2019-04-27,283.0,150.0,0.0,,
2019-04-28,267.0,178.0,0.0,,
2019-04-29,289.0,172.0,0.0,,
2019-04-30,300.0,206.0,0.0,,
2019-05-01,267.0,178.0,28.0,,
2019-05-02,267.0,183.0,0.0,,
2019-05-03,261.0,178.0,10.0,,
2019-05-04,206.0,150.0,198.0,,
2019-05-05,261.0,128.0,0.0,,
2019-05-06,289.0,133.0,0.0,,
2019-05-07,300.0,161.0,0.0,,
2019-05-08,256.0,189.0,196.0,,
2019-05-09,267.0,189.0,787.0,,
2019-05-10,200.0,139.0,46.0,,
2019-05-11,222.0,144.0,10.0,,
2019-05-12,228.0,167.0,10.0,,
2019-05-13,267.0,122.0,0.0,,
2019-05-14,289.0,139.0,0.0,,
2019-05-15,311.0,189.0,0.0,,
2019-05-16,317.0,183.0,0.0,,
2019-05-17,317.0,206.0,0.0,,
2019-05-18,306.0,178.0,231.0,,
2019-05-19,306.0,189.0,109.0,,
2019-05-20,306.0,189.0,0.0,,
2019-05-21,317.0,206.0,0.0,,
2019-05-22,328.0,217.0,10.0,,
2019-05-23,328.0,228.0,0.0,,
2019-05-24,328.0,222.0,0.0,,
2019-05-25,328.0,217.0,0.0,,
2019-05-26,328.0,228.0,0.0,,
2019-05-27,317.0,211.0,0.0,,
2019-05-28,328.0,228.0,0.0,,
2019-05-29,322.0,217.0,36.0,,
2019-05-30,294.0,206.0,3.0,,
2019-05-31,317.0,183.0,0.0,,
2019-06-01,328.0,178.0,0.0,,
2019-06-02,344.0,194.0,0.0,,
2019-06-03,344.0,217.0,307.0,,
2019-06-04,344.0,222.0,0.0,,
2019-06-05,283.0,228.0,0.0,,
2019-06-06,278.0,211.0,264.0,,
2019-06-07,289.0,200.0,0.0,,
2019-06-08,289.0,211.0,0.0,,
2019-06-09,306.0,206.0,0.0,,
2019-06-10,289.0,167.0,0.0,,
2019-06-11,283.0,150.0,0.0,,
2019-06-12,289.0,156.0,0.0,,
2019-06-13,283.0,150.0,0.0,,
2019-06-14,300.0,133.0,0.0,,
2019-06-15,333.0,206.0,0.0,,
2019-06-16,300.0,200.0,0.0,,
2019-06-17,306.0,194.0,0.0,,
2019-06-18,311.0,222.0,0.0,,
2019-06-19,333.0,200.0,97.0,,
2019-06-20,328.0,194.0,41.0,,
2019-06-21,344.0,256.0,0.0,,
2019-06-22,344.0,256.0,0.0,,
2019-06-23,344.0,200.0,424.0,,
2019-06-24,289.0,200.0,122.0,,
2019-06-25,322.0,206.0,0.0,,
2019-06-26,328.0,206.0,0.0,,
2019-06-27,333.0,228.0,0.0,,
2019-06-28,317.0,211.0,112.0,,
2019-06-29,306.0,206.0,0.0,,
2019-06-30,328.0,217.0,0.0,,
2019-07-01,322.0,228.0,0.0,,
2019-07-02,333.0,222.0,0.0,,
2019-07-03,333.0,239.0,0.0,,
2019-07-04,328.0,228.0,46.0,,
2019-07-05,339.0,222.0,0.0,,
2019-07-06,333.0,244.0,3.0,,
2019-07-07,317.0,239.0,114.0,,
2019-07-08,333.0,233.0,5.0,,
2019-07-09,350.0,239.0,0.0,,
2019-07-10,361.0,244.0,0.0,,
2019-07-11,344.0,239.0,0.0,,
2019-07-12,333.0,239.0,0.0,,
2019-07-13,328.0,239.0,107.0,,
2019-07-14,244.0,211.0,932.0,,
2019-07-15,294.0,228.0,46.0,,
2019-07-16,283.0,228.0,170.0,,
2019-07-17,333.0,256.0,0.0,,
2019-07-18,339.0,256.0,0.0,,
2019-07-19,339.0,256.0,0.0,,
2019-07-20,339.0,261.0,0.0,,
2019-07-21,350.0,239.0,0.0,,
2019-07-22,328.0,228.0,10.0,,
2019-07-23,283.0,178.0,0.0,,
2019-07-24,306.0,156.0,0.0,,
2019-07-25,300.0,178.0,0.0,,
2019-07-26,317.0,172.0,0.0,,
2019-07-27,333.0,189.0,0.0,,
2019-07-28,328.0,217.0,0.0,,
2019-07-29,328.0,222.0,140.0,,
2019-07-30,317.0,217.0,0.0,,
2019-07-31,339.0,222.0,0.0,,
2019-08-01,322.0,228.0,0.0,,
2019-08-02,322.0,217.0,0.0,,
2019-08-03,333.0,194.0,0.0,,
2019-08-04,339.0,228.0,0.0,,
2019-08-05,339.0,217.0,0.0,,
2019-08-06,350.0,233.0,0.0,,
2019-08-07,356.0,244.0,0.0,,
2019-08-08,322.0,244.0,0.0,,
2019-08-09,333.0,250.0,15.0,,
2019-08-10,322.0,244.0,0.0,,
2019-08-11,367.0,239.0,0.0,,
2019-08-12,367.0,256.0,0.0,,
2019-08-13,372.0,267.0,0.0,,
2019-08-14,356.0,233.0,0.0,,
2019-08-15,356.0,217.0,0.0,,
2019-08-16,361.0,217.0,0.0,,
2019-08-17,367.0,217.0,0.0,,
2019-08-18,344.0,250.0,0.0,,
2019-08-19,372.0,239.0,0.0,,
2019-08-20,361.0,239.0,0.0,,
2019-08-21,367.0,228.0,0.0,,
2019-08-22,361.0,233.0,20.0,,
2019-08-23,350.0,233.0,0.0,,
2019-08-24,339.0,233.0,84.0,,
2019-08-25,317.0,239.0,0.0,,
2019-08-26,339.0,239.0,0.0,,
2019-08-27,317.0,233.0,0.0,,
2019-08-28,333.0,217.0,0.0,,
2019-08-29,339.0,194.0,0.0,,
2019-08-30,350.0,178.0,0.0,,
2019-08-31,350.0,194.0,0.0,,
2019-09-01,350.0,194.0,0.0,,
2019-09-02,356.0,211.0,0.0,,
2019-09-03,361.0,217.0,0.0,,
2019-09-04,361.0,206.0,0.0,,
2019-09-05,378.0,222.0,0.0,,
2019-09-06,372.0,228.0,0.0,,
2019-09-07,378.0,228.0,0.0,,
2019-09-08,383.0,228.0,0.0,,
2019-09-09,372.0,222.0,267.0,,
2019-09-10,344.0,222.0,0.0,,
2019-09-11,350.0,228.0,0.0,,
2019-09-12,356.0,222.0,0.0,,
2019-09-13,361.0,222.0,0.0,,
2019-09-14,361.0,233.0,0.0,,
2019-09-15,361.0,222.0,0.0,,
2019-09-16,367.0,217.0,0.0,,
2019-09-17,367.0,211.0,0.0,,
2019-09-18,372.0,222.0,0.0,,
2019-09-19,356.0,222.0,0.0,,
2019-09-20,306.0,217.0,69.0,,
2019-09-21,333.0,217.0,0.0,,
2019-09-22,333.0,217.0,0.0,,
2019-09-23,339.0,233.0,0.0,,
2019-09-24,322.0,233.0,165.0,,
2019-09-25,344.0,233.0,0.0,,
2019-09-26,344.0,222.0,0.0,,
2019-09-27,333.0,200.0,0.0,,
2019-09-28,350.0,206.0,0.0,,
2019-09-29,356.0,222.0,0.0,,
2019-09-30,361.0,222.0,0.0,,
2019-10-01,356.0,217.0,0.0,,
2019-10-02,361.0,217.0,0.0,,
2019-10-03,361.0,222.0,0.0,,
2019-10-04,294.0,217.0,0.0,,
2019-10-05,339.0,172.0,0.0,,
2019-10-06,350.0,206.0,0.0,,
2019-10-07,217.0,139.0,183.0,,
2019-10-08,267.0,128.0,0.0,,
2019-10-09,278.0,111.0,0.0,,
2019-10-10,311.0,183.0,0.0,,
2019-10-11,267.0,106.0,15.0,,
2019-10-12,189.0,56.0,0.0,,
2019-10-13,133.0,56.0,91.0,,
2019-10-14,217.0,100.0,10.0,,
2019-10-15,211.0,172.0,457.0,,
2019-10-16,206.0,83.0,0.0,,
2019-10-17,194.0,61.0,0.0,,
2019-10-18,228.0,78.0,0.0,,
2019-10-19,256.0,72.0,0.0,,
2019-10-20,283.0,144.0,0.0,,
2019-10-21,244.0,122.0,175.0,,
2019-10-22,211.0,83.0,0.0,,
2019-10-23,233.0,67.0,0.0,,
2019-10-24,244.0,72.0,0.0,,
2019-10-25,167.0,128.0,417.0,,
2019-10-26,150.0,133.0,269.0,,
2019-10-27,167.0,133.0,0.0,,
2019-10-28,161.0,133.0,0.0,,
2019-10-29,200.0,133.0,8.0,,
2019-10-30,183.0,100.0,201.0,,
2019-10-31,100.0,6.0,38.0,,
2019-11-01,144.0,-5.0,0.0,0.0,0.0
2019-11-02,167.0,11.0,0.0,0.0,0.0
2019-11-03,172.0,6.0,0.0,0.0,0.0
2019-11-04,206.0,50.0,0.0,0.0,0.0
2019-11-05,206.0,94.0,0.0,0.0,0.0
2019-11-06,239.0,89.0,0.0,0.0,0.0
2019-11-07,189.0,50.0,15.0,0.0,
2019-11-08,89.0,6.0,0.0,0.0,0.0
2019-11-09,161.0,-16.0,0.0,0.0,0.0
2019-11-10,217.0,33.0,0.0,0.0,0.0
2019-11-11,161.0,6.0,170.0,0.0,0.0
2019-11-12,11.0,-55.0,0.0,0.0,0.0
2019-11-13,83.0,-88.0,0.0,0.0,0.0
2019-11-14,122.0,6.0,0.0,0.0,0.0
2019-11-15,128.0,-16.0,0.0,0.0,0.0
2019-11-16,139.0,-21.0,0.0,0.0,0.0
2019-11-17,161.0,-5.0,0.0,0.0,0.0
2019-11-18,161.0,28.0,0.0,0.0,0.0
2019-11-19,239.0,83.0,0.0,0.0,0.0
2019-11-20,233.0,61.0,0.0,0.0,0.0
2019-11-21,172.0,117.0,384.0,0.0,0.0
2019-11-22,194.0,83.0,15.0,0.0,0.0
2019-11-23,89.0,28.0,0.0,0.0,0.0
2019-11-24,161.0,6.0,0.0,0.0,0.0
2019-11-25,206.0,67.0,0.0,0.0,0.0
2019-11-26,228.0,150.0,48.0,0.0,0.0
2019-11-27,233.0,61.0,38.0,0.0,
2019-11-28,111.0,83.0,0.0,0.0,0.0
2019-11-29,194.0,83.0,0.0,0.0,0.0
2019-11-30,217.0,133.0,368.0,0.0,0.0
2019-12-01,139.0,33.0,0.0,,
2019-12-02,100.0,6.0,0.0,,
2019-12-03,150.0,-5.0,0.0,,
2019-12-04,200.0,17.0,0.0,,
2019-12-05,206.0,78.0,0.0,,
2019-12-06,183.0,83.0,231.0,,
2019-12-07,106.0,56.0,0.0,,
2019-12-08,117.0,56.0,0.0,,
2019-12-09,244.0,117.0,8.0,,
2019-12-10,150.0,0.0,180.0,,
2019-12-11,106.0,-27.0,0.0,,
2019-12-12,122.0,-16.0,0.0,,
2019-12-13,139.0,22.0,0.0,,
2019-12-14,133.0,44.0,0.0,,
2019-12-15,189.0,44.0,0.0,,
2019-12-16,194.0,39.0,48.0,,
2019-12-17,72.0,-21.0,0.0,,
2019-12-18,111.0,-43.0,0.0,,
2019-12-19,133.0,-27.0,0.0,,
2019-12-20,111.0,-21.0,0.0,,
2019-12-21,106.0,33.0,13.0,,
2019-12-22,106.0,61.0,91.0,,
2019-12-23,183.0,78.0,0.0,,
2019-12-24,217.0,61.0,0.0,,
2019-12-25,222.0,72.0,0.0,,
2019-12-26,206.0,122.0,0.0,,
2019-12-27,183.0,128.0,23.0,,
2019-12-28,206.0,161.0,33.0,,
2019-12-29,206.0,67.0,188.0,,
2019-12-30,128.0,28.0,0.0,,
2019-12-31,133.0,6.0,0.0,,
2020-01-01,122.0,28.0,0.0,,
2020-01-02,139.0,94.0,305.0,,
2020-01-03,183.0,106.0,5.0,,
2020-01-04,128.0,11.0,0.0,,
2020-01-05,206.0,11.0,0.0,,
2020-01-06,183.0,28.0,0.0,,
2020-01-07,156.0,17.0,0.0,,
2020-01-08,189.0,0.0,0.0,,
2020-01-09,183.0,33.0,13.0,,
2020-01-10,228.0,167.0,0.0,,
2020-01-11,239.0,39.0,389.0,,
2020-01-12,67.0,22.0,0.0,,
2020-01-13,144.0,17.0,0.0,,
2020-01-14,161.0,117.0,147.0,,
2020-01-15,222.0,161.0,3.0,,
2020-01-16,206.0,67.0,25.0,,
2020-01-17,150.0,61.0,13.0,,
2020-01-18,194.0,67.0,33.0,,
2020-01-19,117.0,11.0,0.0,,
2020-01-20,56.0,-21.0,0.0,,
2020-01-21,50.0,-32.0,0.0,,
2020-01-22,39.0,-10.0,107.0,,
2020-01-23,83.0,28.0,371.0,,
2020-01-24,89.0,0.0,0.0,,
2020-01-25,139.0,-16.0,0.0,,
2020-01-26,122.0,72.0,41.0,,
2020-01-27,161.0,50.0,0.0,,
2020-01-28,117.0,22.0,36.0,,
2020-01-29,111.0,56.0,48.0,,
2020-01-30,67.0,44.0,0.0,,
2020-01-31,94.0,61.0,0.0,,
2020-02-01,150.0,50.0,0.0,,
2020-02-02,250.0,72.0,0.0,,
2020-02-03,194.0,100.0,0.0,,
2020-02-04,211.0,161.0,254.0,,
2020-02-05,161.0,50.0,231.0,,
2020-02-06,56.0,11.0,33.0,,
2020-02-07,94.0,-16.0,0.0,,
2020-02-08,161.0,17.0,0.0,,
2020-02-09,217.0,78.0,13.0,,
2020-02-10,200.0,83.0,871.0,,
2020-02-11,83.0,56.0,150.0,,
2020-02-12,89.0,56.0,279.0,,
2020-02-13,83.0,6.0,0.0,,
2020-02-14,61.0,-16.0,0.0,,
2020-02-15,167.0,-27.0,0.0,,
2020-02-16,156.0,106.0,0.0,,
2020-02-17,211.0,117.0,0.0,,
2020-02-18,222.0,72.0,64.0,,
2020-02-19,100.0,50.0,94.0,,
2020-02-20,72.0,28.0,302.0,,
2020-02-21,72.0,-27.0,0.0,,
2020-02-22,122.0,-27.0,0.0,,
2020-02-23,128.0,67.0,38.0,,
2020-02-24,206.0,106.0,0.0,,
2020-02-25,233.0,83.0,0.0,,
2020-02-26,100.0,22.0,3.0,,
2020-02-27,111.0,-21.0,0.0,,
2020-02-28,167.0,28.0,0.0,,
2020-02-29,222.0,33.0,0.0,,
2020-03-01,222.0,117.0,0.0,,
2020-03-02,244.0,156.0,0.0,,
2020-03-03,200.0,139.0,0.0,,
2020-03-04,144.0,117.0,251.0,,
2020-03-05,217.0,100.0,94.0,,
2020-03-06,172.0,44.0,0.0,,
2020-03-07,161.0,11.0,0.0,,
2020-03-08,206.0,39.0,0.0,,
2020-03-09,183.0,133.0,99.0,,
2020-03-10,244.0,122.0,5.0,,
2020-03-11,239.0,111.0,0.0,,
2020-03-12,267.0,183.0,86.0,,
2020-03-13,183.0,106.0,404.0,,
2020-03-14,256.0,111.0,3.0,,
2020-03-15,111.0,78.0,193.0,,
2020-03-16,150.0,72.0,0.0,,
2020-03-17,161.0,89.0,0.0,,
2020-03-18,244.0,128.0,10.0,,
2020-03-19,272.0,200.0,0.0,,
2020-03-20,239.0,122.0,147.0,,
2020-03-21,128.0,83.0,0.0,,
2020-03-22,122.0,83.0,389.0,,
2020-03-23,156.0,117.0,351.0,,
2020-03-24,256.0,139.0,10.0,,
2020-03-25,228.0,117.0,0.0,,
2020-03-26,300.0,122.0,0.0,,
2020-03-27,300.0,206.0,0.0,,
2020-03-28,283.0,144.0,175.0,,
2020-03-29,244.0,100.0,0.0,,
2020-03-30,194.0,117.0,404.0,,
2020-03-31,178.0,89.0,180.0,,
2020-04-01,233.0,78.0,0.0,,
2020-04-02,244.0,100.0,0.0,,
2020-04-03,217.0,139.0,36.0,,
2020-04-04,194.0,133.0,13.0,,
2020-04-05,250.0,117.0,0.0,,
2020-04-06,261.0,133.0,0.0,,
2020-04-07,267.0,194.0,401.0,,
2020-04-08,283.0,211.0,5.0,,
2020-04-09,239.0,150.0,0.0,,
2020-04-10,172.0,61.0,0.0,,
2020-04-11,233.0,50.0,18.0,,
2020-04-12,228.0,133.0,947.0,,
2020-04-13,144.0,61.0,0.0,,
2020-04-14,128.0,44.0,0.0,,
2020-04-15,178.0,11.0,0.0,,
2020-04-16,222.0,39.0,0.0,,
2020-04-17,239.0,100.0,89.0,,
2020-04-18,189.0,72.0,38.0,,
2020-04-19,167.0,122.0,267.0,,
2020-04-20,233.0,117.0,0.0,,
2020-04-21,283.0,122.0,0.0,,
2020-04-22,228.0,150.0,137.0,,
2020-04-23,228.0,133.0,0.0,,
2020-04-24,256.0,117.0,20.0,,
2020-04-25,233.0,128.0,168.0,,
2020-04-26,250.0,94.0,0.0,,
2020-04-27,250.0,111.0,0.0,,
2020-04-28,228.0,156.0,13.0,,
2020-04-29,239.0,133.0,165.0,,
2020-04-30,250.0,117.0,0.0,,
2020-05-01,283.0,106.0,0.0,,
2020-05-02,300.0,178.0,0.0,,
2020-05-03,306.0,183.0,0.0,,
2020-05-04,300.0,200.0,0.0,,
2020-05-05,261.0,139.0,20.0,,
2020-05-06,256.0,106.0,0.0,,
2020-05-07,239.0,89.0,30.0,,
2020-05-08,211.0,106.0,196.0,,
2020-05-09,200.0,83.0,0.0,,
2020-05-10,250.0,67.0,0.0,,
2020-05-11,228.0,122.0,0.0,,
2020-05-12,267.0,117.0,0.0,,
2020-05-13,294.0,167.0,3.0,,
2020-05-14,283.0,194.0,0.0,,
2020-05-15,300.0,194.0,0.0,,
2020-05-16,278.0,217.0,10.0,,
2020-05-17,256.0,200.0,201.0,,
2020-05-18,278.0,150.0,0.0,,
2020-05-19,239.0,122.0,0.0,,
2020-05-20,272.0,122.0,0.0,,
2020-05-21,283.0,161.0,0.0,,
2020-05-22,322.0,206.0,0.0,,
2020-05-23,283.0,189.0,36.0,,
2020-05-24,322.0,206.0,0.0,,
2020-05-25,322.0,206.0,36.0,,
2020-05-26,278.0,200.0,3.0,,
2020-05-27,278.0,172.0,89.0,,
2020-05-28,261.0,172.0,0.0,,
2020-05-29,289.0,167.0,0.0,,
2020-05-30,294.0,156.0,0.0,,
2020-05-31,294.0,139.0,0.0,,
2020-06-01,300.0,167.0,0.0,,
2020-06-02,311.0,161.0,0.0,,
2020-06-03,317.0,211.0,0.0,,
2020-06-04,317.0,222.0,0.0,,
2020-06-05,344.0,211.0,36.0,,
2020-06-06,328.0,206.0,0.0,,
2020-06-07,333.0,222.0,0.0,,
2020-06-08,278.0,228.0,498.0,,
2020-06-09,333.0,233.0,48.0,,
2020-06-10,272.0,172.0,10.0,,
2020-06-11,294.0,150.0,0.0,,
2020-06-12,311.0,156.0,0.0,,
2020-06-13,328.0,178.0,0.0,,
2020-06-14,333.0,178.0,0.0,,
2020-06-15,339.0,194.0,0.0,,
2020-06-16,306.0,172.0,0.0,,
2020-06-17,317.0,161.0,0.0,,
2020-06-18,322.0,178.0,0.0,,
2020-06-19,322.0,194.0,0.0,,
2020-06-20,333.0,239.0,28.0,,
2020-06-21,322.0,211.0,46.0,,
2020-06-22,294.0,200.0,249.0,,
2020-06-23,300.0,233.0,5.0,,
2020-06-24,300.0,222.0,0.0,,
2020-06-25,300.0,217.0,8.0,,
2020-06-26,267.0,222.0,445.0,,
2020-06-27,322.0,250.0,0.0,,
2020-06-28,328.0,228.0,13.0,,
2020-06-29,317.0,244.0,13.0,,
2020-06-30,333.0,250.0,0.0,,
2020-07-01,333.0,250.0,0.0,,
2020-07-02,344.0,217.0,160.0,,
2020-07-03,328.0,222.0,18.0,,
2020-07-04,333.0,222.0,772.0,,
2020-07-05,317.0,217.0,0.0,,
2020-07-06,322.0,228.0,0.0,,
2020-07-07,300.0,233.0,3.0,,
2020-07-08,322.0,233.0,8.0,,
2020-07-09,333.0,244.0,0.0,,
2020-07-10,344.0,233.0,0.0,,
2020-07-11,350.0,256.0,0.0,,
2020-07-12,344.0,250.0,0.0,,
2020-07-13,344.0,228.0,0.0,,
2020-07-14,344.0,239.0,0.0,,
2020-07-15,344.0,261.0,0.0,,
2020-07-16,350.0,239.0,0.0,,
2020-07-17,333.0,239.0,0.0,,
2020-07-18,344.0,239.0,0.0,,
2020-07-19,350.0,244.0,0.0,,
2020-07-20,344.0,250.0,0.0,,
2020-07-21,344.0,250.0,0.0,,
2020-07-22,339.0,250.0,0.0,,
2020-07-23,344.0,244.0,0.0,,
2020-07-24,333.0,233.0,69.0,,
2020-07-25,328.0,239.0,13.0,,
2020-07-26,339.0,222.0,292.0,,
2020-07-27,328.0,228.0,36.0,,
2020-07-28,333.0,228.0,0.0,,
2020-07-29,339.0,239.0,0.0,,
2020-07-30,328.0,250.0,0.0,,
2020-07-31,283.0,228.0,231.0,,
2020-08-01,300.0,211.0,0.0,,
2020-08-02,322.0,211.0,0.0,,
2020-08-03,322.0,206.0,0.0,,
2020-08-04,294.0,206.0,0.0,,
2020-08-05,300.0,189.0,0.0,,
2020-08-06,311.0,172.0,0.0,,
2020-08-07,328.0,211.0,0.0,,
2020-08-08,350.0,217.0,0.0,,
2020-08-09,356.0,239.0,0.0,,
2020-08-10,356.0,256.0,0.0,,
2020-08-11,367.0,233.0,0.0,,
2020-08-12,311.0,228.0,13.0,,
2020-08-13,311.0,233.0,0.0,,
2020-08-14,311.0,228.0,102.0,,
2020-08-15,350.0,228.0,0.0,,
2020-08-16,344.0,217.0,0.0,,
2020-08-17,333.0,200.0,0.0,,
2020-08-18,328.0,194.0,0.0,,
2020-08-19,306.0,200.0,0.0,,
2020-08-20,311.0,189.0,0.0,,
2020-08-21,322.0,206.0,91.0,,
2020-08-22,328.0,194.0,0.0,,
2020-08-23,339.0,189.0,0.0,,
2020-08-24,339.0,200.0,0.0,,
2020-08-25,333.0,222.0,0.0,,
2020-08-26,350.0,233.0,0.0,,
2020-08-27,256.0,222.0,711.0,,
2020-08-28,333.0,228.0,0.0,,
2020-08-29,344.0,228.0,43.0,,
2020-08-30,322.0,233.0,0.0,,
2020-08-31,328.0,256.0,0.0,,
2020-09-01,339.0,256.0,38.0,,
2020-09-02,322.0,250.0,0.0,,
2020-09-03,306.0,233.0,231.0,,
2020-09-04,328.0,239.0,0.0,,
2020-09-05,289.0,183.0,0.0,,
2020-09-06,328.0,167.0,0.0,,
2020-09-07,328.0,189.0,0.0,,
2020-09-08,322.0,206.0,0.0,,
2020-09-09,339.0,211.0,0.0,,
2020-09-10,333.0,211.0,0.0,,
2020-09-11,339.0,206.0,0.0,,
2020-09-12,333.0,222.0,112.0,,
2020-09-13,272.0,233.0,274.0,,
2020-09-14,311.0,228.0,0.0,,
2020-09-15,311.0,211.0,0.0,,
2020-09-16,317.0,222.0,43.0,,
2020-09-17,300.0,194.0,0.0,,
2020-09-18,283.0,189.0,0.0,,
2020-09-19,261.0,150.0,0.0,,
2020-09-20,289.0,161.0,0.0,,
2020-09-21,228.0,172.0,36.0,,
2020-09-22,233.0,172.0,246.0,,
2020-09-23,200.0,172.0,429.0,,
2020-09-24,194.0,161.0,20.0,,
2020-09-25,228.0,172.0,0.0,,
2020-09-26,256.0,178.0,0.0,,
2020-09-27,300.0,178.0,0.0,,
2020-09-28,239.0,144.0,89.0,,
2020-09-29,239.0,106.0,0.0,,
2020-09-30,289.0,117.0,0.0,,
2020-10-01,250.0,133.0,0.0,,
2020-10-02,222.0,94.0,0.0,,
2020-10-03,228.0,83.0,0.0,,
2020-10-04,239.0,111.0,0.0,,
2020-10-05,222.0,89.0,0.0,,
2020-10-06,261.0,72.0,0.0,,
2020-10-07,289.0,100.0,0.0,,
2020-10-08,256.0,139.0,5.0,,
2020-10-09,217.0,194.0,163.0,,
2020-10-10,217.0,183.0,559.0,,
2020-10-11,267.0,194.0,0.0,,
2020-10-12,283.0,122.0,0.0,,
2020-10-13,250.0,94.0,0.0,,
2020-10-14,272.0,83.0,0.0,,
2020-10-15,194.0,133.0,41.0,,
2020-10-16,194.0,67.0,0.0,,
2020-10-17,222.0,56.0,0.0,,
2020-10-18,272.0,161.0,0.0,,
2020-10-19,283.0,200.0,0.0,,
2020-10-20,294.0,178.0,0.0,,
2020-10-21,300.0,167.0,0.0,,
2020-10-22,294.0,178.0,0.0,,
2020-10-23,267.0,117.0,213.0,,
2020-10-24,122.0,100.0,0.0,,
2020-10-25,139.0,100.0,0.0,,
2020-10-26,172.0,117.0,0.0,,
2020-10-27,139.0,111.0,0.0,,
2020-10-28,150.0,106.0,478.0,,
2020-10-29,128.0,61.0,3.0,,
2020-10-30,150.0,50.0,0.0,,
2020-10-31,194.0,33.0,0.0,,
2020-11-01,200.0,61.0,0.0,,
2020-11-02,161.0,17.0,0.0,,
2020-11-03,211.0,33.0,0.0,,
2020-11-04,233.0,61.0,0.0,,
2020-11-05,233.0,78.0,0.0,,
2020-11-06,239.0,78.0,0.0,,
2020-11-07,256.0,117.0,0.0,,
2020-11-08,272.0,156.0,0.0,,
2020-11-09,244.0,150.0,0.0,,
2020-11-10,278.0,172.0,0.0,,
2020-11-11,206.0,100.0,0.0,,
2020-11-12,217.0,56.0,0.0,,
2020-11-13,200.0,100.0,0.0,,
2020-11-14,256.0,83.0,0.0,,
2020-11-15,222.0,33.0,69.0,,
2020-11-16,194.0,17.0,0.0,,
2020-11-17,206.0,50.0,0.0,,
2020-11-18,206.0,28.0,0.0,,
2020-11-19,222.0,44.0,0.0,,
2020-11-20,239.0,111.0,0.0,,
2020-11-21,250.0,111.0,0.0,,
2020-11-22,206.0,89.0,3.0,,
2020-11-23,150.0,28.0,0.0,,
2020-11-24,200.0,22.0,3.0,,
2020-11-25,206.0,56.0,216.0,,
2020-11-26,183.0,28.0,0.0,,
2020-11-27,144.0,72.0,5.0,,
2020-11-28,133.0,67.0,0.0,,
2020-11-29,83.0,67.0,140.0,,
2020-11-30,83.0,-5.0,0.0,,
2020-12-01,122.0,-32.0,0.0,,
2020-12-02,139.0,-27.0,0.0,,
2020-12-03,78.0,56.0,56.0,,
2020-12-04,94.0,39.0,0.0,,
2020-12-05,156.0,6.0,0.0,,
2020-12-06,156.0,22.0,0.0,,
2020-12-07,133.0,6.0,0.0,,
2020-12-08,172.0,28.0,0.0,,
2020-12-09,217.0,28.0,0.0,,
2020-12-10,172.0,78.0,0.0,,
2020-12-11,217.0,61.0,170.0,,
2020-12-12,167.0,39.0,0.0,,
2020-12-13,89.0,11.0,376.0,,
2020-12-14,67.0,-10.0,0.0,,
2020-12-15,33.0,-16.0,28.0,,
2020-12-16,28.0,6.0,3.0,,
2020-12-17,94.0,-16.0,0.0,,
2020-12-18,122.0,-10.0,0.0,,
2020-12-19,89.0,61.0,249.0,,
2020-12-20,133.0,50.0,0.0,,
2020-12-21,189.0,33.0,0.0,,
2020-12-22,189.0,33.0,0.0,,
2020-12-23,189.0,78.0,71.0,,
2020-12-24,83.0,-27.0,0.0,,
2020-12-25,67.0,-32.0,0.0,,
2020-12-26,167.0,0.0,0.0,,
2020-12-27,194.0,39.0,0.0,,
2020-12-28,150.0,56.0,0.0,,
2020-12-29,178.0,67.0,0.0,,
2020-12-30,189.0,61.0,399.0,,
2020-12-31,94.0,39.0,775.0,,
2021-01-01,111.0,50.0,66.0,,
2021-01-02,61.0,6.0,3.0,,
2021-01-03,144.0,-16.0,0.0,,
2021-01-04,172.0,50.0,0.0,,
2021-01-05,139.0,11.0,0.0,,
2021-01-06,122.0,6.0,91.0,,
2021-01-07,67.0,33.0,264.0,,
2021-01-08,50.0,11.0,0.0,,
2021-01-09,61.0,-27.0,0.0,,
2021-01-10,28.0,-27.0,5.0,,
2021-01-11,33.0,-32.0,43.0,,
2021-01-12,94.0,-49.0,0.0,,
2021-01-13,133.0,-5.0,0.0,,
2021-01-14,150.0,28.0,0.0,,
2021-01-15,106.0,28.0,0.0,,
2021-01-16,106.0,-5.0,0.0,,
2021-01-17,133.0,6.0,0.0,,
2021-01-18,167.0,-5.0,0.0,,
2021-01-19,122.0,78.0,244.0,,
2021-01-20,100.0,56.0,61.0,,
2021-01-21,106.0,72.0,36.0,,
2021-01-22,133.0,50.0,3.0,,
2021-01-23,89.0,39.0,0.0,,
2021-01-24,133.0,89.0,185.0,,
2021-01-25,239.0,128.0,15.0,,
2021-01-26,189.0,78.0,0.0,,
2021-01-27,128.0,33.0,0.0,,
2021-01-28,72.0,-10.0,0.0,,
2021-01-29,133.0,-21.0,0.0,,
2021-01-30,172.0,89.0,43.0,,
2021-01-31,172.0,44.0,0.0,,
2021-02-01,100.0,-10.0,0.0,,
2021-02-02,83.0,-21.0,0.0,,
2021-02-03,128.0,-32.0,0.0,,
2021-02-04,178.0,56.0,43.0,,
2021-02-05,106.0,-16.0,0.0,,
2021-02-06,117.0,22.0,38.0,,
2021-02-07,56.0,28.0,0.0,,
2021-02-08,161.0,6.0,0.0,,
2021-02-09,100.0,22.0,0.0,,
2021-02-10,67.0,0.0,25.0,,
2021-02-11,0.0,-21.0,107.0,,
2021-02-12,-21.0,-38.0,0.0,,
2021-02-13,-27.0,-49.0,0.0,,
2021-02-14,-43.0,-82.0,0.0,,
2021-02-15,-77.0,-116.0,104.0,,
2021-02-16,-49.0,-121.0,0.0,,
2021-02-17,-38.0,-77.0,137.0,,
2021-02-18,-5.0,-66.0,0.0,,
2021-02-19,33.0,-110.0,0.0,,
2021-02-20,83.0,-88.0,0.0,,
2021-02-21,128.0,-55.0,0.0,,
2021-02-22,161.0,39.0,33.0,,
2021-02-23,228.0,67.0,0.0,,
2021-02-24,217.0,94.0,0.0,,
2021-02-25,156.0,78.0,152.0,,
2021-02-26,156.0,72.0,485.0,,
2021-02-27,178.0,117.0,56.0,,
2021-02-28,244.0,156.0,328.0,,
2021-03-01,156.0,61.0,432.0,,
2021-03-02,89.0,11.0,18.0,,
2021-03-03,178.0,-5.0,0.0,,
2021-03-04,222.0,33.0,0.0,,
2021-03-05,156.0,61.0,3.0,,
2021-03-06,150.0,22.0,0.0,,
2021-03-07,178.0,0.0,0.0,,
2021-03-08,211.0,17.0,0.0,,
2021-03-09,228.0,94.0,0.0,,
2021-03-10,250.0,144.0,0.0,,
2021-03-11,250.0,178.0,0.0,,
2021-03-12,267.0,161.0,0.0,,
2021-03-13,256.0,161.0,0.0,,
2021-03-14,244.0,133.0,0.0,,
2021-03-15,267.0,128.0,132.0,,
2021-03-16,272.0,122.0,0.0,,
2021-03-17,244.0,144.0,56.0,,
2021-03-18,144.0,83.0,0.0,,
2021-03-19,122.0,72.0,10.0,,
2021-03-20,167.0,67.0,0.0,,
2021-03-21,211.0,33.0,0.0,,
2021-03-22,217.0,61.0,0.0,,
2021-03-23,261.0,128.0,74.0,,
2021-03-24,261.0,128.0,8.0,,
2021-03-25,244.0,111.0,79.0,,
2021-03-26,244.0,83.0,0.0,,
2021-03-27,267.0,172.0,622.0,,
2021-03-28,200.0,67.0,30.0,,
2021-03-29,206.0,39.0,0.0,,
2021-03-30,222.0,72.0,89.0,,
2021-03-31,217.0,39.0,104.0,,
2021-04-01,150.0,22.0,0.0,,
2021-04-02,150.0,0.0,0.0,,
2021-04-03,211.0,22.0,0.0,,
2021-04-04,239.0,72.0,0.0,,
2021-04-05,256.0,94.0,0.0,,
2021-04-06,267.0,111.0,0.0,,
2021-04-07,250.0,167.0,389.0,,
2021-04-08,250.0,106.0,0.0,,
2021-04-09,267.0,122.0,188.0,,
2021-04-10,239.0,94.0,0.0,,
2021-04-11,256.0,83.0,0.0,,
2021-04-12,300.0,150.0,0.0,,
2021-04-13,278.0,133.0,0.0,,
2021-04-14,161.0,106.0,38.0,,
2021-04-15,200.0,111.0,10.0,,
2021-04-16,161.0,117.0,5.0,,
2021-04-17,183.0,111.0,0.0,,
2021-04-18,183.0,72.0,0.0,,
2021-04-19,222.0,56.0,0.0,,
2021-04-20,250.0,67.0,0.0,,
2021-04-21,156.0,22.0,0.0,,
2021-04-22,194.0,72.0,0.0,,
2021-04-23,178.0,117.0,399.0,,
2021-04-24,217.0,111.0,94.0,,
2021-04-25,244.0,89.0,0.0,,
2021-04-26,272.0,128.0,0.0,,
2021-04-27,272.0,156.0,0.0,,
2021-04-28,283.0,217.0,0.0,,
2021-04-29,278.0,200.0,25.0,,
2021-04-30,233.0,144.0,0.0,,
2021-05-01,267.0,144.0,0.0,,
2021-05-02,233.0,172.0,104.0,,
2021-05-03,317.0,211.0,0.0,,
2021-05-04,289.0,156.0,97.0,,
2021-05-05,239.0,117.0,0.0,,
2021-05-06,272.0,100.0,0.0,,
2021-05-07,244.0,111.0,0.0,,
2021-05-08,300.0,133.0,0.0,,
2021-05-09,272.0,172.0,137.0,,
2021-05-10,172.0,122.0,3.0,,
2021-05-11,183.0,133.0,318.0,,
2021-05-12,217.0,139.0,0.0,,
2021-05-13,228.0,100.0,0.0,,
2021-05-14,244.0,72.0,0.0,,
2021-05-15,272.0,100.0,0.0,,
2021-05-16,283.0,161.0,0.0,,
2021-05-17,272.0,189.0,10.0,,
2021-05-18,278.0,200.0,0.0,,
2021-05-19,267.0,200.0,0.0,,
2021-05-20,278.0,200.0,25.0,,
2021-05-21,278.0,200.0,0.0,,
2021-05-22,306.0,161.0,0.0,,
2021-05-23,306.0,172.0,0.0,,
2021-05-24,306.0,167.0,0.0,,
2021-05-25,306.0,194.0,0.0,,
2021-05-26,300.0,194.0,81.0,,
2021-05-27,322.0,206.0,51.0,,
2021-05-28,278.0,183.0,130.0,,
2021-05-29,217.0,139.0,0.0,,
2021-05-30,233.0,128.0,0.0,,
2021-05-31,278.0,111.0,0.0,,
2021-06-01,261.0,189.0,56.0,,
2021-06-02,272.0,183.0,0.0,,
2021-06-03,294.0,172.0,0.0,,
2021-06-04,294.0,161.0,0.0,,
2021-06-05,261.0,206.0,74.0,,
2021-06-06,289.0,206.0,897.0,,
2021-06-07,289.0,200.0,478.0,,
2021-06-08,300.0,206.0,742.0,,
2021-06-09,306.0,222.0,33.0,,
2021-06-10,289.0,222.0,168.0,,
2021-06-11,311.0,239.0,0.0,,
2021-06-12,350.0,222.0,0.0,,
2021-06-13,356.0,239.0,0.0,,
2021-06-14,339.0,217.0,0.0,,
2021-06-15,350.0,194.0,0.0,,
2021-06-16,322.0,211.0,0.0,,
2021-06-17,328.0,200.0,0.0,,
2021-06-18,328.0,194.0,0.0,,
2021-06-19,322.0,211.0,0.0,,
2021-06-20,350.0,228.0,0.0,,
2021-06-21,306.0,206.0,94.0,,
2021-06-22,272.0,156.0,0.0,,
2021-06-23,306.0,144.0,0.0,,
2021-06-24,339.0,217.0,0.0,,
2021-06-25,333.0,244.0,0.0,,
2021-06-26,328.0,233.0,23.0,,
2021-06-27,328.0,222.0,3.0,,
2021-06-28,322.0,228.0,25.0,,
2021-06-29,328.0,228.0,38.0,,
2021-06-30,328.0,217.0,0.0,,
2021-07-01,333.0,233.0,0.0,,
2021-07-02,306.0,194.0,0.0,,
2021-07-03,300.0,150.0,0.0,,
2021-07-04,306.0,161.0,0.0,,
2021-07-05,322.0,178.0,0.0,,
2021-07-06,333.0,211.0,0.0,,
2021-07-07,333.0,217.0,0.0,,
2021-07-08,344.0,217.0,0.0,,
2021-07-09,344.0,233.0,0.0,,
2021-07-10,322.0,239.0,10.0,,
2021-07-11,294.0,206.0,76.0,,
2021-07-12,300.0,217.0,0.0,,
2021-07-13,333.0,222.0,0.0,,
2021-07-14,344.0,233.0,0.0,,
2021-07-15,339.0,228.0,0.0,,
2021-07-16,333.0,228.0,28.0,,
2021-07-17,306.0,222.0,272.0,,
2021-07-18,322.0,233.0,15.0,,
2021-07-19,300.0,222.0,86.0,,
2021-07-20,311.0,217.0,8.0,,
2021-07-21,306.0,222.0,81.0,,
2021-07-22,328.0,228.0,15.0,,
2021-07-23,339.0,228.0,0.0,,
2021-07-24,350.0,250.0,0.0,,
2021-07-25,344.0,244.0,0.0,,
2021-07-26,356.0,244.0,0.0,,
2021-07-27,356.0,250.0,0.0,,
2021-07-28,356.0,250.0,0.0,,
2021-07-29,361.0,239.0,0.0,,
2021-07-30,367.0,244.0,0.0,,
2021-07-31,372.0,244.0,0.0,,
2021-08-01,350.0,250.0,0.0,,
2021-08-02,289.0,228.0,292.0,,
2021-08-03,311.0,206.0,0.0,,
2021-08-04,306.0,189.0,0.0,,
2021-08-05,311.0,172.0,0.0,,
2021-08-06,317.0,200.0,0.0,,
2021-08-07,328.0,200.0,0.0,,
2021-08-08,344.0,233.0,0.0,,
2021-08-09,350.0,250.0,0.0,,
2021-08-10,361.0,250.0,0.0,,
2021-08-11,361.0,256.0,0.0,,
2021-08-12,350.0,239.0,0.0,,
2021-08-13,356.0,239.0,8.0,,
2021-08-14,339.0,222.0,246.0,,
2021-08-15,306.0,222.0,0.0,,
2021-08-16,317.0,217.0,0.0,,
2021-08-17,333.0,222.0,25.0,,
2021-08-18,322.0,228.0,160.0,,
2021-08-19,322.0,233.0,163.0,,
2021-08-20,322.0,233.0,0.0,,
2021-08-21,339.0,250.0,5.0,,
2021-08-22,350.0,239.0,53.0,,
2021-08-23,350.0,233.0,0.0,,
2021-08-24,361.0,233.0,0.0,,
2021-08-25,356.0,244.0,0.0,,
2021-08-26,350.0,233.0,8.0,,
2021-08-27,339.0,228.0,0.0,,
2021-08-28,339.0,217.0,0.0,,
2021-08-29,344.0,233.0,10.0,,
2021-08-30,261.0,228.0,33.0,,
2021-08-31,339.0,211.0,0.0,,
2021-09-01,367.0,233.0,0.0,,
2021-09-02,333.0,217.0,0.0,,
2021-09-03,311.0,200.0,0.0,,
2021-09-04,328.0,206.0,0.0,,
2021-09-05,333.0,228.0,28.0,,
2021-09-06,311.0,167.0,0.0,,
2021-09-07,322.0,150.0,0.0,,
2021-09-08,333.0,161.0,0.0,,
2021-09-09,311.0,150.0,0.0,,
2021-09-10,317.0,133.0,0.0,,
2021-09-11,300.0,161.0,0.0,,
2021-09-12,328.0,150.0,0.0,,
2021-09-13,294.0,222.0,0.0,,
2021-09-14,289.0,211.0,51.0,,
2021-09-15,300.0,194.0,0.0,,
2021-09-16,278.0,200.0,0.0,,
2021-09-17,294.0,228.0,0.0,,
2021-09-18,300.0,206.0,61.0,,
2021-09-19,306.0,200.0,66.0,,
2021-09-20,317.0,200.0,0.0,,
2021-09-21,289.0,178.0,384.0,,
2021-09-22,256.0,128.0,0.0,,
2021-09-23,261.0,106.0,0.0,,
2021-09-24,267.0,111.0,0.0,,
2021-09-25,294.0,133.0,0.0,,
2021-09-26,300.0,150.0,0.0,,
2021-09-27,306.0,144.0,0.0,,
2021-09-28,294.0,194.0,76.0,,
2021-09-29,289.0,206.0,0.0,,
2021-09-30,283.0,222.0,8.0,,
2021-10-01,256.0,217.0,66.0,,
2021-10-02,256.0,211.0,229.0,,
2021-10-03,289.0,200.0,0.0,,
2021-10-04,278.0,172.0,0.0,,
2021-10-05,272.0,161.0,43.0,,
2021-10-06,278.0,150.0,13.0,,
2021-10-07,289.0,144.0,0.0,,
2021-10-08,306.0,167.0,0.0,,
2021-10-09,294.0,189.0,0.0,,
2021-10-10,306.0,189.0,0.0,,
2021-10-11,278.0,156.0,0.0,,
2021-10-12,283.0,139.0,0.0,,
2021-10-13,300.0,222.0,0.0,,
2021-10-14,283.0,206.0,0.0,,
2021-10-15,300.0,139.0,33.0,,
2021-10-16,217.0,83.0,0.0,,
2021-10-17,228.0,61.0,0.0,,
2021-10-18,228.0,72.0,0.0,,
2021-10-19,233.0,67.0,0.0,,
2021-10-20,278.0,100.0,0.0,,
2021-10-21,283.0,122.0,0.0,,
2021-10-22,250.0,111.0,0.0,,
2021-10-23,294.0,106.0,0.0,,
2021-10-24,294.0,189.0,0.0,,
2021-10-25,272.0,139.0,56.0,,
2021-10-26,217.0,100.0,0.0,,
2021-10-27,233.0,144.0,218.0,,
2021-10-28,161.0,111.0,15.0,,
2021-10-29,150.0,106.0,3.0,,
2021-10-30,206.0,100.0,0.0,,
2021-10-31,233.0,67.0,0.0,,
2021-11-01,206.0,78.0,0.0,,
2021-11-02,133.0,83.0,79.0,,
2021-11-03,94.0,61.0,61.0,,
2021-11-04,139.0,22.0,0.0,,
2021-11-05,156.0,0.0,0.0,,
2021-11-06,172.0,11.0,0.0,,
2021-11-07,206.0,22.0,0.0,,
2021-11-08,222.0,33.0,0.0,,
2021-11-09,222.0,61.0,0.0,,
2021-11-10,233.0,72.0,0.0,,
2021-11-11,211.0,72.0,99.0,,
2021-11-12,194.0,28.0,0.0,,
2021-11-13,122.0,17.0,0.0,,
2021-11-14,200.0,39.0,0.0,,
2021-11-15,233.0,33.0,0.0,,
2021-11-16,244.0,161.0,0.0,,
2021-11-17,267.0,150.0,0.0,,
2021-11-18,189.0,6.0,69.0,,
2021-11-19,139.0,-10.0,0.0,,
2021-11-20,194.0,-5.0,0.0,,
2021-11-21,200.0,106.0,119.0,,
2021-11-22,150.0,33.0,0.0,,
2021-11-23,161.0,6.0,0.0,,
2021-11-24,200.0,33.0,0.0,,
2021-11-25,161.0,50.0,203.0,,
2021-11-26,117.0,-5.0,0.0,,
2021-11-27,133.0,-5.0,0.0,,
2021-11-28,172.0,33.0,0.0,,
2021-11-29,172.0,11.0,0.0,,
2021-11-30,222.0,56.0,0.0,,
2021-12-01,222.0,100.0,0.0,,
2021-12-02,244.0,78.0,0.0,,
2021-12-03,228.0,150.0,0.0,,
2021-12-04,206.0,144.0,8.0,,
2021-12-05,244.0,139.0,0.0,,
2021-12-06,200.0,33.0,81.0,,
2021-12-07,83.0,22.0,0.0,,
2021-12-08,144.0,17.0,0.0,,
2021-12-09,206.0,39.0,0.0,,
2021-12-10,272.0,206.0,0.0,,
2021-12-11,244.0,0.0,135.0,,
2021-12-12,128.0,-16.0,0.0,,
2021-12-13,183.0,-5.0,0.0,,
2021-12-14,206.0,106.0,36.0,,
2021-12-15,228.0,172.0,0.0,,
2021-12-16,250.0,139.0,18.0,,
2021-12-17,244.0,139.0,0.0,,
2021-12-18,183.0,50.0,145.0,,
2021-12-19,50.0,0.0,0.0,,
2021-12-20,72.0,-10.0,18.0,,
2021-12-21,133.0,22.0,0.0,,
2021-12-22,139.0,11.0,0.0,,
2021-12-23,200.0,39.0,0.0,,
2021-12-24,244.0,122.0,0.0,,
2021-12-25,250.0,183.0,0.0,,
2021-12-26,228.0,167.0,0.0,,
2021-12-27,239.0,172.0,0.0,,
2021-12-28,233.0,183.0,3.0,,
2021-12-29,261.0,133.0,196.0,,
2021-12-30,222.0,94.0,0.0,,
2021-12-31,239.0,167.0,0.0,,
2022-01-01,261.0,133.0,69.0,,
2022-01-02,133.0,-32.0,28.0,,
2022-01-03,61.0,-55.0,0.0,,
2022-01-04,106.0,-38.0,0.0,,
2022-01-05,150.0,56.0,3.0,,
2022-01-06,72.0,-27.0,43.0,,
2022-01-07,28.0,-38.0,0.0,,
2022-01-08,189.0,11.0,25.0,,
2022-01-09,200.0,44.0,23.0,,
2022-01-10,111.0,-16.0,0.0,,
2022-01-11,150.0,-27.0,0.0,,
2022-01-12,167.0,33.0,0.0,,
2022-01-13,211.0,50.0,0.0,,
2022-01-14,167.0,28.0,0.0,,
2022-01-15,117.0,-10.0,122.0,,
2022-01-16,100.0,6.0,38.0,,
2022-01-17,133.0,-10.0,0.0,,
2022-01-18,183.0,-10.0,0.0,,
2022-01-19,200.0,22.0,86.0,,
2022-01-20,22.0,-38.0,0.0,,
2022-01-21,11.0,-55.0,0.0,,
2022-01-22,67.0,-93.0,0.0,,
2022-01-23,150.0,-38.0,0.0,,
2022-01-24,172.0,6.0,0.0,,
2022-01-25,100.0,-5.0,0.0,,
2022-01-26,50.0,-32.0,0.0,,
2022-01-27,122.0,-38.0,0.0,,
2022-01-28,122.0,11.0,0.0,,
2022-01-29,106.0,-60.0,0.0,,
2022-01-30,200.0,33.0,0.0,,
2022-01-31,211.0,11.0,0.0,,
2022-02-01,200.0,61.0,36.0,,
2022-02-02,183.0,22.0,3.0,,
2022-02-03,22.0,-27.0,234.0,,
2022-02-04,0.0,-32.0,0.0,,
2022-02-05,67.0,-49.0,0.0,,
2022-02-06,117.0,-55.0,0.0,,
2022-02-07,128.0,-38.0,0.0,,
2022-02-08,172.0,-27.0,0.0,,
2022-02-09,200.0,33.0,0.0,,
2022-02-10,228.0,22.0,0.0,,
2022-02-11,233.0,100.0,0.0,,
2022-02-12,150.0,-43.0,0.0,,
2022-02-13,122.0,-60.0,0.0,,
2022-02-14,211.0,-16.0,0.0,,
2022-02-15,200.0,67.0,0.0,,
2022-02-16,244.0,122.0,3.0,,
2022-02-17,228.0,17.0,150.0,,
2022-02-18,83.0,-21.0,0.0,,
2022-02-19,161.0,-32.0,0.0,,
2022-02-20,200.0,6.0,0.0,,
2022-02-21,217.0,128.0,112.0,,
2022-02-22,256.0,61.0,168.0,,
2022-02-23,61.0,6.0,84.0,,
2022-02-24,44.0,11.0,0.0,,
2022-02-25,28.0,-5.0,0.0,,
2022-02-26,17.0,-5.0,310.0,,
2022-02-27,89.0,-10.0,30.0,,
2022-02-28,172.0,-27.0,0.0,,
2022-03-01,222.0,11.0,0.0,,
2022-03-02,244.0,22.0,0.0,,
2022-03-03,267.0,61.0,0.0,,
2022-03-04,261.0,56.0,0.0,,
2022-03-05,261.0,128.0,0.0,,
2022-03-06,278.0,194.0,0.0,,
2022-03-07,233.0,44.0,150.0,,
2022-03-08,72.0,22.0,150.0,,
2022-03-09,122.0,33.0,0.0,,
2022-03-10,178.0,11.0,0.0,,
2022-03-11,133.0,-5.0,38.0,,
2022-03-12,67.0,-32.0,0.0,,
2022-03-13,178.0,-10.0,0.0,,
2022-03-14,144.0,33.0,0.0,,
2022-03-15,150.0,111.0,66.0,,
2022-03-16,222.0,111.0,0.0,,
2022-03-17,250.0,94.0,107.0,,
2022-03-18,183.0,89.0,89.0,,
2022-03-19,211.0,44.0,0.0,,
2022-03-20,256.0,61.0,0.0,,
2022-03-21,233.0,83.0,0.0,,
2022-03-22,200.0,100.0,729.0,,
2022-03-23,167.0,44.0,0.0,,
2022-03-24,172.0,6.0,0.0,,
2022-03-25,200.0,39.0,0.0,,
2022-03-26,233.0,44.0,0.0,,
2022-03-27,206.0,72.0,0.0,,
2022-03-28,256.0,67.0,0.0,,
2022-03-29,256.0,167.0,0.0,,
2022-03-30,228.0,94.0,302.0,,
2022-03-31,183.0,44.0,0.0,,
2022-04-01,172.0,6.0,0.0,,
2022-04-02,239.0,67.0,0.0,,
2022-04-03,244.0,83.0,0.0,,
2022-04-04,278.0,100.0,0.0,,
2022-04-05,267.0,150.0,218.0,,
2022-04-06,228.0,100.0,0.0,,
2022-04-07,189.0,89.0,0.0,,
2022-04-08,156.0,22.0,0.0,,
2022-04-09,222.0,17.0,0.0,,
2022-04-10,289.0,106.0,0.0,,
2022-04-11,261.0,161.0,0.0,,
2022-04-12,267.0,200.0,51.0,,
2022-04-13,228.0,117.0,203.0,,
2022-04-14,228.0,67.0,0.0,,
2022-04-15,261.0,72.0,0.0,,
2022-04-16,233.0,161.0,312.0,,
2022-04-17,167.0,100.0,485.0,,
2022-04-18,183.0,78.0,0.0,,
2022-04-19,189.0,67.0,0.0,,
2022-04-20,211.0,117.0,86.0,,
2022-04-21,289.0,172.0,0.0,,
2022-04-22,289.0,178.0,0.0,,
2022-04-23,289.0,156.0,0.0,,
2022-04-24,294.0,206.0,28.0,,
2022-04-25,217.0,139.0,155.0,,
2022-04-26,200.0,78.0,0.0,,
2022-04-27,233.0,44.0,0.0,,
2022-04-28,272.0,83.0,0.0,,
2022-04-29,294.0,122.0,0.0,,
2022-04-30,289.0,167.0,13.0,,
2022-05-01,294.0,156.0,0.0,,
2022-05-02,289.0,156.0,0.0,,
2022-05-03,283.0,178.0,30.0,,
2022-05-04,306.0,178.0,0.0,,
2022-05-05,289.0,178.0,460.0,,
2022-05-06,256.0,150.0,0.0,,
2022-05-07,267.0,133.0,0.0,,
2022-05-08,289.0,139.0,0.0,,
2022-05-09,328.0,217.0,0.0,,
2022-05-10,328.0,228.0,0.0,,
2022-05-11,333.0,217.0,0.0,,
2022-05-12,339.0,222.0,0.0,,
2022-05-13,328.0,206.0,3.0,,
2022-05-14,311.0,189.0,13.0,,
2022-05-15,322.0,178.0,102.0,,
2022-05-16,289.0,172.0,0.0,,
2022-05-17,306.0,156.0,0.0,,
2022-05-18,317.0,200.0,0.0,,
2022-05-19,333.0,217.0,0.0,,
2022-05-20,333.0,228.0,0.0,,
2022-05-21,328.0,194.0,211.0,,
2022-05-22,211.0,172.0,206.0,,
2022-05-23,228.0,161.0,0.0,,
2022-05-24,261.0,189.0,196.0,,
2022-05-25,272.0,189.0,8.0,,
2022-05-26,267.0,150.0,0.0,,
2022-05-27,261.0,128.0,0.0,,
2022-05-28,300.0,139.0,0.0,,
2022-05-29,311.0,172.0,0.0,,
2022-05-30,328.0,189.0,0.0,,
2022-06-01,333.0,222.0,0.0,,
2022-06-02,244.0,206.0,721.0,,
2022-06-03,283.0,172.0,0.0,,
2022-06-04,300.0,167.0,0.0,,
2022-06-05,317.0,167.0,0.0,,
2022-06-06,322.0,206.0,0.0,,
2022-06-07,317.0,228.0,0.0,,
2022-06-08,306.0,194.0,373.0,,
2022-06-09,300.0,178.0,0.0,,
2022-06-10,250.0,189.0,627.0,,
2022-06-11,311.0,178.0,0.0,,
2022-06-12,344.0,244.0,0.0,,
2022-06-13,344.0,256.0,0.0,,
2022-06-14,339.0,250.0,0.0,,
2022-06-15,344.0,244.0,0.0,,
2022-06-16,356.0,233.0,0.0,,
2022-06-17,356.0,244.0,0.0,,
2022-06-18,361.0,233.0,5.0,,
2022-06-19,317.0,194.0,0.0,,
2022-06-20,339.0,183.0,0.0,,
2022-06-21,361.0,217.0,0.0,,
2022-06-22,361.0,233.0,0.0,,
2022-06-23,350.0,239.0,0.0,,
2022-06-24,361.0,239.0,0.0,,
2022-06-25,367.0,228.0,0.0,,
2022-06-26,367.0,222.0,102.0,,
2022-06-27,294.0,183.0,0.0,,
2022-06-28,311.0,183.0,0.0,,
2022-06-29,322.0,200.0,0.0,,
2022-06-30,328.0,217.0,38.0,,
2022-07-01,328.0,222.0,8.0,,
2022-07-02,283.0,217.0,376.0,,
2022-07-03,283.0,233.0,74.0,,
2022-07-04,344.0,233.0,0.0,,
2022-07-05,356.0,256.0,0.0,,
2022-07-06,361.0,244.0,0.0,,
2022-07-07,350.0,239.0,0.0,,
2022-07-08,356.0,267.0,0.0,,
2022-07-09,372.0,267.0,0.0,,
2022-07-10,311.0,228.0,0.0,,
2022-07-11,344.0,211.0,0.0,,
2022-07-12,350.0,211.0,0.0,,
2022-07-13,372.0,239.0,61.0,,
2022-07-14,344.0,228.0,0.0,,
2022-07-15,350.0,211.0,0.0,,
2022-07-16,356.0,233.0,0.0,,
2022-07-17,350.0,256.0,0.0,,
2022-07-18,361.0,228.0,46.0,,
2022-07-19,367.0,267.0,0.0,,
2022-07-20,372.0,267.0,0.0,,
2022-07-21,383.0,222.0,0.0,,
2022-07-22,372.0,222.0,0.0,,
2022-07-23,344.0,239.0,0.0,,
2022-07-24,372.0,250.0,0.0,,
2022-07-25,361.0,261.0,0.0,,
2022-07-26,361.0,250.0,0.0,,
2022-07-27,367.0,244.0,0.0,,
2022-07-28,372.0,250.0,0.0,,
2022-07-29,339.0,233.0,30.0,,
2022-07-30,339.0,228.0,838.0,,
2022-07-31,311.0,233.0,56.0,,
2022-08-01,322.0,244.0,0.0,,
2022-08-02,344.0,239.0,0.0,,
2022-08-03,350.0,239.0,0.0,,
2022-08-04,328.0,228.0,0.0,,
2022-08-05,328.0,244.0,0.0,,
2022-08-06,344.0,233.0,0.0,,
2022-08-07,344.0,233.0,0.0,,
2022-08-08,356.0,250.0,0.0,,
2022-08-09,333.0,228.0,0.0,,
2022-08-10,328.0,222.0,0.0,,
2022-08-11,317.0,233.0,180.0,,
2022-08-12,333.0,233.0,0.0,,
2022-08-13,328.0,211.0,0.0,,
2022-08-14,350.0,206.0,0.0,,
2022-08-15,372.0,250.0,0.0,,
2022-08-16,367.0,233.0,15.0,,
2022-08-17,283.0,228.0,18.0,,
2022-08-18,289.0,217.0,3.0,,
2022-08-19,317.0,206.0,0.0,,
2022-08-20,333.0,239.0,20.0,,
2022-08-21,278.0,222.0,302.0,,
2022-08-22,244.0,228.0,130.0,,
2022-08-23,261.0,222.0,94.0,,
2022-08-24,272.0,217.0,18.0,,
2022-08-25,306.0,217.0,0.0,,
2022-08-26,317.0,228.0,0.0,,
2022-08-27,328.0,217.0,0.0,,
2022-08-28,328.0,228.0,53.0,,
2022-08-29,339.0,233.0,3.0,,
2022-08-30,344.0,233.0,0.0,,
2022-08-31,333.0,233.0,0.0,,
2022-09-01,322.0,211.0,0.0,,
2022-09-02,294.0,211.0,0.0,,
2022-09-03,328.0,222.0,20.0,,
2022-09-04,294.0,217.0,0.0,,
2022-09-05,322.0,206.0,8.0,,
2022-09-06,333.0,200.0,0.0,,
2022-09-07,322.0,194.0,15.0,,
2022-09-08,311.0,178.0,0.0,,
2022-09-09,311.0,161.0,3.0,,
2022-09-10,272.0,211.0,8.0,,
2022-09-11,306.0,183.0,0.0,,
2022-09-12,272.0,139.0,0.0,,
2022-09-13,294.0,122.0,0.0,,
2022-09-14,306.0,139.0,0.0,,
2022-09-15,311.0,156.0,0.0,,
2022-09-16,311.0,167.0,0.0,,
2022-09-17,328.0,161.0,0.0,,
2022-09-18,339.0,194.0,0.0,,
2022-09-19,333.0,206.0,0.0,,
2022-09-20,356.0,206.0,0.0,,
2022-09-21,356.0,217.0,0.0,,
2022-09-22,339.0,189.0,0.0,,
2022-09-23,300.0,178.0,0.0,,
2022-09-24,350.0,183.0,0.0,,
2022-09-25,344.0,217.0,3.0,,
2022-09-26,300.0,133.0,0.0,,
2022-09-27,289.0,106.0,0.0,,
2022-09-28,278.0,106.0,0.0,,
2022-09-29,250.0,94.0,0.0,,
2022-09-30,267.0,83.0,0.0,,
2022-10-01,272.0,78.0,0.0,,
2022-10-02,289.0,89.0,0.0,,
2022-10-03,289.0,117.0,0.0,,
2022-10-04,278.0,106.0,0.0,,
2022-10-05,289.0,89.0,0.0,,
2022-10-06,322.0,106.0,0.0,,
2022-10-07,294.0,133.0,0.0,,
2022-10-08,250.0,117.0,0.0,,
2022-10-09,267.0,83.0,0.0,,
2022-10-10,294.0,122.0,0.0,,
2022-10-11,294.0,150.0,0.0,,
2022-10-12,311.0,172.0,51.0,,
2022-10-13,250.0,117.0,0.0,,
2022-10-14,294.0,89.0,0.0,,
2022-10-15,317.0,172.0,0.0,,
2022-10-16,244.0,161.0,0.0,,
2022-10-17,206.0,117.0,0.0,,
2022-10-18,122.0,17.0,0.0,,
2022-10-19,156.0,-16.0,0.0,,
2022-10-20,239.0,22.0,0.0,,
2022-10-21,289.0,89.0,0.0,,
2022-10-22,278.0,161.0,0.0,,
2022-10-23,289.0,172.0,0.0,,
2022-10-24,289.0,183.0,0.0,,
2022-10-25,239.0,78.0,97.0,,
2022-10-26,211.0,50.0,0.0,,
2022-10-27,222.0,44.0,0.0,,
2022-10-28,228.0,83.0,0.0,,
2022-10-29,194.0,156.0,351.0,,
2022-10-30,194.0,150.0,3.0,,
2022-10-31,244.0,117.0,0.0,,
2022-11-01,200.0,94.0,10.0,,
2022-11-02,250.0,111.0,0.0,,
2022-11-03,267.0,111.0,0.0,,
2022-11-04,261.0,128.0,168.0,,
2022-11-05,200.0,100.0,244.0,,
2022-11-06,200.0,67.0,0.0,,
2022-11-07,222.0,172.0,13.0,,
2022-11-08,211.0,161.0,0.0,,
2022-11-09,278.0,161.0,0.0,,
2022-11-10,233.0,89.0,0.0,,
2022-11-11,211.0,83.0,3.0,,
2022-11-12,106.0,11.0,18.0,,
2022-11-13,78.0,-27.0,0.0,,
2022-11-14,100.0,-10.0,71.0,,
2022-11-15,94.0,44.0,0.0,,
2022-11-16,122.0,0.0,0.0,,
2022-11-17,100.0,-38.0,0.0,,
2022-11-18,100.0,-16.0,0.0,,
2022-11-19,72.0,-16.0,0.0,,
2022-11-20,89.0,-21.0,0.0,,
2022-11-21,122.0,-21.0,0.0,,
2022-11-22,172.0,17.0,0.0,,
2022-11-23,200.0,17.0,0.0,,
2022-11-24,139.0,106.0,394.0,,
2022-11-25,144.0,111.0,0.0,,
2022-11-26,183.0,100.0,86.0,,
2022-11-27,139.0,56.0,0.0,,
2022-11-28,189.0,33.0,0.0,,
2022-11-29,228.0,94.0,89.0,,
2022-11-30,200.0,-10.0,0.0,,
2022-12-01,106.0,-16.0,0.0,,
2022-12-02,211.0,61.0,0.0,,
2022-12-03,206.0,50.0,20.0,,
2022-12-04,78.0,39.0,3.0,,
2022-12-05,200.0,61.0,56.0,,
2022-12-06,233.0,183.0,0.0,,
2022-12-07,250.0,194.0,8.0,,
2022-12-08,239.0,167.0,173.0,,
2022-12-09,200.0,144.0,163.0,,
2022-12-10,233.0,122.0,53.0,,
2022-12-11,128.0,106.0,13.0,,
2022-12-12,117.0,100.0,0.0,,
2022-12-13,200.0,117.0,305.0,,
2022-12-14,183.0,67.0,15.0,,
2022-12-15,117.0,22.0,0.0,,
2022-12-16,100.0,0.0,0.0,,
2022-12-17,100.0,6.0,0.0,,
2022-12-18,100.0,-32.0,0.0,,
2022-12-19,56.0,0.0,0.0,,
2022-12-20,111.0,28.0,20.0,,
2022-12-21,89.0,-10.0,0.0,,
2022-12-22,83.0,-105.0,5.0,,
2022-12-23,-43.0,-143.0,0.0,,
2022-12-24,22.0,-105.0,0.0,,
2022-12-25,56.0,-71.0,0.0,,
2022-12-26,78.0,-16.0,0.0,,
2022-12-27,83.0,-27.0,0.0,,
2022-12-28,189.0,-10.0,0.0,,
2022-12-29,189.0,150.0,269.0,,
2022-12-30,178.0,122.0,211.0,,
2022-12-31,189.0,111.0,0.0,,
2023-01-01,194.0,117.0,0.0,,
2023-01-02,239.0,161.0,417.0,,
2023-01-03,228.0,122.0,340.0,,
2023-01-04,167.0,61.0,0.0,,
2023-01-05,156.0,33.0,0.0,,
2023-01-06,167.0,0.0,0.0,,
2023-01-07,200.0,67.0,0.0,,
2023-01-08,167.0,39.0,0.0,,
2023-01-09,139.0,11.0,0.0,,
2023-01-10,172.0,33.0,0.0,,
2023-01-11,250.0,167.0,0.0,,
2023-01-12,206.0,67.0,0.0,,
2023-01-13,83.0,-5.0,0.0,,
2023-01-14,106.0,-43.0,0.0,,
2023-01-15,167.0,-5.0,0.0,,
2023-01-16,183.0,128.0,38.0,,
2023-01-17,250.0,156.0,0.0,,
2023-01-18,228.0,117.0,97.0,,
2023-01-19,150.0,28.0,0.0,,
2023-01-20,139.0,0.0,0.0,,
2023-01-21,128.0,33.0,33.0,,
2023-01-22,122.0,39.0,28.0,,
2023-01-23,117.0,0.0,0.0,,
2023-01-24,78.0,6.0,356.0,,
2023-01-25,72.0,33.0,3.0,,
2023-01-26,100.0,0.0,0.0,,
2023-01-27,156.0,28.0,0.0,,
2023-01-28,139.0,39.0,130.0,,
2023-01-29,167.0,133.0,147.0,,
2023-01-30,150.0,17.0,43.0,,
2023-01-31,17.0,-10.0,295.0,,
2023-02-01,-5.0,-16.0,5.0,,
2023-02-02,11.0,-5.0,196.0,,
2023-02-03,67.0,-10.0,0.0,,
2023-02-04,128.0,-10.0,0.0,,
2023-02-05,183.0,50.0,0.0,,
2023-02-06,211.0,39.0,0.0,,
2023-02-07,239.0,78.0,0.0,,
2023-02-08,261.0,117.0,33.0,,
2023-02-09,178.0,56.0,0.0,,
2023-02-10,150.0,28.0,3.0,,
2023-02-11,111.0,39.0,0.0,,
2023-02-12,172.0,-21.0,0.0,,
2023-02-13,222.0,83.0,0.0,,
2023-02-14,189.0,111.0,86.0,,
2023-02-15,239.0,172.0,0.0,,
2023-02-16,222.0,39.0,61.0,,
2023-02-17,100.0,-10.0,0.0,,
2023-02-18,133.0,-27.0,0.0,,
2023-02-19,211.0,61.0,0.0,,
2023-02-20,250.0,150.0,0.0,,
2023-02-21,278.0,178.0,94.0,,
2023-02-22,250.0,156.0,58.0,,
2023-02-23,256.0,144.0,0.0,,
2023-02-24,144.0,67.0,94.0,,
2023-02-25,111.0,72.0,0.0,,
2023-02-26,217.0,106.0,0.0,,
2023-02-27,250.0,117.0,8.0,,
2023-02-28,283.0,78.0,0.0,,
2023-03-01,272.0,178.0,25.0,,
2023-03-02,222.0,172.0,170.0,,
2023-03-03,228.0,106.0,328.0,,
2023-03-04,194.0,94.0,0.0,,
2023-03-05,250.0,61.0,0.0,,
2023-03-06,278.0,133.0,0.0,,
2023-03-07,233.0,139.0,0.0,,
2023-03-08,144.0,106.0,302.0,,
2023-03-09,206.0,117.0,23.0,,
2023-03-10,161.0,67.0,79.0,,
2023-03-11,206.0,56.0,130.0,,
2023-03-12,167.0,61.0,41.0,,
2023-03-13,139.0,33.0,0.0,,
2023-03-14,117.0,17.0,0.0,,
2023-03-15,156.0,0.0,0.0,,
2023-03-16,228.0,83.0,84.0,,
2023-03-17,178.0,33.0,20.0,,
2023-03-18,139.0,22.0,0.0,,
2023-03-19,78.0,-10.0,0.0,,
2023-03-20,133.0,-16.0,0.0,,
2023-03-21,189.0,78.0,0.0,,
2023-03-22,256.0,144.0,10.0,,
2023-03-23,283.0,194.0,0.0,,
2023-03-24,278.0,167.0,124.0,,
2023-03-25,267.0,106.0,0.0,,
2023-03-26,283.0,94.0,0.0,,
2023-03-27,217.0,111.0,0.0,,
2023-03-28,200.0,72.0,0.0,,
2023-03-29,194.0,39.0,0.0,,
2023-03-30,256.0,78.0,0.0,,
2023-03-31,283.0,194.0,0.0,,
2023-04-01,267.0,100.0,0.0,,
2023-04-02,233.0,72.0,455.0,,
2023-04-03,283.0,150.0,46.0,,
2023-04-04,311.0,206.0,0.0,,
2023-04-05,267.0,122.0,607.0,,
2023-04-06,128.0,94.0,472.0,,
2023-04-07,144.0,94.0,3.0,,
2023-04-08,194.0,106.0,8.0,,
2023-04-09,194.0,117.0,0.0,,
2023-04-10,233.0,100.0,0.0,,
2023-04-11,250.0,100.0,0.0,,
2023-04-12,261.0,89.0,0.0,,
2023-04-13,261.0,144.0,0.0,,
2023-04-14,278.0,106.0,0.0,,
2023-04-15,278.0,150.0,51.0,,
2023-04-16,211.0,83.0,0.0,,
2023-04-17,256.0,56.0,0.0,,
2023-04-18,267.0,117.0,0.0,,
2023-04-19,294.0,122.0,0.0,,
2023-04-20,267.0,167.0,236.0,,
2023-04-21,189.0,94.0,185.0,,
2023-04-22,233.0,72.0,0.0,,
2023-04-23,139.0,72.0,0.0,,
2023-04-24,200.0,83.0,0.0,,
2023-04-25,178.0,94.0,3.0,,
2023-04-26,172.0,106.0,104.0,,
2023-04-27,233.0,144.0,18.0,,
2023-04-28,222.0,139.0,3.0,,
2023-04-29,178.0,133.0,127.0,,
2023-04-30,250.0,100.0,0.0,,
2023-05-01,233.0,106.0,0.0,,
2023-05-02,267.0,94.0,0.0,,
2023-05-03,261.0,83.0,0.0,,
2023-05-04,278.0,111.0,0.0,,
2023-05-05,256.0,150.0,183.0,,
2023-05-06,300.0,206.0,0.0,,
2023-05-07,306.0,211.0,18.0,,
2023-05-08,311.0,211.0,25.0,,
2023-05-09,317.0,183.0,28.0,,
2023-05-10,256.0,200.0,74.0,,
2023-05-11,239.0,194.0,295.0,,
2023-05-12,278.0,194.0,10.0,,
2023-05-13,311.0,217.0,0.0,,
2023-05-14,328.0,200.0,0.0,,
2023-05-15,328.0,211.0,0.0,,
2023-05-16,317.0,217.0,13.0,,
2023-05-17,267.0,200.0,0.0,,
2023-05-18,300.0,178.0,0.0,,
2023-05-19,322.0,183.0,147.0,,
2023-05-20,250.0,167.0,66.0,,
2023-05-21,239.0,144.0,0.0,,
2023-05-22,289.0,167.0,0.0,,
2023-05-23,306.0,150.0,0.0,,
2023-05-24,289.0,167.0,0.0,,
2023-05-25,311.0,167.0,0.0,,
2023-05-26,300.0,161.0,0.0,,
2023-05-27,283.0,172.0,0.0,,
2023-05-28,300.0,144.0,0.0,,
2023-05-29,306.0,161.0,0.0,,
2023-05-30,328.0,161.0,0.0,,
2023-05-31,322.0,178.0,0.0,,
2023-06-01,322.0,183.0,0.0,,
2023-06-02,333.0,194.0,0.0,,
2023-06-03,339.0,200.0,38.0,,
2023-06-04,333.0,183.0,0.0,,
2023-06-05,344.0,189.0,28.0,,
2023-06-06,322.0,194.0,0.0,,
2023-06-07,333.0,200.0,0.0,,
2023-06-08,344.0,206.0,0.0,,
2023-06-09,317.0,206.0,0.0,,
2023-06-10,328.0,200.0,127.0,,
2023-06-11,333.0,194.0,0.0,,
2023-06-12,267.0,194.0,10.0,,
2023-06-13,294.0,194.0,18.0,,
2023-06-14,272.0,217.0,137.0,,
2023-06-15,328.0,211.0,0.0,,
2023-06-16,322.0,222.0,0.0,,
2023-06-17,339.0,217.0,0.0,,
2023-06-18,306.0,206.0,203.0,,
2023-06-19,322.0,206.0,0.0,,
2023-06-20,333.0,211.0,0.0,,
2023-06-21,322.0,211.0,0.0,,
2023-06-22,317.0,206.0,0.0,,
2023-06-23,328.0,189.0,0.0,,
2023-06-24,350.0,200.0,0.0,,
2023-06-25,356.0,222.0,279.0,,
2023-06-26,328.0,222.0,56.0,,
2023-06-27,339.0,228.0,71.0,,
2023-06-28,356.0,222.0,0.0,,
2023-06-29,361.0,267.0,0.0,,
2023-06-30,367.0,267.0,0.0,,
2023-07-01,361.0,261.0,0.0,,
2023-07-02,350.0,256.0,0.0,,
2023-07-03,356.0,250.0,0.0,,
2023-07-04,328.0,228.0,665.0,,
2023-07-05,339.0,228.0,5.0,,
2023-07-06,339.0,228.0,737.0,,
2023-07-07,317.0,228.0,0.0,,
2023-07-08,328.0,233.0,99.0,,
2023-07-09,283.0,228.0,94.0,,
2023-07-10,306.0,217.0,0.0,,
2023-07-11,300.0,211.0,142.0,,
2023-07-12,294.0,228.0,881.0,,
2023-07-13,322.0,250.0,0.0,,
2023-07-14,317.0,267.0,0.0,,
2023-07-15,333.0,217.0,472.0,,
2023-07-16,333.0,217.0,0.0,,
2023-07-17,344.0,217.0,0.0,,
2023-07-18,361.0,267.0,0.0,,
2023-07-19,350.0,267.0,0.0,,
2023-07-20,344.0,272.0,0.0,,
2023-07-21,333.0,244.0,0.0,,
2023-07-22,311.0,211.0,69.0,,
2023-07-23,328.0,200.0,0.0,,
2023-07-24,339.0,217.0,0.0,,
2023-07-25,344.0,217.0,0.0,,
2023-07-26,356.0,250.0,0.0,,
2023-07-27,356.0,244.0,0.0,,
2023-07-28,361.0,250.0,0.0,,
2023-07-29,361.0,250.0,0.0,,
2023-07-30,361.0,250.0,8.0,,
2023-07-31,344.0,228.0,10.0,,
2023-08-01,361.0,244.0,0.0,,
2023-08-02,372.0,244.0,0.0,,
2023-08-03,372.0,278.0,0.0,,
2023-08-04,378.0,272.0,0.0,,
2023-08-05,378.0,272.0,0.0,,
2023-08-06,344.0,261.0,0.0,,
2023-08-07,317.0,233.0,23.0,,
2023-08-08,261.0,217.0,770.0,,
2023-08-09,350.0,228.0,0.0,,
2023-08-10,339.0,261.0,18.0,,
2023-08-11,339.0,261.0,0.0,,
2023-08-12,361.0,256.0,0.0,,
2023-08-13,367.0,267.0,0.0,,
2023-08-14,367.0,244.0,170.0,,
2023-08-15,306.0,211.0,117.0,,
2023-08-16,294.0,189.0,0.0,,
2023-08-17,328.0,172.0,0.0,,
2023-08-18,356.0,206.0,0.0,,
2023-08-19,367.0,233.0,0.0,,
2023-08-20,361.0,233.0,0.0,,
2023-08-21,367.0,233.0,0.0,,
2023-08-22,372.0,244.0,0.0,,
2023-08-23,367.0,250.0,0.0,,
2023-08-24,389.0,250.0,0.0,,
2023-08-25,383.0,250.0,0.0,,
2023-08-26,383.0,261.0,0.0,,
2023-08-27,344.0,250.0,0.0,,
2023-08-28,311.0,228.0,0.0,,
2023-08-29,322.0,206.0,0.0,,
2023-08-30,328.0,178.0,0.0,,
2023-08-31,311.0,189.0,0.0,,
2023-09-01,333.0,194.0,0.0,,
2023-09-02,344.0,206.0,0.0,,
2023-09-03,356.0,239.0,0.0,,
2023-09-04,344.0,228.0,132.0,,
2023-09-05,339.0,228.0,0.0,,
2023-09-06,367.0,222.0,127.0,,
2023-09-07,317.0,217.0,0.0,,
2023-09-08,278.0,206.0,30.0,,
2023-09-09,306.0,172.0,0.0,,
2023-09-10,294.0,156.0,0.0,,
2023-09-11,317.0,178.0,0.0,,
2023-09-12,278.0,194.0,8.0,,
2023-09-13,256.0,206.0,46.0,,
2023-09-14,239.0,172.0,48.0,,
2023-09-15,300.0,161.0,0.0,,
2023-09-16,311.0,144.0,0.0,,
2023-09-17,317.0,172.0,0.0,,
2023-09-18,306.0,150.0,0.0,,
2023-09-19,311.0,144.0,0.0,,
2023-09-20,306.0,183.0,0.0,,
2023-09-21,322.0,194.0,0.0,,
2023-09-22,311.0,200.0,0.0,,
2023-09-23,333.0,194.0,0.0,,
2023-09-24,272.0,217.0,28.0,,
2023-09-25,322.0,217.0,0.0,,
2023-09-26,344.0,189.0,0.0,,
2023-09-27,344.0,183.0,0.0,,
2023-09-28,333.0,183.0,0.0,,
2023-09-29,333.0,161.0,0.0,,
2023-09-30,344.0,167.0,0.0,,
2023-10-01,344.0,178.0,0.0,,
2023-10-02,322.0,183.0,0.0,,
2023-10-03,322.0,156.0,0.0,,
2023-10-04,233.0,194.0,114.0,,
2023-10-05,217.0,183.0,170.0,,
2023-10-06,278.0,172.0,0.0,,
2023-10-07,200.0,83.0,0.0,,
2023-10-08,228.0,72.0,0.0,,
2023-10-09,289.0,133.0,0.0,,
2023-10-10,294.0,161.0,0.0,,
2023-10-11,217.0,139.0,0.0,,
2023-10-12,200.0,139.0,0.0,,
2023-10-13,256.0,133.0,0.0,,
2023-10-14,206.0,122.0,0.0,,
2023-10-15,194.0,100.0,8.0,,
2023-10-16,194.0,78.0,0.0,,
2023-10-17,217.0,61.0,0.0,,
2023-10-18,256.0,83.0,0.0,,
2023-10-19,283.0,161.0,0.0,,
2023-10-20,306.0,139.0,0.0,,
2023-10-21,317.0,106.0,0.0,,
2023-10-22,278.0,133.0,0.0,,
2023-10-23,311.0,167.0,0.0,,
2023-10-24,311.0,189.0,0.0,,
2023-10-25,300.0,167.0,0.0,,
2023-10-26,300.0,183.0,5.0,,
2023-10-27,272.0,211.0,0.0,,
2023-10-28,289.0,206.0,0.0,,
2023-10-29,289.0,100.0,10.0,,
2023-10-30,100.0,44.0,221.0,,
2023-10-31,139.0,17.0,0.0,,
2023-11-01,117.0,0.0,0.0,,
2023-11-02,167.0,0.0,0.0,,
2023-11-03,222.0,17.0,0.0,,
2023-11-04,250.0,61.0,0.0,,
2023-11-05,256.0,94.0,0.0,,
2023-11-06,272.0,122.0,0.0,,
2023-11-07,289.0,144.0,0.0,,
2023-11-08,289.0,194.0,0.0,,
2023-11-09,217.0,106.0,53.0,,
2023-11-10,139.0,89.0,104.0,,
2023-11-11,189.0,100.0,0.0,,
2023-11-12,194.0,83.0,0.0,,
2023-11-13,200.0,89.0,0.0,,
2023-11-14,222.0,100.0,0.0,,
2023-11-15,150.0,128.0,3.0,,
2023-11-16,189.0,122.0,0.0,,
2023-11-17,189.0,139.0,0.0,,
2023-11-18,200.0,56.0,0.0,,
2023-11-19,194.0,28.0,0.0,,
2023-11-20,228.0,100.0,180.0,,
2023-11-21,144.0,78.0,0.0,,
2023-11-22,133.0,56.0,3.0,,
2023-11-23,144.0,17.0,0.0,,
2023-11-24,161.0,67.0,0.0,,
2023-11-25,156.0,39.0,0.0,,
2023-11-26,128.0,17.0,8.0,,
2023-11-27,111.0,-16.0,0.0,,
2023-11-28,150.0,0.0,0.0,,
2023-11-29,183.0,28.0,0.0,,
2023-11-30,128.0,67.0,165.0,,
2023-12-01,228.0,122.0,13.0,0.0,0.0
2023-12-02,189.0,83.0,0.0,0.0,0.0
2023-12-03,194.0,72.0,0.0,0.0,0.0
2023-12-04,161.0,28.0,0.0,0.0,0.0
2023-12-05,194.0,22.0,0.0,0.0,0.0
2023-12-06,133.0,11.0,0.0,0.0,0.0
2023-12-07,178.0,33.0,0.0,0.0,0.0
2023-12-08,183.0,89.0,8.0,0.0,0.0
2023-12-09,278.0,122.0,0.0,0.0,0.0
2023-12-10,133.0,-5.0,0.0,0.0,0.0
2023-12-11,156.0,-16.0,0.0,0.0,0.0
2023-12-12,178.0,0.0,0.0,0.0,0.0
2023-12-13,167.0,11.0,0.0,0.0,0.0
2023-12-14,189.0,67.0,0.0,0.0,0.0
2023-12-15,183.0,56.0,3.0,0.0,0.0
2023-12-16,139.0,56.0,81.0,0.0,0.0
2023-12-17,150.0,6.0,0.0,0.0,0.0
2023-12-18,161.0,28.0,0.0,0.0,0.0
2023-12-19,111.0,-21.0,0.0,0.0,0.0
2023-12-20,156.0,-10.0,0.0,0.0,0.0
2023-12-21,156.0,17.0,0.0,0.0,0.0
2023-12-22,189.0,83.0,0.0,0.0,0.0
2023-12-23,206.0,133.0,0.0,0.0,0.0
2023-12-24,178.0,144.0,221.0,0.0,0.0
2023-12-25,156.0,17.0,43.0,0.0,0.0
2023-12-26,122.0,-16.0,0.0,0.0,0.0
2023-12-27,139.0,17.0,0.0,0.0,0.0
2023-12-28,78.0,-16.0,0.0,0.0,0.0
2023-12-29,100.0,-10.0,0.0,0.0,0.0
2023-12-30,133.0,-16.0,0.0,0.0,0.0
2023-12-31,200.0,39.0,0.0,0.0,0.0
2024-01-01,89.0,-21.0,0.0,0.0,0.0
2024-01-02,100.0,-49.0,0.0,0.0,0.0
2024-01-03,122.0,0.0,0.0,0.0,0.0
2024-01-04,106.0,-21.0,0.0,0.0,0.0
2024-01-05,56.0,-5.0,366.0,0.0,0.0
2024-01-06,72.0,33.0,0.0,0.0,0.0
2024-01-07,144.0,0.0,0.0,0.0,0.0
2024-01-08,117.0,6.0,472.0,0.0,0.0
2024-01-09,100.0,17.0,25.0,0.0,0.0
2024-01-10,144.0,-10.0,0.0,0.0,0.0
2024-01-11,189.0,28.0,0.0,0.0,0.0
2024-01-12,183.0,6.0,33.0,0.0,0.0
2024-01-13,117.0,-32.0,0.0,0.0,0.0
2024-01-14,22.0,-88.0,25.0,0.0,0.0
2024-01-15,-82.0,-99.0,102.0,0.0,38.0
2024-01-16,-32.0,-127.0,0.0,51.0,0.0
2024-01-17,33.0,-127.0,0.0,51.0,0.0
2024-01-18,56.0,-27.0,0.0,0.0,0.0
2024-01-19,33.0,-43.0,0.0,0.0,0.0
2024-01-20,-21.0,-77.0,0.0,0.0,0.0
2024-01-21,17.0,-93.0,0.0,0.0,0.0
2024-01-22,106.0,-5.0,173.0,0.0,0.0
2024-01-23,161.0,100.0,381.0,0.0,0.0
2024-01-24,172.0,144.0,109.0,0.0,0.0
2024-01-25,194.0,100.0,142.0,0.0,0.0
2024-01-26,144.0,67.0,99.0,0.0,0.0
2024-01-27,128.0,78.0,307.0,0.0,0.0
2024-01-28,139.0,28.0,0.0,0.0,0.0
2024-01-29,172.0,0.0,0.0,0.0,0.0
2024-01-30,239.0,83.0,0.0,0.0,0.0
2024-01-31,161.0,39.0,0.0,0.0,0.0
2024-02-01,211.0,11.0,0.0,0.0,0.0
2024-02-02,228.0,50.0,0.0,0.0,0.0
2024-02-03,150.0,100.0,124.0,0.0,0.0
2024-02-04,128.0,83.0,10.0,0.0,0.0
2024-02-05,167.0,44.0,0.0,0.0,0.0
2024-02-06,183.0,6.0,0.0,0.0,0.0
2024-02-07,194.0,33.0,0.0,0.0,0.0
2024-02-08,183.0,100.0,0.0,0.0,0.0
2024-02-09,206.0,172.0,0.0,0.0,0.0
2024-02-10,194.0,128.0,406.0,0.0,0.0
2024-02-11,128.0,78.0,130.0,0.0,0.0
2024-02-12,94.0,39.0,13.0,0.0,0.0
2024-02-13,161.0,17.0,0.0,0.0,0.0
2024-02-14,183.0,11.0,0.0,0.0,0.0
2024-02-15,211.0,89.0,0.0,0.0,0.0
2024-02-16,206.0,44.0,130.0,0.0,0.0
2024-02-17,50.0,-16.0,0.0,0.0,0.0
2024-02-18,111.0,-27.0,0.0,0.0,0.0
2024-02-19,167.0,-21.0,0.0,0.0,0.0
2024-02-20,228.0,39.0,0.0,0.0,0.0
2024-02-21,239.0,72.0,0.0,0.0,0.0
2024-02-22,250.0,144.0,0.0,0.0,0.0
2024-02-23,222.0,100.0,0.0,0.0,0.0
2024-02-24,217.0,67.0,0.0,0.0,0.0
2024-02-25,272.0,94.0,0.0,0.0,0.0
2024-02-26,261.0,144.0,0.0,0.0,0.0
2024-02-27,278.0,183.0,0.0,0.0,0.0
2024-02-28,228.0,61.0,8.0,0.0,0.0
2024-02-29,106.0,44.0,5.0,0.0,0.0
2024-03-01,122.0,50.0,18.0,0.0,0.0
2024-03-02,194.0,39.0,0.0,0.0,0.0
2024-03-03,239.0,117.0,0.0,0.0,0.0
2024-03-04,267.0,167.0,254.0,0.0,0.0
2024-03-05,222.0,133.0,36.0,0.0,0.0
2024-03-06,161.0,122.0,0.0,0.0,0.0
2024-03-07,183.0,139.0,10.0,0.0,0.0
2024-03-08,172.0,133.0,168.0,0.0,0.0
2024-03-09,144.0,67.0,20.0,0.0,0.0
2024-03-10,183.0,17.0,0.0,0.0,0.0
2024-03-11,194.0,50.0,0.0,0.0,0.0
2024-03-12,239.0,67.0,0.0,0.0,0.0
2024-03-13,267.0,156.0,0.0,0.0,0.0
2024-03-14,261.0,194.0,5.0,0.0,0.0
2024-03-15,200.0,139.0,523.0,0.0,0.0
2024-03-16,211.0,94.0,15.0,0.0,0.0
2024-03-17,194.0,117.0,0.0,0.0,0.0
2024-03-18,139.0,11.0,0.0,0.0,0.0
2024-03-19,178.0,-10.0,0.0,0.0,0.0
2024-03-20,222.0,78.0,0.0,0.0,0.0
2024-03-21,217.0,83.0,0.0,0.0,0.0
2024-03-22,156.0,106.0,147.0,0.0,0.0
2024-03-23,150.0,61.0,0.0,0.0,0.0
2024-03-24,178.0,56.0,0.0,0.0,0.0
2024-03-25,211.0,128.0,422.0,0.0,0.0
2024-03-26,178.0,72.0,0.0,0.0,0.0
2024-03-27,167.0,50.0,0.0,0.0,0.0
2024-03-28,211.0,33.0,0.0,0.0,0.0
2024-03-29,256.0,94.0,0.0,0.0,0.0
2024-03-30,272.0,117.0,0.0,0.0,0.0
2024-03-31,261.0,156.0,0.0,0.0,0.0
2024-04-01,272.0,194.0,0.0,0.0,0.0
2024-04-02,278.0,122.0,23.0,0.0,0.0
2024-04-03,194.0,78.0,0.0,0.0,0.0
2024-04-04,239.0,56.0,0.0,0.0,0.0
2024-04-05,233.0,56.0,0.0,0.0,0.0
2024-04-06,233.0,100.0,0.0,0.0,0.0
2024-04-07,289.0,156.0,71.0,0.0,0.0
2024-04-08,256.0,172.0,193.0,0.0,0.0
2024-04-09,183.0,150.0,759.0,0.0,0.0
2024-04-10,222.0,161.0,269.0,0.0,0.0
2024-04-11,228.0,117.0,185.0,0.0,0.0
2024-04-12,256.0,78.0,0.0,0.0,0.0
2024-04-13,294.0,111.0,0.0,0.0,0.0
2024-04-14,289.0,161.0,0.0,0.0,0.0
2024-04-15,267.0,178.0,0.0,0.0,0.0
2024-04-16,289.0,178.0,0.0,0.0,0.0
2024-04-17,294.0,211.0,0.0,0.0,0.0
2024-04-18,233.0,200.0,180.0,0.0,0.0
2024-04-19,217.0,150.0,3.0,0.0,0.0
2024-04-20,156.0,100.0,142.0,0.0,0.0
2024-04-21,183.0,67.0,3.0,0.0,0.0
2024-04-22,211.0,44.0,0.0,0.0,0.0
2024-04-23,256.0,94.0,0.0,0.0,0.0
2024-04-24,289.0,178.0,0.0,0.0,0.0
2024-04-25,272.0,161.0,0.0,0.0,0.0
2024-04-26,283.0,178.0,137.0,0.0,0.0
2024-04-27,300.0,178.0,58.0,0.0,0.0
2024-04-28,278.0,183.0,160.0,0.0,0.0
2024-04-29,239.0,172.0,211.0,0.0,0.0
2024-04-30,289.0,156.0,0.0,0.0,0.0
2024-05-01,300.0,172.0,0.0,0.0,0.0
2024-05-02,256.0,178.0,3.0,0.0,0.0
2024-05-03,244.0,178.0,48.0,0.0,0.0
2024-05-04,300.0,161.0,66.0,0.0,0.0
2024-05-05,244.0,183.0,140.0,0.0,0.0
2024-05-06,294.0,222.0,0.0,0.0,0.0
2024-05-07,322.0,222.0,0.0,0.0,0.0
2024-05-08,300.0,239.0,0.0,0.0,0.0
2024-05-09,322.0,200.0,0.0,0.0,0.0
2024-05-10,278.0,161.0,0.0,0.0,0.0
2024-05-11,289.0,133.0,0.0,0.0,0.0
2024-05-12,261.0,172.0,25.0,0.0,0.0
2024-05-13,256.0,178.0,142.0,0.0,0.0
2024-05-14,278.0,189.0,99.0,0.0,0.0
2024-05-15,333.0,167.0,0.0,0.0,0.0
2024-05-16,278.0,172.0,20.0,0.0,0.0
2024-05-17,283.0,183.0,0.0,0.0,0.0
2024-05-18,311.0,200.0,0.0,0.0,0.0
2024-05-19,322.0,178.0,0.0,0.0,0.0
2024-05-20,328.0,178.0,0.0,0.0,0.0
2024-05-21,328.0,222.0,0.0,0.0,0.0
2024-05-22,317.0,217.0,71.0,0.0,0.0
2024-05-23,261.0,200.0,206.0,0.0,0.0
2024-05-24,317.0,222.0,23.0,0.0,0.0
2024-05-25,322.0,211.0,150.0,0.0,0.0
2024-05-26,328.0,250.0,0.0,0.0,0.0
2024-05-27,333.0,200.0,71.0,0.0,0.0
2024-05-28,283.0,189.0,0.0,0.0,0.0
2024-05-29,300.0,178.0,0.0,0.0,0.0
2024-05-30,300.0,183.0,10.0,0.0,0.0
2024-05-31,289.0,217.0,122.0,0.0,0.0
2024-06-01,300.0,217.0,0.0,0.0,0.0
2024-06-02,317.0,194.0,0.0,0.0,0.0
2024-06-03,317.0,194.0,259.0,0.0,0.0
2024-06-04,272.0,189.0,28.0,0.0,0.0
2024-06-05,283.0,200.0,0.0,0.0,0.0
2024-06-06,333.0,211.0,0.0,0.0,0.0
2024-06-07,328.0,206.0,0.0,0.0,0.0
2024-06-08,339.0,194.0,0.0,0.0,0.0
2024-06-09,350.0,228.0,0.0,0.0,0.0
2024-06-10,300.0,178.0,0.0,0.0,0.0
2024-06-11,306.0,167.0,0.0,0.0,0.0
2024-06-12,300.0,156.0,0.0,0.0,0.0
2024-06-13,322.0,150.0,0.0,0.0,0.0
2024-06-14,344.0,172.0,0.0,0.0,0.0
2024-06-15,350.0,194.0,0.0,0.0,0.0
2024-06-16,356.0,233.0,0.0,0.0,0.0
2024-06-17,328.0,228.0,254.0,0.0,0.0
2024-06-18,294.0,233.0,0.0,0.0,0.0
2024-06-19,317.0,228.0,0.0,0.0,0.0
2024-06-20,328.0,228.0,0.0,0.0,0.0
2024-06-21,333.0,206.0,0.0,0.0,0.0
2024-06-22,350.0,228.0,0.0,0.0,0.0
2024-06-23,356.0,267.0,0.0,0.0,0.0
2024-06-24,378.0,261.0,0.0,0.0,0.0
2024-06-25,372.0,261.0,0.0,0.0,0.0
2024-06-26,339.0,239.0,48.0,0.0,0.0
2024-06-27,317.0,222.0,0.0,0.0,0.0
2024-06-28,344.0,222.0,0.0,0.0,0.0
2024-06-29,361.0,256.0,0.0,0.0,0.0
2024-06-30,367.0,250.0,20.0,0.0,0.0
2024-07-01,328.0,228.0,0.0,0.0,0.0
2024-07-02,356.0,211.0,0.0,0.0,0.0
2024-07-03,378.0,244.0,0.0,0.0,0.0
2024-07-04,361.0,256.0,0.0,0.0,0.0
2024-07-05,356.0,256.0,0.0,0.0,0.0
2024-07-06,333.0,233.0,0.0,0.0,0.0
2024-07-07,344.0,217.0,5.0,0.0,0.0
2024-07-08,322.0,250.0,41.0,0.0,0.0
2024-07-09,300.0,217.0,8.0,0.0,0.0
2024-07-10,339.0,211.0,0.0,0.0,0.0
2024-07-11,344.0,206.0,0.0,0.0,0.0
2024-07-12,356.0,206.0,0.0,0.0,0.0
2024-07-13,356.0,217.0,0.0,0.0,0.0
2024-07-14,356.0,244.0,0.0,0.0,0.0
2024-07-15,367.0,256.0,0.0,0.0,0.0
2024-07-16,372.0,261.0,0.0,0.0,0.0
2024-07-17,350.0,222.0,216.0,0.0,0.0
2024-07-18,306.0,222.0,130.0,0.0,0.0
2024-07-19,294.0,222.0,0.0,0.0,0.0
2024-07-20,317.0,217.0,0.0,0.0,0.0
2024-07-21,328.0,200.0,0.0,0.0,0.0
2024-07-22,317.0,217.0,3.0,0.0,0.0
2024-07-23,278.0,228.0,190.0,0.0,0.0
2024-07-24,267.0,233.0,221.0,0.0,0.0
2024-07-25,256.0,228.0,137.0,0.0,0.0
2024-07-26,272.0,222.0,8.0,0.0,0.0
2024-07-27,300.0,228.0,0.0,0.0,0.0
2024-07-28,328.0,244.0,0.0,0.0,0.0
2024-07-29,344.0,256.0,0.0,0.0,0.0
2024-07-30,356.0,261.0,0.0,0.0,0.0
2024-07-31,356.0,267.0,0.0,0.0,0.0
2024-08-01,361.0,256.0,0.0,0.0,0.0
2024-08-02,350.0,256.0,0.0,0.0,0.0
2024-08-03,344.0,239.0,0.0,0.0,0.0
2024-08-04,344.0,217.0,0.0,0.0,0.0
2024-08-05,361.0,228.0,0.0,0.0,0.0
2024-08-06,372.0,228.0,0.0,0.0,0.0
2024-08-07,339.0,228.0,0.0,0.0,0.0
2024-08-08,322.0,194.0,0.0,0.0,0.0
2024-08-09,322.0,222.0,0.0,0.0,0.0
2024-08-10,317.0,206.0,0.0,0.0,0.0
2024-08-11,311.0,194.0,0.0,0.0,0.0
2024-08-12,350.0,211.0,0.0,0.0,0.0
2024-08-13,367.0,222.0,0.0,0.0,0.0
2024-08-14,372.0,250.0,10.0,0.0,0.0
2024-08-15,383.0,244.0,0.0,0.0,0.0
2024-08-16,389.0,261.0,0.0,0.0,0.0
2024-08-17,372.0,250.0,0.0,0.0,0.0
2024-08-18,400.0,228.0,198.0,0.0,0.0
2024-08-19,322.0,222.0,3.0,0.0,0.0
2024-08-20,317.0,206.0,0.0,0.0,0.0
2024-08-21,311.0,178.0,0.0,0.0,0.0
2024-08-22,328.0,172.0,0.0,0.0,0.0
2024-08-23,356.0,189.0,0.0,0.0,0.0
2024-08-24,356.0,217.0,0.0,0.0,0.0
2024-08-25,356.0,200.0,0.0,0.0,0.0
2024-08-26,367.0,211.0,0.0,0.0,0.0
2024-08-27,378.0,200.0,0.0,0.0,0.0
2024-08-28,383.0,211.0,0.0,0.0,0.0
2024-08-29,356.0,239.0,0.0,0.0,0.0
2024-08-30,344.0,233.0,0.0,0.0,0.0
2024-08-31,294.0,228.0,79.0,0.0,0.0
2024-09-01,339.0,222.0,0.0,0.0,0.0
2024-09-02,333.0,222.0,0.0,0.0,0.0
2024-09-03,339.0,206.0,0.0,0.0,0.0
2024-09-04,306.0,211.0,417.0,0.0,0.0
2024-09-05,272.0,222.0,13.0,0.0,0.0
2024-09-06,278.0,206.0,290.0,0.0,0.0
2024-09-07,278.0,167.0,0.0,0.0,0.0
2024-09-08,272.0,139.0,0.0,0.0,0.0
2024-09-09,300.0,117.0,0.0,0.0,0.0
2024-09-10,328.0,167.0,0.0,0.0,0.0
2024-09-11,283.0,211.0,33.0,0.0,0.0
2024-09-12,222.0,194.0,163.0,0.0,0.0
2024-09-13,261.0,183.0,0.0,0.0,0.0
2024-09-14,267.0,194.0,0.0,0.0,0.0
2024-09-15,289.0,200.0,15.0,0.0,0.0
2024-09-16,283.0,222.0,23.0,0.0,0.0
2024-09-17,289.0,211.0,0.0,0.0,0.0
2024-09-18,328.0,194.0,0.0,0.0,0.0
2024-09-19,333.0,183.0,0.0,0.0,0.0
2024-09-20,344.0,200.0,0.0,0.0,0.0
2024-09-21,339.0,211.0,0.0,0.0,0.0
2024-09-22,339.0,211.0,0.0,0.0,0.0
2024-09-23,333.0,206.0,119.0,0.0,0.0
2024-09-24,306.0,183.0,0.0,0.0,0.0
2024-09-25,289.0,178.0,0.0,0.0,0.0
2024-09-26,289.0,156.0,0.0,0.0,0.0
2024-09-27,278.0,156.0,0.0,0.0,0.0
2024-09-28,283.0,178.0,0.0,0.0,0.0
2024-09-29,278.0,178.0,0.0,0.0,0.0
2024-09-30,300.0,183.0,0.0,0.0,0.0
2024-10-01,339.0,206.0,0.0,0.0,0.0
2024-10-02,294.0,133.0,0.0,0.0,0.0
2024-10-03,311.0,106.0,0.0,0.0,0.0
2024-10-04,333.0,156.0,0.0,0.0,0.0
2024-10-05,333.0,183.0,0.0,0.0,0.0
2024-10-06,339.0,178.0,0.0,0.0,0.0
2024-10-07,289.0,156.0,0.0,0.0,0.0
2024-10-08,272.0,122.0,0.0,0.0,0.0
2024-10-09,289.0,100.0,0.0,0.0,0.0
2024-10-10,300.0,111.0,0.0,0.0,0.0
2024-10-11,311.0,122.0,0.0,0.0,0.0
2024-10-12,317.0,133.0,0.0,0.0,0.0
2024-10-13,339.0,194.0,0.0,0.0,0.0
2024-10-14,239.0,106.0,0.0,0.0,0.0
2024-10-15,267.0,83.0,0.0,0.0,0.0
2024-10-16,189.0,50.0,0.0,0.0,0.0
2024-10-17,211.0,28.0,0.0,0.0,0.0
2024-10-18,244.0,39.0,0.0,0.0,0.0
2024-10-19,256.0,56.0,0.0,0.0,0.0
2024-10-20,272.0,67.0,0.0,0.0,0.0
2024-10-21,289.0,78.0,0.0,0.0,0.0
2024-10-22,300.0,83.0,0.0,0.0,0.0
2024-10-23,317.0,144.0,0.0,0.0,0.0
2024-10-24,317.0,161.0,0.0,0.0,0.0
2024-10-25,317.0,139.0,0.0,0.0,0.0
2024-10-26,311.0,161.0,0.0,0.0,0.0
2024-10-27,256.0,156.0,0.0,0.0,0.0
2024-10-28,311.0,161.0,0.0,0.0,0.0
2024-10-29,306.0,167.0,0.0,0.0,0.0
2024-10-30,311.0,183.0,0.0,0.0,0.0
2024-10-31,244.0,189.0,206.0,0.0,0.0
2024-11-01,222.0,167.0,0.0,0.0,0.0
2024-11-02,267.0,189.0,0.0,0.0,0.0
2024-11-03,272.0,194.0,0.0,0.0,0.0
2024-11-04,300.0,233.0,0.0,0.0,0.0
2024-11-05,250.0,178.0,244.0,0.0,0.0
2024-11-06,206.0,167.0,188.0,0.0,0.0
2024-11-07,200.0,161.0,0.0,0.0,0.0
2024-11-08,194.0,161.0,0.0,0.0,0.0
2024-11-09,222.0,189.0,155.0,0.0,0.0
2024-11-10,256.0,172.0,0.0,0.0,0.0
2024-11-11,244.0,106.0,0.0,0.0,0.0
2024-11-12,228.0,100.0,0.0,0.0,0.0
2024-11-13,217.0,144.0,254.0,0.0,0.0
2024-11-14,211.0,78.0,0.0,0.0,0.0
2024-11-15,211.0,50.0,0.0,0.0,0.0
2024-11-16,217.0,61.0,0.0,0.0,0.0
2024-11-17,250.0,106.0,119.0,0.0,0.0
2024-11-18,261.0,167.0,246.0,0.0,0.0
2024-11-19,244.0,122.0,0.0,0.0,0.0
2024-11-20,172.0,72.0,0.0,0.0,0.0
2024-11-21,189.0,50.0,0.0,0.0,0.0
2024-11-22,161.0,17.0,0.0,0.0,0.0
2024-11-23,189.0,17.0,0.0,0.0,0.0
2024-11-24,239.0,61.0,0.0,0.0,0.0
2024-11-25,244.0,122.0,0.0,0.0,0.0
2024-11-26,144.0,50.0,0.0,0.0,0.0
2024-11-27,200.0,50.0,0.0,0.0,0.0
2024-11-28,156.0,44.0,0.0,0.0,0.0
2024-11-29,106.0,-5.0,0.0,0.0,0.0
2024-11-30,133.0,-21.0,0.0,0.0,0.0
2024-12-01,150.0,11.0,0.0,0.0,0.0
2024-12-02,150.0,-10.0,0.0,0.0,0.0
2024-12-03,89.0,-16.0,0.0,0.0,0.0
2024-12-04,106.0,11.0,114.0,0.0,0.0
2024-12-05,111.0,-10.0,0.0,0.0,0.0
2024-12-06,72.0,-32.0,0.0,0.0,0.0
2024-12-07,156.0,-16.0,0.0,0.0,0.0
2024-12-08,172.0,67.0,132.0,0.0,0.0
2024-12-09,200.0,133.0,0.0,0.0,0.0
2024-12-10,178.0,72.0,0.0,0.0,0.0
2024-12-11,128.0,6.0,0.0,0.0,0.0
2024-12-12,161.0,-5.0,0.0,0.0,0.0
2024-12-13,144.0,33.0,0.0,0.0,0.0
2024-12-14,161.0,106.0,206.0,0.0,0.0
2024-12-15,194.0,150.0,53.0,0.0,0.0
2024-12-16,239.0,161.0,124.0,0.0,0.0
2024-12-17,189.0,150.0,61.0,0.0,0.0
2024-12-18,189.0,56.0,140.0,0.0,0.0
2024-12-19,139.0,22.0,0.0,0.0,0.0
2024-12-20,117.0,6.0,0.0,0.0,0.0
2024-12-21,78.0,-16.0,0.0,0.0,0.0
2024-12-22,111.0,-21.0,0.0,0.0,0.0
2024-12-23,172.0,56.0,0.0,0.0,0.0
2024-12-24,183.0,72.0,0.0,0.0,0.0
2024-12-25,156.0,94.0,66.0,0.0,0.0
2024-12-26,150.0,117.0,500.0,0.0,0.0
2024-12-27,200.0,106.0,0.0,0.0,0.0
2024-12-28,161.0,89.0,706.0,0.0,0.0
2024-12-29,156.0,100.0,15.0,0.0,0.0
2024-12-30,206.0,89.0,0.0,0.0,0.0
2024-12-31,156.0,44.0,0.0,0.0,0.0
2025-01-01,89.0,0.0,0.0,0.0,0.0
2025-01-02,128.0,-21.0,0.0,0.0,0.0
2025-01-03,139.0,6.0,0.0,0.0,0.0
2025-01-04,100.0,-10.0,0.0,0.0,0.0
2025-01-05,206.0,6.0,112.0,0.0,0.0
2025-01-06,44.0,-21.0,0.0,0.0,0.0
2025-01-07,-5.0,-21.0,0.0,0.0,0.0
2025-01-08,56.0,-32.0,0.0,0.0,0.0
2025-01-09,33.0,-55.0,0.0,0.0,0.0
2025-01-10,17.0,6.0,84.0,0.0,0.0
2025-01-11,89.0,-10.0,0.0,0.0,0.0
2025-01-12,144.0,-21.0,0.0,,0.0
2025-01-13,89.0,-21.0,0.0,0.0,0.0
2025-01-14,128.0,-32.0,0.0,,0.0
2025-01-15,150.0,-21.0,0.0,0.0,0.0
2025-01-16,183.0,0.0,0.0,0.0,0.0
2025-01-17,139.0,28.0,8.0,0.0,0.0
2025-01-18,139.0,39.0,0.0,0.0,0.0
2025-01-19,33.0,-43.0,0.0,0.0,0.0
2025-01-20,0.0,-66.0,0.0,0.0,0.0
2025-01-21,-10.0,-88.0,0.0,0.0,0.0
2025-01-22,44.0,-88.0,0.0,0.0,0.0
2025-01-23,111.0,-38.0,0.0,0.0,0.0
2025-01-24,94.0,-43.0,0.0,0.0,0.0
2025-01-25,156.0,-27.0,0.0,0.0,0.0
2025-01-26,106.0,61.0,99.0,0.0,0.0
2025-01-27,128.0,22.0,0.0,0.0,0.0
2025-01-28,161.0,11.0,0.0,0.0,0.0
2025-01-29,128.0,89.0,23.0,0.0,0.0
2025-01-30,222.0,117.0,48.0,0.0,0.0
2025-01-31,178.0,78.0,0.0,0.0,0.0
2025-02-01,172.0,50.0,0.0,0.0,0.0
2025-02-02,233.0,50.0,0.0,0.0,0.0
2025-02-03,250.0,139.0,0.0,0.0,0.0
2025-02-04,244.0,111.0,0.0,0.0,0.0
2025-02-05,222.0,106.0,0.0,0.0,0.0
2025-02-06,272.0,133.0,0.0,0.0,0.0
2025-02-07,167.0,100.0,0.0,0.0,0.0
2025-02-08,300.0,144.0,0.0,0.0,0.0
2025-02-09,150.0,44.0,0.0,0.0,0.0
2025-02-10,72.0,28.0,0.0,0.0,0.0
2025-02-11,78.0,50.0,305.0,0.0,0.0
2025-02-12,111.0,50.0,406.0,0.0,0.0
2025-02-13,67.0,-5.0,0.0,0.0,0.0
2025-02-14,100.0,-10.0,0.0,0.0,0.0
2025-02-15,267.0,94.0,328.0,0.0,0.0
2025-02-16,122.0,6.0,0.0,0.0,0.0
2025-02-17,78.0,-21.0,0.0,0.0,0.0
2025-02-18,56.0,-5.0,28.0,0.0,0.0
2025-02-19,-16.0,-60.0,0.0,0.0,0.0
2025-02-20,-16.0,-88.0,0.0,0.0,0.0
2025-02-21,28.0,-66.0,0.0,0.0,0.0
2025-02-22,117.0,-5.0,0.0,0.0,0.0
2025-02-23,67.0,-21.0,51.0,0.0,0.0
2025-02-24,167.0,-10.0,0.0,0.0,0.0
2025-02-25,239.0,50.0,0.0,0.0,0.0
2025-02-26,261.0,94.0,0.0,0.0,0.0
2025-02-27,217.0,78.0,0.0,0.0,0.0
2025-02-28,239.0,44.0,0.0,0.0,0.0
2025-03-01,206.0,67.0,0.0,0.0,0.0
2025-03-02,150.0,33.0,0.0,0.0,0.0
2025-03-03,194.0,78.0,3.0,0.0,0.0
2025-03-04,172.0,117.0,239.0,0.0,0.0
2025-03-05,144.0,61.0,0.0,0.0,0.0
2025-03-06,161.0,0.0,0.0,0.0,0.0
2025-03-07,206.0,50.0,0.0,0.0,0.0
2025-03-08,161.0,78.0,53.0,0.0,0.0
2025-03-09,128.0,72.0,36.0,0.0,0.0
2025-03-10,222.0,33.0,0.0,0.0,0.0
2025-03-11,272.0,83.0,0.0,0.0,0.0
2025-03-12,272.0,128.0,0.0,0.0,0.0
2025-03-13,289.0,156.0,0.0,0.0,0.0
2025-03-14,278.0,167.0,0.0,0.0,0.0
2025-03-15,239.0,139.0,518.0,0.0,0.0
2025-03-16,178.0,61.0,0.0,0.0,0.0
2025-03-17,239.0,22.0,0.0,0.0,0.0
2025-03-18,261.0,111.0,0.0,0.0,0.0
2025-03-19,272.0,94.0,0.0,0.0,0.0
2025-03-20,167.0,28.0,0.0,0.0,0.0
2025-03-21,211.0,6.0,0.0,0.0,0.0
2025-03-22,250.0,89.0,0.0,0.0,0.0
2025-03-23,256.0,150.0,0.0,0.0,0.0
2025-03-24,244.0,117.0,0.0,0.0,0.0
2025-03-25,300.0,106.0,0.0,0.0,0.0
2025-03-26,256.0,128.0,0.0,0.0,0.0
2025-03-27,283.0,111.0,0.0,0.0,0.0
2025-03-28,272.0,172.0,20.0,0.0,0.0
2025-03-29,228.0,178.0,198.0,0.0,0.0
2025-03-30,289.0,194.0,3.0,0.0,0.0
2025-03-31,233.0,117.0,470.0,0.0,0.0
2025-04-01,239.0,83.0,0.0,0.0,0.0
2025-04-02,311.0,206.0,33.0,0.0,0.0
2025-04-03,278.0,161.0,28.0,0.0,0.0
2025-04-04,322.0,161.0,0.0,0.0,0.0
2025-04-05,261.0,106.0,1087.0,0.0,0.0
2025-04-06,111.0,89.0,8.0,0.0,0.0
2025-04-07,178.0,72.0,0.0,0.0,0.0
2025-04-08,194.0,61.0,0.0,0.0,0.0
2025-04-09,256.0,61.0,0.0,0.0,0.0
2025-04-10,294.0,144.0,0.0,0.0,0.0
2025-04-11,244.0,94.0,0.0,0.0,0.0
2025-04-12,233.0,78.0,0.0,,0.0
2025-04-13,306.0,111.0,0.0,0.0,0.0
2025-04-14,289.0,183.0,0.0,0.0,0.0
2025-04-15,233.0,100.0,0.0,,0.0
2025-04-16,261.0,67.0,0.0,,0.0
2025-04-17,294.0,128.0,0.0,0.0,0.0
2025-04-18,306.0,206.0,0.0,0.0,0.0
2025-04-19,278.0,200.0,0.0,0.0,0.0
2025-04-20,294.0,183.0,13.0,0.0,0.0
2025-04-21,267.0,167.0,0.0,0.0,0.0
2025-04-22,272.0,150.0,10.0,0.0,0.0
2025-04-23,261.0,172.0,13.0,0.0,0.0
2025-04-24,272.0,172.0,86.0,0.0,0.0
2025-04-25,283.0,189.0,226.0,0.0,0.0
2025-04-26,300.0,178.0,0.0,0.0,0.0
2025-04-27,311.0,189.0,13.0,0.0,0.0
2025-04-28,311.0,200.0,0.0,0.0,0.0
2025-04-29,306.0,194.0,0.0,,0.0
2025-04-30,300.0,178.0,244.0,,0.0
2025-05-01,267.0,172.0,28.0,0.0,0.0
2025-05-02,267.0,172.0,15.0,0.0,0.0
2025-05-03,250.0,128.0,0.0,0.0,0.0
2025-05-04,228.0,89.0,0.0,0.0,0.0
2025-05-05,250.0,100.0,0.0,0.0,0.0
2025-05-06,250.0,144.0,353.0,0.0,0.0
2025-05-07,256.0,172.0,0.0,0.0,0.0
2025-05-08,283.0,144.0,0.0,0.0,0.0
2025-05-09,256.0,172.0,0.0,0.0,0.0
2025-05-10,189.0,150.0,15.0,0.0,0.0
2025-05-11,233.0,150.0,91.0,0.0,0.0
2025-05-12,233.0,161.0,15.0,0.0,0.0
2025-05-13,300.0,178.0,0.0,0.0,0.0
2025-05-14,328.0,206.0,0.0,0.0,0.0
2025-05-15,328.0,206.0,0.0,0.0,0.0
2025-05-16,300.0,250.0,0.0,0.0,0.0
2025-05-17,328.0,183.0,94.0,0.0,0.0
2025-05-18,300.0,189.0,0.0,0.0,0.0
2025-05-19,300.0,228.0,0.0,0.0,0.0
2025-05-20,317.0,189.0,43.0,0.0,0.0
2025-05-21,311.0,139.0,0.0,0.0,0.0
2025-05-22,311.0,156.0,0.0,0.0,0.0
2025-05-23,311.0,189.0,0.0,0.0,0.0
2025-05-24,278.0,200.0,61.0,0.0,0.0
2025-05-25,328.0,206.0,328.0,0.0,0.0
2025-05-26,250.0,194.0,455.0,0.0,0.0
2025-05-27,244.0,178.0,15.0,0.0,0.0
2025-05-28,267.0,172.0,3.0,0.0,0.0
2025-05-29,294.0,200.0,5.0,0.0,0.0
2025-05-30,272.0,183.0,8.0,0.0,0.0
2025-05-31,289.0,167.0,0.0,0.0,0.0
2025-06-01,294.0,172.0,0.0,0.0,0.0
2025-06-02,300.0,172.0,0.0,0.0,0.0
2025-06-03,317.0,183.0,0.0,0.0,0.0
2025-06-04,322.0,206.0,0.0,0.0,0.0
2025-06-05,344.0,228.0,0.0,0.0,0.0
2025-06-06,311.0,244.0,0.0,0.0,0.0
2025-06-07,333.0,239.0,25.0,0.0,0.0
2025-06-08,317.0,222.0,315.0,0.0,0.0
2025-06-09,306.0,233.0,0.0,0.0,0.0
2025-06-10,333.0,206.0,0.0,0.0,0.0
2025-06-11,322.0,189.0,8.0,0.0,0.0
2025-06-12,283.0,211.0,196.0,0.0,0.0
2025-06-13,311.0,222.0,38.0,0.0,0.0
2025-06-14,333.0,222.0,262.0,0.0,0.0
2025-06-15,328.0,222.0,0.0,0.0,0.0
2025-06-16,322.0,222.0,28.0,0.0,0.0
2025-06-17,322.0,233.0,0.0,0.0,0.0
2025-06-18,339.0,233.0,0.0,0.0,0.0
2025-06-19,333.0,217.0,69.0,0.0,0.0
2025-06-20,344.0,233.0,0.0,0.0,0.0
2025-06-21,339.0,261.0,0.0,0.0,0.0
2025-06-22,344.0,244.0,0.0,0.0,0.0
2025-06-23,344.0,233.0,20.0,0.0,0.0
2025-06-24,344.0,228.0,0.0,0.0,0.0
2025-06-25,350.0,244.0,132.0,0.0,0.0
2025-06-26,339.0,250.0,8.0,0.0,0.0
2025-06-27,344.0,228.0,0.0,0.0,0.0
2025-06-28,344.0,233.0,8.0,0.0,0.0
2025-06-29,339.0,233.0,0.0,0.0,0.0
2025-06-30,339.0,244.0,0.0,0.0,0.0
2025-07-01,339.0,250.0,0.0,0.0,0.0
2025-07-02,344.0,233.0,0.0,0.0,0.0
2025-07-03,328.0,244.0,0.0,0.0,0.0
2025-07-04,344.0,222.0,0.0,0.0,0.0
2025-07-05,350.0,233.0,0.0,0.0,0.0
2025-07-06,356.0,233.0,518.0,0.0,0.0
2025-07-07,356.0,228.0,366.0,0.0,0.0
2025-07-08,328.0,228.0,5.0,0.0,0.0
2025-07-09,317.0,222.0,0.0,0.0,0.0
2025-07-10,333.0,228.0,0.0,0.0,0.0
2025-07-11,344.0,250.0,0.0,0.0,0.0
2025-07-12,339.0,239.0,0.0,0.0,0.0
2025-07-13,333.0,233.0,0.0,0.0,0.0
2025-07-14,328.0,217.0,3.0,0.0,0.0
2025-07-15,350.0,250.0,0.0,0.0,0.0
2025-07-16,361.0,233.0,0.0,0.0,0.0
2025-07-17,367.0,239.0,0.0,0.0,0.0
2025-07-18,356.0,244.0,38.0,0.0,0.0
2025-07-19,344.0,244.0,0.0,0.0,0.0
2025-07-20,356.0,256.0,0.0,0.0,0.0
2025-07-21,361.0,261.0,0.0,0.0,0.0
2025-07-22,367.0,239.0,0.0,0.0,0.0
2025-07-23,378.0,239.0,0.0,0.0,0.0
2025-07-24,378.0,239.0,,,0.0
2025-07-25,356.0,250.0,0.0,0.0,0.0
2025-07-26,339.0,244.0,251.0,0.0,0.0
2025-07-27,350.0,244.0,0.0,0.0,0.0
2025-07-28,372.0,244.0,0.0,0.0,0.0
2025-07-29,378.0,261.0,0.0,0.0,0.0
2025-07-30,,,,,
2025-07-31,,,,,
2025-08-01,328.0,239.0,0.0,0.0,0.0
2025-08-02,317.0,222.0,0.0,0.0,0.0
2025-08-03,317.0,183.0,0.0,0.0,0.0
2025-08-04,322.0,178.0,0.0,0.0,0.0
2025-08-05,344.0,200.0,0.0,0.0,0.0
2025-08-06,356.0,211.0,0.0,0.0,0.0
2025-08-07,361.0,217.0,0.0,0.0,0.0
2025-08-08,372.0,222.0,0.0,0.0,0.0
2025-08-09,350.0,244.0,0.0,0.0,0.0
2025-08-10,350.0,217.0,0.0,0.0,0.0
2025-08-11,356.0,233.0,0.0,0.0,0.0
2025-08-12,344.0,228.0,15.0,0.0,0.0
2025-08-13,372.0,233.0,147.0,0.0,0.0
2025-08-14,356.0,233.0,0.0,0.0,0.0
2025-08-15,361.0,228.0,0.0,0.0,0.0
2025-08-16,372.0,239.0,0.0,0.0,0.0
2025-08-17,378.0,250.0,5.0,0.0,0.0
2025-08-18,394.0,244.0,0.0,0.0,0.0
2025-08-19,394.0,239.0,0.0,0.0,0.0
2025-08-20,372.0,239.0,0.0,0.0,0.0
2025-08-21,344.0,228.0,0.0,0.0,0.0
2025-08-22,339.0,206.0,0.0,0.0,0.0
2025-08-23,344.0,189.0,0.0,0.0,0.0
2025-08-24,356.0,194.0,0.0,0.0,0.0
2025-08-25,322.0,194.0,0.0,0.0,0.0
2025-08-26,250.0,183.0,3.0,0.0,0.0
2025-08-27,322.0,167.0,0.0,0.0,0.0
2025-08-28,222.0,183.0,274.0,0.0,0.0
2025-08-29,294.0,183.0,0.0,0.0,0.0
2025-08-30,333.0,178.0,0.0,0.0,0.0
2025-08-31,339.0,194.0,0.0,0.0,0.0
2025-09-01,328.0,206.0,0.0,,0.0
2025-09-02,333.0,211.0,5.0,,0.0
2025-09-03,333.0,217.0,0.0,0.0,0.0
2025-09-04,344.0,211.0,0.0,0.0,0.0
2025-09-05,328.0,228.0,0.0,0.0,0.0
2025-09-06,239.0,167.0,28.0,0.0,0.0
2025-09-07,289.0,150.0,0.0,0.0,0.0
2025-09-08,283.0,122.0,0.0,0.0,0.0
2025-09-09,333.0,128.0,0.0,0.0,0.0
2025-09-10,350.0,189.0,0.0,0.0,0.0
2025-09-11,350.0,206.0,0.0,0.0,0.0
2025-09-12,367.0,206.0,0.0,0.0,0.0
2025-09-13,372.0,200.0,0.0,0.0,0.0
2025-09-14,356.0,200.0,0.0,0.0,0.0
2025-09-15,356.0,217.0,0.0,0.0,0.0
2025-09-16,367.0,211.0,0.0,0.0,0.0
2025-09-17,367.0,200.0,0.0,0.0,0.0
2025-09-18,350.0,217.0,10.0,,0.0
2025-09-19,350.0,206.0,97.0,,0.0
2025-09-20,344.0,189.0,0.0,,0.0
2025-09-21,344.0,211.0,0.0,,0.0
2025-09-22,328.0,211.0,0.0,0.0,0.0
2025-09-23,350.0,233.0,0.0,0.0,0.0
2025-09-24,267.0,206.0,417.0,0.0,0.0
2025-09-25,278.0,183.0,0.0,0.0,0.0
2025-09-26,300.0,161.0,0.0,,0.0
2025-09-27,300.0,144.0,0.0,,0.0
2025-09-28,311.0,150.0,0.0,,0.0
2025-09-29,328.0,161.0,0.0,0.0,0.0
2025-09-30,294.0,172.0,0.0,0.0,0.0
2025-10-01,328.0,178.0,0.0,0.0,0.0
2025-10-02,328.0,183.0,0.0,0.0,0.0
2025-10-03,306.0,161.0,0.0,0.0,0.0
2025-10-04,300.0,139.0,0.0,0.0,0.0
2025-10-05,322.0,167.0,0.0,0.0,0.0
2025-10-06,261.0,222.0,58.0,0.0,0.0
2025-10-07,300.0,211.0,30.0,0.0,0.0
2025-10-08,272.0,194.0,0.0,0.0,0.0
2025-10-09,272.0,150.0,0.0,0.0,0.0
2025-10-10,283.0,111.0,0.0,0.0,0.0
2025-10-11,300.0,139.0,0.0,0.0,0.0
2025-10-12,300.0,133.0,0.0,0.0,0.0
2025-10-13,306.0,133.0,0.0,0.0,0.0
2025-10-14,294.0,133.0,0.0,0.0,0.0
2025-10-15,300.0,133.0,0.0,0.0,0.0
2025-10-16,322.0,139.0,0.0,0.0,0.0
2025-10-17,322.0,161.0,0.0,0.0,0.0
2025-10-18,306.0,200.0,356.0,0.0,0.0
2025-10-19,228.0,106.0,0.0,0.0,0.0
2025-10-20,261.0,106.0,0.0,0.0,0.0
2025-10-21,256.0,106.0,33.0,0.0,0.0
2025-10-22,261.0,83.0,0.0,0.0,0.0
2025-10-23,267.0,83.0,0.0,0.0,0.0
2025-10-24,250.0,106.0,0.0,0.0,0.0
2025-10-25,206.0,128.0,76.0,0.0,0.0
2025-10-26,244.0,167.0,152.0,0.0,0.0
2025-10-27,172.0,122.0,0.0,0.0,0.0
2025-10-28,156.0,122.0,211.0,0.0,0.0
2025-10-29,133.0,100.0,3.0,0.0,0.0
2025-10-30,178.0,72.0,0.0,0.0,0.0
2025-10-31,200.0,50.0,0.0,0.0,0.0
2025-11-01,178.0,67.0,0.0,0.0,0.0
2025-11-02,161.0,56.0,0.0,0.0,0.0
2025-11-03,211.0,50.0,0.0,0.0,0.0
2025-11-04,239.0,56.0,0.0,0.0,0.0
2025-11-05,256.0,122.0,0.0,0.0,0.0
2025-11-06,256.0,100.0,0.0,0.0,0.0
2025-11-07,233.0,150.0,0.0,0.0,0.0
2025-11-08,256.0,128.0,0.0,0.0,0.0
2025-11-09,178.0,33.0,0.0,0.0,0.0
2025-11-10,94.0,-17.0,0.0,0.0,0.0
2025-11-11,167.0,0.0,0.0,0.0,0.0
2025-11-12,233.0,89.0,0.0,0.0,0.0
2025-11-13,261.0,100.0,0.0,0.0,0.0
2025-11-14,267.0,133.0,0.0,0.0,0.0
2025-11-15,272.0,167.0,0.0,0.0,0.0
2025-11-16,261.0,139.0,0.0,0.0,0.0
2025-11-17,261.0,161.0,0.0,0.0,0.0
2025-11-18,272.0,194.0,0.0,0.0,0.0
2025-11-19,278.0,200.0,0.0,0.0,0.0
2025-11-20,256.0,183.0,66.0,0.0,0.0
2025-11-21,261.0,183.0,13.0,0.0,0.0
2025-11-22,233.0,117.0,0.0,0.0,0.0
2025-11-23,156.0,83.0,0.0,0.0,0.0
2025-11-24,172.0,61.0,597.0,0.0,0.0
2025-11-25,222.0,122.0,0.0,0.0,0.0
2025-11-26,150.0,39.0,0.0,0.0,0.0
2025-11-27,144.0,17.0,0.0,0.0,0.0
2025-11-28,139.0,6.0,0.0,0.0,0.0
2025-11-29,111.0,33.0,99.0,0.0,0.0
2025-11-30,106.0,17.0,20.0,0.0,0.0
2025-12-01,33.0,11.0,201.0,0.0,0.0
2025-12-02,39.0,6.0,0.0,0.0,0.0
2025-12-03,67.0,6.0,0.0,0.0,0.0
2025-12-04,50.0,11.0,104.0,0.0,0.0
2025-12-05,89.0,6.0,0.0,0.0,0.0
2025-12-06,128.0,28.0,0.0,0.0,0.0
2025-12-07,117.0,22.0,56.0,0.0,0.0
2025-12-08,83.0,22.0,0.0,0.0,0.0
2025-12-09,111.0,17.0,0.0,0.0,0.0
2025-12-10,183.0,33.0,0.0,0.0,0.0
2025-12-11,156.0,0.0,0.0,0.0,0.0
2025-12-12,161.0,67.0,0.0,0.0,0.0
2025-12-13,133.0,44.0,0.0,0.0,0.0
2025-12-14,56.0,-56.0,0.0,0.0,0.0
2025-12-15,89.0,-72.0,0.0,0.0,0.0
2025-12-16,144.0,-11.0,0.0,0.0,0.0
2025-12-17,189.0,67.0,3.0,0.0,0.0
2025-12-18,211.0,100.0,28.0,0.0,0.0
2025-12-19,139.0,0.0,0.0,0.0,0.0
2025-12-20,228.0,28.0,0.0,0.0,0.0
2025-12-21,167.0,100.0,0.0,0.0,0.0
2025-12-22,228.0,78.0,0.0,0.0,0.0
2025-12-23,256.0,172.0,0.0,0.0,0.0
2025-12-24,250.0,156.0,0.0,0.0,0.0
2025-12-25,211.0,167.0,0.0,0.0,0.0
2025-12-26,267.0,178.0,0.0,0.0,0.0
2025-12-27,233.0,189.0,0.0,0.0,0.0
2025-12-28,261.0,100.0,0.0,0.0,0.0
2025-12-29,100.0,0.0,0.0,0.0,0.0
2025-12-30,78.0,-28.0,0.0,0.0,0.0
2025-12-31,172.0,17.0,0.0,0.0,0.0
2026-01-01,211.0,56.0,0.0,,0.0
2026-01-02,200.0,111.0,0.0,,0.0
2026-01-03,117.0,56.0,0.0,,0.0
2026-01-04,133.0,33.0,0.0,,0.0
2026-01-05,200.0,50.0,0.0,,0.0
2026-01-06,244.0,133.0,0.0,,0.0
2026-01-07,233.0,78.0,0.0,0.0,0.0
2026-01-08,239.0,128.0,0.0,0.0,0.0
2026-01-09,228.0,139.0,142.0,0.0,0.0
2026-01-10,150.0,33.0,208.0,0.0,0.0
2026-01-11,117.0,-17.0,0.0,0.0,0.0
2026-01-12,133.0,-28.0,0.0,0.0,0.0
2026-01-13,194.0,44.0,0.0,0.0,0.0
2026-01-14,167.0,50.0,0.0,0.0,0.0
2026-01-15,100.0,-33.0,0.0,0.0,0.0
2026-01-16,167.0,22.0,0.0,0.0,0.0
2026-01-17,94.0,-17.0,0.0,0.0,0.0
2026-01-18,56.0,-50.0,0.0,0.0,0.0
2026-01-19,128.0,-33.0,0.0,0.0,0.0
2026-01-20,106.0,-39.0,0.0,0.0,0.0
2026-01-21,111.0,44.0,185.0,0.0,0.0
2026-01-22,139.0,67.0,0.0,0.0,0.0
2026-01-23,89.0,-39.0,,0.0,0.0
2026-01-24,-33.0,-83.0,,,
2026-01-25,-44.0,-78.0,,,
2026-01-26,-17.0,-83.0,0.0,,0.0
2026-01-27,67.0,-61.0,0.0,,0.0
2026-01-28,94.0,-28.0,0.0,,0.0
2026-01-29,122.0,-28.0,0.0,,0.0
2026-01-30,44.0,-11.0,0.0,,0.0
2026-01-31,-11.0,-83.0,0.0,,0.0
2026-02-01,61.0,-89.0,0.0,,0.0
2026-02-02,167.0,-22.0,0.0,,0.0
2026-02-03,139.0,67.0,33.0,,0.0
2026-02-04,94.0,-17.0,0.0,0.0,0.0
2026-02-05,133.0,-39.0,0.0,0.0,0.0
2026-02-06,256.0,56.0,0.0,0.0,0.0
2026-02-07,144.0,17.0,0.0,0.0,0.0
2026-02-08,206.0,6.0,0.0,0.0,0.0
2026-02-09,256.0,106.0,0.0,0.0,0.0
2026-02-10,222.0,161.0,0.0,0.0,0.0
2026-02-11,194.0,78.0,15.0,0.0,0.0
2026-02-12,194.0,39.0,0.0,0.0,0.0
2026-02-13,228.0,50.0,0.0,0.0,0.0
2026-02-14,200.0,111.0,84.0,0.0,0.0
2026-02-15,178.0,67.0,99.0,0.0,0.0
2026-02-16,156.0,39.0,0.0,0.0,0.0
2026-02-17,,,0.0,0.0,0.0
2026-02-18,,,0.0,0.0,0.0
2026-02-19,278.0,,0.0,0.0,0.0
2026-02-20,189.0,94.0,8.0,0.0,0.0
2026-02-21,167.0,44.0,3.0,0.0,0.0
2026-02-22,133.0,22.0,0.0,0.0,0.0
2026-02-23,94.0,-33.0,0.0,0.0,0.0
2026-02-24,167.0,-17.0,0.0,0.0,0.0
2026-02-25,217.0,106.0,0.0,0.0,0.0
2026-02-26,261.0,144.0,0.0,0.0,0.0
2026-02-27,239.0,106.0,0.0,0.0,0.0
2026-02-28,267.0,61.0,0.0,0.0,0.0
2026-03-01,267.0,111.0,0.0,0.0,0.0
2026-03-02,272.0,139.0,0.0,0.0,0.0
2026-03-03,261.0,150.0,0.0,0.0,0.0
2026-03-04,289.0,172.0,0.0,0.0,0.0
2026-03-05,278.0,183.0,0.0,0.0,0.0
2026-03-06,294.0,161.0,0.0,0.0,0.0
2026-03-07,267.0,156.0,203.0,0.0,0.0
2026-03-08,183.0,128.0,28.0,0.0,0.0
2026-03-09,244.0,150.0,18.0,0.0,0.0
2026-03-10,272.0,200.0,0.0,0.0,0.0
2026-03-11,233.0,100.0,511.0,0.0,0.0
2026-03-12,139.0,44.0,0.0,0.0,0.0
2026-03-13,233.0,39.0,0.0,0.0,0.0
2026-03-14,244.0,72.0,0.0,0.0,0.0
2026-03-15,261.0,50.0,25.0,0.0,0.0
2026-03-16,83.0,-11.0,0.0,0.0,0.0
2026-03-17,122.0,-44.0,0.0,0.0,0.0
2026-03-18,217.0,67.0,0.0,0.0,0.0
2026-03-19,261.0,117.0,0.0,0.0,0.0
2026-03-20,289.0,150.0,0.0,0.0,0.0
2026-03-21,306.0,161.0,0.0,0.0,0.0
2026-03-22,311.0,172.0,0.0,0.0,0.0
2026-03-23,228.0,117.0,0.0,0.0,0.0
2026-03-24,211.0,83.0,0.0,0.0,0.0
2026-03-25,289.0,94.0,0.0,0.0,0.0
2026-03-26,294.0,167.0,0.0,0.0,0.0
2026-03-27,267.0,106.0,0.0,0.0,0.0
2026-03-28,172.0,61.0,0.0,0.0,0.0
2026-03-29,261.0,50.0,0.0,0.0,0.0
2026-03-30,283.0,172.0,0.0,0.0,0.0
2026-03-31,294.0,172.0,0.0,0.0,0.0
2026-04-01,294.0,189.0,0.0,0.0,0.0
2026-04-02,278.0,206.0,0.0,0.0,0.0
2026-04-03,300.0,194.0,0.0,0.0,0.0
2026-04-04,233.0,144.0,0.0,0.0,0.0
2026-04-05,183.0,78.0,284.0,0.0,0.0
2026-04-06,217.0,56.0,0.0,0.0,0.0
2026-04-07,244.0,67.0,0.0,0.0,0.0
2026-04-08,267.0,94.0,0.0,0.0,0.0
2026-04-09,272.0,100.0,0.0,0.0,0.0
2026-04-10,278.0,122.0,0.0,0.0,0.0
2026-04-11,294.0,128.0,0.0,0.0,0.0
2026-04-12,283.0,167.0,0.0,0.0,0.0
2026-04-13,278.0,206.0,0.0,0.0,0.0
2026-04-14,289.0,189.0,0.0,0.0,0.0
2026-04-15,283.0,178.0,0.0,0.0,0.0
2026-04-16,294.0,178.0,0.0,0.0,0.0
2026-04-17,306.0,189.0,0.0,0.0,0.0
2026-04-18,233.0,94.0,0.0,0.0,0.0
2026-04-19,217.0,61.0,0.0,0.0,0.0
2026-04-20,244.0,56.0,64.0,0.0,0.0
2026-04-21,244.0,78.0,0.0,0.0,0.0
2026-04-22,267.0,144.0,0.0,0.0,0.0
2026-04-23,278.0,156.0,0.0,0.0,0.0
2026-04-24,250.0,156.0,241.0,0.0,0.0
2026-04-25,256.0,144.0,66.0,0.0,0.0
2026-04-26,283.0,183.0,0.0,0.0,0.0
2026-04-27,289.0,222.0,0.0,0.0,0.0
2026-04-28,278.0,194.0,0.0,0.0,0.0
2026-04-29,211.0,161.0,330.0,0.0,0.0
2026-04-30,200.0,139.0,0.0,0.0,0.0
2026-05-01,189.0,122.0,0.0,0.0,0.0
2026-05-02,228.0,83.0,0.0,0.0,0.0
2026-05-03,261.0,78.0,0.0,0.0,0.0
2026-05-04,261.0,150.0,254.0,0.0,0.0
2026-05-05,250.0,178.0,0.0,0.0,0.0
2026-05-06,239.0,111.0,20.0,0.0,0.0
2026-05-07,211.0,106.0,0.0,0.0,0.0
2026-05-08,239.0,89.0,0.0,0.0,0.0
2026-05-09,267.0,156.0,0.0,0.0,0.0
2026-05-10,261.0,161.0,0.0,0.0,0.0
2026-05-11,250.0,122.0,0.0,0.0,0.0
2026-05-12,272.0,89.0,0.0,0.0,0.0
2026-05-13,300.0,106.0,0.0,0.0,0.0
2026-05-14,278.0,139.0,0.0,0.0,0.0
2026-05-15,328.0,167.0,0.0,0.0,0.0
2026-05-16,306.0,206.0,0.0,0.0,0.0
2026-05-17,311.0,183.0,0.0,0.0,0.0
2026-05-18,322.0,239.0,0.0,0.0,0.0
2026-05-19,322.0,200.0,117.0,0.0,0.0
2026-05-20,278.0,200.0,0.0,0.0,0.0
2026-05-21,233.0,194.0,0.0,0.0,0.0
2026-05-22,278.0,194.0,305.0,0.0,0.0
2026-05-23,256.0,178.0,406.0,0.0,0.0
2026-05-24,289.0,183.0,0.0,0.0,0.0
2026-05-25,272.0,200.0,0.0,0.0,0.0
2026-05-26,294.0,189.0,0.0,0.0,0.0
2026-05-27,300.0,194.0,38.0,0.0,0.0
2026-05-28,272.0,222.0,429.0,0.0,0.0
2026-05-29,300.0,222.0,0.0,0.0,0.0
2026-05-30,322.0,217.0,0.0,0.0,0.0
2026-05-31,339.0,228.0,0.0,0.0,0.0
2026-06-01,339.0,244.0,0.0,0.0,0.0
2026-06-02,311.0,217.0,0.0,0.0,0.0
2026-06-03,306.0,194.0,0.0,0.0,0.0
2026-06-04,294.0,206.0,13.0,0.0,0.0
2026-06-05,306.0,194.0,0.0,0.0,0.0
2026-06-06,311.0,206.0,5.0,0.0,0.0
2026-06-07,311.0,239.0,150.0,0.0,0.0
2026-06-08,328.0,244.0,74.0,0.0,0.0
2026-06-09,328.0,239.0,0.0,0.0,0.0
2026-06-10,328.0,222.0,0.0,0.0,0.0
2026-06-11,339.0,244.0,0.0,0.0,0.0
2026-06-12,322.0,228.0,0.0,0.0,0.0
2026-06-13,339.0,222.0,0.0,0.0,0.0
2026-06-14,300.0,222.0,0.0,0.0,0.0
2026-06-15,256.0,217.0,0.0,0.0,0.0
2026-06-16,306.0,217.0,0.0,0.0,0.0
2026-06-17,333.0,211.0,0.0,0.0,0.0
2026-06-18,311.0,233.0,10.0,0.0,0.0
2026-06-19,289.0,233.0,15.0,0.0,0.0
2026-06-20,294.0,228.0,20.0,0.0,0.0
2026-06-21,322.0,222.0,33.0,0.0,0.0
2026-06-22,311.0,217.0,20.0,0.0,0.0
2026-06-23,278.0,211.0,0.0,0.0,0.0
2026-06-24,294.0,211.0,30.0,0.0,0.0
2026-06-25,328.0,222.0,13.0,0.0,0.0
2026-06-26,317.0,239.0,0.0,0.0,0.0
2026-06-27,333.0,256.0,0.0,0.0,0.0
2026-06-28,339.0,244.0,0.0,0.0,0.0
2026-06-29,344.0,244.0,0.0,0.0,0.0
2026-06-30,350.0,256.0,0.0,0.0,0.0
2026-07-01,361.0,222.0,20.0,0.0,0.0
2026-07-02,350.0,217.0,0.0,0.0,0.0
2026-07-03,356.0,228.0,0.0,0.0,0.0
2026-07-04,339.0,211.0,61.0,0.0,0.0
2026-07-05,328.0,211.0,0.0,0.0,0.0
2026-07-06,333.0,206.0,99.0,0.0,0.0
2026-07-07,322.0,200.0,43.0,0.0,0.0
2026-07-08,333.0,211.0,274.0,0.0,0.0
2026-07-09,350.0,217.0,0.0,0.0,0.0
2026-07-10,350.0,250.0,0.0,0.0,0.0
2026-07-11,350.0,239.0,0.0,0.0,0.0
2026-07-12,333.0,233.0,0.0,0.0,0.0
2026-07-13,333.0,228.0,0.0,0.0,0.0
2026-07-14,333.0,228.0,0.0,0.0,0.0
2026-07-15,311.0,222.0,5.0,0.0,0.0
2026-07-16,328.0,217.0,0.0,0.0,0.0
2026-07-17,356.0,233.0,0.0,0.0,0.0
2026-07-18,361.0,239.0,0.0,0.0,0.0
2026-07-19,367.0,244.0,0.0,0.0,0.0
2026-07-20,367.0,239.0,0.0,0.0,0.0
2026-07-21,383.0,256.0,0.0,0.0,0.0
2026-07-22,333.0,244.0,0.0,0.0,0.0
2026-07-23,322.0,228.0,0.0,0.0,0.0
2026-07-24,344.0,244.0,0.0,0.0,0.0
2026-07-25,361.0,272.0,0.0,0.0,0.0
2026-07-26,378.0,256.0,0.0,0.0,0.0
2026-07-27,378.0,256.0,0.0,0.0,0.0
2026-07-28,378.0,261.0,0.0,0.0,0.0
2026-07-29,378.0,233.0,353.0,0.0,0.0
2026-07-30,339.0,244.0,0.0,0.0,0.0
2026-07-31,367.0,250.0,0.0,0.0,0.0
2026-08-01,350.0,217.0,0.0,0.0,0.0
2026-08-02,306.0,211.0,0.0,0.0,0.0
2026-08-03,328.0,200.0,0.0,0.0,0.0
2026-08-04,339.0,194.0,0.0,0.0,0.0
2026-08-05,356.0,217.0,0.0,0.0,0.0
2026-08-06,361.0,211.0,0.0,0.0,0.0
2026-08-07,356.0,222.0,0.0,0.0,0.0
2026-08-08,350.0,233.0,0.0,0.0,0.0
2026-08-09,356.0,217.0,0.0,0.0,0.0
2026-08-10,361.0,239.0,38.0,0.0,0.0
2026-08-11,350.0,233.0,0.0,0.0,0.0
2026-08-12,372.0,261.0,0.0,0.0,0.0
2026-08-13,372.0,267.0,0.0,0.0,0.0
2026-08-14,378.0,256.0,0.0,0.0,0.0
2026-08-15,383.0,256.0,0.0,0.0,0.0
2026-08-16,400.0,267.0,0.0,0.0,0.0
2026-08-17,400.0,261.0,0.0,0.0,0.0
2026-08-18,389.0,233.0,30.0,0.0,0.0
2026-08-19,394.0,272.0,0.0,0.0,0.0
2026-08-20,400.0,217.0,173.0,0.0,0.0
2026-08-21,361.0,228.0,0.0,0.0,0.0
2026-08-22,383.0,222.0,0.0,0.0,0.0
2026-08-23,344.0,211.0,0.0,0.0,0.0
2026-08-24,256.0,211.0,15.0,0.0,0.0
2026-08-25,322.0,222.0,5.0,0.0,0.0
2026-08-26,350.0,211.0,23.0,0.0,0.0
2026-08-27,333.0,206.0,0.0,0.0,0.0
2026-08-28,339.0,222.0,0.0,0.0,0.0
2026-08-29,333.0,194.0,0.0,0.0,0.0
2026-08-30,350.0,183.0,0.0,0.0,0.0
2026-08-31,356.0,222.0,0.0,0.0,0.0
2026-09-01,367.0,228.0,38.0,0.0,0.0
2026-09-02,356.0,233.0,0.0,0.0,0.0
2026-09-03,361.0,233.0,0.0,0.0,0.0
2026-09-04,361.0,233.0,0.0,0.0,0.0
2026-09-05,372.0,233.0,0.0,0.0,0.0
2026-09-06,383.0,250.0,0.0,0.0,0.0
2026-09-07,372.0,233.0,0.0,0.0,0.0
2026-09-08,372.0,217.0,0.0,0.0,0.0
2026-09-09,361.0,233.0,0.0,0.0,0.0
2026-09-10,361.0,239.0,0.0,0.0,0.0
2026-09-11,350.0,244.0,0.0,0.0,0.0
2026-09-12,361.0,239.0,48.0,0.0,0.0
2026-09-13,361.0,228.0,0.0,0.0,0.0
2026-09-14,367.0,228.0,18.0,0.0,0.0
2026-09-15,361.0,233.0,0.0,0.0,0.0
2026-09-16,367.0,222.0,0.0,0.0,0.0
2026-09-17,367.0,222.0,0.0,0.0,0.0
2026-09-18,367.0,211.0,0.0,0.0,0.0
2026-09-19,367.0,222.0,0.0,0.0,0.0
2026-09-20,361.0,239.0,0.0,0.0,0.0
2026-09-21,361.0,250.0,0.0,0.0,0.0
2026-09-22,339.0,222.0,0.0,0.0,0.0
2026-09-23,311.0,189.0,0.0,0.0,0.0
2026-09-24,278.0,150.0,0.0,0.0,0.0
2026-09-25,311.0,156.0,0.0,0.0,0.0
2026-09-26,317.0,161.0,0.0,0.0,0.0
2026-09-27,317.0,172.0,0.0,0.0,0.0
2026-09-28,317.0,167.0,0.0,0.0,0.0
2026-09-29,344.0,156.0,0.0,0.0,0.0
2026-09-30,350.0,194.0,0.0,0.0,0.0
2026-10-01,339.0,206.0,0.0,0.0,0.0
2026-10-02,283.0,206.0,0.0,0.0,0.0
2026-10-03,244.0,200.0,0.0,0.0,0.0
2026-10-04,272.0,194.0,0.0,0.0,0.0
2026-10-05,306.0,172.0,0.0,0.0,0.0
2026-10-06,311.0,156.0,0.0,0.0,0.0
