DATE,TMAX,TMIN,PRCP,SNWD,SNOW
1893-08-10,,,127.0,,
1893-08-16,,,13.0,,
1893-08-23,,,13.0,,
1893-08-25,,,8.0,,
1893-08-27,,,3.0,,
1893-09-01,,,0.0,,
1893-09-02,,,0.0,,
1893-09-03,,,0.0,,
1893-09-04,,,0.0,,
1893-09-05,,,0.0,,
1893-09-06,,,0.0,,
1893-09-07,,,0.0,,
1893-09-08,,,51.0,,
1893-09-09,,,8.0,,
1893-09-10,,,3.0,,
1893-09-11,,,0.0,,
1893-09-12,,,0.0,,
1893-09-13,,,0.0,,
1893-09-14,,,0.0,,
1893-09-15,,,0.0,,
1893-09-16,,,0.0,,
1893-09-17,,,0.0,,
1893-09-18,,,0.0,,
1893-09-19,,,0.0,,
1893-09-20,,,0.0,,
1893-09-21,,,0.0,,
1893-09-22,,,394.0,,
1893-09-23,,,254.0,,
1893-09-24,,,213.0,,
1893-09-25,,,0.0,,
1893-09-26,,,0.0,,
1893-09-27,,,0.0,,
1893-09-28,,,0.0,,
1893-09-29,,,0.0,,
1893-09-30,,,203.0,,
1893-10-01,,,0.0,,
1893-10-02,,,91.0,,
1893-10-03,,,0.0,,
1893-10-04,,,0.0,,
1893-10-05,,,343.0,,
1893-10-06,,,0.0,,
1893-10-07,,,0.0,,
1893-10-08,,,0.0,,
1893-10-09,,,0.0,,
1893-10-10,,,0.0,,
1893-10-11,,,97.0,,
1893-10-12,,,0.0,,
1893-10-13,,,0.0,,
1893-10-14,,,0.0,,
1893-10-15,,,0.0,,
1893-10-16,,,0.0,,
1893-10-17,,,0.0,,
1893-10-18,,,0.0,,
1893-10-19,,,0.0,,
1893-10-20,,,0.0,,
1893-10-21,,,0.0,,
1893-10-22,,,0.0,,
1893-10-23,,,0.0,,
1893-10-24,,,0.0,,
1893-10-25,,,0.0,,
1893-10-26,,,0.0,,
1893-10-27,,,0.0,,
1893-10-28,,,0.0,,
1893-10-29,,,0.0,,
1893-10-30,,,0.0,,
1893-10-31,,,0.0,,
1893-11-01,,,0.0,,
1893-11-02,,,0.0,,
1893-11-03,,,0.0,,
1893-11-04,,,0.0,,
1893-11-05,,,0.0,,
1893-11-06,,,0.0,,
1893-11-07,,,0.0,,
1893-11-08,,,0.0,,
1893-11-09,,,0.0,,
1893-11-10,,,0.0,,
1893-11-11,,,0.0,,
1893-11-12,,,25.0,,
1893-11-13,,,0.0,,
1893-11-14,,,0.0,,
1893-11-15,,,0.0,,
1893-11-16,,,0.0,,
1893-11-17,,,0.0,,
1893-11-18,,,0.0,,
1893-11-19,,,0.0,,
1893-11-20,,,0.0,,
1893-11-21,,,56.0,,
1893-11-22,,,0.0,,
1893-11-23,,,0.0,,
1893-11-24,,,0.0,,
1893-11-25,,,0.0,,
1893-11-26,,,226.0,,
1893-11-27,,,53.0,,
1893-11-28,,,0.0,,
1893-11-29,,,0.0,,
1893-11-30,,,0.0,,
1893-12-01,,,0.0,,0.0
1893-12-02,,,0.0,,0.0
1893-12-03,,,38.0,,51.0
1893-12-04,,,0.0,,0.0
1893-12-05,,,0.0,,0.0
1893-12-06,,,0.0,,0.0
1893-12-07,,,0.0,,0.0
1893-12-08,,,25.0,,0.0
1893-12-09,,,0.0,,0.0
1893-12-10,,,0.0,,0.0
1893-12-11,,,0.0,,0.0
1893-12-12,,,0.0,,0.0
1893-12-13,,,0.0,,0.0
1893-12-14,,,0.0,,0.0
1893-12-15,,,226.0,,0.0
1893-12-16,,,0.0,,0.0
1893-12-17,,,0.0,,0.0
1893-12-18,,,0.0,,0.0
1893-12-19,,,0.0,,0.0
1893-12-20,,,0.0,,0.0
1893-12-21,,,0.0,,0.0
1893-12-22,,,0.0,,0.0
1893-12-23,,,0.0,,0.0
1893-12-24,,,0.0,,0.0
1893-12-25,,,0.0,,0.0
1893-12-26,,,0.0,,0.0
1893-12-27,,,0.0,,0.0
1893-12-28,,,33.0,,0.0
1893-12-29,,,0.0,,0.0
1893-12-30,,,0.0,,0.0
1893-12-31,,,0.0,,0.0
1894-01-01,,,0.0,,0.0
1894-01-02,,,0.0,,0.0
1894-01-03,,,0.0,,0.0
1894-01-04,,,0.0,,0.0
1894-01-05,,,0.0,,0.0
1894-01-06,,,0.0,,0.0
1894-01-07,,,0.0,,0.0
1894-01-08,,,0.0,,0.0
1894-01-09,,,0.0,,0.0
1894-01-10,,,0.0,,0.0
1894-01-11,,,0.0,,0.0
1894-01-12,,,0.0,,0.0
1894-01-13,,,38.0,,0.0
1894-01-14,,,0.0,,0.0
1894-01-15,,,0.0,,0.0
1894-01-16,,,0.0,,0.0
1894-01-17,,,0.0,,0.0
1894-01-18,,,0.0,,0.0
1894-01-19,,,135.0,,0.0
1894-01-20,,,470.0,,0.0
1894-01-21,,,0.0,,0.0
1894-01-22,,,0.0,,0.0
1894-01-23,,,137.0,,152.0
1894-01-24,,,0.0,,0.0
1894-01-25,,,0.0,,0.0
1894-01-26,,,0.0,,0.0
1894-01-27,,,0.0,,0.0
1894-01-28,,,0.0,,0.0
1894-01-29,,,0.0,,0.0
1894-01-30,,,0.0,,0.0
1894-01-31,,,0.0,,0.0
1894-02-01,,,0.0,,0.0
1894-02-02,,,0.0,,0.0
1894-02-03,,,20.0,,0.0
1894-02-04,,,191.0,,165.0
1894-02-05,,,0.0,,0.0
1894-02-06,,,0.0,,0.0
1894-02-07,,,0.0,,0.0
1894-02-08,,,46.0,,0.0
1894-02-09,,,0.0,,0.0
1894-02-10,,,0.0,,0.0
1894-02-11,,,0.0,,0.0
1894-02-12,,,221.0,,152.0
1894-02-13,,,0.0,,0.0
1894-02-14,,,0.0,,0.0
1894-02-15,,,0.0,,0.0
1894-02-16,,,0.0,,0.0
1894-02-17,,,99.0,,0.0
1894-02-18,,,0.0,,0.0
1894-02-19,,,0.0,,0.0
1894-02-20,,,0.0,,0.0
1894-02-21,,,0.0,,0.0
1894-02-22,,,0.0,,0.0
1894-02-23,,,0.0,,0.0
1894-02-24,,,0.0,,0.0
1894-02-25,,,0.0,,0.0
1894-02-26,,,0.0,,0.0
1894-02-27,,,0.0,,0.0
1894-02-28,,,0.0,,0.0
1894-03-01,,,0.0,,0.0
1894-03-02,,,0.0,,0.0
1894-03-03,,,0.0,,0.0
1894-03-04,,,0.0,,0.0
1894-03-05,,,579.0,,0.0
1894-03-06,,,0.0,,0.0
1894-03-07,,,0.0,,0.0
1894-03-08,,,0.0,,0.0
1894-03-09,,,0.0,,0.0
1894-03-10,,,0.0,,0.0
1894-03-11,,,0.0,,0.0
1894-03-12,,,0.0,,0.0
1894-03-13,,,0.0,,0.0
1894-03-14,,,0.0,,0.0
1894-03-15,,,229.0,,0.0
1894-03-16,,,0.0,,0.0
1894-03-17,,,0.0,,0.0
1894-03-18,,,140.0,,0.0
1894-03-19,,,0.0,,0.0
1894-03-20,,,25.0,,0.0
1894-03-21,,,0.0,,0.0
1894-03-22,,,0.0,,0.0
1894-03-23,,,0.0,,0.0
1894-03-24,,,0.0,,0.0
1894-03-25,,,0.0,,0.0
1894-03-26,,,0.0,,0.0
1894-03-27,,,0.0,,0.0
1894-03-28,,,10.0,,25.0
1894-03-29,,,0.0,,0.0
1894-03-30,,,0.0,,0.0
1894-03-31,,,0.0,,0.0
1894-04-01,,,0.0,,
1894-04-02,,,0.0,,
1894-04-03,,,0.0,,
1894-04-04,,,0.0,,
1894-04-05,,,0.0,,
1894-04-06,,,0.0,,
1894-04-07,,,23.0,,
1894-04-08,,,518.0,,
1894-04-09,,,229.0,,
1894-04-10,,,0.0,,
1894-04-11,,,0.0,,
1894-04-12,,,0.0,,
1894-04-13,,,0.0,,
1894-04-14,,,28.0,,
1894-04-15,,,0.0,,
1894-04-16,,,0.0,,
1894-04-17,,,48.0,,
1894-04-18,,,18.0,,
1894-04-19,,,33.0,,
1894-04-20,,,0.0,,
1894-04-21,,,0.0,,
1894-04-22,,,0.0,,
1894-04-23,,,0.0,,
1894-04-24,,,0.0,,
1894-04-25,,,0.0,,
1894-04-26,,,10.0,,
1894-04-27,,,0.0,,
1894-04-28,,,0.0,,
1894-04-29,,,25.0,,
1894-04-30,,,109.0,,
1894-05-01,,,0.0,,
1894-05-02,,,0.0,,
1894-05-03,,,71.0,,
1894-05-04,,,216.0,,
1894-05-05,,,447.0,,
1894-05-06,,,0.0,,
1894-05-07,,,0.0,,
1894-05-08,,,119.0,,
1894-05-09,,,79.0,,
1894-05-10,,,43.0,,
1894-05-11,,,0.0,,
1894-05-12,,,0.0,,
1894-05-13,,,0.0,,
1894-05-14,,,0.0,,
1894-05-15,,,0.0,,
1894-05-16,,,0.0,,
1894-05-17,,,0.0,,
1894-05-18,,,0.0,,
1894-05-19,,,0.0,,
1894-05-20,,,0.0,,
1894-05-21,,,0.0,,
1894-05-22,,,0.0,,
1894-05-23,,,0.0,,
1894-05-24,,,0.0,,
1894-05-25,,,0.0,,
1894-05-26,,,0.0,,
1894-05-27,,,0.0,,
1894-05-28,,,0.0,,
1894-05-29,,,104.0,,
1894-05-30,,,356.0,,
1894-05-31,,,0.0,,
1894-06-01,,,0.0,,
1894-06-02,,,0.0,,
1894-06-03,,,0.0,,
1894-06-04,,,0.0,,
1894-06-05,,,0.0,,
1894-06-06,,,0.0,,
1894-06-07,,,0.0,,
1894-06-08,,,0.0,,
1894-06-09,,,0.0,,
1894-06-10,,,0.0,,
1894-06-11,,,0.0,,
1894-06-12,,,0.0,,
1894-06-13,,,0.0,,
1894-06-14,,,0.0,,
1894-06-15,,,0.0,,
1894-06-16,,,0.0,,
1894-06-17,,,0.0,,
1894-06-18,,,152.0,,
1894-06-19,,,0.0,,
1894-06-20,,,0.0,,
1894-06-21,,,0.0,,
1894-06-22,,,0.0,,
1894-06-23,,,0.0,,
1894-06-24,,,0.0,,
1894-06-25,,,198.0,,
1894-06-26,,,508.0,,
1894-06-27,,,0.0,,
1894-06-28,,,0.0,,
1894-06-29,,,0.0,,
1894-06-30,,,0.0,,
1894-07-01,,,0.0,,
1894-07-02,,,0.0,,
1894-07-03,,,0.0,,
1894-07-04,,,0.0,,
1894-07-05,,,0.0,,
1894-07-06,,,0.0,,
1894-07-07,,,0.0,,
1894-07-08,,,0.0,,
1894-07-09,,,0.0,,
1894-07-10,,,0.0,,
1894-07-11,,,0.0,,
1894-07-12,,,0.0,,
1894-07-13,,,0.0,,
1894-07-14,,,0.0,,
1894-07-15,,,244.0,,
1894-07-16,,,0.0,,
1894-07-17,,,0.0,,
1894-07-18,,,0.0,,
1894-07-19,,,0.0,,
1894-07-20,,,64.0,,
1894-07-21,,,0.0,,
1894-07-22,,,0.0,,
1894-07-23,,,0.0,,
1894-07-24,244.0,239.0,0.0,,
1894-07-25,256.0,217.0,0.0,,
1894-07-26,350.0,300.0,0.0,,
1894-07-27,339.0,278.0,0.0,,
1894-07-28,356.0,228.0,20.0,,
1894-07-29,250.0,222.0,71.0,,
1894-07-30,311.0,250.0,0.0,,
1894-07-31,256.0,250.0,36.0,,
1894-08-01,300.0,211.0,0.0,,
1894-08-02,306.0,256.0,0.0,,
1894-08-03,244.0,156.0,0.0,,
1894-08-04,267.0,67.0,0.0,,
1894-08-05,289.0,217.0,0.0,,
1894-08-06,311.0,83.0,0.0,,
1894-08-07,333.0,172.0,0.0,,
1894-08-08,344.0,144.0,0.0,,
1894-08-09,367.0,206.0,0.0,,
1894-08-10,378.0,206.0,0.0,,
1894-08-11,383.0,217.0,0.0,,
1894-08-12,378.0,228.0,0.0,,
1894-08-13,389.0,211.0,0.0,,
1894-08-14,378.0,228.0,0.0,,
1894-08-15,367.0,189.0,0.0,,
1894-08-16,317.0,200.0,0.0,,
1894-08-17,339.0,178.0,0.0,,
1894-08-18,361.0,194.0,0.0,,
1894-08-19,339.0,189.0,0.0,,
1894-08-20,339.0,217.0,381.0,,
1894-08-21,278.0,178.0,254.0,,
1894-08-22,289.0,161.0,0.0,,
1894-08-23,278.0,156.0,0.0,,
1894-08-24,256.0,178.0,0.0,,
1894-08-25,267.0,178.0,51.0,,
1894-08-26,283.0,161.0,48.0,,
1894-08-27,294.0,94.0,0.0,,
1894-08-28,306.0,150.0,0.0,,
1894-08-29,306.0,150.0,0.0,,
1894-08-30,322.0,161.0,0.0,,
1894-08-31,322.0,167.0,0.0,,
1894-09-01,322.0,183.0,0.0,,
1894-09-02,261.0,189.0,175.0,,
1894-09-03,322.0,194.0,0.0,,
1894-09-04,272.0,189.0,211.0,,
1894-09-05,294.0,189.0,0.0,,
1894-09-06,317.0,189.0,0.0,,
1894-09-07,322.0,222.0,0.0,,
1894-09-08,339.0,217.0,97.0,,
1894-09-09,322.0,194.0,102.0,,
1894-09-10,200.0,122.0,221.0,,
1894-09-11,172.0,72.0,0.0,,
1894-09-12,178.0,122.0,33.0,,
1894-09-13,267.0,128.0,0.0,,
1894-09-14,289.0,200.0,13.0,,
1894-09-15,222.0,161.0,538.0,,
1894-09-16,256.0,89.0,0.0,,
1894-09-17,239.0,161.0,0.0,,
1894-09-18,217.0,89.0,0.0,,
1894-09-19,239.0,139.0,0.0,,
1894-09-20,261.0,117.0,0.0,,
1894-09-21,278.0,161.0,0.0,,
1894-09-22,300.0,161.0,0.0,,
1894-09-23,189.0,150.0,178.0,,
1894-09-24,183.0,128.0,0.0,,
1894-09-25,211.0,78.0,0.0,,
1894-09-26,244.0,111.0,0.0,,
1894-09-27,272.0,122.0,0.0,,
1894-09-28,272.0,133.0,0.0,,
1894-09-29,272.0,150.0,0.0,,
1894-09-30,178.0,61.0,0.0,,
1894-10-01,228.0,61.0,0.0,,0.0
1894-10-02,228.0,133.0,122.0,,
1894-10-03,189.0,83.0,0.0,,0.0
1894-10-04,167.0,56.0,0.0,,0.0
1894-10-05,178.0,22.0,0.0,,0.0
1894-10-06,244.0,72.0,0.0,,0.0
1894-10-07,228.0,128.0,0.0,,0.0
1894-10-08,133.0,-6.0,0.0,,0.0
1894-10-09,172.0,-22.0,0.0,,0.0
1894-10-10,172.0,39.0,0.0,,0.0
1894-10-11,211.0,6.0,0.0,,0.0
1894-10-12,200.0,117.0,48.0,,0.0
1894-10-13,167.0,22.0,0.0,,0.0
1894-10-14,189.0,6.0,0.0,,0.0
1894-10-15,239.0,111.0,0.0,,0.0
1894-10-16,250.0,100.0,0.0,,0.0
1894-10-17,272.0,117.0,0.0,,0.0
1894-10-18,261.0,128.0,0.0,,0.0
1894-10-19,278.0,161.0,0.0,,0.0
1894-10-20,278.0,167.0,56.0,,0.0
1894-10-21,228.0,172.0,30.0,,0.0
1894-10-22,267.0,106.0,0.0,,0.0
1894-10-23,272.0,117.0,0.0,,0.0
1894-10-24,267.0,72.0,0.0,,0.0
1894-10-25,278.0,72.0,0.0,,0.0
1894-10-26,189.0,89.0,0.0,,0.0
1894-10-27,222.0,6.0,0.0,,0.0
1894-10-28,178.0,122.0,18.0,,0.0
1894-10-29,106.0,28.0,0.0,,0.0
1894-10-30,56.0,22.0,0.0,,0.0
1894-10-31,183.0,-28.0,0.0,,0.0
1894-11-01,211.0,94.0,,,0.0
1894-11-02,100.0,39.0,196.0,,0.0
1894-11-03,183.0,-17.0,,,0.0
1894-11-04,161.0,28.0,,,0.0
1894-11-05,94.0,-6.0,,,0.0
1894-11-06,150.0,-33.0,,,0.0
1894-11-07,200.0,83.0,,,0.0
1894-11-08,94.0,22.0,,,0.0
1894-11-09,100.0,-17.0,,,0.0
1894-11-10,11.0,-50.0,,,0.0
1894-11-11,6.0,-111.0,,,0.0
1894-11-12,144.0,-28.0,,,0.0
1894-11-13,139.0,28.0,,,0.0
1894-11-14,100.0,-39.0,,,0.0
1894-11-15,228.0,56.0,,,0.0
1894-11-16,22.0,-11.0,,,0.0
1894-11-17,28.0,-122.0,,,0.0
1894-11-18,100.0,-39.0,,,0.0
1894-11-19,67.0,-83.0,,,0.0
1894-11-20,167.0,17.0,,,0.0
1894-11-21,156.0,-22.0,,,0.0
1894-11-22,194.0,111.0,,,0.0
1894-11-23,106.0,-44.0,,,0.0
1894-11-24,133.0,-28.0,,,0.0
1894-11-25,178.0,22.0,,,0.0
1894-11-26,228.0,56.0,,,0.0
1894-11-27,161.0,56.0,,,0.0
1894-11-28,61.0,-50.0,,,0.0
1894-11-29,156.0,6.0,25.0,,0.0
1894-11-30,172.0,94.0,,,0.0
1894-12-01,128.0,50.0,488.0,,0.0
1894-12-02,44.0,11.0,0.0,,0.0
1894-12-03,33.0,-56.0,0.0,,0.0
1894-12-04,89.0,-50.0,0.0,,0.0
1894-12-05,117.0,6.0,0.0,,0.0
1894-12-06,122.0,6.0,0.0,,0.0
1894-12-07,200.0,100.0,0.0,,0.0
1894-12-08,128.0,22.0,20.0,,0.0
1894-12-09,0.0,0.0,0.0,,0.0
1894-12-10,78.0,39.0,0.0,,0.0
1894-12-11,44.0,33.0,0.0,,0.0
1894-12-12,39.0,22.0,0.0,,0.0
1894-12-13,94.0,-50.0,0.0,,0.0
1894-12-14,144.0,-6.0,0.0,,0.0
1894-12-15,122.0,61.0,74.0,,0.0
1894-12-16,78.0,28.0,0.0,,0.0
1894-12-17,89.0,-56.0,0.0,,0.0
1894-12-18,106.0,-28.0,0.0,,0.0
1894-12-19,133.0,-22.0,0.0,,0.0
1894-12-20,167.0,11.0,0.0,,0.0
1894-12-21,178.0,78.0,0.0,,0.0
1894-12-22,67.0,-6.0,0.0,,0.0
1894-12-23,139.0,-6.0,0.0,,0.0
1894-12-24,111.0,83.0,0.0,,0.0
1894-12-25,6.0,-17.0,0.0,,0.0
1894-12-26,0.0,-50.0,8.0,,8.0
1894-12-27,-106.0,-106.0,8.0,,8.0
1894-12-28,-72.0,-183.0,0.0,,0.0
1894-12-29,11.0,-239.0,0.0,,0.0
1894-12-30,-22.0,-67.0,5.0,,5.0
1894-12-31,17.0,-133.0,0.0,,0.0
1895-01-01,28.0,-67.0,0.0,,0.0
1895-01-02,28.0,28.0,58.0,,89.0
1895-01-03,11.0,-83.0,0.0,,0.0
1895-01-04,-44.0,-67.0,0.0,,0.0
1895-01-05,78.0,-44.0,0.0,,0.0
1895-01-06,94.0,11.0,0.0,,0.0
1895-01-07,33.0,-11.0,0.0,,0.0
1895-01-08,-44.0,-122.0,0.0,,0.0
1895-01-09,61.0,-144.0,0.0,,0.0
1895-01-10,44.0,-106.0,0.0,,0.0
1895-01-11,44.0,-50.0,0.0,,0.0
1895-01-12,-111.0,-217.0,0.0,,0.0
1895-01-13,-39.0,-167.0,0.0,,0.0
1895-01-14,61.0,-122.0,0.0,,0.0
1895-01-15,22.0,-17.0,0.0,,0.0
1895-01-16,61.0,-72.0,0.0,,0.0
1895-01-17,89.0,-56.0,0.0,,0.0
1895-01-18,150.0,22.0,0.0,,0.0
1895-01-19,144.0,-6.0,0.0,,0.0
1895-01-20,211.0,150.0,0.0,,0.0
1895-01-21,28.0,-44.0,71.0,,0.0
1895-01-22,67.0,-39.0,0.0,,0.0
1895-01-23,0.0,-39.0,0.0,,0.0
1895-01-24,-6.0,-100.0,0.0,,0.0
1895-01-25,0.0,-17.0,201.0,,152.0
1895-01-26,-89.0,-156.0,0.0,,0.0
1895-01-27,-67.0,-206.0,0.0,,0.0
1895-01-28,-50.0,-150.0,76.0,,76.0
1895-01-29,-33.0,-156.0,0.0,,0.0
1895-01-30,-61.0,-217.0,0.0,,0.0
1895-01-31,22.0,-122.0,0.0,,0.0
1895-02-01,-100.0,-150.0,25.0,,25.0
1895-02-02,0.0,-261.0,0.0,,
1895-02-03,-44.0,-150.0,3.0,,8.0
1895-02-04,-56.0,-244.0,0.0,,
1895-02-05,-33.0,-200.0,0.0,,
1895-02-06,-11.0,-67.0,0.0,,0.0
1895-02-07,-172.0,-217.0,0.0,,0.0
1895-02-08,-117.0,-283.0,0.0,,
1895-02-09,-22.0,-222.0,0.0,,
1895-02-10,-33.0,-167.0,20.0,,13.0
1895-02-11,-39.0,-178.0,0.0,,
1895-02-12,-44.0,-117.0,25.0,,33.0
1895-02-13,-50.0,-178.0,0.0,,
1895-02-14,-33.0,-133.0,5.0,,3.0
1895-02-15,-28.0,-106.0,0.0,,
1895-02-16,-11.0,-172.0,0.0,,
1895-02-17,22.0,-72.0,5.0,,
1895-02-18,83.0,-67.0,51.0,,13.0
1895-02-19,33.0,-33.0,0.0,,
1895-02-20,83.0,-67.0,0.0,,
1895-02-21,83.0,0.0,0.0,,
1895-02-22,78.0,-6.0,0.0,,0.0
1895-02-23,117.0,-33.0,0.0,,
1895-02-24,156.0,33.0,0.0,,
1895-02-25,139.0,56.0,0.0,,
1895-02-26,178.0,83.0,0.0,,
1895-02-27,206.0,100.0,0.0,,
1895-02-28,194.0,78.0,0.0,,
1895-03-01,89.0,89.0,0.0,,0.0
1895-03-02,89.0,-33.0,0.0,,0.0
1895-03-03,117.0,39.0,0.0,,0.0
1895-03-04,11.0,-122.0,0.0,,0.0
1895-03-05,89.0,-33.0,13.0,,13.0
1895-03-06,106.0,-33.0,0.0,,0.0
1895-03-07,133.0,-33.0,0.0,,0.0
1895-03-08,50.0,17.0,0.0,,0.0
1895-03-09,156.0,-56.0,0.0,,0.0
1895-03-10,50.0,33.0,20.0,,0.0
1895-03-11,50.0,-17.0,25.0,,0.0
1895-03-12,144.0,39.0,0.0,,0.0
1895-03-13,33.0,22.0,0.0,,0.0
1895-03-14,-50.0,-83.0,0.0,,0.0
1895-03-15,-39.0,-56.0,25.0,,0.0
1895-03-16,0.0,-33.0,0.0,,0.0
1895-03-17,117.0,-50.0,0.0,,0.0
1895-03-18,167.0,17.0,0.0,,0.0
1895-03-19,56.0,44.0,188.0,,0.0
1895-03-20,44.0,6.0,33.0,,25.0
1895-03-21,111.0,-11.0,0.0,,0.0
1895-03-22,178.0,28.0,0.0,,0.0
1895-03-23,200.0,44.0,0.0,,0.0
1895-03-24,222.0,6.0,0.0,,0.0
1895-03-25,161.0,78.0,0.0,,0.0
1895-03-26,211.0,-6.0,0.0,,0.0
1895-03-27,272.0,100.0,94.0,,0.0
1895-03-28,294.0,78.0,0.0,,0.0
1895-03-29,278.0,150.0,0.0,,0.0
1895-03-30,278.0,161.0,119.0,,0.0
1895-03-31,256.0,144.0,0.0,,0.0
1895-04-01,156.0,72.0,0.0,,
1895-04-02,111.0,17.0,0.0,,
1895-04-03,167.0,-6.0,0.0,,
1895-04-04,250.0,44.0,0.0,,
1895-04-05,222.0,156.0,0.0,,
1895-04-06,106.0,100.0,61.0,,
1895-04-07,122.0,50.0,33.0,,
1895-04-08,111.0,56.0,0.0,,
1895-04-09,200.0,39.0,0.0,,
1895-04-10,228.0,61.0,0.0,,
1895-04-11,261.0,128.0,0.0,,
1895-04-12,256.0,122.0,53.0,,
1895-04-13,233.0,44.0,0.0,,
1895-04-14,244.0,72.0,0.0,,
1895-04-15,267.0,133.0,0.0,,
1895-04-16,128.0,89.0,226.0,,
1895-04-17,161.0,61.0,0.0,,
1895-04-18,178.0,22.0,0.0,,
1895-04-19,211.0,50.0,0.0,,
1895-04-20,256.0,94.0,0.0,,
1895-04-21,239.0,100.0,36.0,,
1895-04-22,200.0,67.0,0.0,,
1895-04-23,239.0,50.0,0.0,,
1895-04-24,267.0,78.0,0.0,,
1895-04-25,194.0,139.0,112.0,,
1895-04-26,250.0,122.0,0.0,,
1895-04-27,244.0,100.0,0.0,,
1895-04-28,283.0,111.0,0.0,,
1895-04-29,294.0,156.0,0.0,,
1895-04-30,300.0,144.0,0.0,,
1895-05-01,278.0,161.0,112.0,,
1895-05-02,283.0,144.0,0.0,,
1895-05-03,294.0,178.0,0.0,,
1895-05-04,233.0,183.0,284.0,,
1895-05-05,267.0,161.0,0.0,,
1895-05-06,272.0,156.0,0.0,,
1895-05-07,283.0,139.0,0.0,,
1895-05-08,294.0,150.0,0.0,,
1895-05-09,317.0,161.0,0.0,,
1895-05-10,300.0,161.0,150.0,,
1895-05-11,172.0,61.0,0.0,,
1895-05-12,167.0,33.0,0.0,,
1895-05-13,211.0,33.0,0.0,,
1895-05-14,167.0,89.0,0.0,,
1895-05-15,150.0,78.0,94.0,,
1895-05-16,122.0,83.0,0.0,,
1895-05-17,189.0,78.0,0.0,,
1895-05-18,244.0,72.0,0.0,,
1895-05-19,222.0,89.0,0.0,,
1895-05-20,144.0,100.0,0.0,,
1895-05-21,183.0,39.0,0.0,,
1895-05-22,206.0,17.0,0.0,,
1895-05-23,244.0,44.0,0.0,,
1895-05-24,256.0,100.0,0.0,,
1895-05-25,267.0,106.0,0.0,,
1895-05-26,222.0,106.0,0.0,,
1895-05-27,278.0,94.0,0.0,,
1895-05-28,306.0,183.0,0.0,,
1895-05-29,267.0,194.0,0.0,,
1895-05-30,294.0,206.0,71.0,,
1895-05-31,300.0,161.0,53.0,,
1895-06-01,311.0,206.0,0.0,,
1895-06-02,306.0,161.0,0.0,,
1895-06-03,317.0,172.0,0.0,,
1895-06-04,228.0,139.0,0.0,,
1895-06-05,261.0,94.0,0.0,,
1895-06-06,272.0,94.0,0.0,,
1895-06-07,289.0,133.0,0.0,,
1895-06-08,300.0,133.0,0.0,,
1895-06-09,294.0,178.0,0.0,,
1895-06-10,261.0,172.0,122.0,,
1895-06-11,294.0,222.0,130.0,,
1895-06-12,289.0,156.0,0.0,,
1895-06-13,300.0,200.0,124.0,,
1895-06-14,300.0,167.0,0.0,,
1895-06-15,278.0,178.0,254.0,,
1895-06-16,311.0,183.0,0.0,,
1895-06-17,322.0,172.0,0.0,,
1895-06-18,256.0,167.0,300.0,,
1895-06-19,267.0,178.0,0.0,,
1895-06-20,278.0,128.0,0.0,,
1895-06-21,300.0,128.0,0.0,,
1895-06-22,311.0,206.0,0.0,,
1895-06-23,317.0,167.0,0.0,,
1895-06-24,311.0,200.0,0.0,,
1895-06-25,322.0,200.0,188.0,,
1895-06-26,267.0,172.0,0.0,,
1895-06-27,283.0,133.0,0.0,,
1895-06-28,283.0,156.0,36.0,,
1895-06-29,239.0,172.0,112.0,,
1895-06-30,261.0,189.0,427.0,,
1895-07-01,261.0,194.0,0.0,,
1895-07-02,261.0,172.0,0.0,,
1895-07-03,278.0,189.0,48.0,,
1895-07-04,250.0,194.0,71.0,,
1895-07-05,250.0,194.0,785.0,,
1895-07-06,256.0,183.0,0.0,,
1895-07-07,317.0,172.0,15.0,,
1895-07-08,211.0,178.0,0.0,,
1895-07-09,228.0,111.0,0.0,,
1895-07-10,206.0,133.0,142.0,,
1895-07-11,200.0,139.0,56.0,,
1895-07-12,244.0,167.0,0.0,,
1895-07-13,294.0,183.0,0.0,,
1895-07-14,311.0,206.0,46.0,,
1895-07-15,328.0,222.0,0.0,,
1895-07-16,333.0,228.0,0.0,,
1895-07-17,328.0,211.0,0.0,,
1895-07-18,322.0,200.0,0.0,,
1895-07-19,311.0,211.0,91.0,,
1895-07-20,322.0,200.0,8.0,,
1895-07-21,322.0,194.0,0.0,,
1895-07-22,322.0,194.0,84.0,,
1895-07-23,272.0,206.0,0.0,,
1895-07-24,272.0,189.0,0.0,,
1895-07-25,289.0,139.0,0.0,,
1895-07-26,306.0,167.0,0.0,,
1895-07-27,339.0,217.0,0.0,,
1895-07-28,233.0,189.0,132.0,,
1895-07-29,322.0,183.0,0.0,,
1895-07-30,267.0,217.0,109.0,,
1895-07-31,256.0,161.0,0.0,,
1895-08-01,261.0,139.0,0.0,,
1895-08-02,267.0,139.0,0.0,,
1895-08-03,289.0,144.0,0.0,,
1895-08-04,289.0,133.0,0.0,,
1895-08-05,283.0,183.0,51.0,,
1895-08-06,261.0,156.0,0.0,,
1895-08-07,289.0,128.0,0.0,,
1895-08-08,317.0,156.0,0.0,,
1895-08-09,328.0,161.0,0.0,,
1895-08-10,300.0,189.0,0.0,,
1895-08-11,311.0,183.0,0.0,,
1895-08-12,333.0,183.0,0.0,,
1895-08-13,322.0,178.0,0.0,,
1895-08-14,317.0,178.0,0.0,,
1895-08-15,322.0,178.0,0.0,,
1895-08-16,317.0,183.0,0.0,,
1895-08-17,333.0,161.0,0.0,,
1895-08-18,339.0,194.0,0.0,,
1895-08-19,311.0,189.0,0.0,,
1895-08-20,250.0,178.0,142.0,,
1895-08-21,261.0,178.0,0.0,,
1895-08-22,306.0,161.0,0.0,,
1895-08-23,322.0,206.0,0.0,,
1895-08-24,278.0,211.0,71.0,,
1895-08-25,278.0,194.0,38.0,,
1895-08-26,311.0,194.0,368.0,,
1895-08-27,322.0,206.0,0.0,,
1895-08-28,311.0,200.0,0.0,,
1895-08-29,311.0,200.0,0.0,,
1895-08-30,300.0,206.0,0.0,,
1895-08-31,272.0,200.0,36.0,,
1895-09-01,239.0,156.0,0.0,,
1895-09-02,289.0,150.0,15.0,,
1895-09-03,311.0,206.0,0.0,,
1895-09-04,294.0,189.0,15.0,,
1895-09-05,289.0,189.0,130.0,,
1895-09-06,311.0,206.0,25.0,,
1895-09-07,239.0,178.0,0.0,,
1895-09-08,294.0,133.0,61.0,,
1895-09-09,306.0,183.0,0.0,,
1895-09-10,322.0,211.0,0.0,,
1895-09-11,322.0,206.0,0.0,,
1895-09-12,333.0,194.0,0.0,,
1895-09-13,339.0,189.0,0.0,,
1895-09-14,333.0,211.0,0.0,,
1895-09-15,333.0,217.0,0.0,,
1895-09-16,339.0,211.0,0.0,,
1895-09-17,333.0,211.0,0.0,,
1895-09-18,328.0,211.0,0.0,,
1895-09-19,317.0,206.0,0.0,,
1895-09-20,311.0,222.0,0.0,,
1895-09-21,311.0,206.0,0.0,,
1895-09-22,311.0,217.0,86.0,,
1895-09-23,183.0,61.0,0.0,,
1895-09-24,250.0,56.0,0.0,,
1895-09-25,300.0,178.0,0.0,,
1895-09-26,211.0,189.0,124.0,,
1895-09-27,194.0,44.0,0.0,,
1895-09-28,217.0,72.0,0.0,,
1895-09-29,150.0,17.0,0.0,,
1895-09-30,144.0,-22.0,0.0,,
1895-10-01,172.0,-6.0,0.0,,0.0
1895-10-02,200.0,28.0,0.0,,0.0
1895-10-03,206.0,56.0,0.0,,0.0
1895-10-04,233.0,100.0,0.0,,0.0
1895-10-05,250.0,133.0,0.0,,0.0
1895-10-06,250.0,150.0,0.0,,0.0
1895-10-07,189.0,128.0,0.0,,0.0
1895-10-08,117.0,-6.0,0.0,,0.0
1895-10-09,161.0,-44.0,0.0,,0.0
1895-10-10,222.0,44.0,0.0,,0.0
1895-10-11,222.0,100.0,0.0,,0.0
1895-10-12,183.0,-22.0,0.0,,0.0
1895-10-13,228.0,-11.0,0.0,,0.0
1895-10-14,239.0,22.0,0.0,,0.0
1895-10-15,211.0,50.0,0.0,,0.0
1895-10-16,244.0,39.0,0.0,,0.0
1895-10-17,194.0,-6.0,0.0,,0.0
1895-10-18,250.0,44.0,0.0,,0.0
1895-10-19,117.0,28.0,0.0,,0.0
1895-10-20,100.0,-56.0,0.0,,0.0
1895-10-21,244.0,33.0,0.0,,0.0
1895-10-22,139.0,100.0,,,0.0
1895-10-23,117.0,17.0,0.0,,0.0
1895-10-24,94.0,22.0,0.0,,0.0
1895-10-25,206.0,44.0,0.0,,0.0
1895-10-26,256.0,44.0,41.0,,0.0
1895-10-27,128.0,72.0,0.0,,0.0
1895-10-28,83.0,-61.0,0.0,,0.0
1895-10-29,94.0,-78.0,0.0,,0.0
1895-10-30,117.0,-22.0,,,0.0
1895-10-31,117.0,28.0,0.0,,0.0
1895-11-01,122.0,-78.0,0.0,,0.0
1895-11-02,194.0,6.0,0.0,,0.0
1895-11-03,206.0,56.0,0.0,,0.0
1895-11-04,228.0,128.0,0.0,,0.0
1895-11-05,167.0,122.0,0.0,,0.0
1895-11-06,206.0,139.0,97.0,,0.0
1895-11-07,178.0,83.0,33.0,,0.0
1895-11-08,50.0,39.0,117.0,,0.0
1895-11-09,61.0,0.0,48.0,,0.0
1895-11-10,89.0,-56.0,0.0,,0.0
1895-11-11,111.0,-33.0,0.0,,0.0
1895-11-12,144.0,-17.0,0.0,,0.0
1895-11-13,122.0,44.0,0.0,,0.0
1895-11-14,106.0,56.0,0.0,,0.0
1895-11-15,133.0,-50.0,0.0,,0.0
1895-11-16,133.0,44.0,0.0,,0.0
1895-11-17,206.0,-11.0,0.0,,0.0
1895-11-18,200.0,6.0,0.0,,0.0
1895-11-19,33.0,28.0,0.0,,0.0
1895-11-20,111.0,-72.0,0.0,,0.0
1895-11-21,200.0,6.0,0.0,,0.0
1895-11-22,56.0,22.0,0.0,,0.0
1895-11-23,0.0,-17.0,107.0,,0.0
1895-11-24,11.0,-17.0,76.0,,0.0
1895-11-25,6.0,-11.0,295.0,,102.0
1895-11-26,-33.0,-106.0,0.0,,0.0
1895-11-27,78.0,-94.0,0.0,,0.0
1895-11-28,106.0,17.0,0.0,,0.0
1895-11-29,28.0,0.0,0.0,,0.0
1895-11-30,89.0,-17.0,0.0,,0.0
1895-12-01,72.0,44.0,81.0,,0.0
1895-12-02,-72.0,-122.0,25.0,,25.0
1895-12-03,-28.0,-167.0,0.0,,0.0
1895-12-04,-28.0,-61.0,0.0,,0.0
1895-12-05,11.0,-144.0,0.0,,0.0
1895-12-06,122.0,-44.0,0.0,,0.0
1895-12-07,106.0,11.0,0.0,,0.0
1895-12-08,17.0,-50.0,0.0,,0.0
1895-12-09,28.0,-83.0,0.0,,0.0
1895-12-10,67.0,-67.0,0.0,,0.0
1895-12-11,117.0,22.0,0.0,,0.0
1895-12-12,6.0,-11.0,0.0,,0.0
1895-12-13,83.0,-39.0,0.0,,0.0
1895-12-14,106.0,-6.0,0.0,,0.0
1895-12-15,100.0,6.0,0.0,,0.0
1895-12-16,167.0,44.0,0.0,,0.0
1895-12-17,178.0,128.0,0.0,,0.0
1895-12-18,139.0,78.0,1184.0,,0.0
1895-12-19,44.0,11.0,737.0,,0.0
1895-12-20,56.0,17.0,46.0,,0.0
1895-12-21,100.0,-28.0,0.0,,0.0
1895-12-22,100.0,50.0,0.0,,0.0
1895-12-23,78.0,67.0,61.0,,0.0
1895-12-24,167.0,44.0,211.0,,0.0
1895-12-25,22.0,11.0,10.0,,0.0
1895-12-26,39.0,-78.0,0.0,,0.0
1895-12-27,78.0,-22.0,0.0,,0.0
1895-12-28,111.0,-17.0,0.0,,0.0
1895-12-29,-11.0,-28.0,0.0,,0.0
1895-12-30,22.0,-111.0,0.0,,0.0
1895-12-31,-11.0,-44.0,0.0,,0.0
1896-01-01,89.0,-61.0,0.0,,0.0
1896-01-02,94.0,28.0,0.0,,0.0
1896-01-03,-122.0,-156.0,0.0,,0.0
1896-01-04,-11.0,-133.0,0.0,,0.0
1896-01-05,83.0,-67.0,0.0,,0.0
1896-01-06,111.0,17.0,0.0,,0.0
1896-01-07,11.0,6.0,0.0,,0.0
1896-01-08,78.0,-72.0,0.0,,0.0
1896-01-09,122.0,-17.0,0.0,,0.0
1896-01-10,128.0,-39.0,0.0,,0.0
1896-01-11,167.0,-17.0,0.0,,0.0
1896-01-12,17.0,-44.0,0.0,,0.0
1896-01-13,161.0,-67.0,0.0,,0.0
1896-01-14,61.0,-50.0,0.0,,0.0
1896-01-15,44.0,-11.0,0.0,,0.0
1896-01-16,83.0,-6.0,0.0,,0.0
1896-01-17,78.0,33.0,0.0,,0.0
1896-01-18,56.0,28.0,0.0,,0.0
1896-01-19,100.0,-22.0,0.0,,0.0
1896-01-20,139.0,44.0,0.0,,0.0
1896-01-21,67.0,28.0,0.0,,0.0
1896-01-22,33.0,17.0,135.0,,0.0
1896-01-23,-11.0,-17.0,,,25.0
1896-01-24,-17.0,-94.0,89.0,,0.0
1896-01-25,-44.0,-72.0,0.0,,0.0
1896-01-26,0.0,-56.0,0.0,,0.0
1896-01-27,72.0,-72.0,0.0,,0.0
1896-01-28,122.0,-28.0,0.0,,0.0
1896-01-29,128.0,22.0,0.0,,0.0
1896-01-30,122.0,50.0,0.0,,0.0
1896-01-31,122.0,78.0,81.0,,0.0
1896-02-01,33.0,33.0,0.0,,0.0
1896-02-02,39.0,-11.0,64.0,,51.0
1896-02-03,78.0,-11.0,71.0,,0.0
1896-02-04,100.0,-17.0,0.0,,0.0
1896-02-05,0.0,0.0,0.0,,0.0
1896-02-06,67.0,-67.0,0.0,,0.0
1896-02-07,11.0,-39.0,25.0,,25.0
1896-02-08,-6.0,-44.0,0.0,,0.0
1896-02-09,44.0,-72.0,0.0,,0.0
1896-02-10,83.0,-11.0,0.0,,0.0
1896-02-11,78.0,-61.0,0.0,,0.0
1896-02-12,83.0,17.0,203.0,,0.0
1896-02-13,17.0,-50.0,33.0,,13.0
1896-02-14,128.0,-28.0,0.0,,0.0
1896-02-15,139.0,33.0,0.0,,0.0
1896-02-16,0.0,-89.0,0.0,,0.0
1896-02-17,44.0,-94.0,0.0,,0.0
1896-02-18,67.0,-33.0,0.0,,0.0
1896-02-19,44.0,-6.0,0.0,,0.0
1896-02-20,-39.0,-111.0,0.0,,0.0
1896-02-21,89.0,-39.0,0.0,,0.0
1896-02-22,106.0,22.0,0.0,,0.0
1896-02-23,-33.0,-106.0,0.0,,0.0
1896-02-24,161.0,-33.0,0.0,,0.0
1896-02-25,194.0,-44.0,0.0,,0.0
1896-02-26,222.0,56.0,0.0,,0.0
1896-02-27,211.0,83.0,0.0,,0.0
1896-02-28,122.0,22.0,0.0,,0.0
1896-02-29,117.0,28.0,0.0,,0.0
1896-03-01,61.0,6.0,0.0,,0.0
1896-03-02,89.0,-22.0,0.0,,0.0
1896-03-03,11.0,6.0,0.0,,0.0
1896-03-04,44.0,33.0,0.0,,0.0
1896-03-05,89.0,28.0,152.0,,0.0
1896-03-06,67.0,39.0,0.0,,0.0
1896-03-07,122.0,-56.0,20.0,,0.0
1896-03-08,100.0,-17.0,0.0,,0.0
1896-03-09,206.0,11.0,0.0,,0.0
1896-03-10,122.0,-17.0,0.0,,0.0
1896-03-11,0.0,-78.0,0.0,,0.0
1896-03-12,0.0,-89.0,0.0,,0.0
1896-03-13,11.0,-106.0,0.0,,0.0
1896-03-14,-17.0,-50.0,,,152.0
1896-03-15,106.0,6.0,97.0,,0.0
1896-03-16,61.0,-100.0,0.0,,0.0
1896-03-17,83.0,-56.0,0.0,,0.0
1896-03-18,56.0,0.0,0.0,,0.0
1896-03-19,17.0,-72.0,0.0,,0.0
1896-03-20,106.0,-78.0,0.0,,0.0
1896-03-21,172.0,44.0,0.0,,0.0
1896-03-22,83.0,6.0,0.0,,0.0
1896-03-23,50.0,-11.0,368.0,,0.0
1896-03-24,122.0,-39.0,0.0,,0.0
1896-03-25,200.0,89.0,0.0,,0.0
1896-03-26,144.0,50.0,0.0,,0.0
1896-03-27,189.0,33.0,0.0,,0.0
1896-03-28,244.0,144.0,0.0,,0.0
1896-03-29,200.0,111.0,0.0,,0.0
1896-03-30,239.0,17.0,0.0,,0.0
1896-03-31,261.0,117.0,0.0,,0.0
1896-04-01,78.0,-11.0,0.0,,
1896-04-02,89.0,-22.0,0.0,,
1896-04-03,172.0,-39.0,0.0,,
1896-04-04,194.0,28.0,0.0,,
1896-04-05,217.0,56.0,0.0,,
1896-04-06,189.0,83.0,66.0,,
1896-04-07,256.0,83.0,0.0,,
1896-04-08,244.0,111.0,23.0,,
1896-04-09,228.0,89.0,0.0,,
1896-04-10,294.0,128.0,0.0,,
1896-04-11,272.0,167.0,0.0,,
1896-04-12,233.0,100.0,84.0,,
1896-04-13,211.0,106.0,0.0,,
1896-04-14,283.0,78.0,0.0,,
1896-04-15,311.0,89.0,0.0,,
1896-04-16,278.0,161.0,0.0,,
1896-04-17,289.0,156.0,0.0,,
1896-04-18,244.0,156.0,0.0,,
1896-04-19,244.0,111.0,272.0,,
1896-04-20,289.0,178.0,0.0,,
1896-04-21,222.0,161.0,0.0,,
1896-04-22,278.0,122.0,259.0,,
1896-04-23,289.0,156.0,0.0,,
1896-04-24,283.0,150.0,0.0,,
1896-04-25,267.0,144.0,236.0,,
1896-04-26,267.0,144.0,112.0,,
1896-04-27,306.0,167.0,0.0,,
1896-04-28,239.0,183.0,38.0,,
1896-04-29,189.0,128.0,0.0,,
1896-04-30,267.0,83.0,0.0,,
1896-05-01,233.0,128.0,76.0,,
1896-05-02,228.0,128.0,0.0,,
1896-05-03,272.0,100.0,0.0,,
1896-05-04,267.0,100.0,0.0,,
1896-05-05,283.0,128.0,0.0,,
1896-05-06,300.0,139.0,0.0,,
1896-05-07,300.0,139.0,0.0,,
1896-05-08,306.0,156.0,0.0,,
1896-05-09,300.0,167.0,0.0,,
1896-05-10,294.0,172.0,0.0,,
1896-05-11,289.0,172.0,0.0,,
1896-05-12,283.0,178.0,0.0,,
1896-05-13,228.0,139.0,257.0,,
1896-05-14,217.0,117.0,0.0,,
1896-05-15,272.0,106.0,0.0,,
1896-05-16,267.0,144.0,1184.0,,
1896-05-17,272.0,94.0,0.0,,
1896-05-18,278.0,200.0,0.0,,
1896-05-19,294.0,178.0,0.0,,
1896-05-20,289.0,144.0,676.0,,
1896-05-21,306.0,178.0,33.0,,
1896-05-22,261.0,161.0,356.0,,
1896-05-23,256.0,167.0,231.0,,
1896-05-24,311.0,194.0,0.0,,
1896-05-25,311.0,206.0,0.0,,
1896-05-26,250.0,150.0,236.0,,
1896-05-27,311.0,172.0,28.0,,
1896-05-28,222.0,117.0,0.0,,
1896-05-29,272.0,106.0,0.0,,
1896-05-30,244.0,167.0,69.0,,
1896-05-31,306.0,172.0,0.0,,
1896-06-01,200.0,133.0,0.0,,
1896-06-02,228.0,156.0,0.0,,
1896-06-03,256.0,144.0,0.0,,
1896-06-04,300.0,144.0,0.0,,
1896-06-05,317.0,172.0,0.0,,
1896-06-06,311.0,206.0,0.0,,
1896-06-07,317.0,183.0,775.0,,
1896-06-08,294.0,156.0,0.0,,
1896-06-09,278.0,139.0,0.0,,
1896-06-10,200.0,117.0,0.0,,
1896-06-11,256.0,106.0,0.0,,
1896-06-12,244.0,106.0,0.0,,
1896-06-13,267.0,94.0,0.0,,
1896-06-14,300.0,122.0,0.0,,
1896-06-15,317.0,183.0,0.0,,
1896-06-16,294.0,183.0,0.0,,
1896-06-17,311.0,156.0,0.0,,
1896-06-18,322.0,167.0,0.0,,
1896-06-19,322.0,183.0,0.0,,
1896-06-20,328.0,211.0,0.0,,
1896-06-21,306.0,194.0,0.0,,
1896-06-22,300.0,200.0,25.0,,
1896-06-23,322.0,189.0,38.0,,
1896-06-24,328.0,206.0,0.0,,
1896-06-25,322.0,206.0,13.0,,
1896-06-26,244.0,194.0,25.0,,
1896-06-27,283.0,194.0,734.0,,
1896-06-28,283.0,172.0,0.0,,
1896-06-29,272.0,128.0,0.0,,
1896-06-30,289.0,144.0,0.0,,
1896-07-01,306.0,161.0,0.0,,
1896-07-02,333.0,189.0,0.0,,
1896-07-03,350.0,222.0,0.0,,
1896-07-04,311.0,206.0,0.0,,
1896-07-05,289.0,194.0,15.0,,
1896-07-06,294.0,144.0,0.0,,
1896-07-07,278.0,172.0,0.0,,
1896-07-08,256.0,111.0,0.0,,
1896-07-09,283.0,111.0,0.0,,
1896-07-10,294.0,128.0,0.0,,
1896-07-11,311.0,156.0,0.0,,
1896-07-12,283.0,189.0,20.0,,
1896-07-13,328.0,189.0,0.0,,
1896-07-14,339.0,194.0,0.0,,
1896-07-15,350.0,206.0,0.0,,
1896-07-16,256.0,206.0,191.0,,
1896-07-17,267.0,172.0,0.0,,
1896-07-18,339.0,211.0,0.0,,
1896-07-19,289.0,228.0,38.0,,
1896-07-20,283.0,206.0,290.0,,
1896-07-21,294.0,206.0,218.0,,
1896-07-22,333.0,211.0,0.0,,
1896-07-23,339.0,206.0,0.0,,
1896-07-24,256.0,217.0,0.0,,
1896-07-25,311.0,167.0,0.0,,
1896-07-26,339.0,222.0,0.0,,
1896-07-27,339.0,211.0,0.0,,
1896-07-28,333.0,206.0,0.0,,
1896-07-29,339.0,211.0,0.0,,
1896-07-30,350.0,206.0,0.0,,
1896-07-31,356.0,211.0,0.0,,
1896-08-01,339.0,228.0,0.0,,
1896-08-02,300.0,189.0,0.0,,
1896-08-03,361.0,172.0,0.0,,
1896-08-04,367.0,200.0,0.0,,
1896-08-05,361.0,200.0,0.0,,
1896-08-06,367.0,211.0,0.0,,
1896-08-07,378.0,211.0,0.0,,
1896-08-08,378.0,211.0,0.0,,
1896-08-09,367.0,217.0,0.0,,
1896-08-10,344.0,217.0,0.0,,
1896-08-11,361.0,228.0,0.0,,
1896-08-12,339.0,200.0,0.0,,
1896-08-13,356.0,178.0,0.0,,
1896-08-14,372.0,178.0,0.0,,
1896-08-15,378.0,206.0,0.0,,
1896-08-16,294.0,189.0,104.0,,
1896-08-17,239.0,189.0,211.0,,
1896-08-18,228.0,172.0,500.0,,
1896-08-19,217.0,150.0,58.0,,
1896-08-20,350.0,161.0,0.0,,
1896-08-21,378.0,256.0,0.0,,
1896-08-22,322.0,206.0,84.0,,
1896-08-23,244.0,161.0,0.0,,
1896-08-24,267.0,106.0,0.0,,
1896-08-25,289.0,128.0,0.0,,
1896-08-26,250.0,183.0,0.0,,
1896-08-27,267.0,100.0,0.0,,
1896-08-28,267.0,111.0,0.0,,
1896-08-29,261.0,117.0,0.0,,
1896-08-30,300.0,150.0,0.0,,
1896-08-31,283.0,133.0,0.0,,
1896-09-01,294.0,144.0,0.0,,
1896-09-02,328.0,183.0,0.0,,
1896-09-03,228.0,189.0,0.0,,
1896-09-04,300.0,122.0,104.0,,
1896-09-05,239.0,156.0,0.0,,
1896-09-06,228.0,67.0,0.0,,
1896-09-07,244.0,111.0,0.0,,
1896-09-08,300.0,183.0,0.0,,
1896-09-09,328.0,206.0,0.0,,
1896-09-10,333.0,194.0,0.0,,
1896-09-11,250.0,139.0,0.0,,
1896-09-12,239.0,156.0,0.0,,
1896-09-13,339.0,156.0,0.0,,
1896-09-14,328.0,183.0,0.0,,
1896-09-15,294.0,183.0,236.0,,
1896-09-16,322.0,183.0,0.0,,
1896-09-17,367.0,183.0,0.0,,
1896-09-18,322.0,189.0,0.0,,
1896-09-19,156.0,100.0,452.0,,
1896-09-20,189.0,50.0,0.0,,
1896-09-21,200.0,100.0,99.0,,
1896-09-22,172.0,72.0,0.0,,
1896-09-23,194.0,22.0,0.0,,
1896-09-24,233.0,78.0,0.0,,
1896-09-25,256.0,144.0,0.0,,
1896-09-26,267.0,150.0,163.0,,
1896-09-27,128.0,94.0,28.0,,
1896-09-28,117.0,67.0,0.0,,
1896-09-29,172.0,44.0,0.0,,
1896-09-30,250.0,67.0,0.0,,
1896-10-01,272.0,78.0,0.0,,
1896-10-02,256.0,128.0,0.0,,
1896-10-03,217.0,78.0,0.0,,
1896-10-04,239.0,72.0,0.0,,
1896-10-05,250.0,122.0,0.0,,
1896-10-06,178.0,100.0,137.0,,
1896-10-07,167.0,33.0,0.0,,
1896-10-08,167.0,22.0,0.0,,
1896-10-09,211.0,22.0,0.0,,
1896-10-10,206.0,111.0,64.0,,
1896-10-11,200.0,56.0,0.0,,
1896-10-12,200.0,56.0,0.0,,
1896-10-13,150.0,128.0,0.0,,
1896-10-14,128.0,117.0,0.0,,
1896-10-15,217.0,17.0,0.0,,
1896-10-16,178.0,33.0,0.0,,
1896-10-17,111.0,33.0,0.0,,
1896-10-18,172.0,-6.0,0.0,,
1896-10-19,239.0,50.0,23.0,,
1896-10-20,122.0,50.0,0.0,,
1896-10-21,239.0,0.0,0.0,,
1896-10-22,194.0,178.0,0.0,,
1896-10-23,72.0,44.0,203.0,,
1896-10-24,172.0,-6.0,0.0,,
1896-10-25,178.0,22.0,0.0,,
1896-10-26,194.0,50.0,0.0,,
1896-10-27,250.0,133.0,0.0,,
1896-10-28,278.0,161.0,0.0,,
1896-10-29,211.0,156.0,257.0,,
1896-10-30,144.0,28.0,0.0,,
1896-10-31,172.0,22.0,0.0,,
1896-11-01,222.0,44.0,0.0,,0.0
1896-11-02,194.0,133.0,13.0,,0.0
1896-11-03,228.0,33.0,13.0,,0.0
1896-11-04,78.0,44.0,,,0.0
1896-11-05,150.0,-22.0,0.0,,0.0
1896-11-06,167.0,67.0,0.0,,0.0
1896-11-07,22.0,-28.0,0.0,,0.0
1896-11-08,28.0,-61.0,0.0,,0.0
1896-11-09,117.0,-44.0,0.0,,0.0
1896-11-10,172.0,50.0,0.0,,0.0
1896-11-11,89.0,0.0,0.0,,0.0
1896-11-12,100.0,-33.0,0.0,,0.0
1896-11-13,139.0,-61.0,0.0,,0.0
1896-11-14,194.0,61.0,0.0,,0.0
1896-11-15,228.0,61.0,0.0,,0.0
1896-11-16,239.0,139.0,0.0,,0.0
1896-11-17,244.0,156.0,0.0,,0.0
1896-11-18,239.0,156.0,0.0,,0.0
1896-11-19,0.0,-28.0,38.0,,0.0
1896-11-20,67.0,-11.0,13.0,,0.0
1896-11-21,56.0,6.0,0.0,,0.0
1896-11-22,44.0,-33.0,0.0,,0.0
1896-11-23,139.0,39.0,0.0,,0.0
1896-11-24,206.0,128.0,0.0,,0.0
1896-11-25,206.0,150.0,66.0,,0.0
1896-11-26,172.0,128.0,254.0,,0.0
1896-11-27,-39.0,-61.0,0.0,,0.0
1896-11-28,-39.0,-128.0,0.0,,0.0
1896-11-29,-50.0,-128.0,0.0,,0.0
1896-11-30,0.0,-128.0,0.0,,0.0
1896-12-01,39.0,-111.0,0.0,,0.0
1896-12-02,61.0,-67.0,0.0,,0.0
1896-12-03,89.0,-56.0,0.0,,0.0
1896-12-04,106.0,-17.0,0.0,,0.0
1896-12-05,172.0,61.0,0.0,,0.0
1896-12-06,150.0,28.0,0.0,,0.0
1896-12-07,61.0,6.0,13.0,,0.0
1896-12-08,78.0,28.0,0.0,,0.0
1896-12-09,161.0,-22.0,0.0,,0.0
1896-12-10,178.0,28.0,0.0,,0.0
1896-12-11,200.0,28.0,0.0,,0.0
1896-12-12,183.0,72.0,0.0,,0.0
1896-12-13,117.0,-22.0,0.0,,0.0
1896-12-14,28.0,0.0,0.0,,0.0
1896-12-15,78.0,0.0,0.0,,0.0
1896-12-16,111.0,-22.0,196.0,,0.0
1896-12-17,67.0,33.0,0.0,,0.0
1896-12-18,-6.0,-33.0,0.0,,0.0
1896-12-19,17.0,-44.0,,,0.0
1896-12-20,61.0,-44.0,0.0,,0.0
1896-12-21,89.0,-50.0,0.0,,0.0
1896-12-22,122.0,6.0,0.0,,0.0
1896-12-23,111.0,-22.0,0.0,,0.0
1896-12-24,139.0,-61.0,0.0,,0.0
1896-12-25,100.0,-33.0,0.0,,0.0
1896-12-26,56.0,-39.0,0.0,,0.0
1896-12-27,100.0,-56.0,28.0,,0.0
1896-12-28,106.0,28.0,0.0,,0.0
1896-12-29,111.0,56.0,0.0,,0.0
1896-12-30,172.0,72.0,18.0,,0.0
1896-12-31,133.0,56.0,0.0,,0.0
1897-01-01,211.0,72.0,254.0,,0.0
1897-01-02,144.0,72.0,917.0,,0.0
1897-01-03,-11.0,-11.0,112.0,,0.0
1897-01-04,-39.0,-94.0,13.0,,13.0
1897-01-05,-67.0,-100.0,0.0,,0.0
1897-01-06,33.0,-133.0,0.0,,0.0
1897-01-07,78.0,-33.0,0.0,,0.0
1897-01-08,122.0,-44.0,0.0,,0.0
1897-01-09,94.0,17.0,0.0,,0.0
1897-01-10,94.0,-33.0,0.0,,0.0
1897-01-11,72.0,-56.0,0.0,,0.0
1897-01-12,50.0,-28.0,61.0,,0.0
1897-01-13,144.0,17.0,0.0,,0.0
1897-01-14,28.0,-17.0,0.0,,0.0
1897-01-15,61.0,-22.0,0.0,,0.0
1897-01-16,106.0,44.0,89.0,,0.0
1897-01-17,33.0,0.0,0.0,,0.0
1897-01-18,44.0,-78.0,0.0,,0.0
1897-01-19,56.0,-22.0,0.0,,0.0
1897-01-20,33.0,0.0,147.0,,51.0
1897-01-21,39.0,-6.0,0.0,,0.0
1897-01-22,50.0,6.0,0.0,,0.0
1897-01-23,111.0,-56.0,0.0,,0.0
1897-01-24,-122.0,-156.0,0.0,,0.0
1897-01-25,-128.0,-178.0,0.0,,0.0
1897-01-26,-122.0,-178.0,33.0,,13.0
1897-01-27,-117.0,-183.0,0.0,,0.0
1897-01-28,-89.0,-183.0,0.0,,0.0
1897-01-29,-56.0,-206.0,0.0,,0.0
1897-01-30,22.0,-144.0,0.0,,0.0
1897-01-31,56.0,-56.0,0.0,,0.0
1897-02-01,61.0,-22.0,0.0,,0.0
1897-02-02,67.0,-6.0,0.0,,0.0
1897-02-03,28.0,0.0,86.0,,0.0
1897-02-04,44.0,-6.0,0.0,,0.0
1897-02-05,56.0,17.0,89.0,,0.0
1897-02-06,33.0,-6.0,0.0,,0.0
1897-02-07,6.0,-6.0,23.0,,25.0
1897-02-08,6.0,-33.0,10.0,,0.0
1897-02-09,39.0,-44.0,0.0,,0.0
1897-02-10,83.0,-17.0,0.0,,0.0
1897-02-11,50.0,0.0,43.0,,0.0
1897-02-12,111.0,-22.0,0.0,,0.0
1897-02-13,133.0,22.0,0.0,,0.0
1897-02-14,39.0,-39.0,0.0,,0.0
1897-02-15,56.0,-11.0,0.0,,0.0
1897-02-16,178.0,-11.0,0.0,,0.0
1897-02-17,139.0,22.0,0.0,,0.0
1897-02-18,139.0,-22.0,0.0,,0.0
1897-02-19,122.0,-11.0,0.0,,0.0
1897-02-20,211.0,78.0,0.0,,0.0
1897-02-21,183.0,83.0,66.0,,0.0
1897-02-22,28.0,-11.0,0.0,,0.0
1897-02-23,28.0,-50.0,0.0,,0.0
1897-02-24,106.0,-56.0,0.0,,0.0
1897-02-25,22.0,-11.0,71.0,,51.0
1897-02-26,-67.0,-106.0,0.0,,0.0
1897-02-27,50.0,-156.0,0.0,,0.0
1897-02-28,89.0,-22.0,0.0,,0.0
1897-03-01,133.0,61.0,163.0,,
1897-03-02,33.0,33.0,30.0,,0.0
1897-03-03,39.0,-44.0,0.0,,0.0
1897-03-04,39.0,-44.0,277.0,,0.0
1897-03-05,94.0,17.0,615.0,,0.0
1897-03-06,72.0,-11.0,0.0,,0.0
1897-03-07,178.0,-11.0,0.0,,0.0
1897-03-08,217.0,89.0,0.0,,0.0
1897-03-09,211.0,89.0,79.0,,0.0
1897-03-10,150.0,-28.0,0.0,,0.0
1897-03-11,144.0,61.0,56.0,,0.0
1897-03-12,39.0,-67.0,0.0,,0.0
1897-03-13,78.0,-33.0,0.0,,0.0
1897-03-14,44.0,-100.0,0.0,,0.0
1897-03-15,100.0,-33.0,0.0,,0.0
1897-03-16,167.0,-17.0,0.0,,0.0
1897-03-17,150.0,89.0,234.0,,0.0
1897-03-18,194.0,128.0,13.0,,0.0
1897-03-19,217.0,100.0,36.0,,0.0
1897-03-20,144.0,67.0,36.0,,0.0
1897-03-21,250.0,133.0,0.0,,0.0
1897-03-22,72.0,11.0,0.0,,0.0
1897-03-23,22.0,-11.0,0.0,,0.0
1897-03-24,72.0,-11.0,0.0,,0.0
1897-03-25,72.0,-11.0,0.0,,0.0
1897-03-26,189.0,-6.0,0.0,,0.0
1897-03-27,144.0,11.0,0.0,,0.0
1897-03-28,211.0,11.0,0.0,,0.0
1897-03-29,128.0,94.0,51.0,,0.0
1897-03-30,244.0,100.0,69.0,,0.0
1897-03-31,233.0,133.0,0.0,,0.0
1897-04-01,233.0,50.0,0.0,,
1897-04-02,233.0,50.0,0.0,,
1897-04-03,217.0,100.0,89.0,,
1897-04-04,161.0,50.0,0.0,,
1897-04-05,156.0,39.0,0.0,,
1897-04-06,128.0,6.0,0.0,,0.0
1897-04-07,194.0,6.0,0.0,,
1897-04-08,56.0,44.0,376.0,,
1897-04-09,139.0,0.0,0.0,,
1897-04-10,111.0,22.0,18.0,,
1897-04-11,117.0,-6.0,0.0,,
1897-04-12,200.0,106.0,0.0,,
1897-04-13,128.0,56.0,0.0,,
1897-04-14,139.0,22.0,0.0,,
1897-04-15,183.0,28.0,0.0,,
1897-04-16,139.0,17.0,0.0,,
1897-04-17,178.0,-22.0,0.0,,
1897-04-18,256.0,83.0,33.0,,
1897-04-19,156.0,50.0,0.0,,
1897-04-20,200.0,50.0,0.0,,
1897-04-21,283.0,117.0,0.0,,
1897-04-22,256.0,117.0,0.0,,
1897-04-23,267.0,156.0,0.0,,
1897-04-24,256.0,156.0,0.0,,
1897-04-25,222.0,128.0,246.0,,
1897-04-26,272.0,89.0,0.0,,
1897-04-27,294.0,122.0,0.0,,
1897-04-28,267.0,139.0,229.0,,
1897-04-29,100.0,89.0,229.0,,
1897-04-30,167.0,72.0,0.0,,
1897-05-01,183.0,39.0,0.0,,
1897-05-02,178.0,61.0,0.0,,
1897-05-03,228.0,39.0,0.0,,
1897-05-04,261.0,56.0,0.0,,
1897-05-05,244.0,61.0,0.0,,
1897-05-06,283.0,161.0,0.0,,
1897-05-07,272.0,111.0,0.0,,
1897-05-08,256.0,144.0,41.0,,
1897-05-09,217.0,150.0,170.0,,
1897-05-10,244.0,78.0,287.0,,
1897-05-11,233.0,139.0,0.0,,
1897-05-12,244.0,78.0,18.0,,
1897-05-13,239.0,72.0,13.0,,
1897-05-14,194.0,28.0,0.0,,
1897-05-15,139.0,56.0,0.0,,
1897-05-16,278.0,89.0,0.0,,
1897-05-17,278.0,100.0,0.0,,
1897-05-18,289.0,122.0,0.0,,
1897-05-19,283.0,111.0,0.0,,
1897-05-20,294.0,144.0,0.0,,
1897-05-21,300.0,172.0,0.0,,
1897-05-22,294.0,161.0,56.0,,
1897-05-23,272.0,156.0,0.0,,
1897-05-24,211.0,89.0,0.0,,
1897-05-25,211.0,56.0,0.0,,
1897-05-26,328.0,133.0,0.0,,
1897-05-27,306.0,161.0,0.0,,
1897-05-28,250.0,161.0,279.0,,
1897-05-29,200.0,117.0,0.0,,
1897-05-30,206.0,194.0,0.0,,
1897-05-31,250.0,39.0,0.0,,
1897-06-01,294.0,106.0,0.0,,
1897-06-02,283.0,167.0,333.0,,
1897-06-03,183.0,128.0,0.0,,
1897-06-04,239.0,56.0,0.0,,
1897-06-05,256.0,106.0,0.0,,
1897-06-06,172.0,156.0,104.0,,
1897-06-07,239.0,111.0,0.0,,
1897-06-08,244.0,128.0,0.0,,
1897-06-09,256.0,133.0,0.0,,
1897-06-10,300.0,156.0,0.0,,
1897-06-11,328.0,172.0,0.0,,
1897-06-12,311.0,172.0,0.0,,
1897-06-13,306.0,194.0,0.0,,
1897-06-14,311.0,183.0,89.0,,
1897-06-15,289.0,189.0,23.0,,
1897-06-16,333.0,211.0,0.0,,
1897-06-17,356.0,217.0,0.0,,
1897-06-18,356.0,233.0,0.0,,
1897-06-19,344.0,211.0,185.0,,
1897-06-20,306.0,178.0,0.0,,
1897-06-21,294.0,200.0,41.0,,
1897-06-22,333.0,217.0,0.0,,
1897-06-23,344.0,211.0,0.0,,
1897-06-24,333.0,211.0,0.0,,
1897-06-25,278.0,167.0,526.0,,
1897-06-26,311.0,167.0,165.0,,
1897-06-27,322.0,183.0,84.0,,
1897-06-28,322.0,211.0,0.0,,
1897-06-29,333.0,206.0,0.0,,
1897-06-30,339.0,211.0,0.0,,
1897-07-01,350.0,217.0,0.0,,
1897-07-02,350.0,217.0,0.0,,
1897-07-03,350.0,228.0,0.0,,
1897-07-04,350.0,228.0,0.0,,
1897-07-05,322.0,194.0,114.0,,
1897-07-06,344.0,206.0,0.0,,
1897-07-07,361.0,222.0,0.0,,
1897-07-08,356.0,222.0,0.0,,
1897-07-09,356.0,228.0,0.0,,
1897-07-10,339.0,217.0,0.0,,
1897-07-11,250.0,172.0,0.0,,
1897-07-12,250.0,144.0,0.0,,
1897-07-13,267.0,111.0,0.0,,
1897-07-14,267.0,128.0,0.0,,
1897-07-15,294.0,183.0,33.0,,
1897-07-16,322.0,156.0,0.0,,
1897-07-17,322.0,183.0,0.0,,
1897-07-18,311.0,172.0,0.0,,
1897-07-19,278.0,167.0,30.0,,
1897-07-20,283.0,206.0,320.0,,
1897-07-21,322.0,167.0,0.0,,
1897-07-22,344.0,183.0,0.0,,
1897-07-23,350.0,200.0,0.0,,
1897-07-24,361.0,239.0,0.0,,
1897-07-25,350.0,239.0,0.0,,
1897-07-26,333.0,211.0,0.0,,
1897-07-27,339.0,172.0,0.0,,
1897-07-28,344.0,178.0,0.0,,
1897-07-29,350.0,183.0,0.0,,
1897-07-30,378.0,206.0,0.0,,
1897-07-31,378.0,206.0,0.0,,
1897-08-01,383.0,206.0,0.0,,
1897-08-02,372.0,206.0,0.0,,
1897-08-03,378.0,200.0,0.0,,
1897-08-04,367.0,206.0,89.0,,
1897-08-05,317.0,200.0,0.0,,
1897-08-06,289.0,200.0,0.0,,
1897-08-07,317.0,217.0,0.0,,
1897-08-08,333.0,167.0,0.0,,
1897-08-09,339.0,206.0,206.0,,
1897-08-10,311.0,206.0,0.0,,
1897-08-11,289.0,144.0,0.0,,
1897-08-12,289.0,122.0,0.0,,
1897-08-13,333.0,156.0,0.0,,
1897-08-14,311.0,200.0,0.0,,
1897-08-15,311.0,178.0,0.0,,
1897-08-16,261.0,111.0,0.0,,
1897-08-17,278.0,94.0,0.0,,
1897-08-18,283.0,144.0,0.0,,
1897-08-19,283.0,100.0,0.0,,
1897-08-20,306.0,128.0,0.0,,
1897-08-21,333.0,122.0,0.0,,
1897-08-22,283.0,144.0,0.0,,
1897-08-23,311.0,106.0,0.0,,
1897-08-24,311.0,161.0,0.0,,
1897-08-25,328.0,133.0,0.0,,
1897-08-26,383.0,211.0,0.0,,
1897-08-27,378.0,189.0,0.0,,
1897-08-28,361.0,194.0,0.0,,
1897-08-29,367.0,200.0,0.0,,
1897-08-30,311.0,194.0,0.0,,
1897-08-31,361.0,172.0,0.0,,
1897-09-01,367.0,211.0,0.0,,
1897-09-02,372.0,194.0,0.0,,
1897-09-03,378.0,161.0,0.0,,
1897-09-04,372.0,189.0,0.0,,
1897-09-05,361.0,172.0,0.0,,
1897-09-06,333.0,150.0,0.0,,
1897-09-07,356.0,183.0,0.0,,
1897-09-08,361.0,206.0,0.0,,
1897-09-09,350.0,200.0,0.0,,
1897-09-10,367.0,194.0,0.0,,
1897-09-11,361.0,189.0,0.0,,
1897-09-12,356.0,172.0,0.0,,
1897-09-13,344.0,172.0,0.0,,
1897-09-14,322.0,200.0,0.0,,
1897-09-15,350.0,239.0,13.0,,
1897-09-16,300.0,211.0,15.0,,
1897-09-17,239.0,117.0,0.0,,
1897-09-18,278.0,67.0,0.0,,
1897-09-19,250.0,67.0,0.0,,
1897-09-20,211.0,56.0,0.0,,
1897-09-21,244.0,33.0,0.0,,
1897-09-22,228.0,78.0,0.0,,
1897-09-23,278.0,144.0,0.0,,
1897-09-24,278.0,167.0,0.0,,
1897-09-25,311.0,161.0,0.0,,
1897-09-26,350.0,150.0,0.0,,
1897-09-27,333.0,117.0,0.0,,
1897-09-28,244.0,139.0,0.0,,
1897-09-29,333.0,139.0,0.0,,
1897-09-30,322.0,144.0,0.0,,
1897-10-01,322.0,144.0,0.0,,
1897-10-02,300.0,133.0,0.0,,
1897-10-03,322.0,106.0,0.0,,
1897-10-04,322.0,144.0,0.0,,
1897-10-05,322.0,167.0,0.0,,
1897-10-06,244.0,78.0,0.0,,
1897-10-07,267.0,67.0,0.0,,
1897-10-08,256.0,122.0,0.0,,
1897-10-09,261.0,89.0,0.0,,
1897-10-10,250.0,178.0,157.0,,
1897-10-11,250.0,144.0,94.0,,
1897-10-12,189.0,89.0,0.0,,
1897-10-13,289.0,100.0,0.0,,
1897-10-14,306.0,172.0,0.0,,
1897-10-15,233.0,211.0,0.0,,
1897-10-16,211.0,178.0,0.0,,
1897-10-17,228.0,133.0,0.0,,
1897-10-18,278.0,133.0,0.0,,
1897-10-19,228.0,100.0,0.0,,
1897-10-20,200.0,33.0,0.0,,
1897-10-21,156.0,33.0,0.0,,
1897-10-22,178.0,67.0,0.0,,
1897-10-23,261.0,89.0,0.0,,
1897-10-24,228.0,117.0,0.0,,
1897-10-25,189.0,111.0,0.0,,
1897-10-26,211.0,67.0,0.0,,
1897-10-27,172.0,117.0,0.0,,
1897-10-28,72.0,67.0,0.0,,
1897-10-29,144.0,6.0,0.0,,
1897-10-30,156.0,50.0,30.0,,
1897-10-31,117.0,100.0,112.0,,
1897-11-01,89.0,50.0,0.0,,
1897-11-02,61.0,-11.0,0.0,,
1897-11-03,111.0,11.0,0.0,,
1897-11-04,233.0,100.0,124.0,,
1897-11-05,89.0,39.0,0.0,,
1897-11-06,128.0,-44.0,23.0,,
1897-11-07,228.0,72.0,15.0,,
1897-11-08,211.0,94.0,13.0,,
1897-11-09,222.0,33.0,0.0,,
1897-11-10,172.0,11.0,0.0,,
1897-11-11,117.0,11.0,0.0,,
1897-11-12,200.0,0.0,0.0,,
1897-11-13,222.0,89.0,0.0,,
1897-11-14,217.0,156.0,241.0,,
1897-11-15,172.0,72.0,13.0,,
1897-11-16,67.0,-44.0,0.0,,
1897-11-17,94.0,-67.0,0.0,,
1897-11-18,139.0,-11.0,0.0,,
1897-11-19,206.0,22.0,0.0,,
1897-11-20,239.0,67.0,0.0,,
1897-11-21,222.0,128.0,0.0,,
1897-11-22,128.0,39.0,0.0,,
1897-11-23,33.0,-72.0,0.0,,
1897-11-24,94.0,-44.0,0.0,,
1897-11-25,161.0,44.0,0.0,,
1897-11-26,,-6.0,25.0,,
1897-11-27,28.0,-89.0,0.0,,
1897-11-28,67.0,-67.0,0.0,,
1897-11-29,-44.0,-117.0,0.0,,
1897-11-30,78.0,-89.0,0.0,,
1897-12-01,,,,,0.0
1897-12-02,-28.0,-50.0,0.0,,0.0
1897-12-03,,,,,0.0
1897-12-04,-67.0,-100.0,0.0,,0.0
1897-12-05,28.0,-78.0,,0.0,0.0
1897-12-06,50.0,-44.0,,,0.0
1897-12-07,122.0,-33.0,,,0.0
1897-12-08,133.0,6.0,,,0.0
1897-12-09,178.0,61.0,0.0,,0.0
1897-12-10,178.0,67.0,396.0,,0.0
1897-12-11,61.0,-17.0,,,0.0
1897-12-12,106.0,0.0,0.0,,0.0
1897-12-13,,,297.0,,13.0
1897-12-14,,,76.0,,0.0
1897-12-15,89.0,-33.0,,,0.0
1897-12-16,-78.0,-111.0,168.0,,0.0
1897-12-17,,,0.0,76.0,0.0
1897-12-18,-61.0,-117.0,,76.0,0.0
1897-12-19,-22.0,-83.0,0.0,76.0,0.0
1897-12-20,-22.0,-39.0,0.0,76.0,0.0
1897-12-21,-22.0,-72.0,,76.0,0.0
1897-12-22,33.0,-83.0,,76.0,0.0
1897-12-23,17.0,-44.0,,76.0,0.0
1897-12-24,6.0,-72.0,,76.0,0.0
1897-12-25,72.0,-17.0,,76.0,0.0
1897-12-26,,,,76.0,0.0
1897-12-27,50.0,-22.0,,25.0,0.0
1897-12-28,72.0,-17.0,0.0,0.0,0.0
1897-12-29,100.0,-22.0,,0.0,0.0
1897-12-30,117.0,11.0,0.0,0.0,0.0
1897-12-31,6.0,-11.0,0.0,0.0,0.0
1898-01-01,-11.0,-111.0,0.0,,0.0
1898-01-02,67.0,-111.0,0.0,,0.0
1898-01-03,128.0,-28.0,0.0,,0.0
1898-01-04,61.0,-6.0,0.0,,0.0
1898-01-05,61.0,-28.0,0.0,,0.0
1898-01-06,89.0,6.0,0.0,,0.0
1898-01-07,156.0,-11.0,0.0,,0.0
1898-01-08,89.0,-6.0,0.0,,0.0
1898-01-09,172.0,67.0,0.0,,0.0
1898-01-10,150.0,22.0,0.0,,0.0
1898-01-11,189.0,106.0,25.0,,0.0
1898-01-12,83.0,83.0,152.0,,0.0
1898-01-13,67.0,-50.0,0.0,,0.0
1898-01-14,39.0,17.0,145.0,,0.0
1898-01-15,11.0,-6.0,0.0,,0.0
1898-01-16,61.0,-56.0,0.0,,0.0
1898-01-17,89.0,-17.0,0.0,,0.0
1898-01-18,122.0,22.0,0.0,,0.0
1898-01-19,44.0,33.0,89.0,,0.0
1898-01-20,33.0,0.0,58.0,,0.0
1898-01-21,100.0,-28.0,0.0,,0.0
1898-01-22,28.0,6.0,180.0,25.0,13.0
1898-01-23,28.0,0.0,20.0,,0.0
1898-01-24,89.0,-22.0,15.0,,0.0
1898-01-25,44.0,-11.0,25.0,,0.0
1898-01-26,0.0,-44.0,0.0,,0.0
1898-01-27,56.0,-61.0,0.0,,0.0
1898-01-28,67.0,-28.0,0.0,,0.0
1898-01-29,33.0,-50.0,0.0,,0.0
1898-01-30,78.0,-11.0,0.0,,0.0
1898-01-31,6.0,-39.0,0.0,,0.0
1898-02-01,-22.0,-128.0,0.0,,0.0
1898-02-02,-89.0,-111.0,0.0,0.0,0.0
1898-02-03,56.0,-144.0,0.0,,0.0
1898-02-04,78.0,-17.0,0.0,,0.0
1898-02-05,22.0,-56.0,0.0,,0.0
1898-02-06,106.0,-61.0,0.0,,0.0
1898-02-07,133.0,11.0,0.0,,0.0
1898-02-08,178.0,67.0,0.0,,0.0
1898-02-09,189.0,78.0,0.0,,0.0
1898-02-10,161.0,78.0,28.0,,0.0
1898-02-11,72.0,-17.0,0.0,,0.0
1898-02-12,117.0,-39.0,0.0,,0.0
1898-02-13,117.0,11.0,0.0,,0.0
1898-02-14,144.0,-44.0,0.0,,0.0
1898-02-15,56.0,0.0,0.0,,0.0
1898-02-16,256.0,-33.0,0.0,,0.0
1898-02-17,139.0,78.0,0.0,,0.0
1898-02-18,0.0,-33.0,0.0,,0.0
1898-02-19,28.0,-6.0,66.0,,0.0
1898-02-20,-28.0,-44.0,0.0,,0.0
1898-02-21,11.0,-89.0,0.0,,0.0
1898-02-22,67.0,-89.0,0.0,,0.0
1898-02-23,89.0,-22.0,0.0,,0.0
1898-02-24,94.0,-22.0,0.0,,0.0
1898-02-25,100.0,-61.0,25.0,,0.0
1898-02-26,78.0,33.0,0.0,,0.0
1898-02-27,111.0,11.0,0.0,,0.0
1898-02-28,83.0,-28.0,0.0,,0.0
1898-03-01,106.0,-17.0,0.0,,0.0
1898-03-02,139.0,-28.0,0.0,,0.0
1898-03-03,28.0,-78.0,0.0,,0.0
1898-03-04,106.0,-11.0,0.0,,0.0
1898-03-05,122.0,-22.0,0.0,,0.0
1898-03-06,161.0,-6.0,0.0,,0.0
1898-03-07,189.0,-33.0,0.0,,0.0
1898-03-08,211.0,-22.0,0.0,,0.0
1898-03-09,189.0,117.0,0.0,,0.0
1898-03-10,139.0,72.0,150.0,,0.0
1898-03-11,122.0,117.0,277.0,,0.0
1898-03-12,50.0,33.0,196.0,,0.0
1898-03-13,150.0,6.0,0.0,,0.0
1898-03-14,206.0,61.0,0.0,,0.0
1898-03-15,183.0,61.0,33.0,,0.0
1898-03-16,233.0,22.0,53.0,,0.0
1898-03-17,122.0,28.0,244.0,,0.0
1898-03-18,222.0,78.0,0.0,,0.0
1898-03-19,178.0,122.0,51.0,,0.0
1898-03-20,133.0,78.0,91.0,,0.0
1898-03-21,150.0,111.0,76.0,,0.0
1898-03-22,183.0,128.0,102.0,,0.0
1898-03-23,22.0,-61.0,102.0,25.0,0.0
1898-03-24,89.0,-61.0,0.0,,0.0
1898-03-25,150.0,6.0,38.0,,0.0
1898-03-26,189.0,78.0,13.0,,0.0
1898-03-27,206.0,133.0,84.0,,
1898-03-28,78.0,-50.0,0.0,,0.0
1898-03-29,106.0,-17.0,0.0,,0.0
1898-03-30,61.0,6.0,13.0,,0.0
1898-03-31,133.0,-33.0,0.0,,0.0
1898-04-01,133.0,33.0,20.0,,
1898-04-02,128.0,33.0,0.0,,
1898-04-03,122.0,61.0,0.0,,
1898-04-04,78.0,72.0,160.0,,
1898-04-05,44.0,-22.0,0.0,,
1898-04-06,83.0,-56.0,0.0,,
1898-04-07,133.0,-33.0,0.0,,
1898-04-08,161.0,44.0,51.0,,
1898-04-09,217.0,89.0,51.0,,
1898-04-10,156.0,72.0,0.0,,
1898-04-11,200.0,22.0,0.0,,
1898-04-12,156.0,83.0,107.0,,
1898-04-13,133.0,56.0,0.0,,
1898-04-14,172.0,44.0,0.0,,
1898-04-15,217.0,6.0,0.0,,
1898-04-16,283.0,67.0,0.0,,
1898-04-17,261.0,144.0,0.0,,
1898-04-18,161.0,128.0,173.0,,
1898-04-19,144.0,56.0,0.0,,
1898-04-20,183.0,44.0,0.0,,
1898-04-21,139.0,78.0,163.0,,
1898-04-22,206.0,117.0,10.0,,
1898-04-23,194.0,117.0,30.0,,
1898-04-24,156.0,67.0,38.0,,
1898-04-25,189.0,56.0,76.0,,
1898-04-26,178.0,33.0,0.0,,
1898-04-27,211.0,67.0,0.0,,
1898-04-28,206.0,106.0,25.0,,
1898-04-29,239.0,56.0,0.0,,
1898-04-30,211.0,167.0,15.0,,
1898-05-01,239.0,133.0,485.0,,
1898-05-02,217.0,122.0,0.0,,
1898-05-03,189.0,117.0,241.0,,
1898-05-04,183.0,139.0,163.0,,
1898-05-05,139.0,111.0,0.0,,
1898-05-06,161.0,39.0,0.0,,
1898-05-07,206.0,39.0,0.0,,
1898-05-08,233.0,50.0,0.0,,
1898-05-09,256.0,83.0,0.0,,
1898-05-10,250.0,111.0,0.0,,
1898-05-11,283.0,122.0,0.0,,
1898-05-12,256.0,133.0,0.0,,
1898-05-13,211.0,117.0,193.0,,
1898-05-14,278.0,150.0,0.0,,
1898-05-15,244.0,156.0,0.0,,
1898-05-16,261.0,150.0,185.0,,
1898-05-17,289.0,172.0,0.0,,
1898-05-18,289.0,200.0,0.0,,
1898-05-19,272.0,194.0,165.0,,
1898-05-20,233.0,161.0,297.0,,
1898-05-21,228.0,161.0,0.0,,
1898-05-22,272.0,128.0,0.0,,
1898-05-23,289.0,133.0,0.0,,
1898-05-24,289.0,133.0,0.0,,
1898-05-25,311.0,133.0,0.0,,
1898-05-26,300.0,167.0,0.0,,
1898-05-27,283.0,178.0,0.0,,
1898-05-28,278.0,144.0,0.0,,
1898-05-29,300.0,172.0,0.0,,
1898-05-30,244.0,117.0,0.0,,
1898-05-31,311.0,139.0,0.0,,
1898-06-01,317.0,167.0,53.0,,
1898-06-02,322.0,183.0,0.0,,
1898-06-03,322.0,189.0,84.0,,
1898-06-04,267.0,172.0,0.0,,
1898-06-05,294.0,167.0,0.0,,
1898-06-06,294.0,183.0,0.0,,
1898-06-07,289.0,200.0,84.0,,
1898-06-08,300.0,133.0,0.0,,
1898-06-09,300.0,189.0,0.0,,
1898-06-10,289.0,183.0,64.0,,
1898-06-11,283.0,183.0,84.0,,
1898-06-12,256.0,161.0,170.0,,
1898-06-13,294.0,161.0,0.0,,
1898-06-14,317.0,178.0,0.0,,
1898-06-15,306.0,183.0,0.0,,
1898-06-16,239.0,189.0,254.0,,
1898-06-17,278.0,178.0,0.0,,
1898-06-18,311.0,161.0,0.0,,
1898-06-19,294.0,189.0,0.0,,
1898-06-20,283.0,156.0,0.0,,
1898-06-21,278.0,194.0,0.0,,
1898-06-22,322.0,200.0,213.0,,
1898-06-23,317.0,194.0,0.0,,
1898-06-24,317.0,222.0,0.0,,
1898-06-25,300.0,211.0,33.0,,
1898-06-26,306.0,183.0,493.0,,
1898-06-27,283.0,178.0,33.0,,
1898-06-28,289.0,144.0,0.0,,
1898-06-29,294.0,200.0,0.0,,
1898-06-30,311.0,206.0,0.0,,
1898-07-01,311.0,206.0,0.0,,
1898-07-02,317.0,211.0,0.0,,
1898-07-03,300.0,200.0,66.0,,
1898-07-04,283.0,178.0,0.0,,
1898-07-05,294.0,178.0,0.0,,
1898-07-06,300.0,206.0,152.0,,
1898-07-07,317.0,217.0,89.0,,
1898-07-08,317.0,228.0,0.0,,
1898-07-09,294.0,206.0,0.0,,
1898-07-10,289.0,211.0,0.0,,
1898-07-11,267.0,183.0,0.0,,
1898-07-12,272.0,94.0,0.0,,
1898-07-13,283.0,100.0,0.0,,
1898-07-14,272.0,178.0,0.0,,
1898-07-15,283.0,150.0,0.0,,
1898-07-16,311.0,178.0,0.0,,
1898-07-17,278.0,194.0,20.0,,
1898-07-18,317.0,194.0,0.0,,
1898-07-19,339.0,222.0,0.0,,
1898-07-20,294.0,194.0,13.0,,
1898-07-21,278.0,206.0,10.0,,
1898-07-22,333.0,200.0,0.0,,
1898-07-23,339.0,206.0,0.0,,
1898-07-24,350.0,194.0,0.0,,
1898-07-25,322.0,200.0,127.0,,
1898-07-26,322.0,178.0,0.0,,
1898-07-27,328.0,194.0,0.0,,
1898-07-28,339.0,183.0,142.0,,
1898-07-29,306.0,211.0,777.0,,
1898-07-30,239.0,183.0,218.0,,
1898-07-31,206.0,178.0,312.0,,
1898-08-01,267.0,144.0,0.0,,
1898-08-02,256.0,189.0,51.0,,
1898-08-03,250.0,144.0,0.0,,
1898-08-04,250.0,111.0,0.0,,
1898-08-05,294.0,144.0,0.0,,
1898-08-06,306.0,183.0,0.0,,
1898-08-07,289.0,206.0,122.0,,
1898-08-08,289.0,194.0,417.0,,
1898-08-09,294.0,172.0,0.0,,
1898-08-10,294.0,156.0,0.0,,
1898-08-11,278.0,156.0,0.0,,
1898-08-12,278.0,139.0,0.0,,
1898-08-13,261.0,161.0,0.0,,
1898-08-14,306.0,172.0,0.0,,
1898-08-15,306.0,200.0,0.0,,
1898-08-16,322.0,194.0,0.0,,
1898-08-17,300.0,206.0,0.0,,
1898-08-18,306.0,200.0,292.0,,
1898-08-19,317.0,194.0,0.0,,
1898-08-20,333.0,206.0,0.0,,
1898-08-21,328.0,206.0,0.0,,
1898-08-22,328.0,200.0,0.0,,
1898-08-23,339.0,217.0,0.0,,
1898-08-24,311.0,217.0,0.0,,
1898-08-25,328.0,167.0,0.0,,
1898-08-26,328.0,172.0,0.0,,
1898-08-27,333.0,167.0,0.0,,
1898-08-28,322.0,183.0,0.0,,
1898-08-29,328.0,167.0,0.0,,
1898-08-30,328.0,189.0,0.0,,
1898-08-31,300.0,189.0,0.0,,
1898-09-01,322.0,217.0,0.0,,
1898-09-02,317.0,194.0,0.0,,
1898-09-03,333.0,222.0,0.0,,
1898-09-04,339.0,222.0,0.0,,
1898-09-05,283.0,222.0,254.0,,
1898-09-06,239.0,172.0,224.0,,
1898-09-07,228.0,61.0,0.0,,
1898-09-08,228.0,56.0,0.0,,
1898-09-09,261.0,78.0,0.0,,
1898-09-10,261.0,78.0,0.0,,
1898-09-11,144.0,122.0,180.0,,
1898-09-12,183.0,144.0,673.0,,
1898-09-13,250.0,100.0,0.0,,
1898-09-14,272.0,139.0,0.0,,
1898-09-15,283.0,172.0,41.0,,
1898-09-16,267.0,167.0,160.0,,
1898-09-17,267.0,161.0,417.0,,
1898-09-18,306.0,161.0,0.0,,
1898-09-19,306.0,156.0,0.0,,
1898-09-20,294.0,161.0,0.0,,
1898-09-21,183.0,167.0,292.0,,
1898-09-22,244.0,161.0,71.0,,
1898-09-23,311.0,167.0,0.0,,
1898-09-24,322.0,206.0,0.0,,
1898-09-25,322.0,200.0,0.0,,
1898-09-26,322.0,194.0,0.0,,
1898-09-27,328.0,178.0,0.0,,
1898-09-28,317.0,178.0,0.0,,
1898-09-29,278.0,183.0,0.0,,
1898-09-30,244.0,183.0,0.0,,
1898-10-01,256.0,183.0,0.0,,0.0
1898-10-02,289.0,211.0,0.0,,0.0
1898-10-03,294.0,206.0,0.0,,0.0
1898-10-04,306.0,183.0,0.0,,0.0
1898-10-05,189.0,133.0,0.0,,0.0
1898-10-06,206.0,122.0,0.0,,0.0
1898-10-07,211.0,172.0,0.0,,0.0
1898-10-08,261.0,172.0,0.0,,0.0
1898-10-09,256.0,167.0,0.0,,0.0
1898-10-10,217.0,161.0,356.0,,0.0
1898-10-11,211.0,111.0,76.0,,0.0
1898-10-12,211.0,111.0,0.0,,0.0
1898-10-13,150.0,72.0,0.0,,0.0
1898-10-14,206.0,17.0,0.0,,0.0
1898-10-15,217.0,100.0,0.0,,0.0
1898-10-16,206.0,117.0,251.0,,0.0
1898-10-17,22.0,11.0,0.0,0.0,0.0
1898-10-18,50.0,6.0,0.0,,0.0
1898-10-19,78.0,-11.0,170.0,,0.0
1898-10-20,67.0,6.0,0.0,0.0,0.0
1898-10-21,39.0,17.0,0.0,0.0,0.0
1898-10-22,117.0,-6.0,0.0,,0.0
1898-10-23,228.0,-6.0,0.0,,0.0
1898-10-24,228.0,83.0,0.0,,0.0
1898-10-25,22.0,11.0,64.0,0.0,0.0
1898-10-26,100.0,-22.0,0.0,,0.0
1898-10-27,139.0,-17.0,0.0,,0.0
1898-10-28,183.0,33.0,0.0,,0.0
1898-10-29,183.0,83.0,0.0,,0.0
1898-10-30,111.0,6.0,0.0,,0.0
1898-10-31,183.0,-39.0,0.0,,0.0
1898-11-01,211.0,83.0,,,0.0
1898-11-02,194.0,83.0,,,0.0
1898-11-03,233.0,94.0,,,0.0
1898-11-04,222.0,111.0,,,0.0
1898-11-05,222.0,78.0,,,0.0
1898-11-06,150.0,-6.0,,,0.0
1898-11-07,217.0,39.0,,,0.0
1898-11-08,183.0,83.0,178.0,,0.0
1898-11-09,83.0,39.0,0.0,,0.0
1898-11-10,39.0,0.0,0.0,,0.0
1898-11-11,78.0,-61.0,,,0.0
1898-11-12,94.0,-33.0,0.0,0.0,0.0
1898-11-13,67.0,33.0,0.0,,0.0
1898-11-14,89.0,72.0,,,0.0
1898-11-15,100.0,-56.0,,,0.0
1898-11-16,139.0,0.0,,,0.0
1898-11-17,156.0,44.0,,,0.0
1898-11-18,172.0,11.0,,,0.0
1898-11-19,183.0,-11.0,,,0.0
1898-11-20,233.0,-17.0,,,0.0
1898-11-21,28.0,-6.0,699.0,0.0,0.0
1898-11-22,-22.0,-128.0,,,0.0
1898-11-23,-89.0,-111.0,,,0.0
1898-11-24,122.0,-111.0,,,0.0
1898-11-25,122.0,-28.0,0.0,0.0,0.0
1898-11-26,-11.0,-94.0,,,0.0
1898-11-27,0.0,-83.0,,,0.0
1898-11-28,22.0,-6.0,0.0,,0.0
1898-11-29,106.0,-22.0,,,0.0
1898-11-30,28.0,-6.0,43.0,,0.0
1898-12-01,100.0,-22.0,0.0,,0.0
1898-12-02,139.0,-17.0,0.0,,0.0
1898-12-03,122.0,-17.0,48.0,25.0,25.0
1898-12-04,17.0,-117.0,0.0,0.0,0.0
1898-12-05,94.0,-117.0,0.0,0.0,0.0
1898-12-06,28.0,-22.0,0.0,0.0,0.0
1898-12-07,-11.0,-72.0,0.0,0.0,0.0
1898-12-08,-39.0,-111.0,0.0,0.0,0.0
1898-12-09,-56.0,-94.0,0.0,0.0,0.0
1898-12-10,0.0,-150.0,0.0,0.0,0.0
1898-12-11,-17.0,-83.0,33.0,0.0,51.0
1898-12-12,6.0,-44.0,0.0,0.0,0.0
1898-12-13,6.0,-172.0,0.0,0.0,0.0
1898-12-14,-50.0,-256.0,0.0,0.0,0.0
1898-12-15,61.0,-72.0,0.0,0.0,0.0
1898-12-16,39.0,6.0,0.0,0.0,0.0
1898-12-17,89.0,22.0,0.0,,0.0
1898-12-18,83.0,11.0,175.0,,0.0
1898-12-19,83.0,44.0,53.0,,0.0
1898-12-20,78.0,22.0,0.0,,0.0
1898-12-21,78.0,-11.0,0.0,,0.0
1898-12-22,61.0,0.0,33.0,,25.0
1898-12-23,56.0,-33.0,0.0,,0.0
1898-12-24,50.0,-56.0,0.0,,0.0
1898-12-25,72.0,-39.0,0.0,,0.0
1898-12-26,89.0,-83.0,0.0,,0.0
1898-12-27,111.0,-11.0,0.0,,0.0
1898-12-28,161.0,-22.0,0.0,,0.0
1898-12-29,189.0,122.0,0.0,,0.0
1898-12-30,-28.0,-94.0,0.0,,0.0
1898-12-31,-56.0,-144.0,0.0,,0.0
1899-01-01,6.0,-100.0,0.0,,0.0
1899-01-02,89.0,-61.0,0.0,,0.0
1899-01-03,122.0,17.0,0.0,,0.0
1899-01-04,139.0,-33.0,64.0,,0.0
1899-01-05,-28.0,-78.0,13.0,25.0,13.0
1899-01-06,-28.0,-89.0,0.0,,0.0
1899-01-07,50.0,-111.0,0.0,,0.0
1899-01-08,56.0,-11.0,0.0,,0.0
1899-01-09,50.0,6.0,58.0,,0.0
1899-01-10,39.0,17.0,0.0,,0.0
1899-01-11,56.0,-6.0,0.0,,0.0
1899-01-12,94.0,22.0,0.0,,0.0
1899-01-13,94.0,72.0,30.0,,0.0
1899-01-14,117.0,22.0,25.0,,0.0
1899-01-15,139.0,17.0,0.0,,0.0
1899-01-16,156.0,0.0,0.0,,0.0
1899-01-17,0.0,-44.0,0.0,0.0,0.0
1899-01-18,-11.0,-72.0,0.0,0.0,0.0
1899-01-19,72.0,-89.0,0.0,,0.0
1899-01-20,89.0,-89.0,0.0,,0.0
1899-01-21,133.0,-6.0,0.0,,0.0
1899-01-22,167.0,33.0,0.0,0.0,0.0
1899-01-23,78.0,56.0,58.0,0.0,25.0
1899-01-24,56.0,-89.0,0.0,,0.0
1899-01-25,111.0,-17.0,0.0,,0.0
1899-01-26,-11.0,-17.0,0.0,,0.0
1899-01-27,-33.0,-133.0,0.0,,0.0
1899-01-28,17.0,-106.0,0.0,0.0,0.0
1899-01-29,-50.0,-217.0,0.0,,0.0
1899-01-30,-61.0,-94.0,51.0,51.0,51.0
1899-01-31,-94.0,-217.0,0.0,51.0,0.0
1899-02-01,11.0,-144.0,0.0,51.0,0.0
1899-02-02,28.0,-100.0,0.0,25.0,0.0
1899-02-03,-56.0,-61.0,0.0,25.0,0.0
1899-02-04,-106.0,-156.0,0.0,25.0,0.0
1899-02-05,-67.0,-128.0,0.0,25.0,0.0
1899-02-06,-56.0,-122.0,0.0,25.0,0.0
1899-02-07,-67.0,-178.0,0.0,25.0,0.0
1899-02-08,-128.0,-228.0,0.0,25.0,0.0
1899-02-09,-133.0,,0.0,25.0,0.0
1899-02-10,-94.0,,51.0,76.0,51.0
1899-02-11,,-222.0,0.0,51.0,0.0
1899-02-12,-189.0,-339.0,0.0,25.0,0.0
1899-02-13,-78.0,-283.0,0.0,25.0,0.0
1899-02-14,39.0,-117.0,0.0,0.0,0.0
1899-02-15,89.0,-56.0,0.0,0.0,0.0
1899-02-16,111.0,-22.0,0.0,,0.0
1899-02-17,117.0,-17.0,0.0,,0.0
1899-02-18,117.0,-22.0,0.0,,0.0
1899-02-19,150.0,-22.0,0.0,,0.0
1899-02-20,194.0,33.0,157.0,,0.0
1899-02-21,122.0,50.0,0.0,,0.0
1899-02-22,122.0,-17.0,0.0,,0.0
1899-02-23,-61.0,-156.0,0.0,0.0,0.0
1899-02-24,-11.0,-111.0,0.0,,0.0
1899-02-25,44.0,-17.0,330.0,,0.0
1899-02-26,-6.0,-6.0,0.0,,0.0
1899-02-27,100.0,-94.0,0.0,,0.0
1899-02-28,111.0,44.0,0.0,,0.0
1899-03-01,78.0,44.0,0.0,,0.0
1899-03-02,222.0,-6.0,0.0,,0.0
1899-03-03,144.0,44.0,0.0,,0.0
1899-03-04,22.0,11.0,,25.0,13.0
1899-03-05,-11.0,-72.0,104.0,0.0,0.0
1899-03-06,-72.0,-156.0,0.0,0.0,0.0
1899-03-07,-11.0,-144.0,0.0,,0.0
1899-03-08,150.0,-50.0,0.0,,0.0
1899-03-09,228.0,44.0,0.0,,0.0
1899-03-10,228.0,128.0,0.0,,0.0
1899-03-11,183.0,44.0,30.0,,0.0
1899-03-12,83.0,-44.0,0.0,,0.0
1899-03-13,156.0,-6.0,0.0,,0.0
1899-03-14,228.0,44.0,0.0,,0.0
1899-03-15,44.0,-17.0,0.0,,0.0
1899-03-16,150.0,-50.0,0.0,,0.0
1899-03-17,128.0,56.0,38.0,,0.0
1899-03-18,39.0,17.0,33.0,76.0,0.0
1899-03-19,117.0,-50.0,0.0,,0.0
1899-03-20,167.0,78.0,0.0,,0.0
1899-03-21,6.0,0.0,0.0,,0.0
1899-03-22,72.0,-6.0,0.0,,0.0
1899-03-23,50.0,-61.0,0.0,,0.0
1899-03-24,150.0,0.0,0.0,,0.0
1899-03-25,183.0,-11.0,0.0,,0.0
1899-03-26,167.0,-6.0,0.0,0.0,0.0
1899-03-27,6.0,-50.0,,,13.0
1899-03-28,-6.0,-67.0,236.0,25.0,0.0
1899-03-29,128.0,17.0,0.0,0.0,0.0
1899-03-30,183.0,44.0,0.0,0.0,0.0
1899-03-31,167.0,33.0,0.0,,0.0
1899-04-01,72.0,-67.0,,,
1899-04-02,106.0,-22.0,,,
1899-04-03,122.0,-17.0,152.0,,0.0
1899-04-04,122.0,-33.0,0.0,,
1899-04-05,122.0,-11.0,0.0,,
1899-04-06,122.0,-11.0,30.0,,
1899-04-07,122.0,-11.0,0.0,,
1899-04-08,83.0,-44.0,0.0,,
1899-04-09,150.0,-39.0,0.0,,
1899-04-10,267.0,39.0,0.0,,
1899-04-11,256.0,156.0,0.0,,
1899-04-12,306.0,100.0,0.0,,
1899-04-13,278.0,150.0,56.0,,
1899-04-14,217.0,117.0,0.0,,
1899-04-15,211.0,50.0,0.0,,
1899-04-16,200.0,-11.0,0.0,,
1899-04-17,256.0,83.0,18.0,,
1899-04-18,217.0,106.0,0.0,,
1899-04-19,283.0,61.0,0.0,,
1899-04-20,228.0,89.0,13.0,,
1899-04-21,89.0,61.0,279.0,,
1899-04-22,194.0,67.0,216.0,,
1899-04-23,161.0,67.0,0.0,,
1899-04-24,222.0,61.0,0.0,,
1899-04-25,261.0,89.0,0.0,,
1899-04-26,289.0,167.0,0.0,,
1899-04-27,256.0,183.0,191.0,,0.0
1899-04-28,311.0,150.0,0.0,,
1899-04-29,294.0,194.0,0.0,,
1899-04-30,317.0,211.0,0.0,,
1899-05-01,294.0,117.0,0.0,,
1899-05-02,278.0,144.0,38.0,,
1899-05-03,244.0,144.0,51.0,,
1899-05-04,217.0,83.0,,,
1899-05-05,189.0,89.0,20.0,,
1899-05-06,272.0,144.0,97.0,,
1899-05-07,261.0,139.0,0.0,,
1899-05-08,256.0,144.0,0.0,,
1899-05-09,244.0,133.0,114.0,,
1899-05-10,244.0,156.0,178.0,,
1899-05-11,239.0,111.0,79.0,,
1899-05-12,222.0,161.0,178.0,,
1899-05-13,217.0,106.0,0.0,,
1899-05-14,289.0,139.0,0.0,,
1899-05-15,317.0,189.0,0.0,,
1899-05-16,294.0,206.0,0.0,,
1899-05-17,250.0,167.0,0.0,,
1899-05-18,239.0,111.0,0.0,,
1899-05-19,228.0,128.0,0.0,,
1899-05-20,294.0,161.0,0.0,,
1899-05-21,306.0,161.0,53.0,,
1899-05-22,261.0,144.0,0.0,,
1899-05-23,206.0,128.0,140.0,,
1899-05-24,256.0,83.0,0.0,,
1899-05-25,272.0,128.0,0.0,,
1899-05-26,294.0,183.0,0.0,,
1899-05-27,306.0,194.0,0.0,,
1899-05-28,294.0,133.0,198.0,,
1899-05-29,294.0,150.0,0.0,,
1899-05-30,256.0,161.0,394.0,,
1899-05-31,283.0,211.0,0.0,,
1899-06-01,294.0,156.0,0.0,,
1899-06-02,306.0,211.0,0.0,,
1899-06-03,306.0,211.0,0.0,,
1899-06-04,311.0,228.0,0.0,,
1899-06-05,311.0,183.0,292.0,,
1899-06-06,300.0,217.0,0.0,,
1899-06-07,278.0,194.0,236.0,,
1899-06-08,261.0,178.0,99.0,,
1899-06-09,222.0,178.0,66.0,,
1899-06-10,250.0,139.0,0.0,,
1899-06-11,283.0,144.0,0.0,,
1899-06-12,300.0,189.0,0.0,,
1899-06-13,306.0,206.0,0.0,,
1899-06-14,283.0,183.0,185.0,,
1899-06-15,217.0,178.0,132.0,,
1899-06-16,233.0,139.0,0.0,,
1899-06-17,256.0,106.0,0.0,,
1899-06-18,289.0,133.0,0.0,,
1899-06-19,306.0,178.0,0.0,,
1899-06-20,311.0,172.0,0.0,,
1899-06-21,311.0,189.0,0.0,,
1899-06-22,311.0,189.0,0.0,,
1899-06-23,300.0,172.0,0.0,,
1899-06-24,311.0,183.0,18.0,,
1899-06-25,300.0,183.0,66.0,,
1899-06-26,306.0,189.0,0.0,,
1899-06-27,306.0,189.0,36.0,,
1899-06-28,311.0,194.0,0.0,,
1899-06-29,233.0,133.0,0.0,,
1899-06-30,289.0,100.0,0.0,,
1899-07-01,311.0,133.0,0.0,,
1899-07-02,322.0,167.0,0.0,,
1899-07-03,311.0,189.0,0.0,,
1899-07-04,256.0,206.0,130.0,,
1899-07-05,311.0,161.0,0.0,,
1899-07-06,306.0,178.0,262.0,,
1899-07-07,300.0,200.0,0.0,,
1899-07-08,256.0,133.0,0.0,,
1899-07-09,272.0,128.0,0.0,,
1899-07-10,300.0,133.0,0.0,,
1899-07-11,322.0,161.0,0.0,,
1899-07-12,328.0,172.0,0.0,,
1899-07-13,328.0,178.0,0.0,,
1899-07-14,322.0,189.0,0.0,,
1899-07-15,322.0,206.0,0.0,,
1899-07-16,278.0,206.0,249.0,,
1899-07-17,294.0,183.0,0.0,,
1899-07-18,300.0,156.0,0.0,,
1899-07-19,322.0,161.0,0.0,,
1899-07-20,278.0,194.0,51.0,,
1899-07-21,289.0,156.0,0.0,,
1899-07-22,294.0,211.0,0.0,,
1899-07-23,317.0,189.0,0.0,,
1899-07-24,317.0,189.0,0.0,,
1899-07-25,328.0,194.0,0.0,,
1899-07-26,339.0,167.0,0.0,,
1899-07-27,350.0,178.0,0.0,,
1899-07-28,344.0,200.0,0.0,,
1899-07-29,300.0,217.0,0.0,,
1899-07-30,300.0,156.0,79.0,,
1899-07-31,328.0,200.0,0.0,,
1899-08-01,356.0,194.0,0.0,,
1899-08-02,367.0,200.0,0.0,,
1899-08-03,372.0,211.0,0.0,,
1899-08-04,339.0,189.0,206.0,,
1899-08-05,339.0,217.0,79.0,,
1899-08-06,339.0,200.0,0.0,,
1899-08-07,317.0,211.0,0.0,,
1899-08-08,367.0,222.0,0.0,,
1899-08-09,383.0,233.0,0.0,,
1899-08-10,350.0,233.0,0.0,,
1899-08-11,383.0,228.0,0.0,,
1899-08-12,361.0,217.0,0.0,,
1899-08-13,361.0,194.0,38.0,,
1899-08-14,344.0,200.0,0.0,,
1899-08-15,306.0,167.0,0.0,,
1899-08-16,333.0,167.0,0.0,,
1899-08-17,350.0,167.0,0.0,,
1899-08-18,350.0,167.0,0.0,,
1899-08-19,361.0,194.0,0.0,,
1899-08-20,367.0,233.0,0.0,,
1899-08-21,350.0,128.0,0.0,,
1899-08-22,361.0,183.0,0.0,,
1899-08-23,383.0,200.0,0.0,,
1899-08-24,361.0,183.0,30.0,,
1899-08-25,350.0,183.0,0.0,,
1899-08-26,378.0,183.0,0.0,,
1899-08-27,328.0,189.0,51.0,,
1899-08-28,356.0,172.0,0.0,,
1899-08-29,350.0,150.0,0.0,,
1899-08-30,333.0,161.0,0.0,,
1899-08-31,322.0,167.0,0.0,,
1899-09-01,339.0,183.0,0.0,,
1899-09-02,356.0,189.0,0.0,,
1899-09-03,367.0,183.0,0.0,,
1899-09-04,383.0,189.0,0.0,,
1899-09-05,394.0,228.0,0.0,,
1899-09-06,394.0,233.0,0.0,,
1899-09-07,378.0,256.0,0.0,,
1899-09-08,344.0,156.0,0.0,,
1899-09-09,306.0,156.0,0.0,,
1899-09-10,311.0,156.0,107.0,,
1899-09-11,294.0,117.0,0.0,,
1899-09-12,317.0,111.0,0.0,,
1899-09-13,267.0,78.0,0.0,,
1899-09-14,289.0,89.0,0.0,,
1899-09-15,278.0,111.0,0.0,,
1899-09-16,339.0,,0.0,,
1899-09-17,228.0,167.0,584.0,,
1899-09-18,211.0,117.0,0.0,,
1899-09-19,233.0,78.0,0.0,,
1899-09-20,222.0,61.0,0.0,,
1899-09-21,250.0,61.0,0.0,,
1899-09-22,294.0,133.0,0.0,,
1899-09-23,294.0,161.0,0.0,,
1899-09-24,300.0,161.0,0.0,,
1899-09-25,289.0,67.0,0.0,,
1899-09-26,189.0,22.0,0.0,,
1899-09-27,261.0,56.0,0.0,,
1899-09-28,206.0,89.0,0.0,,
1899-09-29,161.0,-6.0,0.0,,
1899-09-30,211.0,6.0,0.0,,
1899-10-01,261.0,94.0,,,
1899-10-02,289.0,117.0,,,
1899-10-03,267.0,56.0,,,
1899-10-04,228.0,56.0,,,
1899-10-05,228.0,89.0,,,
1899-10-06,261.0,89.0,,,
1899-10-07,250.0,28.0,,,
1899-10-08,244.0,28.0,,,
1899-10-09,289.0,61.0,,,
1899-10-10,250.0,167.0,0.0,,
1899-10-11,272.0,161.0,,,
1899-10-12,333.0,172.0,,,
1899-10-13,333.0,211.0,,,
1899-10-14,333.0,189.0,,,
1899-10-15,311.0,189.0,,,
1899-10-16,250.0,72.0,188.0,,
1899-10-17,189.0,56.0,,,
1899-10-18,233.0,67.0,0.0,,
1899-10-19,261.0,111.0,,,
1899-10-20,278.0,128.0,,,
1899-10-21,289.0,144.0,,,
1899-10-22,294.0,167.0,,,
1899-10-23,283.0,161.0,,,
1899-10-24,267.0,161.0,,,
1899-10-25,267.0,167.0,0.0,,
1899-10-26,183.0,133.0,244.0,,
1899-10-27,144.0,72.0,,,
1899-10-28,167.0,61.0,,,
1899-10-29,178.0,-17.0,,0.0,
1899-10-30,183.0,6.0,,,
1899-10-31,189.0,0.0,,,
1899-11-01,117.0,28.0,0.0,,0.0
1899-11-02,39.0,-6.0,0.0,0.0,0.0
1899-11-03,78.0,-61.0,0.0,0.0,0.0
1899-11-04,133.0,-56.0,0.0,0.0,0.0
1899-11-05,172.0,-17.0,0.0,0.0,0.0
1899-11-06,167.0,-22.0,0.0,0.0,0.0
1899-11-07,128.0,50.0,0.0,,0.0
1899-11-08,183.0,56.0,15.0,,0.0
1899-11-09,233.0,67.0,0.0,,0.0
1899-11-10,244.0,111.0,41.0,,0.0
1899-11-11,178.0,44.0,0.0,0.0,0.0
1899-11-12,183.0,17.0,0.0,0.0,0.0
1899-11-13,239.0,100.0,71.0,,0.0
1899-11-14,206.0,111.0,0.0,,0.0
1899-11-15,239.0,56.0,0.0,,0.0
1899-11-16,233.0,94.0,0.0,,0.0
1899-11-17,250.0,144.0,20.0,,0.0
1899-11-18,211.0,122.0,0.0,0.0,0.0
1899-11-19,217.0,94.0,0.0,0.0,0.0
1899-11-20,211.0,128.0,33.0,,0.0
1899-11-21,228.0,100.0,0.0,,0.0
1899-11-22,167.0,89.0,229.0,,0.0
1899-11-23,128.0,89.0,0.0,,0.0
1899-11-24,94.0,22.0,0.0,,0.0
1899-11-25,44.0,22.0,0.0,,0.0
1899-11-26,78.0,17.0,0.0,,0.0
1899-11-27,122.0,-33.0,0.0,,0.0
1899-11-28,139.0,-17.0,0.0,0.0,0.0
1899-11-29,183.0,44.0,0.0,,0.0
1899-11-30,161.0,67.0,0.0,,0.0
1899-12-01,161.0,-11.0,0.0,,0.0
1899-12-02,172.0,-17.0,0.0,,0.0
1899-12-03,89.0,-22.0,0.0,,0.0
1899-12-04,-33.0,-106.0,0.0,0.0,0.0
1899-12-05,67.0,-128.0,0.0,,0.0
1899-12-06,133.0,-22.0,0.0,,0.0
1899-12-07,128.0,33.0,0.0,,0.0
1899-12-08,167.0,-22.0,0.0,,0.0
1899-12-09,117.0,72.0,114.0,,0.0
1899-12-10,150.0,72.0,38.0,,0.0
1899-12-11,111.0,-11.0,25.0,,25.0
1899-12-12,100.0,-50.0,0.0,25.0,0.0
1899-12-13,-6.0,-67.0,122.0,203.0,127.0
1899-12-14,-39.0,-106.0,0.0,152.0,0.0
1899-12-15,-22.0,-217.0,0.0,127.0,0.0
1899-12-16,33.0,-106.0,0.0,127.0,0.0
1899-12-17,100.0,-17.0,0.0,,0.0
1899-12-18,144.0,72.0,0.0,,0.0
1899-12-19,78.0,-56.0,0.0,,0.0
1899-12-20,100.0,-106.0,0.0,,0.0
1899-12-21,117.0,-89.0,0.0,,0.0
1899-12-22,50.0,-11.0,122.0,,0.0
1899-12-23,78.0,0.0,0.0,,0.0
1899-12-24,67.0,-6.0,28.0,25.0,25.0
1899-12-25,33.0,-122.0,0.0,25.0,0.0
1899-12-26,-17.0,-89.0,0.0,0.0,0.0
1899-12-27,0.0,-61.0,0.0,0.0,0.0
1899-12-28,-6.0,-111.0,0.0,0.0,0.0
1899-12-29,-6.0,-106.0,0.0,0.0,0.0
1899-12-30,-50.0,-106.0,0.0,0.0,0.0
1899-12-31,-61.0,-139.0,0.0,0.0,0.0
1900-01-01,-61.0,-122.0,0.0,,0.0
1900-01-02,-17.0,-139.0,0.0,102.0,0.0
1900-01-03,67.0,-106.0,0.0,102.0,0.0
1900-01-04,83.0,6.0,0.0,,0.0
1900-01-05,72.0,33.0,51.0,,0.0
1900-01-06,111.0,56.0,0.0,,0.0
1900-01-07,106.0,78.0,13.0,,0.0
1900-01-08,106.0,28.0,0.0,,0.0
1900-01-09,144.0,72.0,0.0,,0.0
1900-01-10,100.0,6.0,0.0,,0.0
1900-01-11,33.0,-22.0,0.0,,0.0
1900-01-12,106.0,-44.0,0.0,,0.0
1900-01-13,161.0,-11.0,0.0,,0.0
1900-01-14,189.0,56.0,0.0,,0.0
1900-01-15,194.0,61.0,0.0,,0.0
1900-01-16,117.0,33.0,0.0,,0.0
1900-01-17,94.0,28.0,262.0,,0.0
1900-01-18,28.0,0.0,8.0,102.0,0.0
1900-01-19,22.0,-11.0,0.0,,0.0
1900-01-20,133.0,6.0,0.0,,0.0
1900-01-21,133.0,-11.0,0.0,,0.0
1900-01-22,178.0,44.0,0.0,,0.0
1900-01-23,183.0,17.0,0.0,,0.0
1900-01-24,156.0,67.0,0.0,,0.0
1900-01-25,89.0,-89.0,0.0,,0.0
1900-01-26,44.0,-106.0,0.0,,0.0
1900-01-27,61.0,-22.0,0.0,,0.0
1900-01-28,56.0,-122.0,0.0,102.0,0.0
1900-01-29,17.0,-156.0,0.0,,0.0
1900-01-30,-6.0,-56.0,0.0,,0.0
1900-01-31,-39.0,-161.0,0.0,,0.0
1900-02-01,56.0,-150.0,0.0,,0.0
1900-02-02,78.0,-61.0,0.0,,0.0
1900-02-03,128.0,-22.0,198.0,,0.0
1900-02-04,106.0,-17.0,0.0,,0.0
1900-02-05,106.0,-22.0,0.0,,0.0
1900-02-06,117.0,-6.0,272.0,,0.0
1900-02-07,172.0,83.0,,,0.0
1900-02-08,183.0,-117.0,0.0,0.0,0.0
1900-02-09,-22.0,-150.0,0.0,0.0,0.0
1900-02-10,33.0,-89.0,0.0,0.0,0.0
1900-02-11,67.0,11.0,0.0,,0.0
1900-02-12,100.0,6.0,38.0,25.0,25.0
1900-02-13,17.0,-133.0,0.0,25.0,0.0
1900-02-14,94.0,-28.0,0.0,0.0,0.0
1900-02-15,44.0,-139.0,102.0,0.0,102.0
1900-02-16,-89.0,-167.0,0.0,102.0,0.0
1900-02-17,-94.0,-250.0,0.0,102.0,0.0
1900-02-18,6.0,-183.0,0.0,102.0,0.0
1900-02-19,94.0,-61.0,0.0,0.0,0.0
1900-02-20,89.0,28.0,66.0,,0.0
1900-02-21,56.0,-11.0,38.0,51.0,51.0
1900-02-22,78.0,-67.0,0.0,0.0,0.0
1900-02-23,67.0,-39.0,25.0,51.0,51.0
1900-02-24,-72.0,-133.0,51.0,51.0,0.0
1900-02-25,-6.0,-167.0,0.0,51.0,0.0
1900-02-26,6.0,-89.0,0.0,51.0,0.0
1900-02-27,6.0,-61.0,102.0,51.0,51.0
1900-02-28,0.0,-61.0,185.0,102.0,51.0
1900-03-01,33.0,-133.0,0.0,102.0,0.0
1900-03-02,61.0,-44.0,0.0,51.0,0.0
1900-03-03,117.0,-67.0,0.0,51.0,0.0
1900-03-04,144.0,67.0,0.0,0.0,0.0
1900-03-05,156.0,67.0,185.0,,0.0
1900-03-06,156.0,-11.0,0.0,,0.0
1900-03-07,128.0,-50.0,0.0,,0.0
1900-03-08,172.0,-33.0,0.0,,0.0
1900-03-09,128.0,89.0,0.0,,0.0
1900-03-10,200.0,-17.0,0.0,,0.0
1900-03-11,283.0,89.0,0.0,,0.0
1900-03-12,272.0,44.0,0.0,,0.0
1900-03-13,250.0,72.0,0.0,,0.0
1900-03-14,244.0,28.0,0.0,,0.0
1900-03-15,39.0,-72.0,0.0,,0.0
1900-03-16,-17.0,-72.0,0.0,,0.0
1900-03-17,106.0,-122.0,0.0,,0.0
1900-03-18,144.0,39.0,61.0,,0.0
1900-03-19,144.0,72.0,0.0,,0.0
1900-03-20,78.0,-22.0,0.0,,0.0
1900-03-21,89.0,-89.0,0.0,,0.0
1900-03-22,156.0,39.0,0.0,,0.0
1900-03-23,172.0,67.0,66.0,,0.0
1900-03-24,150.0,89.0,0.0,,0.0
1900-03-25,150.0,89.0,0.0,,0.0
1900-03-26,206.0,22.0,0.0,,0.0
1900-03-27,244.0,78.0,0.0,,0.0
1900-03-28,194.0,83.0,0.0,,0.0
1900-03-29,133.0,-6.0,0.0,,0.0
1900-03-30,83.0,-11.0,0.0,,0.0
1900-03-31,133.0,-44.0,0.0,,0.0
1900-04-01,200.0,22.0,0.0,,0.0
1900-04-02,211.0,17.0,0.0,,0.0
1900-04-03,239.0,94.0,0.0,,0.0
1900-04-04,156.0,33.0,0.0,,0.0
1900-04-05,211.0,0.0,0.0,,0.0
1900-04-06,244.0,39.0,0.0,,0.0
1900-04-07,267.0,106.0,0.0,,0.0
1900-04-08,261.0,122.0,61.0,,0.0
1900-04-09,256.0,83.0,0.0,,0.0
1900-04-10,167.0,22.0,894.0,,0.0
1900-04-11,89.0,-39.0,0.0,,0.0
1900-04-12,83.0,-33.0,0.0,279.0,0.0
1900-04-13,150.0,-11.0,0.0,279.0,0.0
1900-04-14,217.0,94.0,64.0,,0.0
1900-04-15,228.0,94.0,30.0,,0.0
1900-04-16,250.0,133.0,41.0,,0.0
1900-04-17,183.0,106.0,0.0,,0.0
1900-04-18,183.0,67.0,0.0,,0.0
1900-04-19,217.0,50.0,0.0,,0.0
1900-04-20,189.0,56.0,0.0,,0.0
1900-04-21,150.0,94.0,51.0,,0.0
1900-04-22,256.0,106.0,58.0,,0.0
1900-04-23,233.0,133.0,173.0,,0.0
1900-04-24,278.0,167.0,25.0,,0.0
1900-04-25,244.0,150.0,0.0,,0.0
1900-04-26,283.0,128.0,0.0,,0.0
1900-04-27,272.0,128.0,0.0,,0.0
1900-04-28,267.0,144.0,0.0,,0.0
1900-04-29,278.0,133.0,0.0,,0.0
1900-04-30,217.0,133.0,0.0,,0.0
1900-05-01,256.0,67.0,0.0,,
1900-05-02,217.0,133.0,124.0,,
1900-05-03,156.0,39.0,0.0,,
1900-05-04,267.0,67.0,51.0,,
1900-05-05,289.0,111.0,0.0,,
1900-05-06,289.0,200.0,0.0,,
1900-05-07,250.0,150.0,178.0,,
1900-05-08,261.0,144.0,0.0,,
1900-05-09,222.0,111.0,0.0,,
1900-05-10,239.0,39.0,0.0,,
1900-05-11,272.0,111.0,0.0,,
1900-05-12,294.0,139.0,0.0,,
1900-05-13,300.0,183.0,0.0,,
1900-05-14,294.0,183.0,0.0,,
1900-05-15,278.0,144.0,0.0,,
1900-05-16,256.0,139.0,58.0,,
1900-05-17,250.0,161.0,64.0,,
1900-05-18,194.0,106.0,0.0,,
1900-05-19,139.0,83.0,0.0,,
1900-05-20,211.0,72.0,0.0,,
1900-05-21,256.0,50.0,0.0,,
1900-05-22,244.0,106.0,53.0,,
1900-05-23,233.0,133.0,0.0,,
1900-05-24,272.0,122.0,0.0,,
1900-05-25,294.0,117.0,0.0,,
1900-05-26,306.0,150.0,0.0,,
1900-05-27,272.0,161.0,0.0,,
1900-05-28,283.0,167.0,193.0,,
1900-05-29,256.0,156.0,218.0,,
1900-05-30,283.0,150.0,0.0,,
1900-05-31,283.0,161.0,0.0,,
1900-06-01,294.0,161.0,0.0,,
1900-06-02,306.0,161.0,0.0,,
1900-06-03,261.0,150.0,0.0,,
1900-06-04,272.0,122.0,0.0,,
1900-06-05,272.0,172.0,0.0,,
1900-06-06,328.0,178.0,0.0,,
1900-06-07,317.0,167.0,69.0,,
1900-06-08,283.0,200.0,0.0,,
1900-06-09,322.0,150.0,0.0,,
1900-06-10,339.0,189.0,305.0,,
1900-06-11,222.0,167.0,48.0,,
1900-06-12,294.0,144.0,0.0,,
1900-06-13,278.0,183.0,0.0,,
1900-06-14,272.0,139.0,0.0,,
1900-06-15,278.0,156.0,0.0,,
1900-06-16,300.0,194.0,0.0,,
1900-06-17,289.0,172.0,91.0,,
1900-06-18,272.0,161.0,0.0,,
1900-06-19,272.0,144.0,0.0,,
1900-06-20,289.0,139.0,0.0,,
1900-06-21,294.0,161.0,64.0,,
1900-06-22,278.0,200.0,0.0,,
1900-06-23,267.0,156.0,71.0,,
1900-06-24,267.0,183.0,102.0,,
1900-06-25,289.0,172.0,226.0,,
1900-06-26,300.0,161.0,0.0,,
1900-06-27,350.0,194.0,0.0,,
1900-06-28,328.0,183.0,51.0,,
1900-06-29,328.0,183.0,0.0,,
1900-06-30,267.0,161.0,434.0,,
1900-07-01,317.0,194.0,648.0,,
1900-07-02,328.0,217.0,0.0,,
1900-07-03,328.0,222.0,0.0,,
1900-07-04,322.0,217.0,0.0,,
1900-07-05,300.0,222.0,0.0,,
1900-07-06,311.0,211.0,0.0,,
1900-07-07,317.0,222.0,0.0,,
1900-07-08,278.0,183.0,0.0,,
1900-07-09,306.0,117.0,0.0,,
1900-07-10,328.0,167.0,0.0,,
1900-07-11,328.0,200.0,0.0,,
1900-07-12,328.0,167.0,0.0,,
1900-07-13,333.0,183.0,0.0,,
1900-07-14,317.0,211.0,0.0,,
1900-07-15,294.0,211.0,320.0,,
1900-07-16,289.0,222.0,0.0,,
1900-07-17,239.0,183.0,193.0,,
1900-07-18,300.0,133.0,0.0,,
1900-07-19,322.0,194.0,0.0,,
1900-07-20,283.0,200.0,51.0,,
1900-07-21,294.0,189.0,0.0,,
1900-07-22,328.0,194.0,0.0,,
1900-07-23,328.0,194.0,0.0,,
1900-07-24,272.0,194.0,64.0,,
1900-07-25,278.0,194.0,0.0,,
1900-07-26,294.0,144.0,0.0,,
1900-07-27,283.0,150.0,0.0,,
1900-07-28,300.0,150.0,0.0,,
1900-07-29,317.0,156.0,0.0,,
1900-07-30,300.0,150.0,0.0,,
1900-07-31,311.0,200.0,0.0,,
1900-08-01,333.0,133.0,0.0,,
1900-08-02,333.0,161.0,0.0,,
1900-08-03,339.0,194.0,0.0,,
1900-08-04,350.0,194.0,0.0,,
1900-08-05,350.0,194.0,0.0,,
1900-08-06,344.0,200.0,0.0,,
1900-08-07,328.0,206.0,0.0,,
1900-08-08,350.0,194.0,0.0,,
1900-08-09,350.0,189.0,0.0,,
1900-08-10,350.0,183.0,0.0,,
1900-08-11,350.0,183.0,0.0,,
1900-08-12,311.0,200.0,0.0,,
1900-08-13,361.0,206.0,0.0,,
1900-08-14,372.0,228.0,0.0,,
1900-08-15,372.0,222.0,0.0,,
1900-08-16,378.0,206.0,0.0,,
1900-08-17,378.0,206.0,0.0,,
1900-08-18,356.0,228.0,0.0,,
1900-08-19,367.0,222.0,0.0,,
1900-08-20,367.0,211.0,0.0,,
1900-08-21,389.0,222.0,0.0,,
1900-08-22,300.0,200.0,74.0,,
1900-08-23,328.0,178.0,0.0,,
1900-08-24,333.0,167.0,0.0,,
1900-08-25,306.0,144.0,747.0,,
1900-08-26,300.0,161.0,0.0,,
1900-08-27,328.0,167.0,236.0,,
1900-08-28,278.0,178.0,51.0,,
1900-08-29,367.0,172.0,0.0,,
1900-08-30,317.0,189.0,0.0,,
1900-08-31,289.0,178.0,41.0,,
1900-09-01,311.0,211.0,0.0,,
1900-09-02,317.0,222.0,0.0,,
1900-09-03,306.0,183.0,640.0,,
1900-09-04,317.0,194.0,0.0,,
1900-09-05,322.0,206.0,0.0,,
1900-09-06,339.0,206.0,0.0,,
1900-09-07,328.0,194.0,0.0,,
1900-09-08,328.0,183.0,0.0,,
1900-09-09,328.0,183.0,0.0,,
1900-09-10,300.0,228.0,0.0,,
1900-09-11,311.0,228.0,0.0,,
1900-09-12,256.0,178.0,155.0,,
1900-09-13,283.0,161.0,0.0,,
1900-09-14,300.0,150.0,0.0,,
1900-09-15,217.0,194.0,0.0,,
1900-09-16,228.0,106.0,76.0,,
1900-09-17,189.0,89.0,0.0,,
1900-09-18,256.0,111.0,0.0,,
1900-09-19,206.0,178.0,124.0,,
1900-09-20,278.0,156.0,0.0,,
1900-09-21,194.0,139.0,0.0,,
1900-09-22,217.0,161.0,43.0,,
1900-09-23,222.0,172.0,38.0,,
1900-09-24,294.0,211.0,25.0,,
1900-09-25,306.0,222.0,0.0,,
1900-09-26,300.0,172.0,0.0,,
1900-09-27,183.0,144.0,0.0,,
1900-09-28,267.0,200.0,592.0,,
1900-09-29,228.0,128.0,0.0,,
1900-09-30,311.0,83.0,0.0,,
1900-10-01,289.0,133.0,0.0,,
1900-10-02,300.0,189.0,0.0,,
1900-10-03,311.0,183.0,0.0,,
1900-10-04,306.0,183.0,0.0,,
1900-10-05,306.0,172.0,0.0,,
1900-10-06,289.0,189.0,229.0,,
1900-10-07,222.0,94.0,0.0,,
1900-10-08,161.0,28.0,0.0,,
1900-10-09,178.0,0.0,0.0,,
1900-10-10,172.0,17.0,0.0,,
1900-10-11,183.0,50.0,0.0,,
1900-10-12,206.0,33.0,0.0,,
1900-10-13,222.0,39.0,0.0,,
1900-10-14,222.0,83.0,0.0,,
1900-10-15,261.0,94.0,0.0,,
1900-10-16,172.0,111.0,0.0,,
1900-10-17,194.0,39.0,0.0,,
1900-10-18,233.0,17.0,0.0,,
1900-10-19,244.0,106.0,0.0,,
1900-10-20,222.0,50.0,0.0,,
1900-10-21,189.0,111.0,279.0,,
1900-10-22,161.0,100.0,25.0,,
1900-10-23,267.0,94.0,0.0,,
1900-10-24,283.0,111.0,0.0,,
1900-10-25,289.0,139.0,0.0,,
1900-10-26,222.0,150.0,0.0,,
1900-10-27,267.0,144.0,0.0,,
1900-10-28,222.0,161.0,61.0,,
1900-10-29,233.0,156.0,28.0,,
1900-10-30,250.0,144.0,0.0,,
1900-10-31,206.0,128.0,279.0,,
1900-11-01,183.0,17.0,0.0,,0.0
1900-11-02,194.0,56.0,0.0,,0.0
1900-11-03,217.0,22.0,0.0,,0.0
1900-11-04,256.0,83.0,0.0,,0.0
1900-11-05,206.0,56.0,0.0,,0.0
1900-11-06,217.0,61.0,0.0,,0.0
1900-11-07,167.0,17.0,0.0,,0.0
1900-11-08,100.0,-22.0,0.0,,0.0
1900-11-09,72.0,-61.0,0.0,,0.0
1900-11-10,133.0,11.0,0.0,,0.0
1900-11-11,94.0,11.0,0.0,,0.0
1900-11-12,133.0,-50.0,0.0,,0.0
1900-11-13,128.0,22.0,0.0,,0.0
1900-11-14,100.0,-72.0,0.0,,0.0
1900-11-15,72.0,-28.0,0.0,,0.0
1900-11-16,144.0,11.0,25.0,,0.0
1900-11-17,239.0,122.0,0.0,,0.0
1900-11-18,206.0,156.0,323.0,,0.0
1900-11-19,239.0,128.0,61.0,,0.0
1900-11-20,228.0,122.0,53.0,,0.0
1900-11-21,133.0,-22.0,0.0,,0.0
1900-11-22,244.0,94.0,0.0,,0.0
1900-11-23,144.0,33.0,241.0,,0.0
1900-11-24,50.0,22.0,0.0,,0.0
1900-11-25,67.0,-11.0,0.0,,0.0
1900-11-26,117.0,-61.0,0.0,,0.0
1900-11-27,128.0,17.0,0.0,,0.0
1900-11-28,128.0,22.0,0.0,,0.0
1900-11-29,117.0,-61.0,0.0,,0.0
1900-11-30,144.0,11.0,0.0,,0.0
1900-12-01,161.0,-22.0,0.0,,0.0
1900-12-02,161.0,33.0,0.0,,0.0
1900-12-03,89.0,11.0,0.0,,0.0
1900-12-04,89.0,11.0,0.0,,0.0
1900-12-05,133.0,-22.0,0.0,,0.0
1900-12-06,128.0,33.0,0.0,0.0,0.0
1900-12-07,89.0,17.0,0.0,,0.0
1900-12-08,100.0,-50.0,0.0,,0.0
1900-12-09,72.0,-50.0,0.0,,0.0
1900-12-10,72.0,-78.0,0.0,,0.0
1900-12-11,56.0,-67.0,0.0,,0.0
1900-12-12,133.0,-50.0,0.0,,0.0
1900-12-13,83.0,22.0,0.0,,0.0
1900-12-14,144.0,-6.0,0.0,,0.0
1900-12-15,44.0,-6.0,0.0,,0.0
1900-12-16,78.0,0.0,0.0,0.0,0.0
1900-12-17,172.0,33.0,0.0,,0.0
1900-12-18,161.0,17.0,0.0,,0.0
1900-12-19,100.0,-6.0,0.0,,0.0
1900-12-20,172.0,-50.0,0.0,,0.0
1900-12-21,172.0,6.0,0.0,,0.0
1900-12-22,161.0,72.0,0.0,0.0,0.0
1900-12-23,72.0,-6.0,0.0,0.0,0.0
1900-12-24,44.0,-22.0,0.0,0.0,0.0
1900-12-25,94.0,-67.0,0.0,0.0,0.0
1900-12-26,89.0,-50.0,0.0,0.0,0.0
1900-12-27,56.0,22.0,104.0,,0.0
1900-12-28,50.0,-67.0,0.0,0.0,0.0
1900-12-29,50.0,-111.0,0.0,25.0,0.0
1900-12-30,44.0,-17.0,0.0,25.0,0.0
1900-12-31,28.0,-128.0,25.0,25.0,25.0
1901-01-01,-22.0,-156.0,,0.0,
1901-01-02,,-100.0,,0.0,
1901-01-03,72.0,-106.0,,,
1901-01-04,128.0,-22.0,,,
1901-01-05,117.0,-39.0,,,
1901-01-06,100.0,39.0,,,
1901-01-07,128.0,-44.0,,,
1901-01-08,172.0,39.0,,,
1901-01-09,128.0,6.0,229.0,,
1901-01-10,,-50.0,,,
1901-01-11,-11.0,-44.0,0.0,,0.0
1901-01-12,83.0,-78.0,,,
1901-01-13,117.0,-33.0,,,
1901-01-14,167.0,44.0,,,
1901-01-15,222.0,83.0,,,
1901-01-16,178.0,-11.0,,,
1901-01-17,89.0,-33.0,18.0,25.0,25.0
1901-01-18,83.0,-78.0,0.0,0.0,0.0
1901-01-19,156.0,-22.0,,,
1901-01-20,161.0,50.0,,,
1901-01-21,139.0,61.0,,,
1901-01-22,128.0,-50.0,,,
1901-01-23,172.0,72.0,0.0,,
1901-01-24,150.0,-22.0,,,
1901-01-25,72.0,-89.0,0.0,,0.0
1901-01-26,139.0,17.0,,,
1901-01-27,100.0,-33.0,,,
1901-01-28,61.0,0.0,,,
1901-01-29,128.0,22.0,0.0,,
1901-01-30,33.0,-83.0,,,
1901-01-31,61.0,-83.0,,,
1901-02-01,72.0,-89.0,0.0,,0.0
1901-02-02,33.0,0.0,109.0,0.0,0.0
1901-02-03,78.0,11.0,145.0,,0.0
1901-02-04,50.0,-106.0,0.0,,0.0
1901-02-05,-17.0,-128.0,0.0,,0.0
1901-02-06,,,0.0,0.0,0.0
1901-02-07,22.0,,0.0,,0.0
1901-02-08,61.0,,38.0,,0.0
1901-02-09,-17.0,,0.0,,0.0
1901-02-10,44.0,-111.0,0.0,,0.0
1901-02-11,56.0,-11.0,38.0,25.0,25.0
1901-02-12,39.0,-100.0,0.0,,0.0
1901-02-13,94.0,-94.0,0.0,,0.0
1901-02-14,111.0,-50.0,0.0,,0.0
1901-02-15,128.0,-6.0,0.0,,0.0
1901-02-16,111.0,-44.0,0.0,,0.0
1901-02-17,156.0,44.0,0.0,,0.0
1901-02-18,117.0,6.0,0.0,,0.0
1901-02-19,44.0,-44.0,0.0,,0.0
1901-02-20,0.0,-106.0,0.0,,0.0
1901-02-21,-17.0,-100.0,76.0,76.0,76.0
1901-02-22,-33.0,-117.0,0.0,76.0,0.0
1901-02-23,-33.0,-144.0,0.0,51.0,0.0
1901-02-24,61.0,-128.0,0.0,0.0,0.0
1901-02-25,100.0,-17.0,0.0,0.0,0.0
1901-02-26,83.0,-78.0,0.0,,0.0
1901-02-27,133.0,-50.0,0.0,,0.0
1901-02-28,178.0,44.0,33.0,,0.0
1901-03-01,178.0,0.0,0.0,,0.0
1901-03-02,267.0,67.0,0.0,,0.0
1901-03-03,194.0,117.0,0.0,,0.0
1901-03-04,144.0,-22.0,0.0,0.0,0.0
1901-03-05,-17.0,-117.0,0.0,0.0,0.0
1901-03-06,44.0,-139.0,0.0,,0.0
1901-03-07,167.0,0.0,0.0,,0.0
1901-03-08,172.0,72.0,610.0,,0.0
1901-03-09,133.0,-6.0,51.0,76.0,76.0
1901-03-10,133.0,-6.0,0.0,76.0,0.0
1901-03-11,167.0,-39.0,0.0,0.0,0.0
1901-03-12,228.0,106.0,0.0,,0.0
1901-03-13,161.0,22.0,0.0,,0.0
1901-03-14,44.0,-6.0,0.0,0.0,0.0
1901-03-15,61.0,-39.0,0.0,,0.0
1901-03-16,133.0,-61.0,0.0,,0.0
1901-03-17,239.0,56.0,0.0,,0.0
1901-03-18,217.0,106.0,0.0,,0.0
1901-03-19,167.0,-11.0,69.0,0.0,0.0
1901-03-20,0.0,-56.0,0.0,0.0,0.0
1901-03-21,106.0,-56.0,0.0,,0.0
1901-03-22,217.0,28.0,0.0,,0.0
1901-03-23,167.0,56.0,135.0,,0.0
1901-03-24,161.0,50.0,0.0,,0.0
1901-03-25,117.0,6.0,0.0,,0.0
1901-03-26,61.0,6.0,0.0,,0.0
1901-03-27,122.0,6.0,0.0,,0.0
1901-03-28,122.0,-33.0,0.0,,0.0
1901-03-29,78.0,28.0,302.0,,0.0
1901-03-30,83.0,11.0,0.0,,0.0
1901-03-31,89.0,-6.0,0.0,,0.0
1901-04-01,94.0,0.0,76.0,0.0,0.0
1901-04-02,39.0,0.0,152.0,,0.0
1901-04-03,133.0,-22.0,0.0,,0.0
1901-04-04,206.0,39.0,0.0,,0.0
1901-04-05,167.0,11.0,56.0,,0.0
1901-04-06,89.0,28.0,0.0,,0.0
1901-04-07,172.0,6.0,0.0,,0.0
1901-04-08,183.0,50.0,0.0,,0.0
1901-04-09,172.0,22.0,0.0,,0.0
1901-04-10,200.0,94.0,0.0,,0.0
1901-04-11,139.0,83.0,48.0,,0.0
1901-04-12,178.0,94.0,196.0,,0.0
1901-04-13,161.0,78.0,15.0,,0.0
1901-04-14,172.0,72.0,0.0,,0.0
1901-04-15,189.0,33.0,0.0,,0.0
1901-04-16,228.0,117.0,279.0,,0.0
1901-04-17,144.0,-6.0,127.0,,25.0
1901-04-18,122.0,-22.0,0.0,,0.0
1901-04-19,172.0,-11.0,0.0,,0.0
1901-04-20,161.0,22.0,0.0,,0.0
1901-04-21,178.0,0.0,0.0,,0.0
1901-04-22,194.0,0.0,0.0,,0.0
1901-04-23,194.0,56.0,0.0,,0.0
1901-04-24,244.0,50.0,69.0,,0.0
1901-04-25,272.0,117.0,0.0,,0.0
1901-04-26,300.0,144.0,0.0,,0.0
1901-04-27,294.0,139.0,0.0,,0.0
1901-04-28,300.0,133.0,0.0,,0.0
1901-04-29,300.0,156.0,0.0,,0.0
1901-04-30,300.0,111.0,0.0,,0.0
1901-05-01,294.0,156.0,0.0,0.0,0.0
1901-05-02,300.0,144.0,0.0,0.0,0.0
1901-05-03,283.0,139.0,0.0,,
1901-05-04,294.0,156.0,0.0,,
1901-05-05,256.0,156.0,0.0,,
1901-05-06,211.0,111.0,0.0,,
1901-05-07,150.0,100.0,0.0,,
1901-05-08,100.0,94.0,0.0,,
1901-05-09,211.0,94.0,0.0,,
1901-05-10,278.0,61.0,0.0,,
1901-05-11,211.0,89.0,0.0,,
1901-05-12,256.0,61.0,0.0,,
1901-05-13,233.0,28.0,0.0,,
1901-05-14,283.0,50.0,0.0,,
1901-05-15,278.0,161.0,0.0,,
1901-05-16,267.0,178.0,0.0,,
1901-05-17,283.0,156.0,244.0,,
1901-05-18,278.0,150.0,0.0,,
1901-05-19,239.0,128.0,0.0,,
1901-05-20,189.0,89.0,0.0,,
1901-05-21,189.0,78.0,0.0,,
1901-05-22,211.0,78.0,25.0,,
1901-05-23,272.0,156.0,0.0,,
1901-05-24,267.0,128.0,0.0,,
1901-05-25,189.0,83.0,0.0,,
1901-05-26,200.0,17.0,0.0,,
1901-05-27,256.0,50.0,0.0,,
1901-05-28,256.0,67.0,0.0,,
1901-05-29,267.0,61.0,0.0,,
1901-05-30,239.0,56.0,0.0,,
1901-05-31,244.0,78.0,0.0,,
1901-06-01,283.0,89.0,0.0,,
1901-06-02,294.0,128.0,0.0,,
1901-06-03,300.0,133.0,0.0,,
1901-06-04,328.0,183.0,0.0,,
1901-06-05,339.0,156.0,64.0,,
1901-06-06,267.0,150.0,401.0,,
1901-06-07,300.0,117.0,0.0,,
1901-06-08,294.0,172.0,0.0,,
1901-06-09,300.0,161.0,79.0,,
1901-06-10,328.0,222.0,0.0,,
1901-06-11,328.0,189.0,0.0,,
1901-06-12,311.0,178.0,114.0,,
1901-06-13,311.0,161.0,0.0,,
1901-06-14,317.0,161.0,0.0,,
1901-06-15,333.0,178.0,0.0,,
1901-06-16,322.0,211.0,0.0,,
1901-06-17,306.0,106.0,0.0,,
1901-06-18,294.0,161.0,0.0,,
1901-06-19,306.0,156.0,0.0,,
1901-06-20,356.0,156.0,0.0,,
1901-06-21,361.0,233.0,0.0,,
1901-06-22,356.0,211.0,0.0,,
1901-06-23,350.0,194.0,0.0,,
1901-06-24,372.0,211.0,0.0,,
1901-06-25,378.0,211.0,0.0,,
1901-06-26,317.0,217.0,38.0,,
1901-06-27,361.0,222.0,0.0,,
1901-06-28,361.0,233.0,0.0,,
1901-06-29,378.0,217.0,0.0,,
1901-06-30,378.0,233.0,0.0,,
1901-07-01,361.0,228.0,0.0,,
1901-07-02,378.0,222.0,0.0,,
1901-07-03,383.0,228.0,0.0,,
1901-07-04,361.0,228.0,0.0,,
1901-07-05,,,0.0,,
1901-07-06,,,0.0,,
1901-07-07,,,0.0,,
1901-07-08,,,0.0,,
1901-07-09,378.0,139.0,0.0,,
1901-07-10,400.0,183.0,0.0,,
1901-07-11,411.0,194.0,0.0,,
1901-07-12,428.0,211.0,0.0,,
1901-07-13,422.0,200.0,0.0,,
1901-07-14,422.0,189.0,0.0,,
1901-07-15,422.0,189.0,0.0,,
1901-07-16,394.0,200.0,0.0,,
1901-07-17,400.0,228.0,97.0,,
1901-07-18,372.0,183.0,254.0,,
1901-07-19,378.0,200.0,0.0,,
1901-07-20,389.0,211.0,0.0,,
1901-07-21,389.0,233.0,0.0,,
1901-07-22,411.0,228.0,0.0,,
1901-07-23,,,0.0,,
1901-07-24,,,0.0,,
1901-07-25,,,0.0,,
1901-07-26,322.0,228.0,79.0,,
1901-07-27,333.0,217.0,185.0,,
1901-07-28,350.0,222.0,0.0,,
1901-07-29,322.0,228.0,30.0,,
1901-07-30,283.0,217.0,30.0,,
1901-07-31,333.0,183.0,0.0,,
1901-08-01,350.0,156.0,0.0,,
1901-08-02,389.0,217.0,0.0,,
1901-08-03,378.0,206.0,0.0,,
1901-08-04,378.0,189.0,122.0,,
1901-08-05,311.0,178.0,0.0,,
1901-08-06,311.0,133.0,0.0,,
1901-08-07,339.0,133.0,0.0,,
1901-08-08,356.0,161.0,0.0,,
1901-08-09,372.0,189.0,351.0,,
1901-08-10,322.0,206.0,0.0,,
1901-08-11,311.0,194.0,0.0,,
1901-08-12,317.0,183.0,0.0,,
1901-08-13,344.0,161.0,0.0,,
1901-08-14,333.0,194.0,0.0,,
1901-08-15,328.0,156.0,0.0,,
1901-08-16,328.0,161.0,0.0,,
1901-08-17,317.0,189.0,97.0,,
1901-08-18,317.0,189.0,0.0,,
1901-08-19,339.0,189.0,0.0,,
1901-08-20,344.0,172.0,0.0,,
1901-08-21,356.0,156.0,0.0,,
1901-08-22,328.0,194.0,25.0,,
1901-08-23,333.0,161.0,0.0,,
1901-08-24,339.0,128.0,0.0,,
1901-08-25,378.0,128.0,0.0,,
1901-08-26,339.0,200.0,84.0,,
1901-08-27,356.0,183.0,0.0,,
1901-08-28,356.0,194.0,0.0,,
1901-08-29,361.0,200.0,0.0,,
1901-08-30,350.0,178.0,0.0,,
1901-08-31,306.0,167.0,0.0,,
1901-09-01,289.0,156.0,0.0,,
1901-09-02,317.0,117.0,0.0,,
1901-09-03,333.0,111.0,0.0,,
1901-09-04,317.0,156.0,0.0,,
1901-09-05,339.0,172.0,0.0,,
1901-09-06,350.0,189.0,0.0,,
1901-09-07,356.0,183.0,0.0,,
1901-09-08,356.0,183.0,0.0,,
1901-09-09,356.0,183.0,168.0,,
1901-09-10,222.0,172.0,114.0,,
1901-09-11,300.0,200.0,516.0,,
1901-09-12,267.0,189.0,0.0,,
1901-09-13,283.0,106.0,0.0,,
1901-09-14,267.0,156.0,0.0,,
1901-09-15,278.0,122.0,0.0,,
1901-09-16,244.0,111.0,0.0,,
1901-09-17,172.0,61.0,0.0,,
1901-09-18,161.0,22.0,,,0.0
1901-09-19,139.0,22.0,51.0,,
1901-09-20,156.0,78.0,0.0,,
1901-09-21,256.0,50.0,0.0,,
1901-09-22,294.0,128.0,0.0,,
1901-09-23,322.0,167.0,0.0,,
1901-09-24,328.0,183.0,0.0,,
1901-09-25,283.0,183.0,254.0,,
1901-09-26,278.0,172.0,0.0,,
1901-09-27,278.0,139.0,0.0,,
1901-09-28,278.0,122.0,0.0,,
1901-09-29,261.0,128.0,0.0,,
1901-09-30,311.0,139.0,0.0,,
1901-10-01,306.0,172.0,0.0,,
1901-10-02,278.0,122.0,0.0,,
1901-10-03,217.0,28.0,0.0,,
1901-10-04,150.0,17.0,0.0,,
1901-10-05,161.0,39.0,0.0,,
1901-10-06,283.0,122.0,0.0,,
1901-10-07,278.0,144.0,0.0,,
1901-10-08,233.0,128.0,94.0,,
1901-10-09,261.0,100.0,0.0,,
1901-10-10,289.0,139.0,0.0,,
1901-10-11,233.0,44.0,114.0,,
1901-10-12,172.0,144.0,0.0,,
1901-10-13,111.0,44.0,0.0,,
1901-10-14,178.0,-11.0,0.0,,
1901-10-15,144.0,-11.0,0.0,,
1901-10-16,194.0,61.0,0.0,,
1901-10-17,172.0,39.0,0.0,,
1901-10-18,250.0,44.0,0.0,,
1901-10-19,278.0,122.0,0.0,,
1901-10-20,256.0,106.0,0.0,,
1901-10-21,272.0,89.0,0.0,,
1901-10-22,283.0,78.0,0.0,,
1901-10-23,278.0,72.0,0.0,,
1901-10-24,267.0,67.0,0.0,,
1901-10-25,267.0,67.0,0.0,,
1901-10-26,233.0,133.0,43.0,,
1901-10-27,217.0,78.0,0.0,,
1901-10-28,267.0,100.0,0.0,,
1901-10-29,278.0,161.0,0.0,,
1901-10-30,267.0,150.0,0.0,,
1901-10-31,222.0,144.0,10.0,,
1901-11-01,228.0,44.0,0.0,,0.0
1901-11-02,239.0,117.0,208.0,,0.0
1901-11-03,200.0,17.0,0.0,,0.0
1901-11-04,128.0,-28.0,0.0,,0.0
1901-11-05,200.0,44.0,0.0,,0.0
1901-11-06,200.0,56.0,0.0,,0.0
1901-11-07,144.0,-6.0,0.0,,0.0
1901-11-08,194.0,-17.0,0.0,,0.0
1901-11-09,156.0,78.0,0.0,,0.0
1901-11-10,200.0,50.0,0.0,,0.0
1901-11-11,239.0,150.0,114.0,,0.0
1901-11-12,194.0,-6.0,0.0,,0.0
1901-11-13,183.0,11.0,0.0,,0.0
1901-11-14,150.0,6.0,0.0,,0.0
1901-11-15,94.0,-50.0,0.0,,0.0
1901-11-16,78.0,-83.0,0.0,,0.0
1901-11-17,89.0,-22.0,0.0,,0.0
1901-11-18,94.0,22.0,0.0,,0.0
1901-11-19,100.0,-33.0,0.0,,0.0
1901-11-20,128.0,-39.0,0.0,,0.0
1901-11-21,100.0,39.0,0.0,,0.0
1901-11-22,89.0,33.0,152.0,,0.0
1901-11-23,39.0,11.0,13.0,,0.0
1901-11-24,139.0,0.0,0.0,,0.0
1901-11-25,139.0,-17.0,0.0,,0.0
1901-11-26,144.0,-28.0,0.0,,0.0
1901-11-27,117.0,50.0,0.0,,0.0
1901-11-28,133.0,-28.0,0.0,,0.0
1901-11-29,167.0,33.0,0.0,,0.0
1901-11-30,211.0,44.0,0.0,,0.0
1901-12-01,161.0,89.0,0.0,,
1901-12-02,217.0,6.0,0.0,,
1901-12-03,39.0,-17.0,0.0,,
1901-12-04,,,0.0,,
1901-12-05,,,0.0,,0.0
1901-12-06,,,0.0,0.0,0.0
1901-12-07,83.0,-28.0,0.0,,
1901-12-08,89.0,-17.0,419.0,76.0,76.0
1901-12-09,22.0,-94.0,0.0,0.0,
1901-12-10,117.0,-17.0,0.0,,
1901-12-11,128.0,72.0,0.0,,
1901-12-12,250.0,44.0,0.0,,
1901-12-13,78.0,-83.0,508.0,25.0,25.0
1901-12-14,-78.0,-211.0,0.0,51.0,
1901-12-15,-94.0,-228.0,0.0,51.0,
1901-12-16,-61.0,-217.0,0.0,51.0,
1901-12-17,-67.0,-167.0,102.0,102.0,102.0
1901-12-18,-67.0,-217.0,0.0,102.0,0.0
1901-12-19,-83.0,-206.0,0.0,76.0,
1901-12-20,-94.0,-261.0,0.0,,
1901-12-21,44.0,-117.0,0.0,25.0,
1901-12-22,72.0,-22.0,0.0,0.0,
1901-12-23,100.0,11.0,0.0,0.0,
1901-12-24,139.0,44.0,0.0,0.0,
1901-12-25,100.0,0.0,0.0,,
1901-12-26,100.0,22.0,0.0,,
1901-12-27,106.0,-17.0,0.0,,
1901-12-28,72.0,-11.0,0.0,,
1901-12-29,67.0,-50.0,0.0,,
1901-12-30,94.0,-61.0,0.0,,
1901-12-31,100.0,11.0,0.0,,
1902-01-01,161.0,,0.0,,0.0
1902-01-02,106.0,17.0,0.0,,0.0
1902-01-03,22.0,-67.0,0.0,,0.0
1902-01-04,11.0,-83.0,0.0,,0.0
1902-01-05,11.0,-89.0,0.0,,0.0
1902-01-06,94.0,-50.0,0.0,,0.0
1902-01-07,144.0,11.0,0.0,,0.0
1902-01-08,122.0,22.0,0.0,,0.0
1902-01-09,200.0,33.0,0.0,,0.0
1902-01-10,183.0,22.0,0.0,,0.0
1902-01-11,78.0,-61.0,0.0,,0.0
1902-01-12,11.0,-39.0,0.0,,0.0
1902-01-13,44.0,-111.0,0.0,,0.0
1902-01-14,122.0,-11.0,0.0,,0.0
1902-01-15,78.0,-22.0,0.0,,0.0
1902-01-16,56.0,-44.0,0.0,,0.0
1902-01-17,128.0,,0.0,,0.0
1902-01-18,61.0,-33.0,0.0,,0.0
1902-01-19,78.0,-78.0,0.0,,0.0
1902-01-20,33.0,11.0,89.0,0.0,0.0
1902-01-21,17.0,-17.0,0.0,0.0,0.0
1902-01-22,44.0,-72.0,0.0,0.0,0.0
1902-01-23,44.0,-28.0,25.0,0.0,25.0
1902-01-24,11.0,-44.0,0.0,0.0,0.0
1902-01-25,0.0,-56.0,127.0,25.0,25.0
1902-01-26,17.0,-156.0,0.0,25.0,0.0
1902-01-27,-83.0,-200.0,0.0,25.0,0.0
1902-01-28,-28.0,-122.0,13.0,25.0,13.0
1902-01-29,-44.0,-100.0,0.0,51.0,0.0
1902-01-30,-44.0,-89.0,0.0,51.0,0.0
1902-01-31,0.0,-72.0,0.0,51.0,0.0
1902-02-01,-6.0,-122.0,13.0,51.0,13.0
1902-02-02,-61.0,-322.0,0.0,51.0,0.0
1902-02-03,6.0,-172.0,0.0,25.0,0.0
1902-02-04,-22.0,-206.0,0.0,25.0,0.0
1902-02-05,-50.0,-178.0,0.0,25.0,0.0
1902-02-06,22.0,-56.0,0.0,25.0,0.0
1902-02-07,0.0,-139.0,0.0,25.0,0.0
1902-02-08,0.0,-139.0,0.0,25.0,0.0
1902-02-09,-94.0,-161.0,0.0,25.0,0.0
1902-02-10,-61.0,-161.0,0.0,25.0,0.0
1902-02-11,56.0,-117.0,0.0,25.0,0.0
1902-02-12,33.0,-39.0,0.0,25.0,0.0
1902-02-13,6.0,-50.0,13.0,25.0,13.0
1902-02-14,6.0,-56.0,160.0,152.0,140.0
1902-02-15,0.0,-189.0,0.0,127.0,0.0
1902-02-16,44.0,-189.0,0.0,127.0,0.0
1902-02-17,17.0,-44.0,0.0,127.0,0.0
1902-02-18,0.0,-122.0,0.0,127.0,0.0
1902-02-19,22.0,-39.0,152.0,178.0,51.0
1902-02-20,-17.0,-61.0,119.0,152.0,51.0
1902-02-21,72.0,-67.0,0.0,152.0,0.0
1902-02-22,106.0,-72.0,0.0,127.0,0.0
1902-02-23,89.0,11.0,0.0,102.0,0.0
1902-02-24,72.0,-28.0,0.0,76.0,0.0
1902-02-25,89.0,-50.0,0.0,51.0,0.0
1902-02-26,128.0,39.0,0.0,0.0,0.0
1902-02-27,100.0,56.0,175.0,0.0,0.0
1902-02-28,56.0,0.0,0.0,0.0,0.0
1902-03-01,33.0,-17.0,0.0,0.0,0.0
1902-03-02,50.0,-61.0,0.0,0.0,0.0
1902-03-03,144.0,-17.0,0.0,,0.0
1902-03-04,122.0,-17.0,0.0,,0.0
1902-03-05,89.0,-39.0,0.0,,0.0
1902-03-06,106.0,-17.0,0.0,,0.0
1902-03-07,128.0,56.0,0.0,,0.0
1902-03-08,156.0,22.0,0.0,,0.0
1902-03-09,211.0,17.0,0.0,,0.0
1902-03-10,200.0,128.0,0.0,,0.0
1902-03-11,161.0,111.0,648.0,,0.0
1902-03-12,128.0,61.0,203.0,,0.0
1902-03-13,167.0,0.0,0.0,,0.0
1902-03-14,178.0,72.0,0.0,,0.0
1902-03-15,167.0,72.0,0.0,,0.0
1902-03-16,122.0,17.0,0.0,,0.0
1902-03-17,61.0,-83.0,0.0,,0.0
1902-03-18,72.0,-94.0,0.0,,0.0
1902-03-19,128.0,0.0,0.0,,0.0
1902-03-20,156.0,50.0,0.0,,0.0
1902-03-21,139.0,56.0,91.0,,0.0
1902-03-22,156.0,28.0,0.0,,0.0
1902-03-23,161.0,44.0,0.0,,0.0
1902-03-24,167.0,78.0,0.0,,0.0
1902-03-25,256.0,56.0,0.0,,0.0
1902-03-26,217.0,122.0,165.0,,0.0
1902-03-27,228.0,56.0,0.0,,0.0
1902-03-28,189.0,122.0,0.0,,0.0
1902-03-29,167.0,22.0,66.0,,0.0
1902-03-30,111.0,0.0,0.0,,0.0
1902-03-31,94.0,-11.0,0.0,,0.0
1902-04-01,89.0,-22.0,0.0,,0.0
1902-04-02,,-11.0,0.0,,0.0
1902-04-03,139.0,50.0,127.0,,0.0
1902-04-04,78.0,22.0,0.0,,0.0
1902-04-05,239.0,17.0,0.0,,0.0
1902-04-06,194.0,78.0,0.0,,0.0
1902-04-07,161.0,33.0,0.0,,0.0
1902-04-08,150.0,-33.0,38.0,,0.0
1902-04-09,161.0,56.0,0.0,,0.0
1902-04-10,211.0,72.0,0.0,,0.0
1902-04-11,156.0,50.0,0.0,,0.0
1902-04-12,128.0,44.0,0.0,,0.0
1902-04-13,161.0,22.0,0.0,,0.0
1902-04-14,89.0,44.0,43.0,,0.0
1902-04-15,111.0,17.0,0.0,,0.0
1902-04-16,150.0,44.0,0.0,,0.0
1902-04-17,189.0,11.0,0.0,,0.0
1902-04-18,244.0,78.0,0.0,,0.0
1902-04-19,233.0,72.0,0.0,,0.0
1902-04-20,306.0,106.0,0.0,,0.0
1902-04-21,289.0,189.0,0.0,,0.0
1902-04-22,239.0,133.0,38.0,,0.0
1902-04-23,183.0,17.0,0.0,,0.0
1902-04-24,172.0,83.0,114.0,,0.0
1902-04-25,250.0,139.0,97.0,,0.0
1902-04-26,178.0,67.0,0.0,,0.0
1902-04-27,206.0,67.0,0.0,,0.0
1902-04-28,256.0,67.0,399.0,,0.0
1902-04-29,239.0,133.0,0.0,,0.0
1902-04-30,239.0,133.0,109.0,,0.0
1902-05-01,311.0,161.0,0.0,,
1902-05-02,294.0,189.0,0.0,,
1902-05-03,294.0,200.0,0.0,,
1902-05-04,261.0,156.0,58.0,,
1902-05-05,267.0,161.0,0.0,,
1902-05-06,222.0,161.0,89.0,,
1902-05-07,256.0,72.0,0.0,,
1902-05-08,250.0,72.0,0.0,,
1902-05-09,267.0,100.0,0.0,,
1902-05-10,261.0,144.0,0.0,,
1902-05-11,283.0,128.0,0.0,,
1902-05-12,300.0,144.0,0.0,,
1902-05-13,294.0,144.0,0.0,,
1902-05-14,278.0,156.0,709.0,,
1902-05-15,228.0,144.0,0.0,,
1902-05-16,344.0,167.0,0.0,,
1902-05-17,294.0,194.0,0.0,,
1902-05-18,294.0,194.0,0.0,,
1902-05-19,272.0,161.0,51.0,,
1902-05-20,311.0,211.0,0.0,,
1902-05-21,300.0,217.0,0.0,,
1902-05-22,289.0,161.0,0.0,,
1902-05-23,278.0,161.0,432.0,,
1902-05-24,278.0,200.0,64.0,,
1902-05-25,306.0,161.0,0.0,,
1902-05-26,250.0,172.0,147.0,,
1902-05-27,194.0,78.0,0.0,,
1902-05-28,200.0,94.0,0.0,,
1902-05-29,217.0,94.0,0.0,,
1902-05-30,211.0,117.0,0.0,,
1902-05-31,250.0,178.0,241.0,,
1902-06-01,283.0,172.0,0.0,,
1902-06-02,289.0,217.0,0.0,,
1902-06-03,300.0,211.0,107.0,,
1902-06-04,267.0,172.0,439.0,,
1902-06-05,294.0,150.0,0.0,,
1902-06-06,250.0,178.0,109.0,,
1902-06-07,289.0,183.0,41.0,,
1902-06-08,344.0,139.0,0.0,,
1902-06-09,261.0,117.0,0.0,,
1902-06-10,328.0,178.0,0.0,,
1902-06-11,322.0,200.0,0.0,,
1902-06-12,322.0,200.0,0.0,,
1902-06-13,300.0,200.0,0.0,,
1902-06-14,311.0,206.0,0.0,,
1902-06-15,289.0,206.0,0.0,,
1902-06-16,261.0,139.0,0.0,,
1902-06-17,200.0,161.0,48.0,,
1902-06-18,256.0,161.0,0.0,,
1902-06-19,228.0,178.0,48.0,,
1902-06-20,222.0,139.0,305.0,,
1902-06-21,200.0,83.0,0.0,,
1902-06-22,222.0,67.0,0.0,,
1902-06-23,228.0,122.0,0.0,,
1902-06-24,261.0,139.0,0.0,,
1902-06-25,317.0,211.0,0.0,,
1902-06-26,311.0,178.0,0.0,,
1902-06-27,317.0,183.0,0.0,,
1902-06-28,261.0,183.0,762.0,,
1902-06-29,256.0,178.0,483.0,,
1902-06-30,206.0,150.0,10.0,,
1902-07-01,306.0,156.0,0.0,,
1902-07-02,311.0,211.0,0.0,,
1902-07-03,306.0,211.0,0.0,,
1902-07-04,294.0,211.0,0.0,,
1902-07-05,294.0,233.0,0.0,,
1902-07-06,306.0,222.0,0.0,,
1902-07-07,317.0,206.0,0.0,,
1902-07-08,322.0,200.0,0.0,,
1902-07-09,306.0,194.0,0.0,,
1902-07-10,267.0,189.0,0.0,,
1902-07-11,278.0,172.0,0.0,,
1902-07-12,311.0,161.0,0.0,,
1902-07-13,306.0,183.0,0.0,,
1902-07-14,317.0,161.0,0.0,,
1902-07-15,339.0,211.0,0.0,,
1902-07-16,333.0,211.0,0.0,,
1902-07-17,328.0,206.0,0.0,,
1902-07-18,322.0,233.0,0.0,,
1902-07-19,283.0,200.0,89.0,,
1902-07-20,267.0,161.0,0.0,,
1902-07-21,333.0,128.0,0.0,,
1902-07-22,211.0,167.0,175.0,,
1902-07-23,344.0,156.0,142.0,,
1902-07-24,306.0,172.0,0.0,,
1902-07-25,300.0,183.0,147.0,,
1902-07-26,294.0,178.0,0.0,,
1902-07-27,300.0,194.0,0.0,,
1902-07-28,294.0,189.0,0.0,,
1902-07-29,322.0,189.0,0.0,,
1902-07-30,317.0,189.0,0.0,,
1902-07-31,322.0,172.0,0.0,,
1902-08-01,322.0,172.0,0.0,,
1902-08-02,344.0,178.0,0.0,,
1902-08-03,344.0,178.0,0.0,,
1902-08-04,344.0,178.0,0.0,,
1902-08-05,344.0,183.0,0.0,,
1902-08-06,344.0,156.0,0.0,,
1902-08-07,322.0,117.0,0.0,,
1902-08-08,311.0,189.0,152.0,,
1902-08-09,311.0,178.0,0.0,,
1902-08-10,256.0,178.0,203.0,,
1902-08-11,239.0,133.0,0.0,,
1902-08-12,333.0,122.0,0.0,,
1902-08-13,333.0,217.0,0.0,,
1902-08-14,350.0,211.0,0.0,,
1902-08-15,339.0,206.0,0.0,,
1902-08-16,328.0,183.0,36.0,,
1902-08-17,344.0,222.0,0.0,,
1902-08-18,361.0,239.0,203.0,,
1902-08-19,328.0,183.0,0.0,,
1902-08-20,339.0,200.0,0.0,,
1902-08-21,300.0,200.0,0.0,,
1902-08-22,283.0,183.0,356.0,,
1902-08-23,222.0,189.0,241.0,,
1902-08-24,250.0,161.0,1003.0,,
1902-08-25,300.0,172.0,0.0,,
1902-08-26,333.0,228.0,0.0,,
1902-08-27,283.0,183.0,307.0,,
1902-08-28,283.0,172.0,0.0,,
1902-08-29,306.0,167.0,0.0,,
1902-08-30,311.0,206.0,0.0,,
1902-08-31,261.0,172.0,140.0,,
1902-09-01,272.0,178.0,0.0,,
1902-09-02,272.0,122.0,0.0,,
1902-09-03,294.0,133.0,0.0,,
1902-09-04,217.0,94.0,0.0,,
1902-09-05,272.0,117.0,25.0,,
1902-09-06,267.0,144.0,0.0,,
1902-09-07,294.0,117.0,0.0,,
1902-09-08,294.0,144.0,0.0,,
1902-09-09,233.0,72.0,0.0,,
1902-09-10,278.0,89.0,0.0,,
1902-09-11,206.0,94.0,229.0,,
1902-09-12,183.0,83.0,0.0,,
1902-09-13,183.0,11.0,0.0,,
1902-09-14,222.0,61.0,0.0,,
1902-09-15,239.0,72.0,0.0,,
1902-09-16,278.0,111.0,0.0,,
1902-09-17,222.0,167.0,262.0,,
1902-09-18,211.0,111.0,0.0,,
1902-09-19,244.0,44.0,0.0,,
1902-09-20,178.0,144.0,0.0,,
1902-09-21,211.0,172.0,290.0,,
1902-09-22,222.0,172.0,178.0,,
1902-09-23,239.0,172.0,249.0,,
1902-09-24,239.0,139.0,508.0,,
1902-09-25,200.0,144.0,0.0,,
1902-09-26,294.0,139.0,175.0,,
1902-09-27,244.0,83.0,0.0,,
1902-09-28,244.0,61.0,0.0,,
1902-09-29,256.0,100.0,56.0,,
1902-09-30,217.0,106.0,0.0,,
1902-10-01,194.0,39.0,0.0,,
1902-10-02,144.0,117.0,198.0,,
1902-10-03,133.0,106.0,333.0,,
1902-10-04,139.0,78.0,30.0,,
1902-10-05,150.0,72.0,0.0,,
1902-10-06,211.0,44.0,0.0,,
1902-10-07,278.0,50.0,0.0,,
1902-10-08,233.0,72.0,0.0,,
1902-10-09,244.0,89.0,0.0,,
1902-10-10,256.0,100.0,0.0,,
1902-10-11,256.0,139.0,0.0,,
1902-10-12,261.0,122.0,0.0,,
1902-10-13,217.0,67.0,0.0,,
1902-10-14,172.0,0.0,,,0.0
1902-10-15,256.0,78.0,0.0,,
1902-10-16,272.0,117.0,0.0,,
1902-10-17,272.0,133.0,0.0,,
1902-10-18,244.0,106.0,0.0,,
1902-10-19,283.0,106.0,0.0,,
1902-10-20,,,0.0,,
1902-10-21,,,0.0,,
1902-10-22,,,0.0,,
1902-10-23,,,0.0,,
1902-10-24,,,0.0,,
1902-10-25,278.0,167.0,0.0,,
1902-10-26,228.0,122.0,86.0,,
1902-10-27,200.0,56.0,0.0,,
1902-10-28,144.0,11.0,0.0,,
1902-10-29,239.0,22.0,0.0,,
1902-10-30,206.0,111.0,0.0,,
1902-10-31,228.0,117.0,0.0,,
1902-11-01,222.0,139.0,0.0,,0.0
1902-11-02,200.0,89.0,46.0,,0.0
1902-11-03,167.0,56.0,0.0,,0.0
1902-11-04,167.0,117.0,180.0,,0.0
1902-11-05,150.0,67.0,0.0,,0.0
1902-11-06,83.0,61.0,0.0,,0.0
1902-11-07,156.0,72.0,0.0,,0.0
1902-11-08,228.0,111.0,0.0,,0.0
1902-11-09,256.0,139.0,0.0,,0.0
1902-11-10,267.0,156.0,0.0,,0.0
1902-11-11,,150.0,0.0,,0.0
1902-11-12,228.0,150.0,0.0,,0.0
1902-11-13,228.0,150.0,246.0,,0.0
1902-11-14,,61.0,0.0,,0.0
1902-11-15,117.0,17.0,0.0,,0.0
1902-11-16,150.0,61.0,48.0,,0.0
1902-11-17,72.0,33.0,0.0,,0.0
1902-11-18,172.0,17.0,0.0,,0.0
1902-11-19,239.0,44.0,0.0,,0.0
1902-11-20,183.0,89.0,0.0,,0.0
1902-11-21,194.0,72.0,0.0,,0.0
1902-11-22,178.0,122.0,38.0,,0.0
1902-11-23,156.0,17.0,0.0,,0.0
1902-11-24,150.0,94.0,330.0,,0.0
1902-11-25,100.0,33.0,38.0,,0.0
1902-11-26,61.0,-17.0,0.0,0.0,0.0
1902-11-27,44.0,-28.0,0.0,,0.0
1902-11-28,56.0,-11.0,0.0,,0.0
1902-11-29,78.0,-6.0,0.0,,0.0
1902-11-30,100.0,-28.0,0.0,,0.0
1902-12-01,139.0,-6.0,0.0,,0.0
1902-12-02,89.0,22.0,224.0,0.0,0.0
1902-12-03,56.0,6.0,76.0,0.0,0.0
1902-12-04,11.0,-50.0,,76.0,76.0
1902-12-05,33.0,-78.0,0.0,25.0,0.0
1902-12-06,78.0,-39.0,0.0,0.0,0.0
1902-12-07,56.0,-39.0,0.0,0.0,0.0
1902-12-08,6.0,-89.0,0.0,,0.0
1902-12-09,33.0,-22.0,0.0,,0.0
1902-12-10,161.0,33.0,0.0,,0.0
1902-12-11,161.0,39.0,0.0,,0.0
1902-12-12,44.0,22.0,0.0,,0.0
1902-12-13,22.0,-22.0,0.0,,0.0
1902-12-14,6.0,-22.0,269.0,,0.0
1902-12-15,17.0,-39.0,0.0,,0.0
1902-12-16,33.0,-61.0,0.0,,0.0
1902-12-17,67.0,-61.0,0.0,,0.0
1902-12-18,133.0,-6.0,0.0,,0.0
1902-12-19,111.0,67.0,28.0,,0.0
1902-12-20,117.0,50.0,0.0,,0.0
1902-12-21,50.0,-11.0,0.0,,0.0
1902-12-22,33.0,-11.0,0.0,,0.0
1902-12-23,17.0,-22.0,0.0,,0.0
1902-12-24,22.0,-6.0,0.0,,0.0
1902-12-25,,,0.0,,0.0
1902-12-26,,,0.0,,0.0
1902-12-27,,,0.0,,0.0
1902-12-28,,,0.0,0.0,0.0
1902-12-29,44.0,-72.0,0.0,0.0,0.0
1902-12-30,50.0,-94.0,0.0,,0.0
1902-12-31,100.0,-33.0,0.0,,0.0
1903-01-01,67.0,-6.0,0.0,,0.0
1903-01-02,33.0,0.0,249.0,102.0,102.0
1903-01-03,67.0,-56.0,0.0,76.0,0.0
1903-01-04,44.0,-72.0,0.0,51.0,0.0
1903-01-05,22.0,-6.0,,102.0,0.0
1903-01-06,106.0,-61.0,0.0,0.0,0.0
1903-01-07,111.0,-28.0,0.0,0.0,0.0
1903-01-08,44.0,-100.0,0.0,0.0,0.0
1903-01-09,17.0,-83.0,0.0,0.0,0.0
1903-01-10,-22.0,-100.0,157.0,76.0,76.0
1903-01-11,-50.0,-150.0,0.0,76.0,0.0
1903-01-12,-83.0,-200.0,0.0,76.0,0.0
1903-01-13,72.0,-139.0,0.0,51.0,0.0
1903-01-14,61.0,-61.0,0.0,51.0,0.0
1903-01-15,100.0,-28.0,0.0,0.0,0.0
1903-01-16,61.0,22.0,0.0,,0.0
1903-01-17,44.0,6.0,0.0,,0.0
1903-01-18,,,0.0,,0.0
1903-01-19,,,0.0,,0.0
1903-01-20,,,0.0,0.0,0.0
1903-01-21,,,0.0,0.0,0.0
1903-01-22,83.0,-89.0,0.0,,0.0
1903-01-23,56.0,-6.0,43.0,25.0,0.0
1903-01-24,0.0,-33.0,0.0,0.0,0.0
1903-01-25,144.0,-22.0,0.0,0.0,0.0
1903-01-26,167.0,61.0,0.0,,0.0
1903-01-27,211.0,100.0,0.0,,0.0
1903-01-28,183.0,56.0,0.0,,0.0
1903-01-29,156.0,-22.0,0.0,,0.0
1903-01-30,78.0,-56.0,0.0,,0.0
1903-01-31,106.0,0.0,0.0,,0.0
1903-02-01,183.0,44.0,0.0,,0.0
1903-02-02,178.0,-11.0,0.0,,0.0
1903-02-03,139.0,50.0,622.0,,0.0
1903-02-04,128.0,-94.0,0.0,,0.0
1903-02-05,72.0,-106.0,0.0,,0.0
1903-02-06,33.0,-22.0,0.0,0.0,0.0
1903-02-07,6.0,-22.0,0.0,0.0,0.0
1903-02-08,161.0,-44.0,0.0,,0.0
1903-02-09,144.0,-17.0,0.0,,0.0
1903-02-10,117.0,50.0,165.0,,0.0
1903-02-11,133.0,22.0,0.0,,0.0
1903-02-12,100.0,0.0,0.0,,0.0
1903-02-13,,-11.0,0.0,,0.0
1903-02-14,,6.0,229.0,0.0,0.0
1903-02-15,-44.0,,,76.0,76.0
1903-02-16,-72.0,,0.0,76.0,0.0
1903-02-17,-67.0,-228.0,0.0,76.0,0.0
1903-02-18,-28.0,-183.0,0.0,76.0,0.0
1903-02-19,,,0.0,76.0,0.0
1903-02-20,22.0,,0.0,76.0,0.0
1903-02-21,22.0,-44.0,0.0,51.0,0.0
1903-02-22,128.0,-111.0,0.0,51.0,0.0
1903-02-23,56.0,11.0,0.0,0.0,0.0
1903-02-24,22.0,-33.0,0.0,0.0,0.0
1903-02-25,56.0,-67.0,0.0,0.0,0.0
1903-02-26,89.0,-28.0,114.0,0.0,0.0
1903-02-27,111.0,28.0,0.0,0.0,0.0
1903-02-28,72.0,,0.0,0.0,0.0
1903-03-01,17.0,-94.0,0.0,,0.0
1903-03-02,28.0,-56.0,0.0,0.0,0.0
1903-03-03,56.0,-6.0,0.0,,0.0
1903-03-04,122.0,39.0,241.0,,0.0
1903-03-05,117.0,67.0,0.0,,0.0
1903-03-06,178.0,89.0,0.0,,0.0
1903-03-07,183.0,,678.0,,0.0
1903-03-08,117.0,6.0,0.0,,0.0
1903-03-09,172.0,6.0,0.0,,0.0
1903-03-10,133.0,83.0,0.0,,0.0
1903-03-11,128.0,72.0,0.0,,0.0
1903-03-12,194.0,22.0,0.0,,0.0
1903-03-13,211.0,61.0,0.0,,0.0
1903-03-14,206.0,61.0,0.0,,0.0
1903-03-15,139.0,56.0,0.0,,0.0
1903-03-16,228.0,106.0,0.0,,0.0
1903-03-17,250.0,128.0,0.0,,0.0
1903-03-18,233.0,167.0,0.0,,0.0
1903-03-19,217.0,78.0,305.0,,0.0
1903-03-20,83.0,-61.0,30.0,,0.0
1903-03-21,133.0,-33.0,0.0,,0.0
1903-03-22,161.0,,0.0,,0.0
1903-03-23,133.0,-17.0,28.0,25.0,25.0
1903-03-24,83.0,-39.0,0.0,,0.0
1903-03-25,178.0,-17.0,0.0,,0.0
1903-03-26,206.0,56.0,0.0,,0.0
1903-03-27,167.0,50.0,0.0,,0.0
1903-03-28,117.0,17.0,0.0,,0.0
1903-03-29,128.0,-17.0,0.0,,0.0
1903-03-30,172.0,-11.0,0.0,,0.0
1903-03-31,233.0,28.0,0.0,,0.0
1903-04-01,283.0,,0.0,,0.0
1903-04-02,278.0,183.0,0.0,,0.0
1903-04-03,183.0,-6.0,84.0,0.0,0.0
1903-04-04,167.0,0.0,0.0,,0.0
1903-04-05,183.0,78.0,0.0,,0.0
1903-04-06,189.0,111.0,0.0,,0.0
1903-04-07,217.0,72.0,30.0,,0.0
1903-04-08,228.0,50.0,0.0,,0.0
1903-04-09,294.0,44.0,102.0,,0.0
1903-04-10,244.0,144.0,109.0,,0.0
1903-04-11,272.0,167.0,0.0,,0.0
1903-04-12,239.0,150.0,58.0,,0.0
1903-04-13,144.0,50.0,0.0,,0.0
1903-04-14,128.0,39.0,0.0,,0.0
1903-04-15,133.0,28.0,0.0,,0.0
1903-04-16,122.0,56.0,0.0,,0.0
1903-04-17,194.0,28.0,0.0,,0.0
1903-04-18,222.0,106.0,0.0,,0.0
1903-04-19,183.0,122.0,53.0,,0.0
1903-04-20,189.0,100.0,30.0,,0.0
1903-04-21,178.0,67.0,0.0,,0.0
1903-04-22,156.0,28.0,0.0,,0.0
1903-04-23,194.0,0.0,0.0,,0.0
1903-04-24,233.0,100.0,76.0,,0.0
1903-04-25,172.0,56.0,0.0,,0.0
1903-04-26,194.0,6.0,0.0,,0.0
1903-04-27,233.0,6.0,0.0,,0.0
1903-04-28,272.0,139.0,0.0,,0.0
1903-04-29,239.0,161.0,25.0,,0.0
1903-04-30,178.0,6.0,0.0,,0.0
1903-05-01,161.0,-17.0,,,
1903-05-02,200.0,67.0,,,
1903-05-03,167.0,17.0,,,
1903-05-04,233.0,22.0,,,
1903-05-05,178.0,89.0,300.0,,
1903-05-06,200.0,111.0,0.0,,
1903-05-07,194.0,111.0,0.0,,
1903-05-08,244.0,133.0,0.0,,
1903-05-09,244.0,133.0,0.0,,
1903-05-10,239.0,133.0,0.0,,
1903-05-11,239.0,161.0,0.0,,
1903-05-12,206.0,139.0,25.0,,
1903-05-13,183.0,139.0,218.0,,
1903-05-14,200.0,144.0,25.0,,
1903-05-15,267.0,117.0,0.0,,
1903-05-16,272.0,133.0,,,
1903-05-17,267.0,183.0,0.0,,
1903-05-18,267.0,178.0,,,
1903-05-19,267.0,139.0,160.0,,
1903-05-20,217.0,156.0,173.0,,
1903-05-21,261.0,156.0,89.0,,
1903-05-22,289.0,200.0,,,
1903-05-23,267.0,206.0,,,
1903-05-24,261.0,172.0,279.0,,
1903-05-25,289.0,172.0,,,
1903-05-26,239.0,194.0,0.0,,
1903-05-27,256.0,167.0,,,
1903-05-28,217.0,150.0,155.0,,
1903-05-29,217.0,156.0,0.0,,
1903-05-30,206.0,161.0,152.0,,
1903-05-31,178.0,122.0,546.0,,
1903-06-01,200.0,128.0,152.0,,
1903-06-02,161.0,133.0,76.0,,
1903-06-03,194.0,133.0,140.0,,
1903-06-04,244.0,122.0,0.0,,
1903-06-05,256.0,133.0,33.0,,
1903-06-06,244.0,122.0,0.0,,
1903-06-07,267.0,122.0,0.0,,
1903-06-08,283.0,144.0,0.0,,
1903-06-09,244.0,156.0,0.0,,
1903-06-10,217.0,106.0,0.0,,
1903-06-11,206.0,89.0,0.0,,
1903-06-12,200.0,67.0,0.0,,
1903-06-13,228.0,61.0,0.0,,
1903-06-14,250.0,83.0,0.0,,
1903-06-15,267.0,133.0,0.0,,
1903-06-16,283.0,133.0,0.0,,
1903-06-17,272.0,150.0,0.0,,
1903-06-18,306.0,144.0,0.0,,
1903-06-19,289.0,178.0,51.0,,
1903-06-20,311.0,156.0,0.0,,
1903-06-21,294.0,167.0,765.0,,
1903-06-22,222.0,156.0,0.0,,
1903-06-23,256.0,117.0,0.0,,
1903-06-24,272.0,150.0,97.0,,
1903-06-25,228.0,161.0,109.0,,
1903-06-26,211.0,150.0,0.0,,
1903-06-27,256.0,139.0,0.0,,
1903-06-28,283.0,122.0,0.0,,
1903-06-29,300.0,156.0,0.0,,
1903-06-30,311.0,206.0,0.0,,
1903-07-01,311.0,206.0,0.0,,
1903-07-02,311.0,211.0,0.0,,
1903-07-03,328.0,211.0,58.0,,
1903-07-04,250.0,178.0,0.0,,
1903-07-05,283.0,139.0,0.0,,
1903-07-06,317.0,167.0,0.0,,
1903-07-07,322.0,211.0,46.0,,
1903-07-08,317.0,211.0,0.0,,
1903-07-09,328.0,217.0,0.0,,
1903-07-10,333.0,217.0,0.0,,
1903-07-11,339.0,211.0,254.0,,
1903-07-12,283.0,206.0,33.0,,
1903-07-13,294.0,156.0,0.0,,
1903-07-14,294.0,156.0,0.0,,
1903-07-15,283.0,194.0,140.0,,
1903-07-16,328.0,211.0,0.0,,
1903-07-17,322.0,217.0,0.0,,
1903-07-18,322.0,211.0,25.0,,
1903-07-19,306.0,156.0,0.0,,
1903-07-20,328.0,167.0,0.0,,
1903-07-21,300.0,183.0,36.0,,
1903-07-22,328.0,172.0,0.0,,
1903-07-23,294.0,189.0,140.0,,
1903-07-24,311.0,206.0,0.0,,
1903-07-25,328.0,156.0,0.0,,
1903-07-26,317.0,183.0,0.0,,
1903-07-27,322.0,200.0,0.0,,
1903-07-28,322.0,211.0,0.0,,
1903-07-29,283.0,206.0,0.0,,
1903-07-30,283.0,183.0,71.0,,
1903-07-31,278.0,156.0,0.0,,
1903-08-01,278.0,189.0,419.0,,
1903-08-02,311.0,189.0,0.0,,
1903-08-03,322.0,217.0,0.0,,
1903-08-04,322.0,206.0,0.0,,
1903-08-05,322.0,217.0,0.0,,
1903-08-06,294.0,194.0,0.0,,
1903-08-07,294.0,156.0,0.0,,
1903-08-08,289.0,172.0,381.0,,
1903-08-09,294.0,156.0,0.0,,
1903-08-10,294.0,161.0,0.0,,
1903-08-11,289.0,156.0,0.0,,
1903-08-12,300.0,161.0,0.0,,
1903-08-13,228.0,183.0,239.0,,
1903-08-14,311.0,178.0,0.0,,
1903-08-15,317.0,200.0,71.0,,
1903-08-16,300.0,178.0,0.0,,
1903-08-17,278.0,183.0,0.0,,
1903-08-18,289.0,172.0,0.0,,
1903-08-19,294.0,150.0,0.0,,
1903-08-20,283.0,133.0,0.0,,
1903-08-21,300.0,139.0,0.0,,
1903-08-22,317.0,144.0,0.0,,
1903-08-23,328.0,200.0,0.0,,
1903-08-24,328.0,211.0,0.0,,
1903-08-25,333.0,228.0,20.0,,
1903-08-26,333.0,211.0,0.0,,
1903-08-27,339.0,211.0,0.0,,
1903-08-28,306.0,183.0,127.0,,
1903-08-29,256.0,161.0,0.0,,
1903-08-30,228.0,111.0,0.0,,
1903-08-31,239.0,83.0,0.0,,
1903-09-01,256.0,94.0,0.0,,
1903-09-02,283.0,111.0,0.0,,
1903-09-03,294.0,128.0,0.0,,
1903-09-04,311.0,128.0,0.0,,
1903-09-05,317.0,144.0,0.0,,
1903-09-06,317.0,178.0,0.0,,
1903-09-07,333.0,178.0,0.0,,
1903-09-08,300.0,211.0,13.0,,
1903-09-09,328.0,200.0,165.0,,
1903-09-10,272.0,139.0,0.0,,
1903-09-11,311.0,172.0,0.0,,
1903-09-12,294.0,150.0,0.0,,
1903-09-13,278.0,206.0,632.0,,
1903-09-14,283.0,206.0,0.0,,
1903-09-15,222.0,156.0,0.0,,
1903-09-16,156.0,78.0,0.0,,
1903-09-17,161.0,22.0,0.0,,
1903-09-18,222.0,33.0,0.0,,
1903-09-19,256.0,111.0,0.0,,
1903-09-20,261.0,122.0,0.0,,
1903-09-21,272.0,122.0,0.0,,
1903-09-22,267.0,100.0,0.0,,
1903-09-23,256.0,133.0,0.0,,
1903-09-24,222.0,61.0,0.0,,
1903-09-25,300.0,100.0,0.0,,
1903-09-26,261.0,117.0,38.0,,
1903-09-27,200.0,44.0,0.0,,
1903-09-28,211.0,50.0,0.0,,
1903-09-29,183.0,122.0,36.0,,
1903-09-30,256.0,156.0,0.0,,
1903-10-01,250.0,172.0,112.0,,
1903-10-02,300.0,183.0,0.0,,
1903-10-03,283.0,167.0,0.0,,
1903-10-04,256.0,117.0,25.0,,
1903-10-05,206.0,128.0,0.0,,
1903-10-06,278.0,161.0,0.0,,
1903-10-07,239.0,150.0,330.0,,
1903-10-08,183.0,128.0,0.0,,
1903-10-09,200.0,22.0,0.0,,
1903-10-10,211.0,33.0,0.0,,
1903-10-11,211.0,56.0,0.0,,
1903-10-12,217.0,44.0,0.0,,
1903-10-13,194.0,111.0,18.0,,
1903-10-14,167.0,106.0,0.0,,
1903-10-15,167.0,106.0,175.0,,
1903-10-16,183.0,94.0,0.0,,
1903-10-17,139.0,56.0,0.0,,
1903-10-18,167.0,-11.0,0.0,,
1903-10-19,261.0,72.0,0.0,,
1903-10-20,261.0,94.0,0.0,,
1903-10-21,278.0,67.0,0.0,,
1903-10-22,200.0,100.0,0.0,,
1903-10-23,144.0,11.0,0.0,,
1903-10-24,,,0.0,,
1903-10-25,,,0.0,,
1903-10-26,,,0.0,,
1903-10-27,,,0.0,,
1903-10-28,,,0.0,,
1903-10-29,261.0,,0.0,,
1903-10-30,,,0.0,,
1903-10-31,211.0,106.0,229.0,,
1903-11-01,211.0,106.0,13.0,,0.0
1903-11-02,183.0,78.0,0.0,,0.0
1903-11-03,211.0,78.0,0.0,,0.0
1903-11-04,183.0,89.0,0.0,,0.0
1903-11-05,106.0,50.0,0.0,,0.0
1903-11-06,122.0,11.0,0.0,,0.0
1903-11-07,172.0,22.0,0.0,,0.0
1903-11-08,206.0,44.0,0.0,,0.0
1903-11-09,167.0,78.0,0.0,,0.0
1903-11-10,206.0,78.0,0.0,,0.0
1903-11-11,183.0,39.0,41.0,,0.0
1903-11-12,178.0,17.0,0.0,,0.0
1903-11-13,128.0,22.0,0.0,,0.0
1903-11-14,161.0,-17.0,0.0,,0.0
1903-11-15,250.0,50.0,0.0,,0.0
1903-11-16,206.0,6.0,0.0,,0.0
1903-11-17,122.0,-67.0,0.0,,0.0
1903-11-18,67.0,-117.0,0.0,,0.0
1903-11-19,44.0,-117.0,0.0,,0.0
1903-11-20,50.0,-61.0,0.0,,0.0
1903-11-21,106.0,-44.0,0.0,,0.0
1903-11-22,139.0,-11.0,0.0,,0.0
1903-11-23,178.0,22.0,0.0,,0.0
1903-11-24,33.0,-33.0,0.0,,0.0
1903-11-25,39.0,-17.0,0.0,,0.0
1903-11-26,17.0,-39.0,0.0,,0.0
1903-11-27,56.0,-111.0,0.0,,0.0
1903-11-28,50.0,-61.0,0.0,,0.0
1903-11-29,61.0,-33.0,0.0,,0.0
1903-11-30,33.0,-44.0,0.0,,0.0
1903-12-01,0.0,-33.0,15.0,25.0,25.0
1903-12-02,28.0,-106.0,0.0,0.0,0.0
1903-12-03,94.0,-39.0,0.0,,0.0
1903-12-04,50.0,,0.0,,0.0
1903-12-05,-6.0,-89.0,0.0,,0.0
1903-12-06,89.0,-100.0,0.0,,0.0
1903-12-07,122.0,-22.0,0.0,,0.0
1903-12-08,78.0,-56.0,0.0,0.0,0.0
1903-12-09,39.0,-44.0,0.0,0.0,0.0
1903-12-10,17.0,-94.0,0.0,0.0,0.0
1903-12-11,94.0,-67.0,0.0,,0.0
1903-12-12,133.0,,132.0,25.0,25.0
1903-12-13,50.0,,0.0,25.0,0.0
1903-12-14,-6.0,-133.0,0.0,25.0,0.0
1903-12-15,17.0,-150.0,0.0,25.0,0.0
1903-12-16,67.0,-33.0,0.0,0.0,0.0
1903-12-17,89.0,-56.0,0.0,0.0,0.0
1903-12-18,128.0,11.0,0.0,0.0,0.0
1903-12-19,167.0,-11.0,0.0,0.0,0.0
1903-12-20,78.0,-39.0,0.0,,0.0
1903-12-21,122.0,6.0,0.0,,0.0
1903-12-22,117.0,-56.0,0.0,,0.0
1903-12-23,117.0,50.0,0.0,,0.0
1903-12-24,56.0,22.0,325.0,,0.0
1903-12-25,72.0,-39.0,0.0,,0.0
1903-12-26,0.0,-144.0,0.0,,0.0
1903-12-27,,-106.0,0.0,,0.0
1903-12-28,139.0,-39.0,0.0,,0.0
1903-12-29,78.0,-39.0,0.0,,0.0
1903-12-30,150.0,-72.0,0.0,,0.0
1903-12-31,161.0,-33.0,0.0,,0.0
1904-01-01,139.0,56.0,0.0,0.0,0.0
1904-01-02,61.0,-111.0,0.0,0.0,0.0
1904-01-03,6.0,-167.0,0.0,0.0,0.0
1904-01-04,-17.0,-83.0,0.0,0.0,0.0
1904-01-05,67.0,-78.0,0.0,,0.0
1904-01-06,44.0,-33.0,0.0,,0.0
1904-01-07,150.0,-56.0,0.0,,0.0
1904-01-08,144.0,-11.0,0.0,,0.0
1904-01-09,167.0,17.0,0.0,,0.0
1904-01-10,128.0,11.0,0.0,,0.0
1904-01-11,50.0,-11.0,0.0,0.0,0.0
1904-01-12,61.0,0.0,97.0,0.0,102.0
1904-01-13,44.0,-67.0,0.0,0.0,0.0
1904-01-14,89.0,-44.0,0.0,0.0,0.0
1904-01-15,183.0,-22.0,0.0,,0.0
1904-01-16,139.0,-28.0,0.0,,0.0
1904-01-17,122.0,-28.0,0.0,,0.0
1904-01-18,144.0,-6.0,0.0,,0.0
1904-01-19,144.0,56.0,0.0,,0.0
1904-01-20,144.0,56.0,0.0,,0.0
1904-01-21,139.0,-28.0,635.0,0.0,0.0
1904-01-22,33.0,-67.0,0.0,0.0,0.0
1904-01-23,-33.0,-89.0,0.0,0.0,0.0
1904-01-24,56.0,-89.0,0.0,0.0,0.0
1904-01-25,22.0,-178.0,51.0,51.0,51.0
1904-01-26,-67.0,-228.0,0.0,51.0,0.0
1904-01-27,-17.0,-211.0,0.0,51.0,0.0
1904-01-28,-17.0,-117.0,25.0,76.0,25.0
1904-01-29,-28.0,-244.0,0.0,76.0,0.0
1904-01-30,83.0,-39.0,0.0,0.0,0.0
1904-01-31,39.0,-67.0,0.0,0.0,0.0
1904-02-01,78.0,-94.0,0.0,0.0,0.0
1904-02-02,83.0,-61.0,0.0,0.0,0.0
1904-02-03,33.0,-94.0,0.0,,0.0
1904-02-04,89.0,-94.0,0.0,,0.0
1904-02-05,161.0,56.0,0.0,,0.0
1904-02-06,222.0,94.0,0.0,,0.0
1904-02-07,189.0,-67.0,0.0,,0.0
1904-02-08,61.0,-78.0,0.0,,0.0
1904-02-09,61.0,-78.0,0.0,,0.0
1904-02-10,-17.0,-83.0,0.0,0.0,0.0
1904-02-11,11.0,-117.0,0.0,,0.0
1904-02-12,56.0,-72.0,0.0,,0.0
1904-02-13,144.0,6.0,0.0,,0.0
1904-02-14,94.0,-56.0,0.0,,0.0
1904-02-15,17.0,-106.0,0.0,,0.0
1904-02-16,-33.0,-94.0,0.0,,0.0
1904-02-17,6.0,-50.0,0.0,,0.0
1904-02-18,6.0,-67.0,76.0,0.0,0.0
1904-02-19,-17.0,-111.0,0.0,,0.0
1904-02-20,-11.0,-72.0,0.0,,0.0
1904-02-21,17.0,-33.0,51.0,51.0,51.0
1904-02-22,83.0,-94.0,0.0,,0.0
1904-02-23,194.0,44.0,0.0,,0.0
1904-02-24,150.0,11.0,0.0,,0.0
1904-02-25,133.0,39.0,0.0,,0.0
1904-02-26,111.0,-6.0,0.0,,0.0
1904-02-27,167.0,0.0,0.0,,0.0
1904-02-28,261.0,83.0,0.0,,0.0
1904-02-29,206.0,39.0,0.0,,0.0
1904-03-01,183.0,-22.0,0.0,,0.0
1904-03-02,261.0,78.0,0.0,,0.0
1904-03-03,206.0,-78.0,0.0,,0.0
1904-03-04,89.0,-94.0,0.0,,0.0
1904-03-05,89.0,28.0,0.0,,0.0
1904-03-06,50.0,28.0,0.0,,0.0
1904-03-07,161.0,-33.0,0.0,,0.0
1904-03-08,189.0,6.0,0.0,,0.0
1904-03-09,228.0,67.0,0.0,,0.0
1904-03-10,189.0,50.0,0.0,,0.0
1904-03-11,144.0,-28.0,0.0,,0.0
1904-03-12,183.0,56.0,0.0,,0.0
1904-03-13,106.0,-17.0,0.0,,0.0
1904-03-14,89.0,-39.0,0.0,,0.0
1904-03-15,128.0,-72.0,0.0,,0.0
1904-03-16,167.0,50.0,0.0,,0.0
1904-03-17,156.0,50.0,152.0,,0.0
1904-03-18,183.0,17.0,0.0,,0.0
1904-03-19,183.0,100.0,0.0,,0.0
1904-03-20,128.0,50.0,0.0,,0.0
1904-03-21,283.0,89.0,0.0,,0.0
1904-03-22,250.0,72.0,0.0,,0.0
1904-03-23,189.0,0.0,0.0,,0.0
1904-03-24,228.0,111.0,122.0,,0.0
1904-03-25,183.0,11.0,241.0,,0.0
1904-03-26,83.0,-39.0,0.0,,0.0
1904-03-27,67.0,-67.0,0.0,,0.0
1904-03-28,139.0,-17.0,0.0,,0.0
1904-03-29,167.0,67.0,0.0,,0.0
1904-03-30,267.0,100.0,0.0,,0.0
1904-03-31,261.0,144.0,76.0,,0.0
1904-04-01,233.0,78.0,0.0,,0.0
1904-04-02,156.0,11.0,0.0,,0.0
1904-04-03,117.0,-11.0,0.0,,0.0
1904-04-04,156.0,-6.0,0.0,,0.0
1904-04-05,111.0,61.0,165.0,,0.0
1904-04-06,183.0,44.0,0.0,,0.0
1904-04-07,183.0,44.0,0.0,,0.0
1904-04-08,156.0,0.0,51.0,,0.0
1904-04-09,22.0,-6.0,0.0,,0.0
1904-04-10,167.0,-11.0,0.0,,0.0
1904-04-11,172.0,83.0,0.0,,0.0
1904-04-12,122.0,11.0,0.0,,0.0
1904-04-13,200.0,0.0,0.0,,0.0
1904-04-14,178.0,-6.0,0.0,,0.0
1904-04-15,172.0,78.0,0.0,,0.0
1904-04-16,117.0,0.0,0.0,,0.0
1904-04-17,139.0,-22.0,0.0,,0.0
1904-04-18,,,0.0,,0.0
1904-04-19,222.0,33.0,0.0,,0.0
1904-04-20,139.0,22.0,272.0,,0.0
1904-04-21,111.0,22.0,13.0,,0.0
1904-04-22,239.0,94.0,0.0,,0.0
1904-04-23,256.0,150.0,196.0,,0.0
1904-04-24,211.0,111.0,945.0,,0.0
1904-04-25,211.0,56.0,51.0,,0.0
1904-04-26,150.0,56.0,0.0,,0.0
1904-04-27,178.0,17.0,0.0,,0.0
1904-04-28,200.0,22.0,0.0,,0.0
1904-04-29,256.0,61.0,0.0,,0.0
1904-04-30,244.0,50.0,0.0,,0.0
1904-05-01,250.0,83.0,0.0,,
1904-05-02,261.0,106.0,0.0,,
1904-05-03,272.0,111.0,0.0,,
1904-05-04,244.0,117.0,33.0,,
1904-05-05,261.0,128.0,25.0,,
1904-05-06,217.0,144.0,15.0,,
1904-05-07,222.0,144.0,58.0,,
1904-05-08,200.0,117.0,46.0,,
1904-05-09,194.0,72.0,0.0,,
1904-05-10,239.0,61.0,0.0,,
1904-05-11,256.0,122.0,0.0,,
1904-05-12,222.0,144.0,0.0,,
1904-05-13,200.0,83.0,97.0,,
1904-05-14,172.0,56.0,0.0,,
1904-05-15,167.0,44.0,58.0,,
1904-05-16,150.0,94.0,135.0,,
1904-05-17,194.0,78.0,58.0,,
1904-05-18,194.0,72.0,0.0,,
1904-05-19,228.0,78.0,0.0,,
1904-05-20,261.0,83.0,0.0,,
1904-05-21,278.0,122.0,0.0,,
1904-05-22,283.0,183.0,0.0,,
1904-05-23,289.0,183.0,51.0,,
1904-05-24,289.0,183.0,0.0,,
1904-05-25,250.0,194.0,25.0,,
1904-05-26,211.0,128.0,0.0,,
1904-05-27,217.0,94.0,0.0,,
1904-05-28,250.0,111.0,0.0,,
1904-05-29,233.0,161.0,165.0,,
1904-05-30,239.0,156.0,0.0,,
1904-05-31,256.0,133.0,0.0,,
1904-06-01,261.0,156.0,0.0,,
1904-06-02,233.0,156.0,564.0,,
1904-06-03,228.0,150.0,165.0,,
1904-06-04,217.0,172.0,508.0,,
1904-06-05,239.0,172.0,0.0,,
1904-06-06,222.0,133.0,0.0,,
1904-06-07,278.0,111.0,0.0,,
1904-06-08,294.0,128.0,0.0,,
1904-06-09,272.0,167.0,0.0,,
1904-06-10,261.0,122.0,0.0,,
1904-06-11,261.0,139.0,0.0,,
1904-06-12,278.0,128.0,0.0,,
1904-06-13,300.0,133.0,0.0,,
1904-06-14,283.0,161.0,0.0,,
1904-06-15,289.0,144.0,53.0,,
1904-06-16,267.0,156.0,0.0,,
1904-06-17,261.0,167.0,193.0,,
1904-06-18,250.0,211.0,0.0,,
1904-06-19,300.0,183.0,0.0,,
1904-06-20,300.0,172.0,191.0,,
1904-06-21,278.0,178.0,254.0,,
1904-06-22,283.0,183.0,0.0,,
1904-06-23,283.0,183.0,0.0,,
1904-06-24,300.0,200.0,0.0,,
1904-06-25,256.0,172.0,102.0,,
1904-06-26,228.0,156.0,104.0,,
1904-06-27,183.0,133.0,607.0,,
1904-06-28,250.0,144.0,0.0,,
1904-06-29,272.0,172.0,0.0,,
1904-06-30,289.0,139.0,30.0,,
1904-07-01,256.0,156.0,30.0,,
1904-07-02,256.0,161.0,224.0,,
1904-07-03,300.0,194.0,25.0,,
1904-07-04,261.0,183.0,76.0,,
1904-07-05,261.0,183.0,30.0,,
1904-07-06,256.0,167.0,165.0,,
1904-07-07,283.0,167.0,0.0,,
1904-07-08,267.0,172.0,208.0,,
1904-07-09,294.0,194.0,0.0,,
1904-07-10,306.0,183.0,0.0,,
1904-07-11,306.0,200.0,0.0,,
1904-07-12,289.0,200.0,0.0,,
1904-07-13,294.0,156.0,0.0,,
1904-07-14,311.0,228.0,0.0,,
1904-07-15,317.0,211.0,0.0,,
1904-07-16,311.0,217.0,0.0,,
1904-07-17,317.0,211.0,0.0,,
1904-07-18,306.0,200.0,0.0,,
1904-07-19,317.0,200.0,0.0,,
1904-07-20,311.0,200.0,33.0,,
1904-07-21,294.0,167.0,168.0,,
1904-07-22,267.0,172.0,0.0,,
1904-07-23,250.0,206.0,0.0,,
1904-07-24,267.0,122.0,0.0,,
1904-07-25,261.0,128.0,0.0,,
1904-07-26,239.0,183.0,152.0,,
1904-07-27,300.0,156.0,86.0,,
1904-07-28,294.0,139.0,0.0,,
1904-07-29,289.0,183.0,0.0,,
1904-07-30,306.0,206.0,0.0,,
1904-07-31,311.0,211.0,0.0,,
1904-08-01,289.0,189.0,99.0,,
1904-08-02,294.0,172.0,0.0,,
1904-08-03,278.0,156.0,0.0,,
1904-08-04,278.0,189.0,0.0,,
1904-08-05,289.0,183.0,0.0,,
1904-08-06,278.0,189.0,0.0,,
1904-08-07,283.0,150.0,0.0,,
1904-08-08,267.0,161.0,0.0,,
1904-08-09,278.0,161.0,0.0,,
1904-08-10,283.0,178.0,0.0,,
1904-08-11,317.0,178.0,0.0,,
1904-08-12,322.0,194.0,0.0,,
1904-08-13,322.0,183.0,0.0,,
1904-08-14,328.0,183.0,0.0,,
1904-08-15,356.0,189.0,0.0,,
1904-08-16,306.0,183.0,0.0,,
1904-08-17,261.0,183.0,51.0,,
1904-08-18,239.0,194.0,330.0,,
1904-08-19,289.0,200.0,234.0,,
1904-08-20,311.0,211.0,0.0,,
1904-08-21,311.0,228.0,0.0,,
1904-08-22,267.0,156.0,808.0,,
1904-08-23,272.0,117.0,0.0,,
1904-08-24,317.0,183.0,0.0,,
1904-08-25,306.0,194.0,0.0,,
1904-08-26,261.0,111.0,0.0,,
1904-08-27,278.0,106.0,0.0,,
1904-08-28,283.0,133.0,0.0,,
1904-08-29,289.0,178.0,0.0,,
1904-08-30,272.0,189.0,0.0,,
1904-08-31,294.0,200.0,41.0,,
1904-09-01,306.0,206.0,0.0,,
1904-09-02,267.0,189.0,91.0,,
1904-09-03,267.0,133.0,0.0,,
1904-09-04,244.0,128.0,0.0,,
1904-09-05,261.0,89.0,0.0,,
1904-09-06,278.0,100.0,0.0,,
1904-09-07,267.0,133.0,0.0,,
1904-09-08,283.0,100.0,0.0,,
1904-09-09,311.0,122.0,0.0,,
1904-09-10,328.0,194.0,0.0,,
1904-09-11,267.0,178.0,0.0,,
1904-09-12,244.0,78.0,0.0,,
1904-09-13,300.0,172.0,140.0,,
1904-09-14,244.0,100.0,0.0,,
1904-09-15,222.0,33.0,0.0,,
1904-09-16,278.0,128.0,0.0,,
1904-09-17,289.0,167.0,0.0,,
1904-09-18,317.0,211.0,0.0,,
1904-09-19,272.0,172.0,185.0,,
1904-09-20,233.0,172.0,147.0,,
1904-09-21,211.0,139.0,0.0,,
1904-09-22,228.0,183.0,0.0,,
1904-09-23,289.0,172.0,0.0,,
1904-09-24,256.0,200.0,25.0,,
1904-09-25,306.0,200.0,0.0,,
1904-09-26,328.0,211.0,0.0,,
1904-09-27,317.0,244.0,0.0,,
1904-09-28,317.0,211.0,0.0,,
1904-09-29,306.0,161.0,0.0,,
1904-09-30,278.0,194.0,0.0,,
1904-10-01,211.0,111.0,43.0,,
1904-10-02,167.0,128.0,0.0,,
1904-10-03,256.0,111.0,0.0,,
1904-10-04,261.0,172.0,0.0,,
1904-10-05,256.0,167.0,0.0,,
1904-10-06,189.0,89.0,0.0,,
1904-10-07,233.0,56.0,0.0,,
1904-10-08,283.0,156.0,0.0,,
1904-10-09,283.0,189.0,0.0,,
1904-10-10,-178.0,-178.0,0.0,,
1904-10-11,306.0,89.0,0.0,,
1904-10-12,239.0,67.0,0.0,,
1904-10-13,-178.0,-178.0,0.0,,
1904-10-14,211.0,56.0,0.0,,
1904-10-15,244.0,56.0,0.0,,
1904-10-16,261.0,94.0,0.0,,
1904-10-17,267.0,111.0,0.0,,
1904-10-18,256.0,100.0,0.0,,
1904-10-19,211.0,100.0,0.0,,
1904-10-20,133.0,22.0,0.0,,
1904-10-21,200.0,56.0,0.0,,
1904-10-22,150.0,28.0,0.0,,
1904-10-23,178.0,-33.0,0.0,,
1904-10-24,211.0,100.0,0.0,,
1904-10-25,156.0,50.0,0.0,,
1904-10-26,178.0,-44.0,0.0,,
1904-10-27,150.0,-11.0,0.0,,
1904-10-28,189.0,-33.0,0.0,,
1904-10-29,217.0,-17.0,0.0,,
1904-10-30,222.0,-6.0,0.0,,
1904-10-31,222.0,6.0,0.0,,
